"hfpxzc href","qBF1Pd","MW4etd","UY7F9","W4Efsd","W4Efsd 2","W4Efsd 3","W4Efsd 4","W4Efsd 5","FQ2IWe src","Jn12ke src","ah5Ghc","AJB7ye","AJB7ye 2","doJOZc","W4Efsd 6","A1zNzb href","J8zHNe","bbPy1","M4A5Cf","ah5Ghc 2"
"","","","","","","","","","","","","","","","","","","","",""
"","","","","","","","","","","","","","","","","","","","",""
"https://www.google.com/maps/place/Bopie+Caf%C3%A9/data=!4m7!3m6!1s0x2e68e723471a571d:0xddf364e4a4b5413e!8m2!3d-6.8953043!4d107.6137349!16s%2Fg%2F11ykvvfl0s!19sChIJHVcaRyPnaC4RPkG1pORk890?authuser=0&hl=id&rclk=1","Bopie Café","5,0","(432)","Kafe","·","Jl. Kyai Gede Utama No.25","Buka","· Tutup pukul 23.00","https://lh3.googleusercontent.com/gps-cs-s/APNQkAGketGH3a9ikEJ4LjVTeTdVm_ROZWHqOLXWkZGVGDr5EjayEw2PsjOtTDxs1-vAnAQzGysXjU-O4juhO0O2FHotYh-WHfPXDwB7OvCzK4lbI1W2YdC6Yht-lf3N241s-wFLMox0pCp3vRcq=w80-h106-k-no","https://ssl.gstatic.com/local/servicebusiness/default_user.png","""Service nya oke banget, makanya enak banget, kopi & matchanya the best.""","","","","","","","","",""
"https://www.google.com/maps/place/One+Eighty+Coffee+and+Music/data=!4m7!3m6!1s0x2e68e650e167c1ab:0xdcc35bc2a4e6d1b1!8m2!3d-6.8938835!4d107.6124492!16s%2Fg%2F11cs125fcc!19sChIJq8Fn4VDmaC4RsdHmpMJbw9w?authuser=0&hl=id&rclk=1","One Eighty Coffee and Music","4,6","(9.187)","Kedai Kopi","·","·","Buka","· Tutup pukul 22.00","https://lh3.googleusercontent.com/gps-cs-s/APNQkAHgkD37i2o-RR4o5Oi_rOwQJRckGINVjjP5HSKASoIUJVzw3bT_wo6sYmzCDZUBhTUvpznl9VriYZiarQOI-o05SU-HQaOEhx97knnAQNmNFvboRI3EQfXYyaQOgAhVM3XBG_Me=w138-h92-k-no","https://ssl.gstatic.com/local/servicebusiness/default_user.png","""Service, Food Taste, Coffee, dan Vibes nya oke banget.""","·","$$","","Jl. Ganesa No.3","https://www.google.com/searchviewer/42?cvd=CLw_EicKJeICIjIgEhkiF9LX29IPEQoNL2cvMTFjczEyNWZjYxgBOgMI8A0%3D&hl=id-ID&gl=id&fo_m=MfohQo559jFvMUOzJVpjPL1YMfZ3bInYwBDuMfaXTPp5KXh-&utm_source=tactile&gei=NzX3aejtApKaseMPtMyLwQY&ei=NzX3aejtApKaseMPtMyLwQY&fo_s=OA&opi=79508299&orderType=1&ebb=1&cs=0&foub=mcpp","Pesan online","","",""
"https://www.google.com/maps/place/b%26D+%28Coffee+Bawa+Studio%29/data=!4m7!3m6!1s0x2e68e76fa7dbd793:0xa7a5f48657689eb0!8m2!3d-6.8981121!4d107.6074176!16s%2Fg%2F11vcbcrndy!19sChIJk9fbp2_naC4RsJ5oV4b0pac?authuser=0&hl=id&rclk=1","b&D (Coffee Bawa Studio)","4,8","(647)","Kedai Kopi","·","·","Buka","· Tutup pukul 22.00","https://lh3.googleusercontent.com/gps-cs-s/APNQkAHOjYD81VzDH924xnY94C0zldXXeJnVziYow6IPlHlXjE1eKyEtDhVOjcGtOiN4esu34aRO1n4tApHMpB23qtscPR5-5Ptxr9RI4pyQRWmqTfGN_W6T5UCuLhXTX_6T1ZXrRIRH7dUtZE18=w80-h106-k-no","https://ssl.gstatic.com/local/servicebusiness/default_user.png","""tempatnya sangat homey,makanannya enak enak kopinya mantap""","·","Rp 25–50 rb","","Jl. Kb. Bibit Tengah No.11b","https://www.google.com/searchviewer/42?cvd=CLw_EicKJeICIjIgEhkiF9LX29IPEQoNL2cvMTF2Y2Jjcm5keRgAOgMI8A0%3D&hl=id-ID&gl=id&fo_m=MfohQo559jFvMUOzJVpjPL1YMfZ3bInYwBDuMfaXTPp5KXh-&utm_source=tactile&gei=NzX3aejtApKaseMPtMyLwQY&ei=NzX3aejtApKaseMPtMyLwQY&fo_s=OA&opi=79508299&ebb=1&cs=0&foub=mcpp","Pesan online","","",""
"https://www.google.com/maps/place/Bosscha+Space/data=!4m7!3m6!1s0x2e68e73e88d40b1b:0xf7a5d9b1649715b7!8m2!3d-6.8960711!4d107.6131413!16s%2Fg%2F11s5vkd563!19sChIJGwvUiD7naC4RtxWXZLHZpfc?authuser=0&hl=id&rclk=1","Bosscha Space","4,7","(941)","Restoran","","","Buka","· Tutup pukul 23.00","https://lh3.googleusercontent.com/gps-cs-s/APNQkAHFJqV0vnoWS2MFJ7-5NFP3ClFB4ixxOi6oPwks4O2fs52_PCkrLIg33RVWkTtw_FSinNpLfFgnC45E46wD30JG6sGThBg-SxbANuQfmBzulTFZxNILYWwq7cTWW1CtokLPOKmcLA=w137-h92-k-no","https://ssl.gstatic.com/local/servicebusiness/default_user.png","""the ambience, coffee, service/Hospitality everything is gooood !""","·","Rp 50–75 rb","","","","","","",""
"https://www.google.com/maps/place/Garden+Coffee+Bandung/data=!4m7!3m6!1s0x2e68e6fc6d9b2155:0x9b228e028efe3e0e!8m2!3d-6.8951759!4d107.6113515!16s%2Fg%2F11hd7mb_5j!19sChIJVSGbbfzmaC4RDj7-jgKOIps?authuser=0&hl=id&rclk=1","Garden Coffee Bandung","4,6","(949)","Kedai Kopi","·","Jl. Ciungwanara No.10 A","Buka","· Tutup pukul 00.00","https://lh3.googleusercontent.com/gps-cs-s/APNQkAExLykKY7-4FffPQ1iLjjcva4ynSNrMTjPBvVU-MkW9E4rX61ynpkBZVpeiCbGEEo-K6Ye6iGGIOoWh-XYvMqv4LJZwhLWE9Z5Ze-pRlB7GQOiakfTPVJJa4hxHqHk3gU9OuVaG=w122-h92-k-no","https://ssl.gstatic.com/local/servicebusiness/default_user.png","""Drinks-Foods: Worth for the price.""","·","Rp 25–50 rb","","Kedai kopi nyaman dengan meja outdoor","","","","",""
"https://www.google.com/maps/place/Nuesara+Coffee+%26+Habitual/data=!4m7!3m6!1s0x2e68e7432d380281:0x2f17fa5105c028bc!8m2!3d-6.8952377!4d107.6113116!16s%2Fg%2F11lv1xkdc9!19sChIJgQI4LUPnaC4RvCjABVH6Fy8?authuser=0&hl=id&rclk=1","Nuesara Coffee & Habitual","4,9","(940)","Kedai Kopi","·","Jl. Ciungwanara No.10A","Buka","· Tutup pukul 23.00","https://lh3.googleusercontent.com/gps-cs-s/APNQkAGdzCGgiVU0JIM3AuWfu9UnbcCCHZlvlK4RG-2DDLy2_FtBkBW31X3pmRp3zSczI11lwN2vwm6o3tiRxXcPHPfKZ8wtDp7jpQqQFrJXdNrZ-WNQlvzb21as1lccfSAKDV3uEWRY=w122-h92-k-no","https://ssl.gstatic.com/local/servicebusiness/default_user.png","""Cozy banget, food and drinksnya enakk""","·","Rp 25–50 rb","","","https://www.google.com/searchviewer/42?cvd=CLw_EicKJeICIjIgEhkiF9LX29IPEQoNL2cvMTFsdjF4a2RjORgBOgMI8A0%3D&hl=id-ID&gl=id&fo_m=MfohQo559jFvMUOzJVpjPL1YMfZ3bInYwBDuMfaXTPp5KXh-&utm_source=tactile&gei=NzX3aejtApKaseMPtMyLwQY&ei=NzX3aejtApKaseMPtMyLwQY&fo_s=OA&opi=79508299&orderType=1&ebb=1&cs=0&foub=mcpp","Pesan online","","",""
"https://www.google.com/maps/place/Waldemar+Caf%C3%A9+St.+Borromeus/data=!4m7!3m6!1s0x2e68e72c83512369:0x79de6903500b40d3!8m2!3d-6.8939506!4d107.6133731!16s%2Fg%2F11ltzxtghk!19sChIJaSNRgyznaC4R00ALUANp3nk?authuser=0&hl=id&rclk=1","Waldemar Café St. Borromeus","4,9","(177)","Kafe","·","Jl. Ir. H. Juanda No.100","Buka","· Tutup pukul 20.30","https://lh3.googleusercontent.com/gps-cs-s/APNQkAGnEErC05K4D3bthSfycizUxo-AhOs3qBm6KVsyPkimIwagkXVK0AUDg0cOL67HndcU2RZcUiKk4smiCUToQgUPmmzHAxX7QYE1OeB0ENpBkgerjhgxGPT8RzHVCPEHO5xlCpgq=w80-h106-k-no","https://ssl.gstatic.com/local/servicebusiness/default_user.png","""Caffe latte nya enak, kopinya terasa, dan  enak ke lambung juga.""","·","Rp 25–50 rb","","","","","","",""
"https://www.google.com/maps/place/Medane+Coffee/data=!4m7!3m6!1s0x2e68e91270eb3b2d:0x8017d45f88ebfe55!8m2!3d-6.887807!4d107.6132409!16s%2Fg%2F11kn3j0l1d!19sChIJLTvrcBLpaC4RVf7riF_UF4A?authuser=0&hl=id&rclk=1","Medane Coffee","4,9","(15)","Kedai Kopi","·","Jl. Ir. H. Juanda No.157","Buka","· Tutup pukul 20.30","https://lh3.googleusercontent.com/gps-cs-s/APNQkAGKrfF-AcpMqVbvipUVHOieiQoxFA7Ihu36TuLBPE8SH24LskgiRhi_PUsUz7zc1TBq-Q6YYGSsJPW2jl_aNd2TRozbSypPVSjRjjGA70GkQ_N9HhmaePvvxg9aEZhAURRsDqo=w122-h92-k-no","","Makan di tempat","","","","","","","","·","Bawa pulang"
"https://www.google.com/maps/place/East+Indies+Coffee/data=!4m7!3m6!1s0x2e68e780881ecc07:0xa4c3211e4f95e406!8m2!3d-6.8978063!4d107.6130701!16s%2Fg%2F11l22lzz0f!19sChIJB8weiIDnaC4RBuSVTx4hw6Q?authuser=0&hl=id&rclk=1","East Indies Coffee","4,7","(127)","Kedai Kopi","·","Jl. Ir. H. Juanda No.68","Buka","· Tutup pukul 23.00","https://lh3.googleusercontent.com/gps-cs-s/APNQkAEpdXT4LeL_nMWuP-1EqIl1GSnGMer5CoE9sVr1_bgsO-VYfhCeAsJJFYMZdpsBHuQ8XOBOhivbFR-NTc3pqZUIA-vVKwyXWHLO8ugDQKHrYryFvk6KutJn1X0OH0_nZValC9SQ=w138-h92-k-no","https://ssl.gstatic.com/local/servicebusiness/default_user.png","""vibesnya yang enak kalo untuk makanan ya standar
kopi enak""","·","Rp 25–50 rb","","","https://www.google.com/searchviewer/42?cvd=CLw_EicKJeICIjIgEhkiF9LX29IPEQoNL2cvMTFsMjJsenowZhgAOgMI8A0%3D&hl=id-ID&gl=id&fo_m=MfohQo559jFvMUOzJVpjPL1YMfZ3bInYwBDuMfaXTPp5KXh-&utm_source=tactile&gei=NzX3aejtApKaseMPtMyLwQY&ei=NzX3aejtApKaseMPtMyLwQY&fo_s=OA&opi=79508299&ebb=1&cs=0&foub=mcpp","Pesan online","","",""
"https://www.google.com/maps/place/Angka+Sembilan+Coffee/data=!4m7!3m6!1s0x2e68e7ca1067a681:0xcafa9caeca18b54c!8m2!3d-6.8953992!4d107.6113898!16s%2Fg%2F11lb2nwmfb!19sChIJgaZnEMrnaC4RTLUYyq6c-so?authuser=0&hl=id&rclk=1","Angka Sembilan Coffee","4,8","(89)","Kedai Kopi","·","Jl. Ciungwanara No.10","Buka","· Tutup pukul 00.00","","https://ssl.gstatic.com/local/servicebusiness/default_user.png","""Kopi enak, tempat nyaman, rekemonded banget.""","·","Rp 25–50 rb","","","https://www.google.com/searchviewer/42?cvd=CLw_EicKJeICIjIgEhkiF9LX29IPEQoNL2cvMTFsYjJud21mYhgBOgMI8A0%3D&hl=id-ID&gl=id&fo_m=MfohQo559jFvMUOzJVpjPL1YMfZ3bInYwBDuMfaXTPp5KXh-&utm_source=tactile&gei=NzX3aejtApKaseMPtMyLwQY&ei=NzX3aejtApKaseMPtMyLwQY&fo_s=OA&opi=79508299&orderType=1&ebb=1&cs=0&foub=mcpp","Pesan online","","",""
"https://www.google.com/maps/place/Cafe+Halaman/data=!4m7!3m6!1s0x2e68e6f83f1d2bdb:0x474b094dcdbe6779!8m2!3d-6.8853139!4d107.6118243!16s%2Fg%2F1tkrcb6y!19sChIJ2ysdP_jmaC4ReWe-zU0JS0c?authuser=0&hl=id&rclk=1","Cafe Halaman","4,3","(3.430)","Kafe","·","·","Buka","· Tutup pukul 22.00","https://lh3.googleusercontent.com/gps-cs-s/APNQkAFSa04dAHnCVrTmCzJZl7NhT5HMp4PhgkbmjapwWq1VJxdd3WzOoApzJT44Vu1o0Qlpzxc2Yk4G0syL3iVQBYkd9qxITKLmpXY1xMkXG5-gI1wh67ydVc8gnINunzgP8hbiSTJ0YQ=w163-h92-k-no","https://ssl.gstatic.com/local/servicebusiness/default_user.png","""Menu makanan & minuman cukup variatif, harga standar","·","$$","","Jl. Tamansari No.92","","","","","cafe"
"https://www.google.com/maps/place/KOZI+Coffee+Dipatiukur/data=!4m7!3m6!1s0x2e68e77190fdd037:0x5ebb5f9ac87360cf!8m2!3d-6.898163!4d107.6133243!16s%2Fg%2F11hsb478ld!19sChIJN9D9kHHnaC4Rz2BzyJpfu14?authuser=0&hl=id&rclk=1","KOZI Coffee Dipatiukur","4,7","(488)","Kedai Kopi","·","·","Buka","· Tutup pukul 23.00","https://lh3.googleusercontent.com/gps-cs-s/APNQkAGh6SL_bxRwAm5sEAUw1sJbVpXLEm5vnW_2wDSyKcJ4e92KzC6n9RMH-5AuevrwRdaX9g3QV9bu1R652wREU84TjUl47lImcPsfkim87fXJDoq3JTEVazL-b0FOe-Yim1pfw5QIgLMQraP4=w80-h106-k-no","https://ssl.gstatic.com/local/servicebusiness/default_user.png","""Barista super friendly, playlistnya oke bangeet.""","·","Rp 25–50 rb","","Jl. Dipati Ukur No.1","https://www.google.com/searchviewer/42?cvd=CLw_EicKJeICIjIgEhkiF9LX29IPEQoNL2cvMTFoc2I0NzhsZBgBOgMI8A0%3D&hl=id-ID&gl=id&fo_m=MfohQo559jFvMUOzJVpjPL1YMfZ3bInYwBDuMfaXTPp5KXh-&utm_source=tactile&gei=NzX3aejtApKaseMPtMyLwQY&ei=NzX3aejtApKaseMPtMyLwQY&fo_s=OA&opi=79508299&orderType=1&ebb=1&cs=0&foub=mcpp","Pesan online","","",""
"https://www.google.com/maps/place/Kisah+Manis+Dago/data=!4m7!3m6!1s0x2e68e7dc4cbf2303:0x99485828c5ac45f4!8m2!3d-6.895273!4d107.6131165!16s%2Fg%2F11sf43bnrz!19sChIJAyO_TNznaC4R9EWsxShYSJk?authuser=0&hl=id&rclk=1","Kisah Manis Dago","4,9","(6.041)","Kedai Kopi","·","Jl. Ir. H. Juanda No.98","Buka","· Tutup pukul 22.00","https://lh3.googleusercontent.com/gps-cs-s/APNQkAH7pO4Ryq3mdavH8kXx2SkwByPmlQqzKL3ZiKn60__TYeWjtuhV7aUEHynAruiyh9Y28MAA0MpGPo2W7sOQKU3U4zMQqJ0eMCL9u-EW0nD1Bv692KdFxNnvqQXpmDTjPIm2nIw77A=w80-h106-k-no","https://ssl.gstatic.com/local/servicebusiness/default_user.png","""makanan enak, minuman enak, barista ramah, tempat comfy!""","·","Rp 25–50 rb","","","https://www.google.com/searchviewer/42?cvd=CLw_EicKJeICIjIgEhkiF9LX29IPEQoNL2cvMTFzZjQzYm5yehgBOgMI8A0%3D&hl=id-ID&gl=id&fo_m=MfohQo559jFvMUOzJVpjPL1YMfZ3bInYwBDuMfaXTPp5KXh-&utm_source=tactile&gei=NzX3aejtApKaseMPtMyLwQY&ei=NzX3aejtApKaseMPtMyLwQY&fo_s=OA&opi=79508299&orderType=1&ebb=1&cs=0&foub=mcpp","Pesan online","","",""
"https://www.google.com/maps/place/Sugar+daddy/data=!4m7!3m6!1s0x2e68e74877958867:0x70b78d82d8dc378!8m2!3d-6.8955357!4d107.6067312!16s%2Fg%2F11lrydmtvb!19sChIJZ4iVd0jnaC4ReMONLdh4Cwc?authuser=0&hl=id&rclk=1","Sugar daddy","5,0","(14)","Kedai Kopi","·","Jl. Pelesiran No.50","Buka","· Tutup pukul 21.00","https://lh3.googleusercontent.com/gps-cs-s/APNQkAFsL4tpOQo0wPLXFEulk-REjkbzUBlkwySxkJyZeQWMCZ7FE0y424cdg1CG6pOxJKHugK4HRIV9kZhVJno1UxVO5cz3BYgMC857s_6O3hiVhtjbs5CCPSDd8Hsi1F9eKz8V85DWOw=w163-h92-k-no","","Makan di tempat","","","","","","","","·","Bawa pulang"
"https://www.google.com/maps/place/Noah%27s+Barn/data=!4m7!3m6!1s0x2e68e6562c79e6b3:0xb0cee12d0c494466!8m2!3d-6.8870532!4d107.6127593!16s%2Fg%2F11b7k5b3yg!19sChIJs-Z5LFbmaC4RZkRJDC3hzrA?authuser=0&hl=id&rclk=1","Noah's Barn","4,6","(6.103)","Kafe","·","Jl. Dayang Sumbi No.2","Buka","· Tutup pukul 22.00","https://lh3.googleusercontent.com/gps-cs-s/APNQkAHhIJHfSCU0jU3Ie3yh2jHNelDwM1UlmRfU23-OaLUuJ72WbZTeLkyUzAHRteIXQBqB6UJ41YeWVWrVGIk35ete3_TdI2Lj2AJGBfZzQV1T0aUHeYaJNytuxQGmmYYXsrMdNpAHhA=w137-h92-k-no","https://ssl.gstatic.com/local/servicebusiness/default_user.png","""Coffee shop yang nyaman di sekitaran ITB, menunya enak.""","·","$$$","","","https://www.google.com/searchviewer/42?cvd=CLw_EicKJeICIjIgEhkiF9LX29IPEQoNL2cvMTFiN2s1YjN5ZxgAOgMI8A0%3D&hl=id-ID&gl=id&fo_m=MfohQo559jFvMUOzJVpjPL1YMfZ3bInYwBDuMfaXTPp5KXh-&utm_source=tactile&gei=NzX3aejtApKaseMPtMyLwQY&ei=NzX3aejtApKaseMPtMyLwQY&fo_s=OA&opi=79508299&ebb=1&cs=0&foub=mcpp","Pesan online","","",""
"https://www.google.com/maps/place/Jabarano+Coffee+-+Angklung+4.0+Dago/data=!4m7!3m6!1s0x2e68e7004e2a4d9d:0xc90727e4bc8d03a3!8m2!3d-6.8975802!4d107.6129089!16s%2Fg%2F11lw8qz4n9!19sChIJnU0qTgDnaC4RowONvOQnB8k?authuser=0&hl=id&rclk=1","Jabarano Coffee - Angklung 4.0 Dago","4,8","(2.631)","Kedai Kopi","·","Jl. Dago No.70","Buka","· Tutup pukul 04.00","https://lh3.googleusercontent.com/gps-cs-s/APNQkAHJ1xShLcR45KnRnvRveaWsF5ftUITKYPtHiLDOkf3L7EGrLAEu7N-uvPzZnornPeyU8lDRwMq92Q346biPW29kpg9-8aKX3jlDmyhsGzOO6ye7atoIVmJnY4rnycwcebFGe8JhnnX1iOk=w80-h106-k-no","https://ssl.gstatic.com/local/servicebusiness/default_user.png","""ambiencenya enak banget untuk ngobrol santai, speakeasy","·","Rp 50–75 rb","","","https://www.google.com/searchviewer/42?cvd=CLw_EicKJeICIjIgEhkiF9LX29IPEQoNL2cvMTFsdzhxejRuORgAOgMI8A0%3D&hl=id-ID&gl=id&fo_m=MfohQo559jFvMUOzJVpjPL1YMfZ3bInYwBDuMfaXTPp5KXh-&utm_source=tactile&gei=NzX3aejtApKaseMPtMyLwQY&ei=NzX3aejtApKaseMPtMyLwQY&fo_s=OA&opi=79508299&ebb=1&cs=0&foub=mcpp","Pesan online","","","cafe"
"https://www.google.com/maps/place/Teras+Prive+Cafe,Resto+%26+Co-Working+Space/data=!4m7!3m6!1s0x2e68e70053641795:0x501fb020c323a2b5!8m2!3d-6.8990655!4d107.6115527!16s%2Fg%2F11w49kw6cq!19sChIJlRdkUwDnaC4RtaIjwyCwH1A?authuser=0&hl=id&rclk=1","Teras Prive Cafe,Resto & Co-Working Space","5,0","(38)","Kafe","·","·","Tutup","· Buka Sen pukul 12.00","https://lh3.googleusercontent.com/gps-cs-s/APNQkAE4UoGYB4Xhd-dB4uSoA6yOAL-n1Sd4WJeHU2vmiqhWgrqQL0AjaI2x227ujqDxJdA5V8dT9fE6A5geBUumfFVRqSnqMAKrw78P_RyNvmQoxQG-jAjpiZ8780U6Hie345VlaFwabChijNDR=w80-h142-k-no","https://ssl.gstatic.com/local/servicebusiness/default_user.png","""lokasinya memang nyempil tapi ternyata enak juga adem gitu.""","·","Rp 50–75 rb","","Jl. Cikapayang No.3","","","","",""
"https://www.google.com/maps/place/Tempuh+Coffee/data=!4m7!3m6!1s0x2e68e73c1ce176ff:0x32c2c9403f8688e6!8m2!3d-6.8949754!4d107.6107992!16s%2Fg%2F11mzf19c2v!19sChIJ_3bhHDznaC4R5oiGP0DJwjI?authuser=0&hl=id&rclk=1","Tempuh Coffee","5,0","(12)","Kedai Kopi","·","Jl. Gelap Nyawang No.3","Buka","· Tutup pukul 23.00","https://lh3.googleusercontent.com/gps-cs-s/APNQkAFA0uCKr1mDmAPDjaLhjlSyqQ2WcMOxy2S130gt_V2cARyfctv2JpFIR_shw9sun6qEHGuZohOQdBP6MqEaPKfKuZplFOdrRbQIp0NJwcwiiyAz1GsRTxiHs815NI2I2k7QSF-Hs19U2qE=w80-h142-k-no","https://ssl.gstatic.com/local/servicebusiness/default_user.png","""harga terjangkau pas untuk saku mahasiswa dan kopinya creamy""","·","Rp 1–25.000","","","https://www.google.com/searchviewer/42?cvd=CLw_EicKJeICIjIgEhkiF9LX29IPEQoNL2cvMTFtemYxOWMydhgBOgMI8A0%3D&hl=id-ID&gl=id&fo_m=MfohQo559jFvMUOzJVpjPL1YMfZ3bInYwBDuMfaXTPp5KXh-&utm_source=tactile&gei=NzX3aejtApKaseMPtMyLwQY&ei=NzX3aejtApKaseMPtMyLwQY&fo_s=OA&opi=79508299&orderType=1&ebb=1&cs=0&foub=mcpp","Pesan online","","",""
"https://www.google.com/maps/place/Aroem+Bandung+Resto+%26+Cafe/data=!4m7!3m6!1s0x2e68e76480b314c5:0xaffa68204140099d!8m2!3d-6.8866053!4d107.6133884!16s%2Fg%2F11yftp05_j!19sChIJxRSzgGTnaC4RnQlAQSBo-q8?authuser=0&hl=id&rclk=1","Aroem Bandung Resto & Cafe","4,9","(1.903)","Indonesia","·","Jl. Dago No.169","Buka","· Tutup pukul 22.00","https://lh3.googleusercontent.com/gps-cs-s/APNQkAGb-i-G4zknaKT1Oh-VMxz7xK9aM6vIYpUeipwh_F8nDrKcdf8RU1q8PYtGyJ-BndtjdnZMj8i37Y2rN6vJCwXU5It5Ezhd8eJKr7mqAtWWmMOxBrJcnlXKLzlSUhBRsVfjb1Z7tzhLQEJi=w80-h106-k-no","https://ssl.gstatic.com/local/servicebusiness/default_user.png","""Dateng ke sini pukul 10:00 rencana buat brunch.""","","","","","","","","",""
"https://www.google.com/maps/place/Bejakopi+bandung/data=!4m7!3m6!1s0x2e68e76c117db8bf:0xbeca4866e3ca60de!8m2!3d-6.8978829!4d107.6117668!16s%2Fg%2F11fj17wrwt!19sChIJv7h9EWznaC4R3mDK42ZIyr4?authuser=0&hl=id&rclk=1","Bejakopi bandung","4,8","(39)","Kedai Kopi","·","Jl. Badak Singa No.6","Buka","· Tutup pukul 00.00","https://lh3.googleusercontent.com/gps-cs-s/APNQkAHPtcaLvOziOJqXdXm5spftdpEPXHUlJLG5ba89J8fWkqm5AP-BiORIQLd_ZnIo5tfdip23jTfw3Jega_nXNTnKwk8V-3rIBUegxI0EGTSioUbDFhl5tqDj44ECtDtl-8x-_Vph=w80-h106-k-no","https://ssl.gstatic.com/local/servicebusiness/default_user.png","""& Cozy Place, Thanks Symphony Coffee 👍❤️""","·","Rp 1–25.000","","","https://www.google.com/searchviewer/42?cvd=CLw_EicKJeICIjIgEhkiF9LX29IPEQoNL2cvMTFmajE3d3J3dBgBOgMI8A0%3D&hl=id-ID&gl=id&fo_m=MfohQo559jFvMUOzJVpjPL1YMfZ3bInYwBDuMfaXTPp5KXh-&utm_source=tactile&gei=NzX3aejtApKaseMPtMyLwQY&ei=NzX3aejtApKaseMPtMyLwQY&fo_s=OA&opi=79508299&orderType=1&ebb=1&cs=0&foub=mcpp","Pesan online","","",""
"https://www.google.com/maps/place/Kopi+Kyomi/data=!4m7!3m6!1s0x2e68e73a9efb66bf:0xc48120de8d5b64f!8m2!3d-6.8895429!4d107.613792!16s%2Fg%2F11h4jws0g6!19sChIJv2b7njrnaC4RT7bV6A0SSAw?authuser=0&hl=id&rclk=1","Kopi Kyomi","4,6","(914)","Kedai Kopi","·","·","Buka","· Tutup pukul 22.00","https://lh3.googleusercontent.com/gps-cs-s/APNQkAHFy6LRl4EaZBd6DjD-7kw1Hsijbz3uChzdUPdz9F6OcEwrJmxGVIHx5EWGZTpb_xutCVp5NLIDj8VUBjU8elKJALUhC3m1LtO4NllFTAFjlhm6SL2E89jirBswqQR8hziHXObQ=w122-h92-k-no","https://ssl.gstatic.com/local/servicebusiness/default_user.png","""Ambience, drinks, and services 10/10👍""","·","Rp 25–50 rb","","Jl. Ir. H. Juanda No.130","","","","",""
"https://www.google.com/maps/place/Bright+Cafe/data=!4m7!3m6!1s0x2e68e656e2b36fff:0xc8b943320c526c79!8m2!3d-6.890208!4d107.6128314!16s%2Fg%2F11b60vb43d!19sChIJ_2-z4lbmaC4ReWxSDDJDucg?authuser=0&hl=id&rclk=1","Bright Cafe","4,5","(315)","Kafe","·","Jl. Ir. H. Juanda No.139","Buka","· Tutup pukul 22.00","https://lh3.googleusercontent.com/gps-cs-s/APNQkAGCzImSRjVg425kFYADzXyMMma0v4JwKlPehTUomh4VkKxcTiUaDzOAelmhbWdaXJ9fu9ac9iM__8WKS5DVopV-sSVB11pUX3tarKD-2AG5dPth4UJBlyBd01yqmZwJ5wqhLi7rCQ=w107-h92-k-no","https://ssl.gstatic.com/local/servicebusiness/default_user.png","""kopinya enak, tempatnya ga rame dan wifi lumayan kenceng.""","·","Rp 25–50 rb","","","","","","",""
"https://www.google.com/maps/place/Caffe+Bene+Dago/data=!4m7!3m6!1s0x2e68e65636f1c60f:0x384cf91a6806a9e3!8m2!3d-6.888025!4d107.613437!16s%2Fg%2F11b60zp010!19sChIJD8bxNlbmaC4R46kGaBr5TDg?authuser=0&hl=id&rclk=1","Caffe Bene Dago","4,5","(1.789)","Kedai Kopi","·","Jl. Ir. H. Juanda No.155","Buka","· Tutup pukul 22.00","https://lh3.googleusercontent.com/gps-cs-s/APNQkAFhxchX53jhHppiUeV-gqyCqljltSTxR2zeXIeT2d9yQgPWBHDoBNDsY7zBGxoZNGs-kzZZkVl5BgrnC6_QhV34sdcUKz_jiojGXZnzsO634kYaMz6mHP26A8-rxGuftLAWUeuh=w138-h92-k-no","https://ssl.gstatic.com/local/servicebusiness/default_user.png","""Saya pesan caramel macchiato rasanya cukup enak.""","·","Rp 50–75 rb","","Kedai kopi dengan hidangan manis & gurih","https://www.google.com/searchviewer/42?cvd=CLw_EicKJeICIjIgEhkiF9LX29IPEQoNL2cvMTFiNjB6cDAxMBgBOgMI8A0%3D&hl=id-ID&gl=id&fo_m=MfohQo559jFvMUOzJVpjPL1YMfZ3bInYwBDuMfaXTPp5KXh-&utm_source=tactile&gei=ODX3acfYHvChseMPr9rzqAE&ei=ODX3acfYHvChseMPr9rzqAE&fo_s=OA&opi=79508299&orderType=1&ebb=1&cs=0&foub=mcpp","Pesan online","","",""
"https://www.google.com/maps/place/Call+Me+Bro+Slow+Bar+%E2%80%94+Homebase/data=!4m7!3m6!1s0x2e68e78eac9486e9:0x7ed8af358282a153!8m2!3d-6.8864157!4d107.6123303!16s%2Fg%2F11vr43mtxg!19sChIJ6YaUrI7naC4RU6GCgjWv2H4?authuser=0&hl=id&rclk=1","Call Me Bro Slow Bar — Homebase","5,0","(197)","Kedai Kopi","·","Jl. Sumur Bandung No.6","Tutup","· Buka Sen pukul 07.00","https://lh3.googleusercontent.com/gps-cs-s/APNQkAHIYiOECbgBBWMZrC_qzDti3skdC9A3RSg2dw1o-Ufxl4jZPxCiXNFPsfuDJ_QdZ4jsNP8lSIU8xBuEkbdzL1FkGomUVRxkNNH1ghPoDPpFiKUh0fSgiBLe5gGWwogg-4ICx_hv=w80-h106-k-no","https://ssl.gstatic.com/local/servicebusiness/default_user.png","""Tempat nya bagus aesthetic, makanan dan minuman nya enak, deket ITB""","·","Rp 25–50 rb","","","https://www.google.com/searchviewer/42?cvd=CLw_EicKJeICIjIgEhkiF9LX29IPEQoNL2cvMTF2cjQzbXR4ZxgBOgMI8A0%3D&hl=id-ID&gl=id&fo_m=MfohQo559jFvMUOzJVpjPL1YMfZ3bInYwBDuMfaXTPp5KXh-&utm_source=tactile&gei=ODX3acfYHvChseMPr9rzqAE&ei=ODX3acfYHvChseMPr9rzqAE&fo_s=OA&opi=79508299&orderType=1&ebb=1&cs=0&foub=mcpp","Pesan online","","",""
"https://www.google.com/maps/place/Black+Romantic/data=!4m7!3m6!1s0x2e68e7fe78e41551:0xe4973528ca9f3a7b!8m2!3d-6.894972!4d107.6109342!16s%2Fg%2F11g_lg8rk!19sChIJURXkeP7naC4Rezqfyig1l-Q?authuser=0&hl=id&rclk=1","Black Romantic","4,5","(1.354)","Indonesia","·","·","Buka","· Tutup pukul 21.00","https://lh3.googleusercontent.com/gps-cs-s/APNQkAGmbeV7cfqf-CK-5FhtJHHe5z5iAOWd_WXS-f0KrdylwuMP0t7hYfk4V-ao-Oq6W69ruXBR_YV1wpWmrLfAqexO1QLAGd_R76CQn2YjlNyR4DF2JdnvUc1PVzdzEhvtOXkSnhSL8g=w122-h92-k-no","https://ssl.gstatic.com/local/servicebusiness/default_user.png","""Menu2 kreatif ala","·","Rp 1–25.000","","Jl. Gelap Nyawang No.2","https://www.google.com/searchviewer/42?cvd=CLw_EiYKJOICITIfEhgiFtLX29IPEAoML2cvMTFnX2xnOHJrGAE6AwjwDQ%3D%3D&hl=id-ID&gl=id&fo_m=MfohQo559jFvMUOzJVpjPL1YMfZ3bInYwBDuMfaXTPp5KXh-&utm_source=tactile&gei=ODX3acfYHvChseMPr9rzqAE&ei=ODX3acfYHvChseMPr9rzqAE&fo_s=OA&opi=79508299&orderType=1&ebb=1&cs=0&foub=mcpp","Pesan online","","","cafe"
"https://www.google.com/maps/place/Two+Hands+Full+Dago/data=!4m7!3m6!1s0x2e68e68ca3e607d3:0x1ad911ec6c6ccf0b!8m2!3d-6.8924806!4d107.6126885!16s%2Fg%2F11b6hsqr97!19sChIJ0wfmo4zmaC4RC89sbOwR2Ro?authuser=0&hl=id&rclk=1","Two Hands Full Dago","4,5","(2.151)","Kedai Kopi","·","·","Buka","· Tutup pukul 20.00","https://lh3.googleusercontent.com/gps-cs-s/APNQkAFiN5ghQ6o-ylB2rygMfUZIauAlUpo09UOU4CIUSrsg2bUt224TWIvaU14kkwBDC9HHEhF2bIPnrGgEsB2GX2gWB5ZJZisMRnO0zom0SCoDdH41UobEedoa5J1R_pwkWltUW8I=w163-h92-k-no","https://ssl.gstatic.com/local/servicebusiness/default_user.png","""Very good coffee, good brunch juga meskipun pilihannya tidak banyak.""","·","$$","","Jl. Ir. H. Juanda No.113","https://www.google.com/searchviewer/42?cvd=CLw_EicKJeICIjIgEhkiF9LX29IPEQoNL2cvMTFiNmhzcXI5NxgBOgMI8A0%3D&hl=id-ID&gl=id&fo_m=MfohQo559jFvMUOzJVpjPL1YMfZ3bInYwBDuMfaXTPp5KXh-&utm_source=tactile&gei=ODX3acfYHvChseMPr9rzqAE&ei=ODX3acfYHvChseMPr9rzqAE&fo_s=OA&opi=79508299&orderType=1&ebb=1&cs=0&foub=mcpp","Pesan online","","",""
"https://www.google.com/maps/place/HUEMAI+Warung+Kopi/data=!4m7!3m6!1s0x2e68e7152780443f:0x1eaff924f315bfad!8m2!3d-6.8984935!4d107.6090907!16s%2Fg%2F11fjt3f2mn!19sChIJP0SAJxXnaC4Rrb8V8yT5rx4?authuser=0&hl=id&rclk=1","HUEMAI Warung Kopi","4,8","(42)","Kedai Kopi","·","lantai D1 blok P-01, Baltos","Buka","· Tutup pukul 21.00","https://lh3.googleusercontent.com/gps-cs-s/APNQkAHlGAPRxYCG5QhpXZxDoWDoOCW-I3414sGJo3_rTMqBVjt2g8zGAdHcbejCgq1jS9mvI918w9SdW4BiXonwPrBNYVVIs-G2R41rpmQxfoQZ7CUWdSUIaicdIVR0uLw5xa7pkrH9Ty9ZZSM2=w122-h92-k-no","https://ssl.gstatic.com/local/servicebusiness/default_user.png","""Untuk sekedar menikmati kopi dan roti tanpa embel-embel.""","·","Rp 1–25.000","","","","","","",""
"https://www.google.com/maps/place/Ganesha+Mocktail/data=!4m7!3m6!1s0x2e68e6505bfffee3:0x11cd863241db4d06!8m2!3d-6.8948554!4d107.6115855!16s%2Fg%2F11b6cm93qm!19sChIJ4_7_W1DmaC4RBk3bQTKGzRE?authuser=0&hl=id&rclk=1","Ganesha Mocktail","4,4","(315)","Kafe","·","·","Buka","· Tutup pukul 23.00","https://lh3.googleusercontent.com/gps-cs-s/APNQkAHXLU2Y6avR9AQwZ95W1uwaL8widBsufKXfgVXbfXkd6Ba0FzP5WVBxFhTJQGOhdCLP3JcYTVUaBuQbdPoTiNoJmgJjjvFEcNSmjxCBIbd4kR5Zd4zHruBKICSibRa9CRfAMDNd=w163-h92-k-no","https://ssl.gstatic.com/local/servicebusiness/default_user.png","""Irish coffenya enaaaak.""","·","Rp 25–50 rb","","Jl. Gelap Nyawang","","","","",""
"https://www.google.com/maps/place/Di+Selatan+Jakarta+Coffee+and+Bread/data=!4m7!3m6!1s0x2e68e7404fc08025:0x8335e717acecea63!8m2!3d-6.8979063!4d107.6060665!16s%2Fg%2F11fktmx_nt!19sChIJJYDAT0DnaC4RY-rsrBfnNYM?authuser=0&hl=id&rclk=1","Di Selatan Jakarta Coffee and Bread","4,7","(42)","Kafe","·","·","Buka","· Tutup pukul 22.00","https://lh3.googleusercontent.com/gps-cs-s/APNQkAEYfGXV1f0vHbJMo4B-Iegr2fAyJkBWZ1XKXTXkeaqJIMH1ndi-aLdnl90_hIuQOCBLHG1A8EWUSwb4H1Y1LTT62CDNj3x7jTRabenptOqSmXbUezLRY_GUhKzlhlSmX10Ws0eNNA=w92-h92-k-no","","Makan di tempat","","","","Jl. Kb. Bibit Tengah No.29","","","","·","Bawa pulang"
"https://www.google.com/maps/place/Moi+Coffee+And+Resto/data=!4m7!3m6!1s0x2e68e74a4ceccf57:0x8643217bf42c5162!8m2!3d-6.8844142!4d107.6077509!16s%2Fg%2F11sk7qfjrt!19sChIJV8_sTErnaC4RYlEs9HshQ4Y?authuser=0&hl=id&rclk=1","Moi Coffee And Resto","4,4","(31)","Kafe","·","Jl. Siliwangi No.28","Buka","· Tutup pukul 21.00","https://lh3.googleusercontent.com/gps-cs-s/APNQkAFjqvH7k5XR-ST-DHFJsoxcgu-Ht5Nf111dWR3C-WONLPU-vFKqgm2S4NIsi_AXX1HOA7H3VXKFoNwVd1D6rSZC6dYtHfGKjyyKZtiNc4tn0XSX9SMs_Czi6XNJYewwoSh07vNy=w80-h106-k-no","https://ssl.gstatic.com/local/servicebusiness/default_user.png","""Suasana adem, makanan enak dan cepat gak nunggu lama.""","·","Rp 25–50 rb","","","","","","",""
"https://www.google.com/maps/place/Roger%27s+Cafe+%26+Lounge/data=!4m7!3m6!1s0x2e68e6480cd89053:0xc7f7a38776437dd0!8m2!3d-6.89477!4d107.612567!16s%2Fg%2F1pty_mv4r!19sChIJU5DYDEjmaC4R0H1Ddoej98c?authuser=0&hl=id&rclk=1","Roger's Cafe & Lounge","4,3","(298)","Kafe","·","Jl. Ir. H. Juanda No.97","Buka","· Tutup pukul 00.00","https://lh3.googleusercontent.com/gps-cs-s/APNQkAHn_s2vBhGB5gqMxEIa2kdmhJp_FkRK7okhjJUpYPmjaYN03-8h-fbTw_SpIVWJVjS02W4zOnheCF_X-Vrh2_G-t98DESDV-sDimiEXwunSzQKDE4EqHmmN2ZE2pR9V0p7WVaP3hg=w122-h92-k-no","https://ssl.gstatic.com/local/servicebusiness/default_user.png","""Suasananya nyaman ko di lantai 3""","·","$$","","","","","","",""
"https://www.google.com/maps/place/Mezza-9+Coffee/data=!4m7!3m6!1s0x2e68e70027a98d99:0x7b95a76b3ec517d7!8m2!3d-6.884932!4d107.6106705!16s%2Fg%2F11wflm3vj5!19sChIJmY2pJwDnaC4R1xfFPmunlXs?authuser=0&hl=id&rclk=1","Mezza-9 Coffee","4,9","(19)","Kedai Kopi","·","Jl. Siliwangi Dalam No.7, RT./RW/RW.04","Tutup","· Buka Sab pukul 07.00","https://lh3.googleusercontent.com/gps-cs-s/APNQkAFM6bhgLW4RGHm6PXXiHxMXOQ4woYFr9fDIjQawqs8QuRAJaPEMgF_hou-bDvoWdz1B8ieoUYM21pS9k29vusrOtod65ry71ooPzWY9_1t6npDXdpNUJnQAeo0ZjjD0iQiyroBO7jrrjM4g=w80-h142-k-no","https://ssl.gstatic.com/local/servicebusiness/default_user.png","""Terbaik coffee nya, suasana nya apalagi.""","·","Rp 25–50 rb","","","","","","",""
"https://www.google.com/maps/place/WarBase+FREEDOM/data=!4m7!3m6!1s0x2e68e7db16301ac5:0x9cb432c2ed7cc86a!8m2!3d-6.8931291!4d107.6128927!16s%2Fg%2F11g2yr6f67!19sChIJxRowFtvnaC4Rash87cIytJw?authuser=0&hl=id&rclk=1","WarBase FREEDOM","4,6","(11)","Kedai Kopi","·","Jl. Ir. H. Juanda No.107","Buka 24 jam","","https://lh3.googleusercontent.com/gps-cs-s/APNQkAFiuMcNjC3t-EfTWtQWY_g1Dw-N05ovY3bA6dsXA9fR_XRI8zwiK8XViRlfxRs-keAo6rRlWzxu5kvmpYa4Dj87Br43p9TWEs7Tz3qDQ5tWUVxECiiCNj28rXJj1MINZXeOPaELgw=w80-h142-k-no","","Makan di tempat","","","","","","","","·","Bawa pulang"
"https://www.google.com/maps/place/Seroja+Ernestine/data=!4m7!3m6!1s0x2e68e7de066b2369:0x9241bad7e3dcfab4!8m2!3d-6.8934741!4d107.6124841!16s%2Fg%2F11p5f3zh4t!19sChIJaSNrBt7naC4RtPrc49e6QZI?authuser=0&hl=id&rclk=1","Seroja Ernestine","4,7","(1.360)","Toko Roti","·","·","Buka","· Tutup pukul 21.00","https://lh3.googleusercontent.com/gps-cs-s/APNQkAHu40Nz5V266LH1cXLbqQY5hcW8p3sm3ZRbWQq77Q_NoPs5yakjuVmC3vz76BlEWs_ktZqYw8GFncZ-wxeW_uoJqSKUiO34H-kLFZOQQSYR3bDbPbPbkIwpND9eH1kJMFkLq_U=w80-h106-k-no","https://ssl.gstatic.com/local/servicebusiness/default_user.png","""Tempat nya cozy menu nya juara barista nya ramah pisan !""","·","Rp 25–50 rb","","Jl. Ganesa No.4","","","","",""
"https://www.google.com/maps/place/Fowersix+Coffee/data=!4m7!3m6!1s0x2e68e7a7099294f7:0xee453006a031776a!8m2!3d-6.8857835!4d107.6124371!16s%2Fg%2F11sddt23q4!19sChIJ95SSCafnaC4RancxoAYwRe4?authuser=0&hl=id&rclk=1","Fowersix Coffee","4,8","(4)","Kafe","·","Kalya Hotel, Jl. Sumur Bandung No.7 Lantai 6","","","https://lh3.googleusercontent.com/gps-cs-s/APNQkAGYwj5cgk06-6ZaQstzO8nbZZzU4TE4eFAu6MdMFZ2sW7Rx83pR0Vq-2rrg4k8JeAFuO1gcjv0PVNeEYLl49eYsKglVEd_YrghzjEg_lQ06S3omOWKXNMqOmI4UE5dq_gg3jMkG=w80-h106-k-no","https://ssl.gstatic.com/local/servicebusiness/default_user.png","""Nice coffee, nice rooftop buat menyore di atas hotel Kalya""","","","","","","","","",""
"https://www.google.com/maps/place/Gerobak+Kopi+Senja/data=!4m7!3m6!1s0x2e68e79f95e9f527:0xca4e905365db1032!8m2!3d-6.8849687!4d107.6105594!16s%2Fg%2F11p9wvtzc8!19sChIJJ_XplZ_naC4RMhDbZVOQTso?authuser=0&hl=id&rclk=1","Gerobak Kopi Senja","5,0","(37)","Kedai Kopi","·","Jl. Siliwangi Dalam No.7","Buka","· Tutup pukul 00.00","https://lh3.googleusercontent.com/gps-cs-s/APNQkAHg-C4pwQYtg2z4G5k9GrYsPJceCCvSeJD5qkQN-Ml62y3oLICSSaCL2gtzu8-oBFdrqshAtsmKj59WmUvTTsiKLkkPZaBXb5qniC9DPKGAq1DEKGGIZxfviQxtecIpryKFdV61=w80-h106-k-no","https://ssl.gstatic.com/local/servicebusiness/default_user.png","""Seger enak next time cobain kopinya dhe.""","·","Rp 1–25.000","","","","","","",""
"https://www.google.com/maps/place/The+Corner/data=!4m7!3m6!1s0x2e68e64571ba3153:0xcbc0c4789d80f789!8m2!3d-6.8992562!4d107.6082421!16s%2Fg%2F11bzyv_6rm!19sChIJUzG6cUXmaC4RifeAnXjEwMs?authuser=0&hl=id&rclk=1","The Corner","4,5","(191)","Kafe","·","·","Buka","· Tutup pukul 00.00","https://lh3.googleusercontent.com/gps-cs-s/APNQkAH7bsLKqpA9tHw7RYYbnhMwzsz86zU2L5XKn_Wz8-RDnK-CpVXqgeVVADamNQ3oETcQ7eQkEmMl3DYW9xSIEONLZAcV8koEDhR8dsEbM-EBc2OSp6HNFCPk0PyCZRReXo5d57AkXw=w122-h92-k-no","https://ssl.gstatic.com/local/servicebusiness/default_user.png","""pulang kerja, enak nongkrong""","·","Rp 1–25.000","","Jl. Kb. Kembang No.9","","","","",""
"https://www.google.com/maps/place/starling+bela/data=!4m7!3m6!1s0x2e68e70052c274cd:0x38e2e07571e1150f!8m2!3d-6.8921124!4d107.6130301!16s%2Fg%2F11wtjsjz_p!19sChIJzXTCUgDnaC4RDxXhcXXg4jg?authuser=0&hl=id&rclk=1","starling bela","4,9","(18)","Kedai Kopi","·","Jl. Dago","Buka","· Tutup pukul 00.00","https://lh3.googleusercontent.com/gps-cs-s/APNQkAEjJElDYZ5SwzjknmZNmjldkg2FFmsEQInSm7dIzp3T7_BpOjSLuoEceDWDSl-TcH0g78J56bkZTicYh3OE9pVfeGRmkDgNAyBLFav8AKLu5ObrL7mmm1Ra63aHma5LQS1Cid0P=w80-h142-k-no","https://ssl.gstatic.com/local/servicebusiness/default_user.png","""Seru bisa ngopi bareng bareng yang jual kopinya ramah🤩🥳🥳""","·","Rp 1–25.000","","","","","","",""
"https://www.google.com/maps/place/Garden+Cafe+Dago+109+%2F+GMKI+Cabang+Bandung/data=!4m7!3m6!1s0x2e68e65126e950bf:0x15ab0eb24bb04682!8m2!3d-6.8928073!4d107.6128568!16s%2Fg%2F11fxzc5sl4!19sChIJv1DpJlHmaC4RgkawS7IOqxU?authuser=0&hl=id&rclk=1","Garden Cafe Dago 109 / GMKI Cabang Bandung","4,4","(134)","Kafe","·","Jl. Ir. H. Juanda No.109","Buka","· Tutup pukul 22.00","https://lh3.googleusercontent.com/gps-cs-s/APNQkAGOaowL4uIlVB8DHznJPS12aaHlbYpw44LIDLolqN76VrJH5S130UD3U_8LJZRXzK8YP_a6Jg7rFu-m9eu_GsMoOmCN4vATIaxVhpVePOu4M3P9jzs2GoVHH-OWzMJTC8j1JDQT=w92-h92-k-no","","Makan di tempat","","","","","","","","·","Bawa pulang"
"https://www.google.com/maps/place/Beehive+Cafe+%26+Boutique+Hotel/data=!4m10!3m9!1s0x2e68e6562d9ddb97:0xad150371f8e7ff03!5m2!4m1!1i2!8m2!3d-6.8877721!4d107.6126099!16s%2Fg%2F11c3k6j8m0!19sChIJl9udLVbmaC4RA__n-HEDFa0?authuser=0&hl=id&rclk=1","Beehive Cafe & Boutique Hotel","4,5","(3.428)","Hotel bintang 2","Hotel butik trendi dengan kafe","","","","https://lh3.googleusercontent.com/gps-cs-s/APNQkAENTCTi2BPYOR3kritD8d0stH8ItOURIJJuFWi0ON5iCf8vyFDBSIrwYcWF6F60VFPXDjFPDZxD7fj90CtLRoEaP14mMmVcosrbV8pQ2GIxUp59OZ-xSAaJtE0o2KnYgAppHqXg=w122-h92-k-no","https://ssl.gstatic.com/local/servicebusiness/default_user.png","""sangat bagus, cuma breakfast kurang bervariasi sama kurang fresh.""","","","","","","","","",""
"https://www.google.com/maps/place/starling+bela/data=!4m7!3m6!1s0x2e68e70052c274cd:0x38e2e07571e1150f!8m2!3d-6.8921124!4d107.6130301!16s%2Fg%2F11wtjsjz_p!19sChIJzXTCUgDnaC4RDxXhcXXg4jg?authuser=0&hl=id&rclk=1","starling bela","4,9","(18)","Kedai Kopi","·","Jl. Dago","Buka","· Tutup pukul 00.00","https://lh3.googleusercontent.com/gps-cs-s/APNQkAEjJElDYZ5SwzjknmZNmjldkg2FFmsEQInSm7dIzp3T7_BpOjSLuoEceDWDSl-TcH0g78J56bkZTicYh3OE9pVfeGRmkDgNAyBLFav8AKLu5ObrL7mmm1Ra63aHma5LQS1Cid0P=w80-h142-k-no","https://ssl.gstatic.com/local/servicebusiness/default_user.png","""Seru bisa ngopi bareng bareng yang jual kopinya ramah🤩🥳🥳""","·","Rp 1–25.000","","","","","","",""
"https://www.google.com/maps/place/Simba+Cafe+Bandung+Zoo/data=!4m7!3m6!1s0x2e68e7000eec38a5:0xf1448a75e13fb1db!8m2!3d-6.8902877!4d107.6067854!16s%2Fg%2F11w1qnlhkw!19sChIJpTjsDgDnaC4R27E_4XWKRPE?authuser=0&hl=id&rclk=1","Simba Cafe Bandung Zoo","4,8","(25)","Restoran","·","4J54+VPM, Jl. Kebun Binatang","","","https://lh3.googleusercontent.com/gps-cs-s/APNQkAHJjcgkb4WRE0qukcpBnUciKKkRG-ikP1mrwOfs-g9IW5m0T2EvHbMmAdLTZ1pYc2zXkYJBQtQyl_shPFic7z07k9jNTtAqFOyWNffMSiB20QxMcIviX645jDNEWKnZcleNr4qQ=w128-h92-k-no","https://ssl.gstatic.com/local/servicebusiness/default_user.png","""Kafe estetik, vibes nya jungle banget!""","·","Rp 25–50 rb","","","","","","",""
"https://www.google.com/maps/place/Beehive+Cafe+%26+Boutique+Hotel/data=!4m10!3m9!1s0x2e68e6562d9ddb97:0xad150371f8e7ff03!5m2!4m1!1i2!8m2!3d-6.8877721!4d107.6126099!16s%2Fg%2F11c3k6j8m0!19sChIJl9udLVbmaC4RA__n-HEDFa0?authuser=0&hl=id&rclk=1","Beehive Cafe & Boutique Hotel","4,5","(3.428)","Hotel bintang 2","Hotel butik trendi dengan kafe","","","","https://lh3.googleusercontent.com/gps-cs-s/APNQkAENTCTi2BPYOR3kritD8d0stH8ItOURIJJuFWi0ON5iCf8vyFDBSIrwYcWF6F60VFPXDjFPDZxD7fj90CtLRoEaP14mMmVcosrbV8pQ2GIxUp59OZ-xSAaJtE0o2KnYgAppHqXg=w122-h92-k-no","https://ssl.gstatic.com/local/servicebusiness/default_user.png","""sangat bagus, cuma breakfast kurang bervariasi sama kurang fresh.""","","","","","","","","",""
"https://www.google.com/maps/place/The+Corner/data=!4m7!3m6!1s0x2e68e64571ba3153:0xcbc0c4789d80f789!8m2!3d-6.8992562!4d107.6082421!16s%2Fg%2F11bzyv_6rm!19sChIJUzG6cUXmaC4RifeAnXjEwMs?authuser=0&hl=id&rclk=1","The Corner","4,5","(191)","Kafe","·","·","Buka","· Tutup pukul 00.00","https://lh3.googleusercontent.com/gps-cs-s/APNQkAH7bsLKqpA9tHw7RYYbnhMwzsz86zU2L5XKn_Wz8-RDnK-CpVXqgeVVADamNQ3oETcQ7eQkEmMl3DYW9xSIEONLZAcV8koEDhR8dsEbM-EBc2OSp6HNFCPk0PyCZRReXo5d57AkXw=w122-h92-k-no","https://ssl.gstatic.com/local/servicebusiness/default_user.png","""pulang kerja, enak nongkrong""","·","Rp 1–25.000","","Jl. Kb. Kembang No.9","","","","",""
"https://www.google.com/maps/place/Bier+Ort/data=!4m7!3m6!1s0x2e68e7b7aa542225:0xd054dabc6390e331!8m2!3d-6.8858426!4d107.6117274!16s%2Fg%2F11khf0cgpd!19sChIJJSJUqrfnaC4RMeOQY7zaVNA?authuser=0&hl=id&rclk=1","Bier Ort","4,8","(44)","Tempat Minum Bir","·","Jl. Tamansari No.88","Buka","· Tutup pukul 00.00","https://lh3.googleusercontent.com/gps-cs-s/APNQkAEZ3Xrzg5gxraUGaYJFu-NlG62mD6xhVwd9KP5MX3M1w8MuuNGikrp-5Hh6hctmdSUNJCoEvpDns1-HnRpRav0WEani360AKFay0ohr6TE2EOAOJxXzaSM4nmslvVzaeausRxpT=w80-h106-k-no","https://ssl.gstatic.com/local/servicebusiness/default_user.png","""Gua dtg weekend.""","","","","","","","","",""
"https://www.google.com/maps/place/Kopi+Jenggo/data=!4m7!3m6!1s0x2e68e6453e363e21:0xfa6541c32e2845e9!8m2!3d-6.8986678!4d107.6080056!16s%2Fg%2F11gdh1839y!19sChIJIT42PkXmaC4R6UUoLsNBZfo?authuser=0&hl=id&rclk=1","Kopi Jenggo","4,5","(10)","Kafe","·","Balubur Town Square, Jl. Prof. Dr. Mochtar Kusumaatmadja No.3","Buka","· Tutup pukul 22.00","https://lh3.googleusercontent.com/gps-cs-s/APNQkAFZLuMTfA1FtfnutJYLdKg7AYGrE6iIFAvc0n036MA7AMtog8wSitUWLkJC02Sd5tKV0FLFGfa4zANsRmd5gs2tZTjRzfcOA6CcK83bTuDZNh_K9LVd8uI7HAefB6F6hAPrLy84=w80-h106-k-no","https://ssl.gstatic.com/local/servicebusiness/default_user.png","""sangat sangat recommended""","","","","","","","","",""
"https://www.google.com/maps/place/Youn%27s+Coffee+Nook/data=!4m7!3m6!1s0x2e68e7b7caa707f5:0xed547fe1031e9fe!8m2!3d-6.8876528!4d107.609816!16s%2Fg%2F11v03f9zbl!19sChIJ9QenyrfnaC4R_ukxEP5H1Q4?authuser=0&hl=id&rclk=1","Youn's Coffee Nook","5,0","(24)","Kedai Kopi","·","Jl. Tamansari No.73","Tutup","· Buka Sen pukul 08.30","https://lh3.googleusercontent.com/gps-cs-s/APNQkAFs7WB59Pe1voChv4w4Si-jc-7RWNjYi3l3eM8EcIi5_Sje3vc9gVDLeub8yE4PxgJcxaoUh7-rm9FhMBVSK8CAkazSyTVeRpolC6mf1XvtfcdWY3C3k8oQJM0GnTz-tJywhuDjJA=w82-h92-k-no","https://ssl.gstatic.com/local/servicebusiness/default_user.png","""Tempat ngopi baru nih enak banget, murah lagi""","","","","","","","","",""
"https://www.google.com/maps/place/Warung+Kopi+Imah+Babaturan+1/data=!4m7!3m6!1s0x2e68e64530bfab83:0x69c7e63ce32ffab0!8m2!3d-6.898115!4d107.6077061!16s%2Fg%2F11bwf7pjlm!19sChIJg6u_MEXmaC4RsPov4zzmx2k?authuser=0&hl=id&rclk=1","Warung Kopi Imah Babaturan 1","4,5","(4.646)","Indonesia","·","·","Buka","· Tutup pukul 22.00","https://lh3.googleusercontent.com/gps-cs-s/APNQkAFjogfZPrJeYkOA6xQnn_T6XzD_RTtsyiFyFa7b9NMntG4J76ZO9gpkFgaK9ALoyly7lPZbGWEvRSa2bYVqkHJfZn_B_JTzRIhcWXaqB666Gw1U_n-SydPcZSBr3A4yodkZXgiS0g=w138-h92-k-no","https://ssl.gstatic.com/local/servicebusiness/default_user.png","""Comfortable food for all menu.""","·","Rp 25–50 rb","","Jl. Kebon Bibit No.3","https://www.google.com/searchviewer/42?cvd=CLw_EicKJeICIjIgEhkiF9LX29IPEQoNL2cvMTFid2Y3cGpsbRgBOgMI8A0%3D&hl=id-ID&gl=id&fo_m=MfohQo559jFvMUOzJVpjPL1YMfZ3bInYwBDuMfaXTPp5KXh-&utm_source=tactile&gei=OjX3afTMGbi0wcsPga-b8Ag&ei=OjX3afTMGbi0wcsPga-b8Ag&fo_s=OA&opi=79508299&orderType=1&ebb=1&cs=0&foub=mcpp","Pesan online","","",""
"https://www.google.com/maps/place/Beehive+Cafe+%26+Eatery/data=!4m7!3m6!1s0x2e68e7002aa79e25:0xd789e070d02ed332!8m2!3d-6.8876155!4d107.6129377!16s%2Fg%2F11y08b5dbw!19sChIJJZ6nKgDnaC4RMtMu0HDgidc?authuser=0&hl=id&rclk=1","Beehive Cafe & Eatery","5,0","(9)","Masakan Barat","·","Jl. Dayang Sumbi No.1","Buka","· Tutup pukul 21.00","https://lh3.googleusercontent.com/gps-cs-s/APNQkAEfv7cuLYdpbAuhnxZayNXq0cEhIXTr-5nvl9eTAaugTqf_wm__eYbDYvFBwd5p-IQKNgKoeufBzIqgBR4F4duRKQE-LA32aCM7IKR93NHOQnuE5UyqnECTy71KSRdm5RspZJyAhyoXRPk=w80-h106-k-no","https://ssl.gstatic.com/local/servicebusiness/default_user.png","""Avocado Toast dan Hot Americano.""","·","Rp 75–100 rb","","","","","","",""
"https://www.google.com/maps/place/Kedai+Koboi/data=!4m7!3m6!1s0x2e68e6507e51f6eb:0xe85958d5d31ad685!8m2!3d-6.8950059!4d107.609931!16s%2Fg%2F1pzrs6vbv!19sChIJ6_ZRflDmaC4RhdYa09VYWeg?authuser=0&hl=id&rclk=1","Kedai Koboi","4,5","(344)","Kafe","·","·","Buka","· Tutup pukul 02.00","https://lh3.googleusercontent.com/gps-cs-s/APNQkAE9ka8fYVDVB4GskwdgJr33digUDPO8loigf8CvdyJpdg756nxKPu7hFBeAaMC8k308fv-jiSDTfwh3kigKE6DXHyt-k2Agm66VmvqUsNGquLniX1MKw54w_6Xvg_hRm9k0Cw-C4FTo_ydL=w122-h92-k-no","https://ssl.gstatic.com/local/servicebusiness/default_user.png","""tempat cukup nyaman harga cukup bersahabat dan pelayanan oke""","·","Rp 1–25.000","","Jl. Gelap Nyawang","","","","",""
"https://www.google.com/maps/place/d%27Kopi+Memori+Dago/data=!4m7!3m6!1s0x2e68e780c05a260d:0x78cd19dd74193297!8m2!3d-6.8844961!4d107.6136192!16s%2Fg%2F11s607v6w1!19sChIJDSZawIDnaC4RlzIZdN0ZzXg?authuser=0&hl=id&rclk=1","d'Kopi Memori Dago","4,7","(22)","Kedai Kopi","·","Jl. Dago No.185","Buka","· Tutup pukul 22.00","https://lh3.googleusercontent.com/gps-cs-s/APNQkAHc1J_73qWF86v_9fkFFKCC6XKHDXm5c-JqgvosnJK1Iu-aBI1aLBxuhF8JOjCaR8Zl-Y76GRUhNttVhzq20-fiTaHKcOqsxlVet8kRo6dqW95jgoB2ia7g7-PWE2cblWwqUAYgLQ=w80-h106-k-no","https://ssl.gstatic.com/local/servicebusiness/default_user.png","""Tempat nya unik dan Instagramable bgt👍👍👍""","","","","","https://www.google.com/searchviewer/42?cvd=CLw_EicKJeICIjIgEhkiF9LX29IPEQoNL2cvMTFzNjA3djZ3MRgBOgMI8A0%3D&hl=id-ID&gl=id&fo_m=MfohQo559jFvMUOzJVpjPL1YMfZ3bInYwBDuMfaXTPp5KXh-&utm_source=tactile&gei=OjX3afTMGbi0wcsPga-b8Ag&ei=OjX3afTMGbi0wcsPga-b8Ag&fo_s=OA&opi=79508299&orderType=1&ebb=1&cs=0&foub=mcpp","Pesan online","","",""
"https://www.google.com/maps/place/Warunk+Upnormal+Sumur+Bandung/data=!4m7!3m6!1s0x2e68e7a149494fa3:0x4cac64c238249f3a!8m2!3d-6.885519!4d107.6130945!16s%2Fg%2F11fhy1dglb!19sChIJo09JSaHnaC4ROp8kOMJkrEw?authuser=0&hl=id&rclk=1","Warunk Upnormal Sumur Bandung","4,5","(2.216)","Kafe","·","·","Buka","· Tutup pukul 00.00","https://lh3.googleusercontent.com/gps-cs-s/APNQkAFgDnxN7pcl1nYvUOAUFP4IuTycyLkfNJsHJfmcny7xLCviApAuw-8ZGAURkSAwdfGVXMe_uI25Y0jSDu5P3nGRR_SL5Wi_tdvpo-_4rOlTxzi4v_2TF0tQf1fBavemS4s-kn1i=w184-h92-k-no","https://ssl.gstatic.com/local/servicebusiness/default_user.png","""Hazelnut latte hot, gurih dan panas.""","·","Rp 25–50 rb","","Jl. Sumur Bandung No.20","https://www.google.com/searchviewer/42?cvd=CLw_EicKJeICIjIgEhkiF9LX29IPEQoNL2cvMTFmaHkxZGdsYhgBOgMI8A0%3D&hl=id-ID&gl=id&fo_m=MfohQo559jFvMUOzJVpjPL1YMfZ3bInYwBDuMfaXTPp5KXh-&utm_source=tactile&gei=OjX3afTMGbi0wcsPga-b8Ag&ei=OjX3afTMGbi0wcsPga-b8Ag&fo_s=OA&opi=79508299&orderType=1&ebb=1&cs=0&foub=mcpp","Pesan online","","",""
"https://www.google.com/maps/place/Black+bamboo+coffee+house/data=!4m7!3m6!1s0x2e68e792174d9879:0xf37b45fd12d8bb51!8m2!3d-6.8898062!4d107.6076812!16s%2Fg%2F11q23sf86h!19sChIJeZhNF5LnaC4RUbvYEv1Fe_M?authuser=0&hl=id&rclk=1","Black bamboo coffee house","4,5","(4)","Kedai Kopi","·","Jl. Kebun Binatang No.6","","","https://lh3.googleusercontent.com/gps-cs-s/APNQkAEau_a0d9nZkiAnlOCwU0iuMkd566ZWuzw5hBSDzpl9H39gPJ-4zlTqRnIBzFCJ3aRbVHWyzNkEGBUacVjJiCou13JY9V-ZkR8edTJMuLKNCQ9rddrgl6ooTPnlfye4oBGyX_gr=w80-h142-k-no","","Makan di tempat","","","","","","","","·","Bawa pulang"
"https://www.google.com/maps/place/Cafe+PaOpa/data=!4m7!3m6!1s0x2e68e7da6e33a9bb:0xbb2da1e7fe448c4f!8m2!3d-6.8955841!4d107.6118617!16s%2Fg%2F11fjhyybdg!19sChIJu6kzbtrnaC4RT4xE_uehLbs?authuser=0&hl=id&rclk=1","Cafe PaOpa","4,8","(5)","Kafe","·","Jl. Ciungwanara No.12a","Tutup","· Buka Sel pukul 14.00","https://lh3.googleusercontent.com/gps-cs-s/APNQkAE6LtWlaBQmQYXk3fjXQpoiNmVN4ThvrsDQOA8fzEwe53gcJ4QNSMtQi3XQdKklaaN5_yT7_M3cVbmzjWFlXV3MEcRssYpmB9bVRLn75LQnTSewLsZv4dor5tTYvjb-FOXccAjcsw=w122-h92-k-no","","Makan di tempat","","","","","","","","·","Bawa pulang"
"https://www.google.com/maps/place/Eititu+Resto+%26+Cafe/data=!4m7!3m6!1s0x2e68e65743fd9537:0xed7e9174bd46404f!8m2!3d-6.8911493!4d107.6108764!16s%2Fg%2F11byxfjd7y!19sChIJN5X9Q1fmaC4RT0BGvXSRfu0?authuser=0&hl=id&rclk=1","Eititu Resto & Cafe","4,4","(301)","Kafe","·","Gedung Campus Center Timur ITB, Jl. Ganesa No.10","Tutup","· Buka Sen pukul 08.00","https://lh3.googleusercontent.com/gps-cs-s/APNQkAFEnnJoYgWm7GTU5u0CIkPDMKSD8sPHGE8TrNNMzblywGUkOxLJVAL-Y4xmZ1iQwbJx8Ew7FJ-QQMhFhCfV7UBkPyagHo8LEE5tw77nr1KrEx94WAYPdRQKFFAQu0uNvhkl2KapsQ=w80-h106-k-no","https://ssl.gstatic.com/local/servicebusiness/default_user.png","""Pastry yang tersedia di waktu brunch ada croissant dan cinnamon roll.""","·","Rp 25–50 rb","","","","","","",""
"https://www.google.com/maps/place/D%27Cafe/data=!4m7!3m6!1s0x2e68e6453b47b2e3:0x9a76c4f485c9cb76!8m2!3d-6.8974282!4d107.6081332!16s%2Fg%2F11clgrzntx!19sChIJ47JHO0XmaC4RdsvJhfTEdpo?authuser=0&hl=id&rclk=1","D'Cafe","5,0","(1)","Kafe","·","4J35+27C depan Taman Film","Buka","· Tutup pukul 23.00","https://maps.gstatic.com/tactile/pane/result-no-thumbnail-2x.png","","Makan di tempat","","","","","","","","·","Bawa pulang"
"https://www.google.com/maps/place/Madame+Sari+Restaurant/data=!4m7!3m6!1s0x2e68e651aca1eb8f:0x762ba9a6b528eed6!8m2!3d-6.8974225!4d107.6122578!16s%2Fg%2F1tndmxss!19sChIJj-uhrFHmaC4R1u4otaapK3Y?authuser=0&hl=id&rclk=1","Madame Sari Restaurant","4,5","(1.594)","Indonesia","·","Jl. Ir. H. Juanda No.85","Buka","· Tutup pukul 21.00","https://lh3.googleusercontent.com/gps-cs-s/APNQkAHX_KQHIyL8xBHDMBaTrKsPbubvr84zOxQ7DU8ZZFA6c1Of1fKYYmQBxRQUweBJLkiUERWFLclCe5lwWC6OjulSiJ7YP1mz4-C2QA43Jmw5qFLS7Yt4shgqqXOMl9MUNMkX3MJHd-1RqdQn=w80-h106-k-no","https://ssl.gstatic.com/local/servicebusiness/default_user.png","""Menu minuman juga variatif, mulai dari kopi, teh, jus, milkshake, dll.""","·","$$","","","https://www.google.com/searchviewer/42?cvd=CLw_EiUKI-ICIDIeEhciFdLX29IPDwoLL2cvMXRuZG14c3MYAToDCPAN&hl=id-ID&gl=id&fo_m=MfohQo559jFvMUOzJVpjPL1YMfZ3bInYwBDuMfaXTPp5KXh-&utm_source=tactile&gei=OjX3afTMGbi0wcsPga-b8Ag&ei=OjX3afTMGbi0wcsPga-b8Ag&fo_s=OA&opi=79508299&orderType=1&ebb=1&cs=0&foub=mcpp","Pesan online","","",""
"https://www.google.com/maps/place/Kinokimi+Coffee/data=!4m7!3m6!1s0x2e68e746c57eeff7:0x12ea31538c63dbb5!8m2!3d-6.9015319!4d107.611221!16s%2Fg%2F11j7b0x7l4!19sChIJ9-9-xUbnaC4RtdtjjFMx6hI?authuser=0&hl=id&rclk=1","Kinokimi Coffee","4,6","(582)","Kedai Kopi","·","Jl. Ranggamalela No.8","Buka","· Tutup pukul 22.00","https://lh3.googleusercontent.com/gps-cs-s/APNQkAEljkNwLblIIog6bZPkjSLDupSGlH6ZLbZIElgYfxdH9Pc40QmRE4csC75eKxJeeuiN3OS-Z9ekMClHLpedmcSiGTwzQ5IIPN5fU7mAznR4WHm-W6OH4B2KuuWjKJfwpLFjeYbH=w80-h99-k-no","https://ssl.gstatic.com/local/servicebusiness/default_user.png","""tempatnya cozy, baristanya helpful, signature kimi coffee nya enak.""","·","Rp 25–50 rb","","","","","","",""
"https://www.google.com/maps/place/Teras+Dago/data=!4m7!3m6!1s0x2e68e70e9383d61b:0x7a2ddd498de5a792!8m2!3d-6.8851966!4d107.6121339!16s%2Fg%2F11tt4yqj81!19sChIJG9aDkw7naC4RkqfljUndLXo?authuser=0&hl=id&rclk=1","Teras Dago","4,6","(8)","Kafe","·","Jl. Siliwangi No.5","Buka 24 jam","","https://lh3.googleusercontent.com/gps-cs-s/APNQkAHfV0vOajAd4os0Ev3jl53qlAdzq0JsLb7VZuGtKuWqzFKWXiJ_zk_bzNsu__V2IJg-4dJh8Cld1jf7c6yHwOn6-o8cc3uS56uqgoQdpwVZHlV1C08G6EqD8u5pT0sEa6Pt-7NakQ=w80-h106-k-no","https://ssl.gstatic.com/local/servicebusiness/default_user.png","""viewnya keren, menu makanan bervariasi.""","·","Rp 25–50 rb","","","","","","",""
"https://www.google.com/maps/place/Eduplex+Caf%C3%A9/data=!4m7!3m6!1s0x2e68e651d1c445af:0x15ef734327b248c9!8m2!3d-6.8966007!4d107.61312!16s%2Fg%2F11h6g4lyqp!19sChIJr0XE0VHmaC4RyUiyJ0Nz7xU?authuser=0&hl=id&rclk=1","Eduplex Café","4,3","(24)","Kafe","·","Jl. Ir. H. Juanda No.84","Buka","· Tutup pukul 21.30","https://lh3.googleusercontent.com/gps-cs-s/APNQkAG8hi9lpxUXDht7x2A3SUn0gKJagOecda9pZB8Mp-G5M3-3w3d3p_JnRFu4Ws7UIUBQrI-CYdm3kQKpQNqUO9JJYAxxEqNi0MkzG0g2nq-4ik1CJYcFYAXOO95QmbKp4EWrv09TiQ=w80-h106-k-no","https://ssl.gstatic.com/local/servicebusiness/default_user.png","""Ketemu sama seorang teman""","","","","","","","","",""
"https://www.google.com/maps/place/Kowawa+Kedai+Kopi/data=!4m7!3m6!1s0x2e68e7abb91e488d:0xd9078f02b4ca34dc!8m2!3d-6.8948663!4d107.6097509!16s%2Fg%2F11h4np3y15!19sChIJjUgeuavnaC4R3DTKtAKPB9k?authuser=0&hl=id&rclk=1","Kowawa Kedai Kopi","4,9","(57)","Kedai Kopi","·","·","Tutup","· Buka Sen pukul 08.00","https://lh3.googleusercontent.com/gps-cs-s/APNQkAHrQLSxJ0aJnmHI2NpyXfT8kdjWgtNnab22V9gKnb6p1-4GQe473lfl2qQHusYyraQ9_8LPMJC_hjJB2zTlhcIDTb22rOQeg-8HM3BaFiFFoK6lKmt4ssDyA4RKxN4qgZE-xAEgYRJBe6EF=w80-h106-k-no","https://ssl.gstatic.com/local/servicebusiness/default_user.png","""definitely worth to hang out here after classes!""","·","Rp 1–25.000","","Jl. Gelap Nyawang No.5","","","","",""
"https://www.google.com/maps/place/Kafetaria+Jasmine/data=!4m7!3m6!1s0x2e68e6f877b48651:0x3a0e87dbdb4d1b61!8m2!3d-6.8867773!4d107.6118263!16s%2Fg%2F11hbnxc6cq!19sChIJUYa0d_jmaC4RYRtN29uHDjo?authuser=0&hl=id&rclk=1","Kafetaria Jasmine","4,5","(99)","Kafe","·","·","Buka","· Tutup pukul 22.00","https://lh3.googleusercontent.com/gps-cs-s/APNQkAEcGIgblr-CMP_NE-Pq-CUszX-BPyTtB0MUluWX31R-seuv1T5J5ao7tQ3OblzSMXySFeTkbFECccKNXpVsxlvqZSRm3-S0oP0ytSCEZKXIJdjjYx1M2q5G8OrOQ31hkz2QZ5TXIg=w163-h92-k-no","https://ssl.gstatic.com/local/servicebusiness/default_user.png","""Nyaman, harga masuk akal, tenang""","·","$","","Jl. Dayang Sumbi No.10","","","","",""
"https://www.google.com/maps/place/Adore+Gelap+Nyawang/data=!4m7!3m6!1s0x2e68e7ff40b710dd:0xa5ae0141303886a2!8m2!3d-6.8949468!4d107.6094552!16s%2Fg%2F11h_134g04!19sChIJ3RC3QP_naC4RooY4MEEBrqU?authuser=0&hl=id&rclk=1","Adore Gelap Nyawang","5,0","(28)","Kafe","·","Jl. Gelap Nyawang No.5","","","https://lh3.googleusercontent.com/gps-cs-s/APNQkAFamZEtnVHhaLr-rQ6tRWnik8Sq2uxbi82h8xYHF_0F3b6gj0Xmbjbtb016wyIfZHC9jGy62jE2x19cppnT6RI3ijhmXZLj9u_IVaLtoC-1jkwkUY0v7j3j1c_7-f2M7KzxRdhc=w163-h92-k-no","https://ssl.gstatic.com/local/servicebusiness/default_user.png","""Sejauh ini makanan dan minumannya blm ada yg failed.""","","","","","","","","",""
"https://www.google.com/maps/place/Kedai+Kopi+Bandung+Baltos+%7C+FAFI+COFFEE/data=!4m7!3m6!1s0x2e68e75e14f4d301:0x2a95f14d5a438480!8m2!3d-6.8988135!4d107.6087699!16s%2Fg%2F11nmmhlpry!19sChIJAdP0FF7naC4RgIRDWk3xlSo?authuser=0&hl=id&rclk=1","Kedai Kopi Bandung Baltos | FAFI COFFEE","5,0","(3)","Kedai Kopi","·","Balubur Town Square, Jl. Tamansari Floor D2 No K08","Segera tutup","· 19.30 · Buka Sen pukul 10.00","https://lh3.googleusercontent.com/gps-cs-s/APNQkAF9O9ZkjeRqz6OHDJD25lOSmerRYAryhfMVi2XKa44Pg2yBX_xrVt6iM9BkiUOwee6F_tLWVKwCFLb4tVMtVWKYpMbQXKX0j3WT7BT4IvvIYzrf7vwZCU0uNcp_NbEewOHwSWHunQ=w138-h92-k-no","https://ssl.gstatic.com/local/servicebusiness/default_user.png","""Kurang tempat duduk santai aja

Harga, rasa dan service nya kerennn...""","","","","","","","","",""
"https://www.google.com/maps/place/Nobelius+Coffee+Shop+%28KKP+ITB%29/data=!4m7!3m6!1s0x2e68e657c5a6d711:0x503d8fd64e2b99ce!8m2!3d-6.8877242!4d107.6115909!16s%2Fg%2F11gh37lv87!19sChIJEdemxVfmaC4RzpkrTtaPPVA?authuser=0&hl=id&rclk=1","Nobelius Coffee Shop (KKP ITB)","4,4","(44)","Kafe","·","Jl. Ganesha 10 Gd CRCS ITB Lantai Dasar","Tutup","· Buka Sen pukul 08.00","https://lh3.googleusercontent.com/gps-cs-s/APNQkAGgqvtLkWQZgzGPq0DGIxAHAZXcoM93cegi93EUQnzDF85DIrHqGWBLFXOHwlrFIVjuaP3n8iglHRJ6yuDmTHpYoUro41ltN7fcM3IRuyOA7gqtMPlf6wWQ_HhBHnCmcApOJc3Q7w=w163-h92-k-no","https://ssl.gstatic.com/local/servicebusiness/default_user.png","""","","","","","","","","","Cafe"
"https://www.google.com/maps/place/Lastri+Caf%C3%A9+%26+Bistro/data=!4m7!3m6!1s0x2e68e659608b35c9:0x52d3aa62307beb3e!8m2!3d-6.891714!4d107.6055638!16s%2Fg%2F11gf9f27s7!19sChIJyTWLYFnmaC4RPut7MGKq01I?authuser=0&hl=id&rclk=1","Lastri Café & Bistro","5,0","(3)","Kafe","·","Jalan Cihampelas.195, Cipaganti, Coblong Apartment Jarrdin, Tower B","Buka","· Tutup pukul 23.00","https://lh3.googleusercontent.com/gps-cs-s/APNQkAHeQEgHGoA5R4rBNprhSwiTfFk4KRtPMTgFanMK6E_wi1qZum7SEYfi8iPiLzosat_egRqrHKa_Z2f71hlGr-8CNQ2mZDPDD6_d6051Ie7xOWlukQswNFgVQC5XHfNOGkD6UhO5=w164-h92-k-no","","Makan di tempat","","","","","","","","·","Bawa pulang"
"https://www.google.com/maps/place/Toko+Kopi+Selamat/data=!4m7!3m6!1s0x2e68e7e0bdfbee17:0xf094a74ce6be1a38!8m2!3d-6.8896524!4d107.6078485!16s%2Fg%2F11x7y04y09!19sChIJF-77veDnaC4ROBq-5kynlPA?authuser=0&hl=id&rclk=1","Toko Kopi Selamat","5,0","(3)","Kedai Kopi","·","kebun seni, Jl. Tamansari No.69","Buka","· Tutup pukul 20.00","https://lh3.googleusercontent.com/gps-cs-s/APNQkAHyMQlBSEj1-0nlnu8nIJxLmsfRv9uQYsMvhcF9IixIH9jYH4r_IHRHyIxdtSkK3lPMPwrf36RJCADZ1LiDOWM7W1e6JDb5bN88D5H9sYxXC6pj9cYJakNfQ8GMHsRsztG6CAFFKc8BaJU=w80-h142-k-no","https://ssl.gstatic.com/local/servicebusiness/default_user.png","""Saya kenal sama owner, ownernya baik ramah,rajin sholat""","","","","","","","","",""
"https://www.google.com/maps/place/Wangi+Kopi/data=!4m7!3m6!1s0x2e68e73a050956a7:0x7c2dfb5d60a8039a!8m2!3d-6.8945767!4d107.6110194!16s%2Fg%2F11l8nvpqjz!19sChIJp1YJBTrnaC4RmgOoYF37LXw?authuser=0&hl=id&rclk=1","Wangi Kopi","4,8","(4)","Kafe","·","Jl. Gelap Nyawang No.5A","Buka","· Tutup pukul 22.00","https://lh3.googleusercontent.com/gps-cs-s/APNQkAF5Xe8MzUAv5RFMTRg-BPF4aIxe8t9Wf-r9vICv8CxUIZ3bbR7M5nIeZ5os7Jtzn2lpbTZXBayrPdTs7jJoed9hxMMhTwVt-wkGOyW2d_KU3g32Fo-CZ-MpL6Db8B3yxNFCXpg=w80-h106-k-no","","Makan di tempat","","","","","","","","·","Bawa pulang"
"https://www.google.com/maps/place/Cafe+Diet/data=!4m7!3m6!1s0x2e68e65111afdff1:0xe47b5d3513ec8a9!8m2!3d-6.893845!4d107.613619!16s%2Fg%2F11b6szqsbs!19sChIJ8d-vEVHmaC4Rqcg-UdO1Rw4?authuser=0&hl=id&rclk=1","Cafe Diet","5,0","(1)","Kafe","·","RS Borromeus, Jl. Ir. H. Juanda","Buka","· Tutup pukul 21.00","https://lh3.googleusercontent.com/gps-proxy/ALd4DhF3w5S3jBuCyh6YAI_Ruk3FpZX-stG4UrSXA2bhAJNC7QT9zJ3k5Ye4f3YQ2lRMun-65oWudqEH2yE_yCOg1C2mhrRdGPlcHsOvO6G46yr1qRb7BLi1AD5hIR5kohrVG1Mk35GOLMUxTnEkF1z4kWl1h9PjRq4ALVg9mmxU1GZQvNOGXU8eDZEfY-T0hb8PEeoaQks=w122-h92-k-no","","Makan di tempat","","","","","","","","·","Bawa pulang"
"https://www.google.com/maps/place/Brewspace+Coffee/data=!4m7!3m6!1s0x2e68e79e45f18de5:0xdb870a560870c26c!8m2!3d-6.899303!4d107.6154619!16s%2Fg%2F11jcjjjl2k!19sChIJ5Y3xRZ7naC4RbMJwCFYKh9s?authuser=0&hl=id&rclk=1","Brewspace Coffee","4,5","(930)","Kedai Kopi","·","Jl. Prabu Dimuntur No.22","Buka","· Tutup pukul 23.00","https://lh3.googleusercontent.com/gps-cs-s/APNQkAG1WETuIAkUw3LHK-Fa2z0tUxy6Ocbk_dAfowLkX2kL68J0pLnYTSYcumSxlMrOIOj9vxUd_bw-BR7qJX1Qp5-uxRP1CUOO4rW_TwT1gQ8Xs-DL6jFp90cwh6fZyJBsvWWYHqfM8Q=w163-h92-k-no","https://ssl.gstatic.com/local/servicebusiness/default_user.png","""Ini tempat yang cocok buat work atau study from","·","Rp 25–50 rb","","","https://www.google.com/searchviewer/42?cvd=CLw_EicKJeICIjIgEhkiF9LX29IPEQoNL2cvMTFqY2pqamwyaxgAOgMI8A0%3D&hl=id-ID&gl=id&fo_m=MfohQo559jFvMUOzJVpjPL1YMfZ3bInYwBDuMfaXTPp5KXh-&utm_source=tactile&gei=PDX3aYfzJJ7RwcsP5_zBsAQ&ei=PDX3aYfzJJ7RwcsP5_zBsAQ&fo_s=OA&opi=79508299&ebb=1&cs=0&foub=mcpp","Pesan online","","","cafe"
"https://www.google.com/maps/place/SUMA+KOPI,+ES+KRIM+%26+LIGHT+MEALS/data=!4m7!3m6!1s0x2e68e768547fee2b:0x456221d50072a7df!8m2!3d-6.8845562!4d107.6066745!16s%2Fg%2F11k5lypjxs!19sChIJK-5_VGjnaC4R36dyANUhYkU?authuser=0&hl=id&rclk=1","SUMA KOPI, ES KRIM & LIGHT MEALS","4,6","(29)","Kedai Kopi","·","Jl. Siliwangi No.28","Buka","· Tutup pukul 23.00","https://lh3.googleusercontent.com/gps-cs-s/APNQkAFy8DDduvS258oRlCdd9FhvxDvuMb0v86IIr6aC7qXMFn392O9RZi6SqLgh6_OpH_Idg7wq8KAcu2cq4fXQnh-kaAW96dTUOMIJLhrEZqHTvJ_pHiY0Rj3YR6W9CBGmm6ir5yftTw=w122-h92-k-no","","Makan di tempat","","","","","https://www.google.com/searchviewer/42?cvd=CLw_EicKJeICIjIgEhkiF9LX29IPEQoNL2cvMTFrNWx5cGp4cxgBOgMI8A0%3D&hl=id-ID&gl=id&fo_m=MfohQo559jFvMUOzJVpjPL1YMfZ3bInYwBDuMfaXTPp5KXh-&utm_source=tactile&gei=PDX3aYfzJJ7RwcsP5_zBsAQ&ei=PDX3aYfzJJ7RwcsP5_zBsAQ&fo_s=OA&opi=79508299&orderType=1&ebb=1&cs=0&foub=mcpp","Pesan online","","·","Bawa pulang"
"https://www.google.com/maps/place/hi+brew/data=!4m7!3m6!1s0x2e68e65f7205dfa5:0x3cd292350506bb78!8m2!3d-6.8882032!4d107.6014095!16s%2Fg%2F11ggf1p6qd!19sChIJpd8Fcl_maC4ReLsGBTWS0jw?authuser=0&hl=id&rclk=1","hi brew","4,8","(3.361)","Kedai Kopi","·","·","Buka","· Tutup pukul 23.00","https://lh3.googleusercontent.com/gps-cs-s/APNQkAE7OfrX_d1r2KXe5iv9Kcv23QXSH4I6QVOptd1Lm-pubLMUPR-7ZnMffqCY3LNGdRBlhc1kABpnhSYh9YPQtq9M8aQWmmW65ma6ZCQjjPANlUxLjduhWn3jPwTIBntin9Yw5qw=w138-h92-k-no","https://ssl.gstatic.com/local/servicebusiness/default_user.png","""Besokannya aku cobain latte dan manual brew and it didn't disappoint""","·","$$","","Jl. Boscha No.43","https://www.google.com/searchviewer/42?cvd=CLw_EicKJeICIjIgEhkiF9LX29IPEQoNL2cvMTFnZ2YxcDZxZBgBOgMI8A0%3D&hl=id-ID&gl=id&fo_m=MfohQo559jFvMUOzJVpjPL1YMfZ3bInYwBDuMfaXTPp5KXh-&utm_source=tactile&gei=PDX3aYfzJJ7RwcsP5_zBsAQ&ei=PDX3aYfzJJ7RwcsP5_zBsAQ&fo_s=OA&opi=79508299&orderType=1&ebb=1&cs=0&foub=mcpp","Pesan online","","",""
"https://www.google.com/maps/place/Cafe+Babeh/data=!4m7!3m6!1s0x2e68e6505e927d61:0x39adf62137e6f1fd!8m2!3d-6.8949621!4d107.6113322!16s%2Fg%2F11b6cn4g_l!19sChIJYX2SXlDmaC4R_fHmNyH2rTk?authuser=0&hl=id&rclk=1","Cafe Babeh","4,6","(30)","Kafe","·","Ruko Bawah, Jl. Gelap Nyawang","Tutup","· Buka Sen pukul 07.00","https://lh3.googleusercontent.com/gps-cs-s/APNQkAHTU_QDqWszEMQE_uwaBRReml2UxiAXgSDRRAuxAGHSPkQtEmvNDZF_V5PgxRs6oQhJvMCF46VYXIsc3the_Se-AFh7TV8WtYMsGtguTD87wXLN86-Di3ftjuGG-CoS1wX8pcpf=w80-h142-k-no","","Makan di tempat","","","","","","","","·","Bawa pulang"
"https://www.google.com/maps/place/DJADOEL+KOFFIE+AND+PASTRY+BALTOS/data=!4m7!3m6!1s0x2e68e738c1358b15:0xf8d113cf026cca3c!8m2!3d-6.8988135!4d107.6087699!16s%2Fg%2F11shtnw9ch!19sChIJFYs1wTjnaC4RPMpsAs8T0fg?authuser=0&hl=id&rclk=1","DJADOEL KOFFIE AND PASTRY BALTOS","5,0","(4)","Kafe","·","Balubur Town Square, Lantai 1 Blok S 15","Tutup","· Buka Sen pukul 10.00","https://lh3.googleusercontent.com/gps-cs-s/APNQkAGKRYVzsZIyuIo5HSvrukxcBtrhfcXq3THOSxbwzsOlZYLImVk4ZcXSn9A1IlHmB5gVCJyO12WcjNnLcrvf1t7_NeFCqQoS8199TLfdseVeUy7qpVgxtYuHMEC_qwexQa9y7mpe=w92-h92-k-no","https://ssl.gstatic.com/local/servicebusiness/default_user.png","""Minumannya enak, pelayannya ramah, harganya terjangkau""","","","","","","","","",""
"https://www.google.com/maps/place/Dago+Panyawangan/data=!4m7!3m6!1s0x2e697298a875ddeb:0x7cfb304b1e293041!8m2!3d-6.8913643!4d107.6129129!16s%2Fg%2F1v6gb73g!19sChIJ6911qJhyaS4RQTApHksw-3w?authuser=0&hl=id&rclk=1","Dago Panyawangan","4,5","(2.978)","Sunda","·","Jl. Ir. H. Juanda No.127","Buka","· Tutup pukul 22.00","https://lh3.googleusercontent.com/gps-cs-s/APNQkAEiUiBF1Ww15ueTHrpeqD0iMz9mu-EjOboamFe1yR2pt-rsM7HmBBOm9vTB9sZYH2w60EhYFx1v9-vFgUPR-etVM9EtvmY3ZTeuoRMpZU7wGukTCX219LEPDRzuK-ffhPUDRrwopA=w138-h92-k-no","https://ssl.gstatic.com/local/servicebusiness/default_user.png","""Bangunan nya khas pake bambu, sampai meja dan kursi nya jg.""","·","$$","","","https://www.google.com/searchviewer/42?cvd=CLw_EiUKI-ICIDIeEhciFdLX29IPDwoLL2cvMXY2Z2I3M2cYADoDCPAN&hl=id-ID&gl=id&fo_m=MfohQo559jFvMUOzJVpjPL1YMfZ3bInYwBDuMfaXTPp5KXh-&utm_source=tactile&gei=PDX3aYfzJJ7RwcsP5_zBsAQ&ei=PDX3aYfzJJ7RwcsP5_zBsAQ&fo_s=OA&opi=79508299&ebb=1&cs=0&foub=mcpp","Pesan online","","",""
"https://www.google.com/maps/place/Let%E2%80%99s+go+cafe/data=!4m7!3m6!1s0x2e68e700194c0b27:0x85358cec661414dd!8m2!3d-6.896651!4d107.6131422!16s%2Fg%2F11zjv8z5_m!19sChIJJwtMGQDnaC4R3RQUZuyMNYU?authuser=0&hl=id&rclk=1","Let’s go cafe","","","Indonesia","·","Jl. Ir. H. Juanda No.84","Buka","· Tutup pukul 00.00","https://streetviewpixels-pa.googleapis.com/v1/thumbnail?panoid=yRfHQMHHqn_HPBcbh0bC5w&cb_client=search.gws-prod.gps&w=80&h=92&yaw=77.643555&pitch=0&thumbfov=100","","Makan di tempat","","","","","","","","·","Bawa pulang"
"https://www.google.com/maps/place/Kopi+Ertilu+Family+Coffee+%26+Dessert/data=!4m7!3m6!1s0x2e68e7c7cb33ae23:0xa7a0ee80f40cfc8!8m2!3d-6.897448!4d107.617436!16s%2Fg%2F11jhtgrj05!19sChIJI64zy8fnaC4RyM9AD-gOego?authuser=0&hl=id&rclk=1","Kopi Ertilu Family Coffee & Dessert","4,8","(121)","Kedai Kopi","·","Jl. Bagusrangin No.14","Buka","· Tutup pukul 00.00","https://lh3.googleusercontent.com/gps-cs-s/APNQkAGI_w_C7t7xpoEvils8NlFfNCly1O4inCVPjWI25rpJls_FjATW4jFvO9tpFBebxkwqa22BgpidBlPLvPK3v3opbHDdYHZEir54cs5uLOBEO5z993reVSqXBENRh_aRXMKnt6Mdaw=w80-h142-k-no","https://ssl.gstatic.com/local/servicebusiness/default_user.png","""Salted Caramel Latte nya juga enak!""","·","Rp 25–50 rb","","","https://www.google.com/searchviewer/42?cvd=CLw_EicKJeICIjIgEhkiF9LX29IPEQoNL2cvMTFqaHRncmowNRgBOgMI8A0%3D&hl=id-ID&gl=id&fo_m=MfohQo559jFvMUOzJVpjPL1YMfZ3bInYwBDuMfaXTPp5KXh-&utm_source=tactile&gei=PDX3aYfzJJ7RwcsP5_zBsAQ&ei=PDX3aYfzJJ7RwcsP5_zBsAQ&fo_s=OA&opi=79508299&orderType=1&ebb=1&cs=0&foub=mcpp","Pesan online","","",""
"https://www.google.com/maps/place/Lakona+Koffie+Dago/data=!4m7!3m6!1s0x2e68e73d526152fb:0x72ffbd27c07bfd5e!8m2!3d-6.8899393!4d107.6135832!16s%2Fg%2F11q2syc91_!19sChIJ-1JhUj3naC4RXv17wCe9_3I?authuser=0&hl=id&rclk=1","Lakona Koffie Dago","4,4","(9)","Kedai Kopi","·","Jl. Ir. H. Juanda No.126b, RT.02","Buka","· Tutup pukul 22.00","https://lh3.googleusercontent.com/gps-cs-s/APNQkAFxAVm2Deezg--_bFczo6V5gMXd22juTaui6C6RrlYcAtSm4ZYdpPnDUsqZ0y3ZJZVXCVp0WXyQa23_8qRrwYI8W3-gJCJ8TjvNZWuvUpx08O1hSfSEc9o4gzsDZ92kCDC-xad3hQ=w80-h106-k-no","https://ssl.gstatic.com/local/servicebusiness/default_user.png","""Minumannya enak dan pelayanannya bagus.""","","","","","","","","",""
"https://www.google.com/maps/place/Kenzu+Japanese+Cheese+Drink+Ciwalk/data=!4m7!3m6!1s0x2e68e65bbc6b860b:0x43f6024bb8bfe307!8m2!3d-6.8940455!4d107.605506!16s%2Fg%2F11hc_0ng1v!19sChIJC4ZrvFvmaC4RB-O_uEsC9kM?authuser=0&hl=id&rclk=1","Kenzu Japanese Cheese Drink Ciwalk","4,4","(48)","Kafe","·","4J44+96J, Jl. Cihampelas Walk","Buka","· Tutup pukul 21.00","https://lh3.googleusercontent.com/gps-cs-s/APNQkAGdM7PBvPdZwMllirqmhtyg6z2SX-54MJ1Mu7bx9iFD8LFOpvyRpled_x2d1VG0VNsTwOQfwiWl3wqy8vgboHOOHsfyKiP8v9gILsEclDb_QrHNkr3OYZqkSBqNpqBFQYmTnUi5=w122-h92-k-no","https://ssl.gstatic.com/local/servicebusiness/default_user.png","""","·","Rp 1–25.000","","","","","","","Cafe"
"https://www.google.com/maps/place/The+Dagoan+Coffee/data=!4m7!3m6!1s0x2e68e749eff316bb:0x2b2fffe893887020!8m2!3d-6.8977475!4d107.6125836!16s%2Fg%2F11fs7v5fvb!19sChIJuxbz70nnaC4RIHCIk-j_Lys?authuser=0&hl=id&rclk=1","The Dagoan Coffee","5,0","(1)","Kafe","·","Jl. Ir. H.Djuanda No.83 pav","Buka","· Tutup pukul 22.00","https://lh3.googleusercontent.com/gps-cs-s/APNQkAFzg74kFtU0QiF9TdnjAe1bE6U4HMV208aWT5c5ZC7ZZMuyg0rAvyLFFMK1bUEbE81RPvitmId9vr3QEYYdPfTU2P7qsnjOZdkgL0WXv1eq5yjhpiD5KCm-IJ8B8GPwPk6mXuJP=w163-h92-k-no","","Makan di tempat","","","","","","","","·","Bawa pulang"
"https://www.google.com/maps/place/Gerobak+Kopi+Jenggo+%28Baltos%29/data=!4m7!3m6!1s0x2e68e645426e8013:0xeca621ed8b866d61!8m2!3d-6.898735!4d107.6085485!16s%2Fg%2F11c5rpcw85!19sChIJE4BuQkXmaC4RYW2Gi-0hpuw?authuser=0&hl=id&rclk=1","Gerobak Kopi Jenggo (Baltos)","4,6","(14)","Kedai Kopi","·","Jl. Kebon Bibit No.12","Buka","· Tutup pukul 21.00","https://lh3.googleusercontent.com/gps-cs-s/APNQkAGm_mjB5gd93EozORXLAcZQFw21bqAflqUNIFv1ixlFPrveDPOBieEhOWCb6SniM_Hd2ihH9MyYh2xmtZ2Z4JvAykPMp_4wfZ8RojVDJCAw7rdgl10nm5QkLWZ7W8xxW28j8yuL=w122-h92-k-no","","Makan di tempat","","","","","","","","·","Bawa pulang"
"https://www.google.com/maps/place/Bermula+Coffee+and+Space/data=!4m7!3m6!1s0x2e68e7e1116ab5ef:0x4e1e194c6a9bd17!8m2!3d-6.9077917!4d107.6218248!16s%2Fg%2F11q4hxd1jq!19sChIJ77VqEeHnaC4RF72pxpTh4QQ?authuser=0&hl=id&rclk=1","Bermula Coffee and Space","4,8","(114)","Kedai Kopi","·","Jl. Taman Cihapit No.21d","Buka","· Tutup pukul 22.00","","https://ssl.gstatic.com/local/servicebusiness/default_user.png","""sea salt latte nya enak bgt!""","·","Rp 25–50 rb","","","https://www.google.com/searchviewer/42?cvd=CLw_EicKJeICIjIgEhkiF9LX29IPEQoNL2cvMTFxNGh4ZDFqcRgCOgMI8A0%3D&hl=id-ID&gl=id&fo_m=MfohQo559jFvMUOzJVpjPL1YMfZ3bInYwBDuMfaXTPp5KXh-&utm_source=tactile&gei=PzX3adjCBvegseMPjKqa0QE&ei=PzX3adjCBvegseMPjKqa0QE&fo_s=OA&opi=79508299&orderType=2&ebb=1&cs=0&foub=mcpp","Pesan online","","",""
"https://www.google.com/maps/place/Warung+Kopi+Nyunda/data=!4m7!3m6!1s0x2e68e51db7382c15:0xeb6ec102baf2cb8!8m2!3d-6.8850027!4d107.6106892!16s%2Fg%2F11lkc__sxl!19sChIJFSw4tx3laC4RuCyvKxDstg4?authuser=0&hl=id&rclk=1","Warung Kopi Nyunda","5,0","(8)","Kafe","·","·","Buka","· Tutup pukul 23.00","https://lh3.googleusercontent.com/gps-cs-s/APNQkAETIQsdxD9hdBONf5kAGMgMXLOXx_g9jyBzqYQFelJ2avPdprVsvYWv7uz6MBeFqhF1lriNoaN1qVKa08voLqm9J8B_mTLkSJCiODSdOs5jGn-F0ugONkILptfDW2NK848gby2V=w163-h92-k-no","https://ssl.gstatic.com/local/servicebusiness/default_user.png","""Hidden gem sih inii, nyaman banget krn di ditengah tengah baksil""","","","","4J76+X7W, Jl. Siliwangi","","","","",""
"https://www.google.com/maps/place/Moka+Coffee/data=!4m7!3m6!1s0x2e68e727354b14cf:0xd45b4cb419720dbb!8m2!3d-6.8970878!4d107.612617!16s%2Fg%2F11fnt3pts7!19sChIJzxRLNSfnaC4Ruw1yGbRMW9Q?authuser=0&hl=id&rclk=1","Moka Coffee","5,0","(5)","Kafe","·","Jl. Ir. H. Juanda No.176","Buka","· Tutup pukul 22.00","https://lh3.googleusercontent.com/gps-cs-s/APNQkAEgDhvppyE-77gFoZ7leuJRO-o71CLzf8qCUOpxJAVREcbNEo_rG3M81cwfrPhn7VjOy7OW1U34U10_5dCiYIemWI6Yd5AU4tl96gA7Pf3-t4Q2JtQw5J_2TvlXvcGIgMnbYeCP=w131-h92-k-no","","Makan di tempat","","","","","","","","·","Bawa pulang"
"https://www.google.com/maps/place/Sam%27s+Strawberry+Corner/data=!4m7!3m6!1s0x2e68e6fccf37b57b:0x1dceb43471fbee66!8m2!3d-6.8922494!4d107.6134467!16s%2Fg%2F1tmk10rp!19sChIJe7U3z_zmaC4RZu77cTS0zh0?authuser=0&hl=id&rclk=1","Sam's Strawberry Corner","4,4","(1.413)","Kafe","·","Jl. Ir. H. Juanda No.112","Buka","· Tutup pukul 21.00","https://lh3.googleusercontent.com/gps-cs-s/APNQkAHPDfwpf1CmW5fjpHOMsTsIzdVrUxUTKIHIh3m8gnOfSVQCOYMnq5j5GQegzZKro_y_rMhbFukaACUwH70X3b_wUKkT9cC__TIa5xfNpPz-E0k0FCYnlOke0Q41UYmn6Lh6HF2mew=w163-h92-k-no","https://ssl.gstatic.com/local/servicebusiness/default_user.png","""BINTANG 5 WAJIB COBA STRAWBERRY JUICE PAKAI SUSU!!""","·","Rp 50–75 rb","","","https://www.google.com/searchviewer/42?cvd=CLw_EiUKI-ICIDIeEhciFdLX29IPDwoLL2cvMXRtazEwcnAYAToDCPAN&hl=id-ID&gl=id&fo_m=MfohQo559jFvMUOzJVpjPL1YMfZ3bInYwBDuMfaXTPp5KXh-&utm_source=tactile&gei=PzX3adjCBvegseMPjKqa0QE&ei=PzX3adjCBvegseMPjKqa0QE&fo_s=OA&opi=79508299&orderType=1&ebb=1&cs=0&foub=mcpp","Pesan online","","",""
"https://www.google.com/maps/place/Saisan+Japanese+%E0%A4%B5%E0%A4%B0%E0%A4%BE%E0%A4%A3%E0%A4%B6%E0%A5%80/data=!4m7!3m6!1s0x2e68e6f4650b46b7:0x389d1a7b5dbb0b63!8m2!3d-6.8876428!4d107.6131408!16s%2Fg%2F1hfcy_45b!19sChIJt0YLZfTmaC4RYwu7XXsanTg?authuser=0&hl=id&rclk=1","Saisan Japanese वराणशी","4,6","(1.098)","Jepang","·","Jl. Ir. H. Juanda No.161","Buka","· Tutup pukul 22.00","https://lh3.googleusercontent.com/gps-cs-s/APNQkAFAa7Cl3iGsFpYsf7p_ShT5ThLzwUlLeatr7VbFXXe0iF4XONqc2kIyuZ23yf4PFaUiMpSNfvRAsYkjRwNRSxHLVhK3zdHeLYz2vBng0tqd1tysfBHOhOAjqjr9zhNCwH7obs004aS8xSK8=w80-h106-k-no","https://ssl.gstatic.com/local/servicebusiness/default_user.png","""Salmon mentay tori nachos.""","·","Rp 250.000+","","","https://www.google.com/searchviewer/42?cvd=CLw_EiYKJOICITIfEhgiFtLX29IPEAoML2cvMWhmY3lfNDViGAE6AwjwDQ%3D%3D&hl=id-ID&gl=id&fo_m=MfohQo559jFvMUOzJVpjPL1YMfZ3bInYwBDuMfaXTPp5KXh-&utm_source=tactile&gei=PzX3adjCBvegseMPjKqa0QE&ei=PzX3adjCBvegseMPjKqa0QE&fo_s=OA&opi=79508299&orderType=1&ebb=1&cs=0&foub=mcpp","Pesan online","","",""
"https://www.google.com/maps/place/Warung+Asmad/data=!4m7!3m6!1s0x2e68e65060a5c5d1:0xab20c3cc5eabbf93!8m2!3d-6.8949688!4d107.6110633!16s%2Fg%2F11b6cj7jzt!19sChIJ0cWlYFDmaC4Rk7-rXszDIKs?authuser=0&hl=id&rclk=1","Warung Asmad","4,6","(101)","Rumah Makan","·","·","Tutup","· Buka Sen pukul 10.00","https://lh3.googleusercontent.com/gps-cs-s/APNQkAENImbXi8CNG2yY4hYyNRWgaNDfRxbZiInhuwEvCMhSOs2K6P3FQlpT9kmYy3oJQLwN2g4PZF4l3VE7mY_bApCI8piKEmI-i_DVnjTvGbwpHhcExq7Xwvz46Ss4wOOYW7qZoMnKv8ssCy4=w163-h92-k-no","https://ssl.gstatic.com/local/servicebusiness/default_user.png","""Disajiin nasi goreng sm ayam crispy pakai kuah ala ala steak gitu.""","·","Rp 1–25.000","","Jl. Gelap Nyawang","","","","",""
"https://www.google.com/maps/place/Kopi+Romantis+Cihapit/data=!4m7!3m6!1s0x2e68e73deccce085:0xeb5c90b8c740d22!8m2!3d-6.9080203!4d107.6201018!16s%2Fg%2F11lnpyyn_5!19sChIJheDM7D3naC4RIg10jAvJtQ4?authuser=0&hl=id&rclk=1","Kopi Romantis Cihapit","4,8","(593)","Kafe","·","Jl. Sabang No.21A","Buka","· Tutup pukul 23.00","https://lh3.googleusercontent.com/gps-cs-s/APNQkAGV934lO6JxYgnQF8wp3El9oW76IwRQIzy9FerePOQI9tnIczte82V0lX31HFoeESeqHqmeGEUFx4mncebj3ZIWov8nrAq3mkTVLgH8gT0O9ON8YjnPURUDyFwwG_mmHRWjRsBVExPbfVu2=w163-h92-k-no","https://ssl.gstatic.com/local/servicebusiness/default_user.png","""makanan dan minuman nya mantap harga terjangkau barista ramah""","·","Rp 25–50 rb","","","","","","",""
"https://www.google.com/maps/place/Temu+Kamu+Coffee+%26+Eatery+Bandung/data=!4m7!3m6!1s0x2e68e7fdad04602b:0x9d9a247f17eb3e4f!8m2!3d-6.8836339!4d107.5986659!16s%2Fg%2F11jrg4lwhh!19sChIJK2AErf3naC4RTz7rF38kmp0?authuser=0&hl=id&rclk=1","Temu Kamu Coffee & Eatery Bandung","4,7","(2.520)","Kedai Kopi","·","Jl. Cemara No.46","Buka","· Tutup pukul 23.00","https://lh3.googleusercontent.com/gps-cs-s/APNQkAH5pej-bCkTEbURHiVSq8nIb6vl380QUt8Yntk8TtMiwGZdtwvac-anx5TOUJ_2f5rxnXF3TO9lulpH-UKQD6ERdCMwAoXM7rcL4AK9HbQrHu-n_y_dDYPXur_r0R8IS3h2Da6B=w163-h92-k-no","https://ssl.gstatic.com/local/servicebusiness/default_user.png","""Tempatnya bersih & nyaman, Baristanya ramah, harganya pas.""","·","Rp 50–75 rb","","","https://www.google.com/searchviewer/42?cvd=CLw_EicKJeICIjIgEhkiF9LX29IPEQoNL2cvMTFqcmc0bHdoaBgAOgMI8A0%3D&hl=id-ID&gl=id&fo_m=MfohQo559jFvMUOzJVpjPL1YMfZ3bInYwBDuMfaXTPp5KXh-&utm_source=tactile&gei=PzX3adjCBvegseMPjKqa0QE&ei=PzX3adjCBvegseMPjKqa0QE&fo_s=OA&opi=79508299&ebb=1&cs=0&foub=mcpp","Pesan online","","",""
"https://www.google.com/maps/place/Halimun+cafe/data=!4m7!3m6!1s0x2e68e7ae42a0e7cf:0xf250186fe4496295!8m2!3d-6.8928073!4d107.6128568!16s%2Fg%2F11y4n9hcj8!19sChIJz-egQq7naC4RlWJJ5G8YUPI?authuser=0&hl=id&rclk=1","Halimun cafe","","","Halal","·","Jl. Ir. H. Juanda No.109","Buka","· Tutup pukul 21.00","https://lh3.googleusercontent.com/gps-cs-s/APNQkAE53Nb9OjvB30i-rsgHijOjRPV1LXdu2fh9QJZ9-E7n7kevMU4sv_dkIs6nfB_PRcofbtcBYh4HZDXMMmoMt_dGa5sXZaYis_qIHlaYgMAn9nEfhregmahhyxdruxEIZD24vWbz=w80-h106-k-no","","Makan di tempat","","","","","","","","·","Bawa pulang"
"https://www.google.com/maps/place/CO%26CO+Space/data=!4m7!3m6!1s0x2e68e64e3c924ddf:0x1a243802bbf96ff5!8m2!3d-6.8978412!4d107.6137406!16s%2Fg%2F11b7dzwmbd!19sChIJ302SPE7maC4R9W_5uwI4JBo?authuser=0&hl=id&rclk=1","CO&CO Space","4,4","(383)","Ruang Kerja Bersama","·","·","Tutup","· Buka Sen pukul 09.00","https://lh3.googleusercontent.com/gps-cs-s/APNQkAH4lub7KEzA6yztr5HMmhKwI1zNwbF0fNnW7MMMtN3ebxSNRZv3yWXG9rXZeIdY0tPrELO1juori-VyFAw7giSEaHFZkz548LQ7TBR1kFH6JybxtJdKHyhQ2ymWk4Qw9ZBS67tX=w138-h92-k-no","https://ssl.gstatic.com/local/servicebusiness/default_user.png","""Bisa buat kerja sambil ngopi + ada menu berat favorite""","","","","Jl. Dipati Ukur No.5","","","","",""
"https://www.google.com/maps/place/Kamar+Tujuh+Koffie/data=!4m7!3m6!1s0x2e68e64b954e3f43:0x40e92f1e0eb5d83f!8m2!3d-6.9033185!4d107.6167499!16s%2Fg%2F11g6pxdhwd!19sChIJQz9OlUvmaC4RP9i1Dh4v6UA?authuser=0&hl=id&rclk=1","Kamar Tujuh Koffie","4,6","(887)","Kafe","·","Jl. Cilamaya No.1, RT.02","Buka","· Tutup pukul 21.00","https://lh3.googleusercontent.com/gps-cs-s/APNQkAHOG9ux8MSr7cdNUQaDnbV2ZkU5h5oI_Cw6aWORMDBQUSip5Vq7RCxGS-O1g7G6Oirk6FLmKtHkLIr7yGm_wjIxKyTldZRXUixaaMf12F2uXC_eiiXq4ShHKoXp83n3Scs-VZdkUg=w163-h92-k-no","https://ssl.gstatic.com/local/servicebusiness/default_user.png","""coffeenya enak, baristanya friendly.""","·","Rp 25–50 rb","","","https://www.google.com/searchviewer/42?cvd=CLw_EicKJeICIjIgEhkiF9LX29IPEQoNL2cvMTFnNnB4ZGh3ZBgBOgMI8A0%3D&hl=id-ID&gl=id&fo_m=MfohQo559jFvMUOzJVpjPL1YMfZ3bInYwBDuMfaXTPp5KXh-&utm_source=tactile&gei=PzX3adjCBvegseMPjKqa0QE&ei=PzX3adjCBvegseMPjKqa0QE&fo_s=OA&opi=79508299&orderType=1&ebb=1&cs=0&foub=mcpp","Pesan online","","",""
"https://www.google.com/maps/place/Coffee+Combi/data=!4m7!3m6!1s0x2e68e650a76b8227:0x35e036a2707fb5c7!8m2!3d-6.8937853!4d107.6092166!16s%2Fg%2F1pztb_lpj!19sChIJJ4Jrp1DmaC4Rx7V_cKI24DU?authuser=0&hl=id&rclk=1","Coffee Combi","","","Kafe","·","Jl. Ganesa No.17","Buka","· Tutup pukul 21.00","https://lh3.googleusercontent.com/gps-cs-s/APNQkAHO-6Y69Bn-728pmiPBSmyhLFpJDzYEs-3x4lLdRQgvD8Rq0MhBm8JLD--mm7F2MIipRiPxgbm6meL0iiH-0QgGHERNDvpUyazFVgPJ7LR2lLs_tbRHjyLyRVPRwDIFT4EZ52Nb=w80-h106-k-no","","Makan di tempat","","","","","","","","·","Bawa pulang"
"https://www.google.com/maps/place/Hidden+Farm+Cafe/data=!4m7!3m6!1s0x2e68e7f1b7197e2d:0x1aa6fd4490152cf0!8m2!3d-6.8578424!4d107.6370984!16s%2Fg%2F11n_h1wl0g!19sChIJLX4Zt_HnaC4R8CwVkET9pho?authuser=0&hl=id&rclk=1","Hidden Farm Cafe","4,7","(403)","Kafe","·","·","Buka","· Tutup pukul 23.00","https://lh3.googleusercontent.com/gps-cs-s/APNQkAEC1YUOevBvpLHE02zrgZSHCdMo-WhEWtbc-KS-g1gSGy9g7G-WBI8JzFRLAO1NPbfEMVUg-5z8RWp5hEqCwHf_icx-6LLzPPQ34s27Pg1yJ6LM9QnDkFK8FhS9yVT6pUzxf0fu=w80-h106-k-no","https://ssl.gstatic.com/local/servicebusiness/default_user.png","""Kagetnya lagi, platting mereka sudah seperti kafe-kafe upscale.""","·","Rp 25–50 rb","","Jl. Bukit Pakar Utara No.40","","","","",""
"https://www.google.com/maps/place/Pizza+Place/data=!4m7!3m6!1s0x2e68e7a20d4debcd:0xb152f19603e9585a!8m2!3d-6.8924793!4d107.6127061!16s%2Fg%2F11fr753ztg!19sChIJzetNDaLnaC4RWljpA5bxUrE?authuser=0&hl=id&rclk=1","Pizza Place","4,7","(1.167)","Pizza","·","Jl. Ir. H. Juanda No.113","Buka","· Tutup pukul 22.00","https://lh3.googleusercontent.com/gps-cs-s/APNQkAEdUhuFgYzI_UTGF44-BR4ohd-7iAOX6J-lOb0Ry_E6SEuDsY8q6hUPsTXaKL3sTuLgwPxxsGdEJ54MCiTGcEvrUUDQaQEzVcNfwzWnf-LezghYOq8JiB7LWKEqeF7CERHXYgo=w163-h92-k-no","https://ssl.gstatic.com/local/servicebusiness/default_user.png","""Interiornya unik ala american fast food.""","·","Rp 25–50 rb","","Restoran pizza dengan pesan di konter","https://www.google.com/searchviewer/42?cvd=CLw_EicKJeICIjIgEhkiF9LX29IPEQoNL2cvMTFmcjc1M3p0ZxgBOgMI8A0%3D&hl=id-ID&gl=id&fo_m=MfohQo559jFvMUOzJVpjPL1YMfZ3bInYwBDuMfaXTPp5KXh-&utm_source=tactile&gei=PzX3adjCBvegseMPjKqa0QE&ei=PzX3adjCBvegseMPjKqa0QE&fo_s=OA&opi=79508299&orderType=1&ebb=1&cs=0&foub=mcpp","Pesan online","","",""
"https://www.google.com/maps/place/Cups+Coffee/data=!4m7!3m6!1s0x2e68e64936bd63ef:0xe1ec5e75b328b880!8m2!3d-6.9024931!4d107.613762!16s%2Fg%2F11bbw_yf1s!19sChIJ72O9NknmaC4RgLgos3Ve7OE?authuser=0&hl=id&rclk=1","Cups Coffee","4,4","(2.009)","Kedai Kopi","·","·","Buka","· Tutup pukul 00.00","https://lh3.googleusercontent.com/gps-cs-s/APNQkAEfdotH5g4iRxDvDu9otAJQ_9mfeJnK50ASvhuVZkyjLYN1a7iIjz2pnx2BQqs3BBf_LWGFL-QG73WEibBkmhytlnnwkmm0dylSMvO92LgQ5IfRmNC_bzpdFaz1nMLJcIP7ooyr=w122-h92-k-no","https://ssl.gstatic.com/local/servicebusiness/default_user.png","""Pesan matcha dreamy latte, ada topping burnt marshmallow yang unique.""","·","Rp 25–50 rb","","Jl. Trunojoyo No.25","https://www.google.com/searchviewer/42?cvd=CLw_EicKJeICIjIgEhkiF9LX29IPEQoNL2cvMTFiYndfeWYxcxgBOgMI8A0%3D&hl=id-ID&gl=id&fo_m=MfohQo559jFvMUOzJVpjPL1YMfZ3bInYwBDuMfaXTPp5KXh-&utm_source=tactile&gei=PzX3adjCBvegseMPjKqa0QE&ei=PzX3adjCBvegseMPjKqa0QE&fo_s=OA&opi=79508299&orderType=1&ebb=1&cs=0&foub=mcpp","Pesan online","","",""
"https://www.google.com/maps/place/Sl_oo_w+Coffee+%26+Cocktails/data=!4m7!3m6!1s0x2e68e7746e308683:0xa210d03db7adae5f!8m2!3d-6.9036394!4d107.6007938!16s%2Fg%2F11lnmrrjtp!19sChIJg4YwbnTnaC4RX66ttz3QEKI?authuser=0&hl=id&rclk=1","Sl_oo_w Coffee & Cocktails","4,7","(60)","Kedai Kopi","·","Jl. Dr. Otten No.1","Buka","· Tutup pukul 01.00","https://lh3.googleusercontent.com/gps-cs-s/APNQkAEOZA4d16xkBj1tgh9BUaXIuFgJPngYENBa3e-LY6874XOY-g7usT5fVBTx5GWSbFnUO5vLQkdEMRzhO3qM4r8Iejap8Dsxl8WGoOD0uGbIUds4jOC7tHy5FosfxDn7eTsx5fc=w122-h92-k-no","https://ssl.gstatic.com/local/servicebusiness/default_user.png","""tempat nya cozy, estetik, untuk yg suka fotofoto pas banget inii!!""","·","Rp 25–50 rb","","","","","","",""
"https://www.google.com/maps/place/Ruckerpark+Coffee+and+Culture/data=!4m7!3m6!1s0x2e68e6411bd1a321:0xf1cad61728bdb7b5!8m2!3d-6.9051945!4d107.601412!16s%2Fg%2F11df6fvs_8!19sChIJIaPRG0HmaC4Rtbe9KBfWyvE?authuser=0&hl=id&rclk=1","Ruckerpark Coffee and Culture","4,6","(1.036)","Kedai Kopi","·","Jl. Dr. Cipto No.24","Buka","· Tutup pukul 22.00","https://lh3.googleusercontent.com/gps-cs-s/APNQkAH9sw0xbx4aA0KRxzvAQWG2z3kHcGhaOhzUFT1qGmfsLCwb4NBFs3KKOueY5l1j82yRHS1GmeCxeu0Xtc1w2_QVc3zwQiFtxrjnZFagJeFl_8Tluzwcl7BVcMIptqMr66_aUATmVxQ4YmU=w122-h92-k-no","https://ssl.gstatic.com/local/servicebusiness/default_user.png","""Cozy buat hangoutttt enak banget kopinya""","·","Rp 50–75 rb","","","","","","",""
"https://www.google.com/maps/place/matesa+coffee,+roaster+and+workshop/data=!4m7!3m6!1s0x2e68e7588af071e5:0x87494fd3a530a196!8m2!3d-6.9076092!4d107.6205117!16s%2Fg%2F11m8b3pw83!19sChIJ5XHwiljnaC4RlqEwpdNPSYc?authuser=0&hl=id&rclk=1","matesa coffee, roaster and workshop","4,7","(37)","Kedai Kopi","·","Jl. Cakranegara No.1","Buka 24 jam","","https://lh3.googleusercontent.com/gps-cs-s/APNQkAHbBf-Q8WBMh6iWzNUpiSX2-lAKELrdT_GJB9hClwGxzU5Lg08oCVEr_5PjhDDf7cWB5guoyxwSsldAxcR4qG3wdHcbURyUWyJ3JRgJlF8YgJIfb-1yUp26HqS4TtqnStT2Oh69=w80-h106-k-no","https://ssl.gstatic.com/local/servicebusiness/default_user.png","""Kopinya wuenaaak""","","","","","","","","",""
"https://www.google.com/maps/place/EduPlex+Skill+Space/data=!4m7!3m6!1s0x2e68e651b41be967:0x770562c3863b0ff2!8m2!3d-6.8966264!4d107.6131254!16s%2Fg%2F11byyrssdp!19sChIJZ-kbtFHmaC4R8g87hsNiBXc?authuser=0&hl=id&rclk=1","EduPlex Skill Space","4,4","(2.061)","Ruang Kerja Bersama","·","Jl. Ir. H. Juanda No.84","Tutup","· Buka Sen pukul 09.00","https://lh3.googleusercontent.com/gps-cs-s/APNQkAG-iCLZkVjkLm3fj4konZm5-AcYikzFH86-q9jCv0J05l1Zw-mxKs4uGCpurck86MeKFCPbHl5uiBZEEXy7DYWRR8Yj5vMUvdlCj_-AskEgx1EpbLCc5D9dR8JcBbCk31dSVVI=w92-h92-k-no","https://ssl.gstatic.com/local/servicebusiness/default_user.png","""cocok buat nugas, wifinya perjam.""","","","","Kafe untuk tempat nongkrong","","","","",""
"https://www.google.com/maps/place/Kopi+Diaboli+at+Gulali+Cafe/data=!4m7!3m6!1s0x2e68e64fd95e7723:0xb2540aff7cd7de0b!8m2!3d-6.8975612!4d107.6116623!16s%2Fg%2F11bzrg5t3p!19sChIJI3de2U_maC4RC97XfP8KVLI?authuser=0&hl=id&rclk=1","Kopi Diaboli at Gulali Cafe","","","Kedai Kopi","·","Jl. Badak Singa No.2","Buka","· Tutup pukul 22.00","https://streetviewpixels-pa.googleapis.com/v1/thumbnail?panoid=6sNUuGnDGTdDqfMIkNjoog&cb_client=search.gws-prod.gps&w=80&h=92&yaw=51.665104&pitch=0&thumbfov=100","","Makan di tempat","","","","","","","","·","Bawa pulang"
"https://www.google.com/maps/place/De%27cool/data=!4m7!3m6!1s0x2e68e7998d9ce6f3:0x9a73c634e7e7affb!8m2!3d-6.8972395!4d107.6080524!16s%2Fg%2F11jv00t3p3!19sChIJ8-acjZnnaC4R-6_n5zTGc5o?authuser=0&hl=id&rclk=1","De'cool","5,0","(4)","Kafe","·","Jl. Kb. Bibit Utara No.111","Buka","· Tutup pukul 21.00","https://lh3.googleusercontent.com/gps-cs-s/APNQkAGmWRv3NuHeG2c64FBq9tQ7_iiJWiZfKtw7U3uAvKUmUZwafEfMUuclDZk3CfCFqUrpEFljpSjO7ncwZc-NVC0J4kr1dEnKrN2xWWKHNUleMfgaJ1q2ot1IhhnI_0JDaJnoUk8=w122-h92-k-no","","Makan di tempat","","","","","","","","·","Bawa pulang"
"https://www.google.com/maps/place/Sawo+Coffee+Rontgent/data=!4m7!3m6!1s0x2e68e76976c7a1b3:0x2dfa6510f9e9abf1!8m2!3d-6.9030642!4d107.5993212!16s%2Fg%2F11pkjdhpsb!19sChIJs6HHdmnnaC4R8avp-RBl-i0?authuser=0&hl=id&rclk=1","Sawo Coffee Rontgent","4,6","(203)","Kedai Kopi","·","Jl. Rontgent No.4","Buka","· Tutup pukul 22.00","https://lh3.googleusercontent.com/gps-cs-s/APNQkAE1QCg-ARQKBqOomkJ33wDlWt3Jf-RrztweEIbcsF3c6LHgoJ_Ao7AVc4fgsp3n1MnWpRw7g23AfpnOm4s95UYNfelw_MTR6gp5ZdCZXfDbu9dWtW561hXgyRDPueugXw6J7aMu=w80-h106-k-no","https://ssl.gstatic.com/local/servicebusiness/default_user.png","""Pesan hot latte, kopinya enak dan harganya cukup terjangkau.""","·","Rp 25–50 rb","","","","","","",""
"https://www.google.com/maps/place/Kartika+Sari+Dago/data=!4m7!3m6!1s0x2e68e64fd413b4b3:0xe0b4c516e6e5789a!8m2!3d-6.8974761!4d107.6122326!16s%2Fg%2F11cmc42j9d!19sChIJs7QT1E_maC4Rmnjl5hbFtOA?authuser=0&hl=id&rclk=1","Kartika Sari Dago","4,6","(3.965)","Toko Roti","·","·","Buka","· Tutup pukul 21.00","https://lh3.googleusercontent.com/gps-cs-s/APNQkAFNelQ1BLcA6zbwsXHWbtaKuiihfbiTB77swZ77CrL9nMBO1u8MH4xw6J5OeC8oaRn6JF5f4v2kANZghChRHTzCYNv3mqpxKN5OqbvtWwjB3vYAf9ZRhvNaUsdG7MAien-HJ_aN=w163-h92-k-no","https://ssl.gstatic.com/local/servicebusiness/default_user.png","""Juleha enak..jahe lemon honey..""","·","$$","","Jl. Ir. H. Juanda No.85-87","https://www.google.com/searchviewer/42?cvd=CLw_EicKJeICIjIgEhkiF9LX29IPEQoNL2cvMTFjbWM0Mmo5ZBgBOgMI8A0%3D&hl=id-ID&gl=id&fo_m=MfohQo559jFvMUOzJVpjPL1YMfZ3bInYwBDuMfaXTPp5KXh-&utm_source=tactile&gei=QTX3aZ3jGpOUseMPrrep8Qg&ei=QTX3aZ3jGpOUseMPrrep8Qg&fo_s=OA&opi=79508299&orderType=1&ebb=1&cs=0&foub=mcpp","Pesan online","","",""
"https://www.google.com/maps/place/kios+pak+aan/data=!4m7!3m6!1s0x2e68e7006f512e67:0x5ae8760e70679438!8m2!3d-6.8970202!4d107.610697!16s%2Fg%2F11mcl8dc97!19sChIJZy5RbwDnaC4ROJRncA526Fo?authuser=0&hl=id&rclk=1","kios pak aan","4,5","(2)","Kedai Kopi","·","Jl. Badak Singa","","","https://lh3.googleusercontent.com/gps-cs-s/APNQkAG-QAptZd41GvfvFZg1jmnr9umiotyvezmpcZDT1AmgAjUfSxSKkt1IJYlyD-K04zFLmY9VbQLfrMg5owJRx34iW7zxY4-rFkyfJ4eeW6OV59mcLhMUUqvhA1hL2ww0UPIXUI-T1Q=w163-h92-k-no","","Makan di tempat","","","","","","","","",""
"https://www.google.com/maps/place/Ganeca+garden+cafe/data=!4m7!3m6!1s0x2e68e7cb1282391b:0x72f9e65a6a583d80!8m2!3d-6.8920604!4d107.6070566!16s%2Fg%2F11vwwcddg2!19sChIJGzmCEsvnaC4RgD1Yalrm-XI?authuser=0&hl=id&rclk=1","Ganeca garden cafe","3,0","(2)","Restoran","·","Jl. Kebun Binatang No.6","Tutup","· Buka Sen pukul 10.00","https://lh3.googleusercontent.com/gps-cs-s/APNQkAHL65PAx3rlo-i-QrqnRcdSS15kKQF-iv9G6VwfEQoPa7MhWGTjroflYXb-m8gJFajbsVZZZ8_WIaQ4tpy7Amd8UfkplhHDeVhEjsoZNWdhkS3WmNBfWRem3rMv_VDEGHiArUI=w122-h92-k-no","","Makan di tempat","","","","","","","","·","Bawa pulang"
"https://www.google.com/maps/place/XCrepes+Dago/data=!4m7!3m6!1s0x2e68e78130c538a7:0x15e88b1daef402c8!8m2!3d-6.8845268!4d107.613499!16s%2Fg%2F11gp5hwkng!19sChIJpzjFMIHnaC4RyAL0rh2L6BU?authuser=0&hl=id&rclk=1","XCrepes Dago","5,0","(2)","Kafe","·","Jl. Ir. H. Juanda No.185","Buka","· Tutup pukul 22.00","https://lh3.googleusercontent.com/gps-cs-s/APNQkAE5sU8P5xoh3j82rtg96S1r4-Wo0ENmNYwYqH7oRyFfpOGnXRpt5AD7QN2NnKysDpoK5RVMf4WMfoDjRK11mw1bN0RTwUrJKawi68KapCD74_opuAeklMYgkagake6bmE18EVNODw=w80-h142-k-no","","Makan di tempat","","","","","","","","·","Bawa pulang"
"https://www.google.com/maps/place/Striker+ngopi+santai/data=!4m7!3m6!1s0x2e68e70047b8dc8b:0xcab42fbe0f3796ba!8m2!3d-6.8936973!4d107.6083332!16s%2Fg%2F11z1v349bm!19sChIJi9y4RwDnaC4RupY3D74vtMo?authuser=0&hl=id&rclk=1","Striker ngopi santai","","","Kedai Kopi","·","Jl. Tamansari No.17","","","https://streetviewpixels-pa.googleapis.com/v1/thumbnail?panoid=XL8GaA28EQjIW4JJiARx1Q&cb_client=search.gws-prod.gps&w=80&h=92&yaw=223.3185&pitch=0&thumbfov=100","","","","","","","","","","",""
"https://www.google.com/maps/place/KOPIWEH/data=!4m7!3m6!1s0x2e68e7b3dcfb1e09:0xaf986911e07a0aa8!8m2!3d-6.9002423!4d107.6264211!16s%2Fg%2F11c2nz64hp!19sChIJCR773LPnaC4RqAp64BFpmK8?authuser=0&hl=id&rclk=1","KOPIWEH","4,9","(37)","Kafe","·","·","Buka","· Tutup pukul 01.00","https://lh3.googleusercontent.com/gps-cs-s/APNQkAEOfbTKaTv2IKnrr4GS4EK0rx-h_2V3VGgSwnW_bKgophiS4Ni-68Tg2v4pZmO4zGfoFDVSTTxMFrLIeFSvYRRQRZoPH-5gPJWDX94D12LUoA_twx76mVGeHoZSXJuZttuoR6IpPQ=w122-h92-k-no","https://ssl.gstatic.com/local/servicebusiness/default_user.png","""tempat ngopi terbaik,pelayanannya ramah ownernya juga seru""","·","Rp 1–25.000","","Pusat Dawah Islam(PUSDAI), (masuk kejalan disebrang SPBU pasar Suci), Jl. Pusdai","","","","",""
"https://www.google.com/maps/place/Warung+Wawan+Cepot/data=!4m7!3m6!1s0x2e68e79f25068d05:0x4b1c7cc4e98d5e42!8m2!3d-6.8983308!4d107.6117771!16s%2Fg%2F11ftjp8xq4!19sChIJBY0GJZ_naC4RQl6N6cR8HEs?authuser=0&hl=id&rclk=1","Warung Wawan Cepot","5,0","(4)","Kafe","·","Jl. Cikapayang No.2 - 4","Buka","· Tutup pukul 23.00","https://lh3.googleusercontent.com/gps-cs-s/APNQkAGa2aVnVQUKZ0cnRozYNBvSwZ1ZojqYwyOWMDrpgp_c8R1Ewj79PuzsHiTcsqcek88Y9XA8rILI6oNv0-IwoH9sex7gcX2Kpf9PPGovyprVNc0FFgqTx0D8g0ttddOHGDEWa031=w131-h92-k-no","","Makan di tempat","","","","","","","","·","Bawa pulang"
"https://www.google.com/maps/place/Aroem+Bandung+Resto+%26+Cafe/data=!4m7!3m6!1s0x2e68e700404ac631:0x393657d64bf08cbd!8m2!3d-6.886574!4d107.613264!16s%2Fg%2F11z5c9ywss!19sChIJMcZKQADnaC4RvYzwS9ZXNjk?authuser=0&hl=id&rclk=1","Aroem Bandung Resto & Cafe","","","Padang","·","Jl. Dago No.169","Buka 24 jam","","https://maps.gstatic.com/tactile/pane/result-no-thumbnail-2x.png","","","","","","","","","","",""
"https://www.google.com/maps/place/Dapur+Laut/data=!4m7!3m6!1s0x2e68e65a80dd32c1:0x3e128d97c8a4830d!8m2!3d-6.8949517!4d107.609416!16s%2Fg%2F11cjnn9z0h!19sChIJwTLdgFrmaC4RDYOkyJeNEj4?authuser=0&hl=id&rclk=1","Dapur Laut","4,6","(875)","Hidangan Laut","·","·","Buka","· Tutup pukul 00.00","","https://ssl.gstatic.com/local/servicebusiness/default_user.png","""Agak kurang di sambal koreknya, kurang pedes dan kurang banyak.""","·","Rp 25–50 rb","","4J45+2Q7, Jl. Gelap Nyawang","","","","",""
"https://www.google.com/maps/place/Forget+Me+Not+Coffee/data=!4m7!3m6!1s0x2e68e74e03c555a3:0x6e15f3869d80e7f0!8m2!3d-6.9020384!4d107.5962448!16s%2Fg%2F11qqykg3kh!19sChIJo1XFA07naC4R8OeAnYbzFW4?authuser=0&hl=id&rclk=1","Forget Me Not Coffee","4,9","(62)","Kedai Kopi","·","Jl. Mahmud No.20","Buka","· Tutup pukul 22.00","https://lh3.googleusercontent.com/gps-cs-s/APNQkAG79hVXLbzuEMTc8TqP-w6wuSRSvLG0xPRJ_u6tXvt-pOqJA1LlBvkCfyz7Cgr5gfSgoNpLx-BEq0FEMtjI522nBS-L8Z5BJcvuW02B1pHV5p06cc-m1RsNEQciubEJsGBuTP8=w122-h92-k-no","https://ssl.gstatic.com/local/servicebusiness/default_user.png","""Tempat kecil bersih cocok buat penikmat kopi.""","","","","","","","","",""
"https://www.google.com/maps/place/Steak+Meletup+by+KaNoPi+Cafe/data=!4m7!3m6!1s0x2e68e724db470721:0xdc496e6d29bf31!8m2!3d-6.9076954!4d107.6110356!16s%2Fg%2F11hz_3hl1d!19sChIJIQdH2yTnaC4RMb8pbW5J3AA?authuser=0&hl=id&rclk=1","Steak Meletup by KaNoPi Cafe","4,4","(241)","Kafe","","","Buka","· Tutup pukul 22.00","https://lh3.googleusercontent.com/gps-cs-s/APNQkAGS-oyiKDTT6sP4dgbT9XJbEXchwOLifX4e_X9RajmuiIXr0AJKYUkR_dmrEXdRJXa0O33XvRtDjRb_3EWJp-5MF5dCKkK-Heec2b1nHwzgXVPepW2ThaQvgx9wsjc-5_vj_Noxxw=w122-h92-k-no","https://ssl.gstatic.com/local/servicebusiness/default_user.png","""Padahal di pinggir jalan banget, tapi rasanya chill aja gitu vibesnya.""","·","Rp 25–50 rb","","","","","","",""
"https://www.google.com/maps/place/Coffe+Lereng+Benteng/data=!4m7!3m6!1s0x2e68e744ab7927c3:0x5aa065e569378633!8m2!3d-6.9055914!4d107.6056267!16s%2Fg%2F11rc1mrf_f!19sChIJwyd5q0TnaC4RM4Y3aeVloFo?authuser=0&hl=id&rclk=1","Coffe Lereng Benteng","4,9","(13)","Kafe","·","3JV4+Q76","Buka 24 jam","","https://lh3.googleusercontent.com/gps-cs-s/APNQkAEde-WdC71SMS-F2tgAAsuqfyg-Zz2vYhGV4IJzneUTxLAs-QQxJY-NtOk6ZfNd5IxfUdnM8NfNynZ4qDib1WOQZvBAUfGO475Dk_rg9s47f9n6kazPEdHesFjdK3OD3NoxsVw=w80-h142-k-no","https://ssl.gstatic.com/local/servicebusiness/default_user.png","""Cukup menarik tempatnya higienis dan nyaman""","","","","","","","","",""
"https://www.google.com/maps/place/Sejiwa/data=!4m7!3m6!1s0x2e68e64b004ff221:0x1444a06ec346de5!8m2!3d-6.9043658!4d107.6185831!16s%2Fg%2F11c5_hzhfd!19sChIJIfJPAEvmaC4R5W007AZKRAE?authuser=0&hl=id&rclk=1","Sejiwa","4,4","(6.572)","Kedai Kopi","·","·","Buka","· Tutup pukul 23.00","https://lh3.googleusercontent.com/gps-cs-s/APNQkAGneZdKXeFkDhryVZhTDFgakI4bXshQXsXn3_lLNxDCIopj3h0rKa7kzK3M2TcOKoofdZn6f6FLbvmX5EPxMuKM_zL2eCHxuAaSEXRbozz50fVxHRjoBr1YpUv0PNGm6XwvIyL2=w122-h92-k-no","https://ssl.gstatic.com/local/servicebusiness/default_user.png","""Mantappp jiwa.. enak2.. kopi, teh, salmon, caramel..""","·","$$","","Jl. Progo No.15","https://www.google.com/searchviewer/42?cvd=CLw_EicKJeICIjIgEhkiF9LX29IPEQoNL2cvMTFjNV9oemhmZBgAOgMI8A0%3D&hl=id-ID&gl=id&fo_m=MfohQo559jFvMUOzJVpjPL1YMfZ3bInYwBDuMfaXTPp5KXh-&utm_source=tactile&gei=QTX3aZ3jGpOUseMPrrep8Qg&ei=QTX3aZ3jGpOUseMPrrep8Qg&fo_s=OA&opi=79508299&ebb=1&cs=0&foub=mcpp","Pesan online","","",""
"https://www.google.com/maps/place/Gandong+Coffee/data=!4m7!3m6!1s0x2e68e7d30cdacb51:0x88e51b898e592740!8m2!3d-6.9177219!4d107.6152122!16s%2Fg%2F11pfbtbsjf!19sChIJUcvaDNPnaC4RQCdZjokb5Yg?authuser=0&hl=id&rclk=1","Gandong Coffee","4,8","(219)","Kedai Kopi","·","Jl. Kartini Jl. Van Deventer No.31","Buka","· Tutup pukul 21.30","https://lh3.googleusercontent.com/gps-cs-s/APNQkAH5fn4yo3r5lVxcMXlAQ4dzM-BG-nO_zfhJWGKsh4PfnVmFXS6LMSPFi8LdqrNxWPDAppGdDzY0BgUnBuKwnwkfirGI1m64iwGklsnqRy6ZQhz7lXCPXTntZMIswVc3Os3-JAWlGg=w122-h92-k-no","https://ssl.gstatic.com/local/servicebusiness/default_user.png","""The food and drinks are great!""","·","Rp 25–50 rb","","","https://www.google.com/searchviewer/42?cvd=CLw_EicKJeICIjIgEhkiF9LX29IPEQoNL2cvMTFwZmJ0YnNqZhgBOgMI8A0%3D&hl=id-ID&gl=id&fo_m=MfohQo559jFvMUOzJVpjPL1YMfZ3bInYwBDuMfaXTPp5KXh-&utm_source=tactile&gei=QTX3aZ3jGpOUseMPrrep8Qg&ei=QTX3aZ3jGpOUseMPrrep8Qg&fo_s=OA&opi=79508299&orderType=1&ebb=1&cs=0&foub=mcpp","Pesan online","","",""
"https://www.google.com/maps/place/Waroeng+shisha/data=!4m7!3m6!1s0x2e68e7007b0e2355:0x39c513535795a572!8m2!3d-6.8949468!4d107.6094552!16s%2Fg%2F11y3cf9x43!19sChIJVSMOewDnaC4RcqWVV1MTxTk?authuser=0&hl=id&rclk=1","Waroeng shisha","5,0","(4)","Kafe","·","Jl. Gelap Nyawang Blok barat No.5","Tutup","· Buka Sen pukul 00.00","https://lh3.googleusercontent.com/gps-cs-s/APNQkAGlBjuqRRULB6Vg-fdTN9ZzDO19DRWZ8QHtwSHVo6Rr7etgddegzQ7oeMtrx4FrV4prVzgGtlWi5N8yWuhfhu1Rj0neo6ja6Lp0VYws6QjTyDf6XSbvY5o9_RN1rRo-Eqg13QaY3Q=w80-h142-k-no","https://ssl.gstatic.com/local/servicebusiness/default_user.png","""Tempatnya cozy 👌🏻""","","","","","","","","",""
"https://www.google.com/maps/place/Warung+Ecot/data=!4m7!3m6!1s0x2e68e65ab09bf947:0x6a6e08633b5f7466!8m2!3d-6.8967965!4d107.6087702!16s%2Fg%2F11f5h9_4t3!19sChIJR_mbsFrmaC4RZnRfO2MIbmo?authuser=0&hl=id&rclk=1","Warung Ecot","5,0","(1)","Kafe","·","·","Buka","· Tutup pukul 22.00","https://lh3.googleusercontent.com/gps-cs-s/APNQkAFsOx3pJaO7lxOSbBJuh6htE3cIwrJDjVcKEjkT6oEzQ3x6Z1LSSzXVtLLUW4xbUgJZZuNp8eYhm9uUVSz-Wg_y2qT3qNpi2IJXY5L_MNSRhf21PCjFcEgUO-h884Lswo6qJcyzzg=w122-h92-k-no","","Makan di tempat","","","","Jl. Pelesiran No.7","","","","·","Bawa pulang"
"https://www.google.com/maps/place/Waroeng+Nusa+Sari/data=!4m7!3m6!1s0x2e68e65aea768495:0x5b4e0688e27f20dd!8m2!3d-6.8961273!4d107.6079471!16s%2Fg%2F11c2095ptc!19sChIJlYR26lrmaC4R3SB_4ogGTls?authuser=0&hl=id&rclk=1","Waroeng Nusa Sari","4,0","(2)","Kedai Kopi","·","Jl. Pelesiran No.26","Buka 24 jam","","https://streetviewpixels-pa.googleapis.com/v1/thumbnail?panoid=x54HOVZSWd_-x87hexK8mA&cb_client=search.gws-prod.gps&w=80&h=92&yaw=208.55061&pitch=0&thumbfov=100","","Makan di tempat","","","","","","","","·","Bawa pulang"
"","","","","","","","","","","","","","","","","","","","",""