"hfpxzc href","qBF1Pd","MW4etd","UY7F9","W4Efsd","W4Efsd 2","W4Efsd 3","W4Efsd 4","W4Efsd 5","lcr4fd href","Cw1rxd","R8c4Qb","Cw1rxd 2","R8c4Qb 2","Jn12ke src","ah5Ghc","doJOZc","W4Efsd 6","W4Efsd 7","UsdlK"
"","","","","","","","","","","","","","","","","","","",""
"","","","","","","","","","","","","","","","","","","",""
"https://www.google.com/maps/place/FamilyMart+Dago/data=!4m7!3m6!1s0x2e68e70002064e2d:0x57efb9c21d19098e!8m2!3d-6.894524!4d107.6127504!16s%2Fg%2F11yxlhfs3b!19sChIJLU4GAgDnaC4RjgkZHcK571c?authuser=0&hl=id&rclk=1","FamilyMart Dago","3,6","(94)","Minimarket","·","Jl. Dago No.99","Buka","· Tutup pukul 00.00","https://www.familymartindonesia.com/","","Situs Web","","Rute","https://ssl.gstatic.com/local/servicebusiness/default_user.png","""makanannya enak, lumayan lengkap,","","","",""
"https://www.google.com/maps/place/Circle+K+Dago+Simpang/data=!4m7!3m6!1s0x2e68e6f8ea979be7:0x85eab67c891fc082!8m2!3d-6.8856069!4d107.6140847!16s%2Fg%2F11cs1w40x_!19sChIJ55uX6vjmaC4RgsAfiXy26oU?authuser=0&hl=id&rclk=1","Circle K Dago Simpang","3,2","(57)","Minimarket","·","·","Buka 24 jam","","http://circlekindo.com/","","Situs Web","","Rute","https://ssl.gstatic.com/local/servicebusiness/default_user.png","""suka banget sama pelayanannya, semoga konsisten seperti itu ya""","","Jl. Dipati Ukur No.105","·","0818-167-455"
"https://www.google.com/maps/place/Circle+K+Dayang+Sumbi/data=!4m7!3m6!1s0x2e68e73585e2d29f:0x979580fb875d53c3!8m2!3d-6.889499!4d107.612654!16s%2Fg%2F11xzz9y8vr!19sChIJn9LihTXnaC4Rw1Ndh_uAlZc?authuser=0&hl=id&rclk=1","Circle K Dayang Sumbi","","","Minimarket","·","Jl. Ir. H. Juanda No.159","Buka 24 jam","","","","Rute","","","","","","","",""
"https://www.google.com/maps/place/Indomaret+Point+ITB+GKUB/data=!4m7!3m6!1s0x2e68e7007acae5b1:0xb5898ae793591b85!8m2!3d-6.8907421!4d107.6091722!16s%2Fg%2F11y80nkr23!19sChIJseXKegDnaC4RhRtZk-eKibU?authuser=0&hl=id&rclk=1","Indomaret Point ITB GKUB","3,7","(10)","Minimarket","·","4J55+MJ2","","","","","Rute","","","https://ssl.gstatic.com/local/servicebusiness/default_user.png","""ngebantu mahasiswa banget""","","","",""
"https://www.google.com/maps/place/Circle+K+Juanda/data=!4m7!3m6!1s0x2e68e65630cf7d11:0x55cf4f81d38c71b3!8m2!3d-6.887645!4d107.6134196!16s%2Fg%2F1pzrbz461!19sChIJEX3PMFbmaC4Rs3GM04FPz1U?authuser=0&hl=id&rclk=1","Circle K Juanda","3,6","(39)","Minimarket","·","·","Buka 24 jam","","http://circlekindo.com/","","Situs Web","","Rute","https://ssl.gstatic.com/local/servicebusiness/default_user.png","""Tapi sedikit expensive aja""","","Jl. Ir. H. Juanda No.106","·","(022) 2533774"
"https://www.google.com/maps/place/Circle+K+Tune/data=!4m7!3m6!1s0x2e68e7e056b31465:0x3d220673ccb529f6!8m2!3d-6.8857321!4d107.6124854!16s%2Fg%2F11v5t3hq6p!19sChIJZRSzVuDnaC4R9im1zHMGIj0?authuser=0&hl=id&rclk=1","Circle K Tune","5,0","(8)","Minimarket","·","Jl. Sumur Bandung","Buka 24 jam","·","","","Rute","","","https://ssl.gstatic.com/local/servicebusiness/default_user.png","""ck favorittnsetelah dago raffles bestttt""","","","","0817-9000-053"
"https://www.google.com/maps/place/Circle+K+Dago+Raffles/data=!4m7!3m6!1s0x2e68e651250e18c9:0x43e93a38bba7686c!8m2!3d-6.8928947!4d107.6134275!16s%2Fg%2F11gdtzmcm3!19sChIJyRgOJVHmaC4RbGinuzg66UM?authuser=0&hl=id&rclk=1","Circle K Dago Raffles","3,9","(35)","Minimarket","·","Jl. Tubagus Ismail","Buka 24 jam","","http://circlekindo.com/","","Situs Web","","Rute","https://ssl.gstatic.com/local/servicebusiness/default_user.png","""Beli minuman makanan kecil dll tersedia seperri","","·","","0818-167-421"
"https://www.google.com/maps/place/Toko+Almas/data=!4m7!3m6!1s0x2e68e65a8bd2fa53:0x7d71c4b10b9838d7!8m2!3d-6.8949717!4d107.6085354!16s%2Fg%2F11b6c9zf44!19sChIJU_rSi1rmaC4R1ziYC7HEcX0?authuser=0&hl=id&rclk=1","Toko Almas","4,8","(17)","Toko bahan makanan","·","Jl. Kebun Binatang Jl. Tamansari No.3","Buka","","","","Rute","","","https://ssl.gstatic.com/local/servicebusiness/default_user.png","""Warungnya Rapih dan Bersih....""","","· Tutup pukul 21.00","",""
"https://www.google.com/maps/place/Indomaret/data=!4m7!3m6!1s0x2e68e6510f00b421:0x33751ef294f5b184!8m2!3d-6.8939638!4d107.6135886!16s%2Fg%2F11b6t79btd!19sChIJIbQAD1HmaC4RhLH1lPIedTM?authuser=0&hl=id&rclk=1","Indomaret","4,3","(29)","Minimarket","·","RS. Borromeus, Jl. Ir. H. Juanda No.100","Buka","· Tutup pukul 22.00","https://www.indomaret.co.id/","","Situs Web","","Rute","https://ssl.gstatic.com/local/servicebusiness/default_user.png","""Harganya masih oke banget untuk ukuran","","·","","(022) 2512554"
"https://www.google.com/maps/place/Toko+Karya+Baru+%2FPa+Jana/data=!4m7!3m6!1s0x2e68e7e8b0b751af:0x9d7e320ff1b50f4c!8m2!3d-6.8923732!4d107.606373!16s%2Fg%2F11h0g_gb3_!19sChIJr1G3sOjnaC4RTA-18Q8yfp0?authuser=0&hl=id&rclk=1","Toko Karya Baru /Pa Jana","5,0","(5)","Toko bahan makanan","·","·","Buka","Jl. Kebun Binatang No.29-160","","","Rute","","","https://ssl.gstatic.com/local/servicebusiness/default_user.png","""Harga rokok nya murah murah""","","· Tutup pukul 21.00","",""
"https://www.google.com/maps/place/Circle+K+Tamansari/data=!4m7!3m6!1s0x2e68e6f842d13055:0xffcca22e60dc15a7!8m2!3d-6.8855288!4d107.6119113!16s%2Fg%2F11b6d05yqt!19sChIJVTDRQvjmaC4RpxXcYC6izP8?authuser=0&hl=id&rclk=1","Circle K Tamansari","3,9","(51)","Minimarket","·","·","Buka 24 jam","","http://circlekindo.com/","","Situs Web","","Rute","https://ssl.gstatic.com/local/servicebusiness/default_user.png","""Tempatnya nyaman, AC dingin, pilihan makanannya banyak.""","","Jl. Tamansari","·","0818-167-434"
"https://www.google.com/maps/place/Toko+Tiga+Sekawan/data=!4m7!3m6!1s0x2e68e7f7bb05f4d7:0x81e348031473da9d!8m2!3d-6.8936201!4d107.6076441!16s%2Fg%2F11ss00t2hf!19sChIJ1_QFu_fnaC4RndpzFANI44E?authuser=0&hl=id&rclk=1","Toko Tiga Sekawan","","","Minimarket","·","Jl. Kebun Binatang No.6","Buka 24 jam","","","","Rute","","","","","","","",""
"https://www.google.com/maps/place/Indomaret+Point+Dipatiukur/data=!4m7!3m6!1s0x2e68e6560ca66413:0x5e050999a8d34ecf!8m2!3d-6.8879303!4d107.6151698!16s%2Fg%2F1pzt291gr!19sChIJE2SmDFbmaC4Rz07TqJkJBV4?authuser=0&hl=id&rclk=1","Indomaret Point Dipatiukur","3,7","(135)","Minimarket","·","·","Buka","· Tutup pukul 22.00","http://www.indomaret.co.id/","","Situs Web","","Rute","https://ssl.gstatic.com/local/servicebusiness/default_user.png","""Pelayanan baik, barang lengkap""","","Jl. Dipati Ukur No.85","·","0888-2322-400"
"https://www.google.com/maps/place/TK.+Giri+Jaya/data=!4m7!3m6!1s0x2e68e6507db16081:0x9c8b53ac5dbabc0!8m2!3d-6.8950016!4d107.610104!16s%2Fg%2F11b6ct5yzc!19sChIJgWCxfVDmaC4RwKvbxTq1yAk?authuser=0&hl=id&rclk=1","TK. Giri Jaya","5,0","(1)","Minimarket","·","Ruko Bawah, Jl. Gelap Nyawang","Buka","·","","","Rute","","","","","","· Tutup pukul 21.00","","(022) 2500449"
"https://www.google.com/maps/place/SPBU+COCO+Dago+31.401.01+Pertamina/data=!4m7!3m6!1s0x2e68e656e1289c43:0xdc5f844d8a58cd24!8m2!3d-6.8901296!4d107.6128707!16s%2Fg%2F1tdty5kr!19sChIJQ5wo4VbmaC4RJM1Yik2EX9w?authuser=0&hl=id&rclk=1","SPBU COCO Dago 31.401.01 Pertamina","4,4","(4.867)","Pom bensin/SPBU","·","Jl. Ir. H. Juanda No.139","Buka 24 jam","","http://www.pertaminaretail.com/","","Situs Web","","Rute","https://ssl.gstatic.com/local/servicebusiness/default_user.png","""Ada self service, ATM, car wash,","","·","","(021) 1500000"
"https://www.google.com/maps/place/IKB+Shop/data=!4m7!3m6!1s0x2e68e6510fbf5709:0x9fc654c8c7b874cb!8m2!3d-6.8939591!4d107.6135127!16s%2Fg%2F11b6sy42t9!19sChIJCVe_D1HmaC4Ry3S4x8hUxp8?authuser=0&hl=id&rclk=1","IKB Shop","","","Minimarket","·","RS Borromeus, Jl. Ir. H. Juanda","Buka","·","","","Rute","","","","Pesan antar","","· Tutup pukul 22.00","","(022) 4200350"
"https://www.google.com/maps/place/Toko+Sinar+Usaha/data=!4m7!3m6!1s0x2e68e645681f44ed:0x6eb8aec10c0138a7!8m2!3d-6.8989914!4d107.6087064!16s%2Fg%2F11bbw_891c!19sChIJ7UQfaEXmaC4RpzgBDMGuuG4?authuser=0&hl=id&rclk=1","Toko Sinar Usaha","5,0","(2)","Minimarket","·","Balubur Town Square, Jl. Tamansari Blok P No.3 Lantai D2, No.25","Tutup","·","","","Rute","","","https://ssl.gstatic.com/local/servicebusiness/default_user.png","""Mantap terimakasih...sinar usaha baltos""","","· Buka Sen pukul 10.00","","(022) 84468681"
"https://www.google.com/maps/place/The+Moslem+Family+Slamart+Dago/data=!4m7!3m6!1s0x2e68e6f92f8d74f1:0xb01c3c84a5ff9429!8m2!3d-6.8837142!4d107.6149145!16s%2Fg%2F11bbwz2kss!19sChIJ8XSNL_nmaC4RKZT_pYQ8HLA?authuser=0&hl=id&rclk=1","The Moslem Family Slamart Dago","4,5","(29)","Minimarket","·","·","Buka","Jl. Tubagus Ismail No.3","","","Rute","","","https://ssl.gstatic.com/local/servicebusiness/default_user.png","""Tempatnya bersih dan rak rak nya rapih.""","","· Tutup pukul 21.00","·","(022) 2501706"
"https://www.google.com/maps/place/Indomaret+YPAC/data=!4m7!3m6!1s0x2e68e6457916f645:0xa9c2a2ec04f9fd9e!8m2!3d-6.8996214!4d107.6091572!16s%2Fg%2F11c74dd7y2!19sChIJRfYWeUXmaC4Rnv35BOyiwqk?authuser=0&hl=id&rclk=1","Indomaret YPAC","3,9","(50)","Minimarket","·","·","Buka 24 jam","","http://www.indomaret.co.id/","","Situs Web","","Rute","https://ssl.gstatic.com/local/servicebusiness/default_user.png","""Parkiran luas tapi banyak pungli, parkir motor weekday 10rb 15 menit""","","Jl. Tamansari No.31","",""
"https://www.google.com/maps/place/Barmart+kebun+binatang/data=!4m7!3m6!1s0x2e68e659a52bf903:0x7e6135856684e2fc!8m2!3d-6.8904559!4d107.6074353!16s%2Fg%2F11c5s4n3_f!19sChIJA_krpVnmaC4R_OKEZoU1YX4?authuser=0&hl=id&rclk=1","Barmart kebun binatang","3,7","(6)","Minimarket","·","Jl. Tamansari No.71","Tutup","","","","Rute","","","https://ssl.gstatic.com/local/servicebusiness/default_user.png","""Tempat rekreasi keluarga""","","· Buka Sen pukul 08.00","",""
"https://www.google.com/maps/place/Indomaret+Cihampelas+198/data=!4m7!3m6!1s0x2e68e6594f135291:0x15a3a9efd554d136!8m2!3d-6.8915705!4d107.6043966!16s%2Fg%2F11bbwz4bym!19sChIJkVITT1nmaC4RNtFU1e-poxU?authuser=0&hl=id&rclk=1","Indomaret Cihampelas 198","4,2","(466)","Minimarket","·","Jl. Cihampelas No.98","Buka 24 jam","","https://indomaret.co.id/","","Situs Web","","Rute","https://ssl.gstatic.com/local/servicebusiness/default_user.png","""Pelayanan ramah, bersih & harga standart""","","","",""
"https://www.google.com/maps/place/Baso+Semar+Iqbal+Barokah/data=!4m7!3m6!1s0x2e68e6455d529753:0xb4133a8a7a06a8c3!8m2!3d-6.8986078!4d107.608962!16s%2Fg%2F11bbwz0kvn!19sChIJU5dSXUXmaC4Rw6gGeoo6E7Q?authuser=0&hl=id&rclk=1","Baso Semar Iqbal Barokah","5,0","(1)","Minimarket","·","Pasar Balubur, Jl. Tamansari Blok U No.01 Lantai Dasar 1","Buka","·","","","Rute","","","","","","· Tutup pukul 01.30","","0877-2378-1732"
"https://www.google.com/maps/place/Panghegar+Baltos/data=!4m7!3m6!1s0x2e68e64568fa8b2b:0x61f6b50fd2f85548!8m2!3d-6.8988428!4d107.6088104!16s%2Fg%2F11bbwz79y3!19sChIJK4v6aEXmaC4RSFX40g-19mE?authuser=0&hl=id&rclk=1","Panghegar Baltos","1,0","(1)","Minimarket","·","Balubur Town Square, Jl. Tamansari","Tutup","·","","","Rute","","","","","","· Buka Sen pukul 10.00","","(022) 76057919"
"https://www.google.com/maps/place/LPES+:+ISTEK+Masjid+Salman+ITB/data=!4m7!3m6!1s0x2e68e6508c6ee187:0xbe6c4255fda0d2b5!8m2!3d-6.894335!4d107.610931!16s%2Fg%2F11b6ckb0yl!19sChIJh-FujFDmaC4RtdKg_VVCbL4?authuser=0&hl=id&rclk=1","LPES : ISTEK Masjid Salman ITB","4,1","(11)","Toko","·","Jl. Ganesa No.7","Buka","·","","","Rute","","","https://ssl.gstatic.com/local/servicebusiness/default_user.png","""","","· Tutup pukul 20.00","","(022) 2530708"
"https://www.google.com/maps/place/Toko+Asep+%26+kostan+7a/data=!4m7!3m6!1s0x2e68e65a354055e7:0xbf7b6bc7d8d91cb4!8m2!3d-6.8933651!4d107.6069088!16s%2Fg%2F11fy_dfsw8!19sChIJ51VANVrmaC4RtBzZ2Mdre78?authuser=0&hl=id&rclk=1","Toko Asep & kostan 7a","1,0","(2)","Minimarket","·","·","","Jl. Kebun Binatang No.7a/56, RT.01/RW.08","","","Rute","","","","Belanja di toko","","","","0838-0636-5599"
"https://www.google.com/maps/place/Indomaret/data=!4m7!3m6!1s0x2e68e6f760cb876d:0x191cfb3ced37068f!8m2!3d-6.8832922!4d107.6093382!16s%2Fg%2F11cs1dyyhc!19sChIJbYfLYPfmaC4RjwY37Tz7HBk?authuser=0&hl=id&rclk=1","Indomaret","3,2","(21)","Minimarket","·","·","Buka","· Tutup pukul 23.00","https://www.indomaret.co.id/","","Situs Web","","Rute","https://ssl.gstatic.com/local/servicebusiness/default_user.png","""Cukup memadai untuk penghuni apartemen.""","","Jl. Sangkuriang No.15","",""
"https://www.google.com/maps/place/Toko+Buyung/data=!4m7!3m6!1s0x2e68e64543b48efb:0x28a693353ed1ee56!8m2!3d-6.8984863!4d107.6086968!16s%2Fg%2F11bbwz899m!19sChIJ-460Q0XmaC4RVu7RPjWTpig?authuser=0&hl=id&rclk=1","Toko Buyung","5,0","(2)","Minimarket","·","Pusat Belanja Balubur, Jl. Tamansari Blok U No.15-12 Lt.1","Tutup","·","","","Rute","","","","","","· Buka Sen pukul 06.00","","0813-2018-8482"
"https://www.google.com/maps/place/Reski+Baltos/data=!4m7!3m6!1s0x2e68e6456ab4748b:0xa86d1a84d74b17cf!8m2!3d-6.898727!4d107.608473!16s%2Fg%2F11bbx01105!19sChIJi3S0akXmaC4RzxdL14Qabag?authuser=0&hl=id&rclk=1","Reski Baltos","","","Minimarket","·","Balubur Town Square, Lt.D2 Blok O No.07, Jalan Tamansari No.3, Kelurahan Taman Sari Kecamatan Bandung Wetan","Tutup","·","","","Rute","","","","","","· Buka Sen pukul 06.00","","0812-2193-9783"
"https://www.google.com/maps/place/Statqua/data=!4m7!3m6!1s0x2e68e65a2ff142fb:0x99f430b48d35537e!8m2!3d-6.8941175!4d107.6080009!16s%2Fg%2F11bc7mrd7x!19sChIJ-0LxL1rmaC4RflM1jbQw9Jk?authuser=0&hl=id&rclk=1","Statqua","","","Minimarket","·","Jl. Kebun Binatang No.48","Buka","·","","","Rute","","","","","","· Tutup pukul 21.00","","0812-2025-0250"
"https://www.google.com/maps/place/Yomart+Taman+Sari/data=!4m7!3m6!1s0x2e68e6467285cc99:0xb73d2b5a2420533!8m2!3d-6.9022745!4d107.6077485!16s%2Fg%2F11f38zpb7k!19sChIJmcyFckbmaC4RMwVCorXScws?authuser=0&hl=id&rclk=1","Yomart Taman Sari","4,5","(430)","Toko bahan makanan","·","Jl. Tamansari No.3a","Buka","·","","","Rute","","","https://ssl.gstatic.com/local/servicebusiness/default_user.png","""Lengkap murah""","","· Tutup pukul 22.00","","(022) 88884388"
"https://www.google.com/maps/place/Indomaret+-+Cihampelas+121/data=!4m7!3m6!1s0x2e68e65ca802ae1f:0x7572bf20cc7c3cf5!8m2!3d-6.8970083!4d107.6036819!16s%2Fg%2F11c1n8wx_v!19sChIJH64CqFzmaC4R9Tx8zCC_cnU?authuser=0&hl=id&rclk=1","Indomaret - Cihampelas 121","3,8","(13)","Minimarket","·","·","Buka","· Tutup pukul 22.00","http://indomaret.co.id/","","Situs Web","","Rute","https://ssl.gstatic.com/local/servicebusiness/default_user.png","""Ok Pak opik sing larisnya peyemna sae amis siga madu""","","Jl. Cihampelas No.121","",""
"https://www.google.com/maps/place/Circle+K+Dago+51/data=!4m7!3m6!1s0x2e68e64f36e6113d:0x1d89b3a5aa2337f7!8m2!3d-6.9021642!4d107.6114257!16s%2Fg%2F11bbydnvrg!19sChIJPRHmNk_maC4R9zcjqqWziR0?authuser=0&hl=id&rclk=1","Circle K Dago 51","3,7","(34)","Minimarket","·","·","Buka 24 jam","Jl. Dago","","","Rute","","","https://ssl.gstatic.com/local/servicebusiness/default_user.png","""Lengkap dan nyaman""","","","·","0818-167-426"
"https://www.google.com/maps/place/Toko.+Ibu+Aris/data=!4m7!3m6!1s0x2e68e6455d562357:0xa6312816aa76288!8m2!3d-6.8985909!4d107.6086992!16s%2Fg%2F11bbwz9xsp!19sChIJVyNWXUXmaC4RiGKnaoESYwo?authuser=0&hl=id&rclk=1","Toko. Ibu Aris","","","Minimarket","·","Baltos, lantai D1 blok AB 35","Tutup","·","","","Rute","","","","","","· Buka Sen pukul 05.00","","0822-1832-1702"
"https://www.google.com/maps/place/Kantin+Salman+ITB/data=!4m7!3m6!1s0x2e68e7ceefc13051:0x43c0f768e1765f47!8m2!3d-6.8943477!4d107.6108744!16s%2Fg%2F11b6chrt61!19sChIJUTDB787naC4RR1924Wj3wEM?authuser=0&hl=id&rclk=1","Kantin Salman ITB","4,6","(1.215)","Pujasera","·","·","Segera tutup","4J46+789, Jl. Ganesa","","","Rute","","","https://ssl.gstatic.com/local/servicebusiness/default_user.png","""Harga murmer, fasilitas kebersihan mesjid sangat baik dan area tenang""","","· 19.00 · Buka Sen pukul 08.00","",""
"https://www.google.com/maps/place/Indomaret+Ciumbuleuit+51/data=!4m7!3m6!1s0x2e68e6edaaaaaaab:0xededd1e330eb38bb!8m2!3d-6.8820658!4d107.6040893!16s%2Fg%2F11bbt58khw!19sChIJq6qqqu3maC4RuzjrMOPR7e0?authuser=0&hl=id&rclk=1","Indomaret Ciumbuleuit 51","2,6","(80)","Minimarket","·","·","Buka 24 jam","Jl. Ciumbuleuit No.41-45","","","Rute","","","https://ssl.gstatic.com/local/servicebusiness/default_user.png","""Hanya satu kasir (perempuan) saja yang buka dan cukup ramah.""","","","·","0816-500-580"
"https://www.google.com/maps/place/Fresh+Q/data=!4m7!3m6!1s0x2e68e655ca9cab6d:0x71d24957bbf5b375!8m2!3d-6.8893587!4d107.6161925!16s%2Fg%2F11bc7nb5b4!19sChIJbaucylXmaC4RdbP1u1dJ0nE?authuser=0&hl=id&rclk=1","Fresh Q","","","Minimarket","·","Jl. Dipati Ukur No.80","Tutup","·","","","Rute","","","","Pesan antar","","· Buka Sen pukul 06.00","","(022) 72279991"
"https://www.google.com/maps/place/PD.+Aneka+Plastik+Baltos/data=!4m7!3m6!1s0x2e68e64542479e11:0x45d467fc08d77dd6!8m2!3d-6.8985452!4d107.608682!16s%2Fg%2F11bbwz7945!19sChIJEZ5HQkXmaC4R1n3XCPxn1EU?authuser=0&hl=id&rclk=1","PD. Aneka Plastik Baltos","3,0","(5)","Minimarket","·","Pusat Perbelanjaan Balubur, Jl. Tamansari Blok W No.18 Lantai D1","Tutup","·","","","Rute","","","","","","· Buka Sen pukul 06.00","","0813-2118-4790"
"https://www.google.com/maps/place/Indomaret+Cihampelas+70/data=!4m7!3m6!1s0x2e68e6440d6dd789:0x968ae016f07f84e3!8m2!3d-6.9015033!4d107.6043875!16s%2Fg%2F11b5z_mmxw!19sChIJiddtDUTmaC4R44R_8BbgipY?authuser=0&hl=id&rclk=1","Indomaret Cihampelas 70","3,4","(38)","Minimarket","·","Jl. Cihampelas No.70","Buka 24 jam","","http://indomaret.co.id/","","Situs Web","","Rute","https://ssl.gstatic.com/local/servicebusiness/default_user.png","""Staff toko ramah dan cantik 😁""","","·","","(022) 4235822"
"https://www.google.com/maps/place/PD.+Djitu/data=!4m7!3m6!1s0x2e68e645151609e5:0x5934ba15413dc4b9!8m2!3d-6.898951!4d107.60824!16s%2Fg%2F11bbx0z1fy!19sChIJ5QkWFUXmaC4RucQ9QRW6NFk?authuser=0&hl=id&rclk=1","PD. Djitu","3,3","(3)","Minimarket","·","Balubur Town Square, Jl. Tamansari No.3 Lt.D2 O-19","Tutup","·","","","Rute","","","","","","· Buka Sen pukul 10.00","","0815-6070-866"
"https://www.google.com/maps/place/Alfamart+Dipati+Ukur/data=!4m7!3m6!1s0x2e68e8f73bdb0149:0x73544770bab2bfe2!8m2!3d-6.890522!4d107.616678!16s%2Fg%2F11b60zmg_0!19sChIJSQHbO_foaC4R4r-yunBHVHM?authuser=0&hl=id&rclk=1","Alfamart Dipati Ukur","2,9","(53)","Minimarket","·","·","Buka","Jl. Dipati Ukur No.57","","","Rute","","","https://ssl.gstatic.com/local/servicebusiness/default_user.png","""","","· Tutup pukul 22.00","·","0815-1000-1877"
"https://www.google.com/maps/place/Bright+Cafe/data=!4m7!3m6!1s0x2e68e656e2b36fff:0xc8b943320c526c79!8m2!3d-6.890208!4d107.6128314!16s%2Fg%2F11b60vb43d!19sChIJ_2-z4lbmaC4ReWxSDDJDucg?authuser=0&hl=id&rclk=1","Bright Cafe","4,5","(315)","Kafe","·","Jl. Ir. H. Juanda No.139","Buka","·","","","Rute","","","https://ssl.gstatic.com/local/servicebusiness/default_user.png","""Tempat nyaman bersih harga sangat wort it""","","· Tutup pukul 22.00","","0815-8644-8903"
"https://www.google.com/maps/place/Toko+Young+%28Pengecer+blue+gaz%29/data=!4m7!3m6!1s0x2e68e658ab31f0ab:0x4e08b62e674cd3dd!8m2!3d-6.8873035!4d107.6037299!16s%2Fg%2F11b60qym71!19sChIJq_Axq1jmaC4R3dNMZy62CE4?authuser=0&hl=id&rclk=1","Toko Young (Pengecer blue gaz)","4,4","(29)","Minimarket","·","Jalan Cihampelas No.199 Coblong","Tutup","· Buka Sen pukul 06.15","https://www.bluegaz.co.id/","","Situs Web","","Rute","","Pesan antar","","·","","(022) 2034355"
"https://www.google.com/maps/place/Nanakam+Fresh+Market/data=!4m7!3m6!1s0x2e68e71b6f4ae5b5:0x85b133a7519480e3!8m2!3d-6.9067911!4d107.614203!16s%2Fg%2F11t46rd0lg!19sChIJteVKbxvnaC4R44CUUaczsYU?authuser=0&hl=id&rclk=1","Nanakam Fresh Market","4,1","(251)","Toko bahan makanan","·","·","Buka","· Tutup pukul 21.00","https://nanakam.com/","","Situs Web","","Rute","https://ssl.gstatic.com/local/servicebusiness/default_user.png","""Beli buah dan sayur dapet discount 10%
Suasana belanja enak nyaman""","","Jl. L. L. R.E. Martadinata No.20A","",""
"https://www.google.com/maps/place/Warung+Kita+Cisitu+Lama/data=!4m7!3m6!1s0x2e68e798b70e03c1:0x56d4c2fb933bacbc!8m2!3d-6.8797128!4d107.6121113!16s%2Fg%2F11lgxbt895!19sChIJwQMOt5jnaC4RvKw7k_vC1FY?authuser=0&hl=id&rclk=1","Warung Kita Cisitu Lama","4,4","(5)","Toko Swalayan","·","Jl. Cisitu Lama","Buka","","","","Rute","","","","","","· Tutup pukul 22.30","",""
"https://www.google.com/maps/place/Alfamart+H.+Hasan/data=!4m7!3m6!1s0x2e68e64d97e75c73:0x4f861e243bbd0aba!8m2!3d-6.8983104!4d107.6176701!16s%2Fg%2F11bx1zc_m2!19sChIJc1znl03maC4Rugq9OyQehk8?authuser=0&hl=id&rclk=1","Alfamart H. Hasan","3,7","(19)","Minimarket","·","·","Buka","Jl. H. Hasan Kel No.23A, RT.01/RW.07","","","Rute","","","","Pesan antar","","· Tutup pukul 23.00","·","1 500 959"
"https://www.google.com/maps/place/BioMart+Minimarket/data=!4m7!3m6!1s0x2e68e7c2f81ba2e3:0xf665d842a9e8f283!8m2!3d-6.9000424!4d107.5994472!16s%2Fg%2F11h225p2s_!19sChIJ46Ib-MLnaC4Rg_LoqULYZfY?authuser=0&hl=id&rclk=1","BioMart Minimarket","5,0","(5)","Minimarket","·","3HXX+XQP","Buka","","","","Rute","","","https://ssl.gstatic.com/local/servicebusiness/default_user.png","""Mantap disini tersedia rokok elektrik favorit aku""","","· Tutup pukul 21.00","",""
"https://www.google.com/maps/place/Bandung+Mini+Market/data=!4m7!3m6!1s0x2e68e68add82b68f:0xaf1965e33c35cc75!8m2!3d-6.8858951!4d107.5968456!16s%2Fg%2F1hc10l0dl!19sChIJj7aC3YrmaC4Rdcw1PONlGa8?authuser=0&hl=id&rclk=1","Bandung Mini Market","5,0","(1)","Toko Swalayan","·","Jl. Sukajadi No.152","Buka","·","","","Rute","","","https://ssl.gstatic.com/local/servicebusiness/default_user.png","""Jelas lokasinya siip""","","· Tutup pukul 21.30","","(022) 2038675"
"https://www.google.com/maps/place/Giant+Mini+Market/data=!4m7!3m6!1s0x2e68e6fbaa6902e9:0x82d74660e56b5502!8m2!3d-6.8791593!4d107.6130543!16s%2Fg%2F11bc7nm8kp!19sChIJ6QJpqvvmaC4RAlVr5WBG14I?authuser=0&hl=id&rclk=1","Giant Mini Market","4,3","(8)","Minimarket","·","Jl. Alpina No.2","Buka","·","","","Rute","","","","","","· Tutup pukul 21.00","","(022) 2504762"
"https://www.google.com/maps/place/Indomaret+Taman+Sari+16/data=!4m7!3m6!1s0x2e68e6463942a5fd:0x48e5c1d55ee31e9c!8m2!3d-6.9039731!4d107.6085014!16s%2Fg%2F11b67k5yn4!19sChIJ_aVCOUbmaC4RnB7jXtXB5Ug?authuser=0&hl=id&rclk=1","Indomaret Taman Sari 16","4,0","(89)","Minimarket","·","·","Buka","· Tutup pukul 22.00","http://indomaret.co.id/","","Situs Web","","Rute","https://ssl.gstatic.com/local/servicebusiness/default_user.png","""toko bagus ada jersaynya""","","Jl. Tamansari No.16, RT.02/RW.03","·","0889-1947-105"
"https://www.google.com/maps/place/Toko/data=!4m7!3m6!1s0x2e68e654f751c9f3:0x9cabb994144a8bc2!8m2!3d-6.8885719!4d107.61879!16s%2Fg%2F11dflbs56m!19sChIJ88lR91TmaC4RwotKFJS5q5w?authuser=0&hl=id&rclk=1","Toko","3,4","(70)","Minimarket","·","·","","","https://indomaret.co.id/","","Situs Web","","Rute","https://ssl.gstatic.com/local/servicebusiness/default_user.png","""Padahal biasanya indomaret gratis.""","","Jl. Sekeloa No.6","",""
"https://www.google.com/maps/place/Indomaret+Cisitu/data=!4m7!3m6!1s0x2e68e6fbaaaaaacb:0xcdef01562283b456!8m2!3d-6.8797775!4d107.6119084!16s%2Fg%2F1q648225_!19sChIJy6qqqvvmaC4RVrSDIlYB780?authuser=0&hl=id&rclk=1","Indomaret Cisitu","3,5","(138)","Minimarket","·","·","Buka","· Tutup pukul 22.00","https://www.indomaret.co.id/","","Situs Web","","Rute","https://ssl.gstatic.com/local/servicebusiness/default_user.png","""Indomaret yang bersih, produknya banyak dan cukup lengkap.""","","4JC6+3QF, Jl. Cisitu Lama, RT.02/RW.10","·","(021) 1500280"
"https://www.google.com/maps/place/Indomaret+Martadinata+Bandung/data=!4m7!3m6!1s0x2e68e649c5fec75b:0x40516cda787a4540!8m2!3d-6.9066294!4d107.6132138!16s%2Fg%2F11b695tj_1!19sChIJW8f-xUnmaC4RQEV6eNpsUUA?authuser=0&hl=id&rclk=1","Indomaret Martadinata Bandung","3,7","(83)","Minimarket","·","·","Buka 24 jam","","http://www.indomaret.co.id/","","Situs Web","","Rute","https://ssl.gstatic.com/local/servicebusiness/default_user.png","""Jadwal buka pukul 10:00 pagi, bukan 07:00.""","","Jl. L. L. R.E. Martadinata No.27","",""
"https://www.google.com/maps/place/Circle+K+Cihampelas+30/data=!4m7!3m6!1s0x2e68e646daeca1d3:0x55263a95fd2f9cc6!8m2!3d-6.9048576!4d107.6045521!16s%2Fg%2F11bbx0b4zh!19sChIJ06Hs2kbmaC4Rxpwv_ZU6JlU?authuser=0&hl=id&rclk=1","Circle K Cihampelas 30","3,2","(33)","Minimarket","·","Jl. Cihampelas No.30","Buka 24 jam","·","","","Rute","","","https://ssl.gstatic.com/local/servicebusiness/default_user.png","""Dia bilang 24.000, kembalian 26.000 dong.""","","","","0818-167-435"
"https://www.google.com/maps/place/Wiradhika+Mart/data=!4m7!3m6!1s0x2e68e6ec827efb5f:0x15d285c62edd2f11!8m2!3d-6.8718336!4d107.6003779!16s%2Fg%2F11jv3c5g4s!19sChIJX_t-guzmaC4RES_dLsaF0hU?authuser=0&hl=id&rclk=1","Wiradhika Mart","4,4","(29)","Toko Swalayan","·","·","Buka","Jl. Aipda. KS. Tubun No.152","","","Rute","","","https://ssl.gstatic.com/local/servicebusiness/default_user.png","""Harga pun lebih terjangkau dr","","· Tutup pukul 21.00","",""
"https://www.google.com/maps/place/Circle+k+Cisangkuy/data=!4m7!3m6!1s0x2e68e7afde102167:0xd4a5133a6e67ff16!8m2!3d-6.9017744!4d107.6211725!16s%2Fg%2F11k7_vsq33!19sChIJZyEQ3q_naC4RFv9nbjoTpdQ?authuser=0&hl=id&rclk=1","Circle k Cisangkuy","3,9","(42)","Minimarket","·","Jl. Cisangkuy No.68, RT.02","Buka","","","","Rute","","","https://ssl.gstatic.com/local/servicebusiness/default_user.png","""Pas masuk langsung disambut staf yang senyum, jadi enak aja rasanya.""","","· Tutup pukul 23.00","",""
"https://www.google.com/maps/place/Circle+K+Pasir+Kaliki/data=!4m7!3m6!1s0x2e68e66a0e958421:0xeab3769cae94cb49!8m2!3d-6.9038282!4d107.5973135!16s%2Fg%2F11b60nhkw5!19sChIJIYSVDmrmaC4RScuUrpx2s-o?authuser=0&hl=id&rclk=1","Circle K Pasir Kaliki","3,8","(136)","Minimarket","·","·","Buka 24 jam","","http://circlekindo.com/","","Situs Web","","Rute","https://ssl.gstatic.com/local/servicebusiness/default_user.png","""Harga nya saja sedikit di atas rata2.""","","Jl. Pasir Kaliki No.151","·","0818-167-469"
"https://www.google.com/maps/place/PANOGI+MART/data=!4m7!3m6!1s0x2e68e77b4d999253:0x2863632f79d0f8f4!8m2!3d-6.9088212!4d107.6094512!16s%2Fg%2F11l2cn2rzh!19sChIJU5KZTXvnaC4R9PjQeS9jYyg?authuser=0&hl=id&rclk=1","PANOGI MART","3,9","(9)","Minimarket","·","3JR5+FQJ","Buka","·","","","Rute","","","https://ssl.gstatic.com/local/servicebusiness/default_user.png","""Tempatnya bagus, harga murah, pelayanannya juga ramah""","","· Tutup pukul 21.00","","0811-2109-898"
"https://www.google.com/maps/place/JessTech+Barcode/data=!4m7!3m6!1s0x2e68e64569c1a57d:0xda8f9d2ea0da7ce5!8m2!3d-6.8987236!4d107.6086867!16s%2Fg%2F11g86pknsq!19sChIJfaXBaUXmaC4R5XzaoC6dj9o?authuser=0&hl=id&rclk=1","JessTech Barcode","4,9","(173)","Toko Elektronik","·","Baltos, Jl. Tamansari No.8","Tutup","·","","","Rute","","","https://ssl.gstatic.com/local/servicebusiness/default_user.png","""Barang nya super lengkap + murah""","","· Buka Sen pukul 10.00","","0812-2110-7071"
"https://www.google.com/maps/place/Indomaret+Surapati+55/data=!4m7!3m6!1s0x2e68e64d222767c9:0x63960f52ac8d0597!8m2!3d-6.8989956!4d107.6201254!16s%2Fg%2F11bxjgkjw6!19sChIJyWcnIk3maC4RlwWNrFIPlmM?authuser=0&hl=id&rclk=1","Indomaret Surapati 55","3,8","(31)","Minimarket","·","·","Buka","· Tutup pukul 22.00","http://indomaret.co.id/","","Situs Web","","Rute","https://ssl.gstatic.com/local/servicebusiness/default_user.png","""Toiletnya bersih, letaknya di lantai 2""","","Jl. Surapati No.55","·","(022) 2531234"
"https://www.google.com/maps/place/Indomaret+Jurang/data=!4m7!3m6!1s0x2e68e6f576b437a7:0x9a86eb9f11d5a3e3!8m2!3d-6.886528!4d107.6004176!16s%2Fg%2F11b6gngyx8!19sChIJpze0dvXmaC4R46PVEZ_rhpo?authuser=0&hl=id&rclk=1","Indomaret Jurang","3,7","(115)","Minimarket","·","·","Buka","· Tutup pukul 00.00","http://indomaret.co.id/","","Situs Web","","Rute","https://ssl.gstatic.com/local/servicebusiness/default_user.png","""Parkirnya MAHAL goceng""","","Jl. Jurang No.69","·","0888-2321-970"
"https://www.google.com/maps/place/Elok+Mini+Market/data=!4m7!3m6!1s0x2e68e703c9457acb:0x4cae7d181ac5bddc!8m2!3d-6.8803291!4d107.6249071!16s%2Fg%2F11bbw_sz2c!19sChIJy3pFyQPnaC4R3L3FGhh9rkw?authuser=0&hl=id&rclk=1","Elok Mini Market","3,8","(36)","Minimarket","·","·","Buka","Jl. Cigadung Raya Barat No.35","","","Rute","","","","Pesan antar","","· Tutup pukul 21.30","·","(022) 2513262"
"https://www.google.com/maps/place/Circle+K+Grand+Serella/data=!4m7!3m6!1s0x2e68e778d784c705:0x60d08aaaa557875b!8m2!3d-6.9060542!4d107.619915!16s%2Fg%2F11k4spdm5s!19sChIJBceE13jnaC4RW4dXpaqK0GA?authuser=0&hl=id&rclk=1","Circle K Grand Serella","4,0","(22)","Minimarket","·","Jl. L. L. R.E. Martadinata No.56","Buka 24 jam","","","","Rute","","","https://ssl.gstatic.com/local/servicebusiness/default_user.png","""Tempat ngopi enak sebelum ujian bahasa jepang di ASMTB 😄""","","","",""
"https://www.google.com/maps/place/Toko+Baraya/data=!4m7!3m6!1s0x2e68e667788c2ef1:0x3fd1ca2d29e92594!8m2!3d-6.8953296!4d107.5972687!16s%2Fg%2F11bbwz1pp2!19sChIJ8S6MeGfmaC4RlCXpKS3K0T8?authuser=0&hl=id&rclk=1","Toko Baraya","5,0","(1)","Minimarket","·","4H3W+VW6, Jl. Sukajadi","Buka","","","","Rute","","","https://ssl.gstatic.com/local/servicebusiness/default_user.png","""Sembako lengkap, pelayanan ramah""","","· Tutup pukul 22.00","",""
"https://www.google.com/maps/place/Yomart+sukamaju/data=!4m7!3m6!1s0x2e68e65fcc2c5c09:0x5fa0b65d6ade10f!8m2!3d-6.8896181!4d107.5985573!16s%2Fg%2F11b60gm7tn!19sChIJCVwszF_maC4RD-Gt1mUL-gU?authuser=0&hl=id&rclk=1","Yomart sukamaju","4,8","(33)","Minimarket","·","4H6X+4CX, Jl. Sukamaju","Buka","","","","Rute","","","https://ssl.gstatic.com/local/servicebusiness/default_user.png","""Roti bakarnya murah dan ngoonnahh...""","","· Tutup pukul 22.00","",""
"https://www.google.com/maps/place/Indomaret+PVJ+Sukajadi/data=!4m7!3m6!1s0x2e68e661eaaaaa9f:0x834b68b0b0abb712!8m2!3d-6.8891008!4d107.597084!16s%2Fg%2F11b6hyzy5m!19sChIJn6qq6mHmaC4RErersLBoS4M?authuser=0&hl=id&rclk=1","Indomaret PVJ Sukajadi","2,9","(104)","Minimarket","·","Jl. Sukajadi Cipedes No.146","Buka","·","","","Rute","","","https://ssl.gstatic.com/local/servicebusiness/default_user.png","""Indomaretnya bersih bikin nyaman ditambah banyak makanan siap saji nya""","","· Tutup pukul 00.00","","0816-500-580"
"https://www.google.com/maps/place/Martin+at+Apartment+The+Jarrdin+Cihampelas/data=!4m7!3m6!1s0x2e68e65961acabfb:0x2779165b82003ad6!8m2!3d-6.8918138!4d107.6058782!16s%2Fg%2F11c6mlhvjj!19sChIJ-6usYVnmaC4R1joAglsWeSc?authuser=0&hl=id&rclk=1","Martin at Apartment The Jarrdin Cihampelas","4,0","(695)","Biro Jasa Penyewaan Kondominium","·","·","Buka 24 jam","Apartemen The Jarrdin, No. 10, Cipaganti, Coblong, Jalan Cihampelas, Tamansari, Bandung Wetan","","","Rute","","","https://ssl.gstatic.com/local/servicebusiness/default_user.png","""Fasilitas cukup memadai, sesuai harga.""","","","",""
"https://www.google.com/maps/place/Alfamart+Sang+Surya/data=!4m7!3m6!1s0x2e68e667edbad7bb:0x1391c8a9f2f9d324!8m2!3d-6.8967278!4d107.5969903!16s%2Fg%2F11b5_1rm4w!19sChIJu9e67WfmaC4RJNP58qnIkRM?authuser=0&hl=id&rclk=1","Alfamart Sang Surya","3,0","(40)","Minimarket","·","·","Buka 24 jam","Jl. Sukajadi No.1","","","Rute","","","https://ssl.gstatic.com/local/servicebusiness/default_user.png","""Happy banget belanja disini, kasirnya ramah dan banyak promonya""","","","·","(022) 2036919"
"https://www.google.com/maps/place/Alfamart+Sukagalih+1/data=!4m7!3m6!1s0x2e68e6672c6fdc75:0x8c02c24036910aca!8m2!3d-6.8929071!4d107.5953005!16s%2Fg%2F11b6093mkx!19sChIJddxvLGfmaC4RygqRNkDCAow?authuser=0&hl=id&rclk=1","Alfamart Sukagalih 1","3,1","(42)","Minimarket","·","·","Buka","Jl. Sukagalih Kel No.39","","","Rute","","","https://ssl.gstatic.com/local/servicebusiness/default_user.png","""Alfamart Terbaik yang pernah ada""","","· Tutup pukul 23.00","·","1 500 959"
"https://www.google.com/maps/place/Koppos+minimarket+-+RELX+Available/data=!4m7!3m6!1s0x2e68e70525526319:0x92daf7afbb099425!8m2!3d-6.9072379!4d107.6174271!16s%2Fg%2F11h434z2sc!19sChIJGWNSJQXnaC4RJZQJu6_32pI?authuser=0&hl=id&rclk=1","Koppos minimarket - RELX Available","4,7","(3)","Toko Swalayan","·","·","Tutup","3JV8+4X3","","","Rute","","","https://ssl.gstatic.com/local/servicebusiness/default_user.png","""Parkirnya muter2 kalo pake motor... Sangat nyaman tempatnya""","","· Buka Sen pukul 08.00","",""
"https://www.google.com/maps/place/KPDG/data=!4m7!3m6!1s0x2e68e7b3283621cf:0xdc30ec9afc67d103!8m2!3d-6.8999149!4d107.6221431!16s%2Fg%2F11g6xrsb2m!19sChIJzyE2KLPnaC4RA9Fn_JrsMNw?authuser=0&hl=id&rclk=1","KPDG","5,0","(1)","Minimarket","·","Ps. Cihaurgeulis, No.10A, Jl. Surapati No.1","","","","","Rute","","","","","","","",""
"https://www.google.com/maps/place/Cinchona+Mart+%28+Toko+Kaef%29/data=!4m7!3m6!1s0x2e68e640b2fa26b5:0xa73bc3f7d4e91eb7!8m2!3d-6.9069359!4d107.603556!16s%2Fg%2F11b69src2k!19sChIJtSb6skDmaC4Rtx7p1PfDO6c?authuser=0&hl=id&rclk=1","Cinchona Mart ( Toko Kaef)","4,5","(62)","Minimarket","·","·","Tutup","Jl. Pajajaran No.42","","","Rute","","","","","","· Buka Sen pukul 07.30","",""
"https://www.google.com/maps/place/Toko+Nata+Bahagia/data=!4m7!3m6!1s0x2e68e701613674f7:0x78ae60d271c1fd95!8m2!3d-6.8815095!4d107.6256051!16s%2Fg%2F11bbx4yv84!19sChIJ93Q2YQHnaC4Rlf3BcdJgrng?authuser=0&hl=id&rclk=1","Toko Nata Bahagia","4,3","(28)","Minimarket","·","·","Buka","Jl. Cigadung Raya Barat No.159","","","Rute","","","https://ssl.gstatic.com/local/servicebusiness/default_user.png","""Convinience store di tengah pemukiman sangat membantu, mudah dijangkau.""","","· Tutup pukul 21.00","·","0811-2381-104"
"https://www.google.com/maps/place/Eliza/data=!4m7!3m6!1s0x2e68e6ee382cae47:0x83a16a528adad64d!8m2!3d-6.875807!4d107.605892!16s%2Fg%2F11b6s8hk53!19sChIJR64sOO7maC4RTdbailJqoYM?authuser=0&hl=id&rclk=1","Eliza","4,5","(8)","Toko bahan makanan","·","Jl. Bukit Jarian No.38","Tutup","·","","","Rute","","","","Pesan antar","","· Buka Sen pukul 08.00","","0851-0031-9068"
"https://www.google.com/maps/place/Minimarket/data=!4m7!3m6!1s0x2e68e700168b9cc5:0x2d16626f88486e08!8m2!3d-6.8937763!4d107.5929586!16s%2Fg%2F11wv1cw47y!19sChIJxZyLFgDnaC4RCG5IiG9iFi0?authuser=0&hl=id&rclk=1","Minimarket","","","Minimarket","·","4H4V+F5P, Gg. H.Yasin V","","","","","Rute","","","","","","","",""
"https://www.google.com/maps/place/Minimarket+Pa%27de+Puri/data=!4m7!3m6!1s0x2e68e7a86db1e87f:0x658e21d77e45bc0!8m2!3d-6.8950831!4d107.5959921!16s%2Fg%2F11h392p8r8!19sChIJf-ixbajnaC4RwFvkdx3iWAY?authuser=0&hl=id&rclk=1","Minimarket Pa'de Puri","","","Toko bahan makanan","·","4H3W+X99, Jalan","Tutup","·","","","Rute","","","","","","· Buka Sen pukul 06.00","","0821-2127-2390"
"https://www.google.com/maps/place/Minimarket+46+Wijaya+Kusuma+-+RELX+Available/data=!4m7!3m6!1s0x2e68e7d75d08e62f:0x5a98a85d9d621661!8m2!3d-6.9151262!4d107.6195529!16s%2Fg%2F11gyfd8tb7!19sChIJL-YIXdfnaC4RYRZinV2omFo?authuser=0&hl=id&rclk=1","Minimarket 46 Wijaya Kusuma - RELX Available","5,0","(9)","Toko Swalayan","·","Jl. Gudang Utara No.1","Buka","","","","Rute","","","https://ssl.gstatic.com/local/servicebusiness/default_user.png","""Datang kesini sekalian nongkrong dan liat lokasi bekas syuting dilan""","","· Tutup pukul 21.00","",""
"https://www.google.com/maps/place/Mini+Market+Serbaguna/data=!4m7!3m6!1s0x2e68e66a7a2c91cd:0x17d2cdd28f4009a8!8m2!3d-6.9053715!4d107.5973248!16s%2Fg%2F11bc7v5gw9!19sChIJzZEsemrmaC4RqAlAj9LN0hc?authuser=0&hl=id&rclk=1","Mini Market Serbaguna","","","Minimarket","·","Jl. Pasir Kaliki No.121-123","","","","","Rute","","","","","","","","(022) 6032004"
"https://www.google.com/maps/place/Indomaret+Tikukur/data=!4m7!3m6!1s0x2e68e64d56a771fb:0x78854e6b6372661!8m2!3d-6.8973553!4d107.6219426!16s%2Fg%2F1pzr5gz9t!19sChIJ-3GnVk3maC4RYSY3tuZUiAc?authuser=0&hl=id&rclk=1","Indomaret Tikukur","3,3","(64)","Minimarket","·","·","Buka","Jl. Tikukur","","","Rute","","","https://ssl.gstatic.com/local/servicebusiness/default_user.png","""Strategic tempatnya""","","· Tutup pukul 22.00","·","0816-500-580"
"https://www.google.com/maps/place/Cantik+Mini+Market/data=!4m7!3m6!1s0x2e68e7b2266f9917:0x913d24a09be256d2!8m2!3d-6.8986321!4d107.6271048!16s%2Fg%2F11c1q4t1nl!19sChIJF5lvJrLnaC4R0lbim6AkPZE?authuser=0&hl=id&rclk=1","Cantik Mini Market","4,5","(157)","Toko Swalayan","·","·","Buka","Jl. Cibeunying Landeuh No.61, RT.06/RW.04","","","Rute","","","https://ssl.gstatic.com/local/servicebusiness/default_user.png","""Walau di dalam gang, harga murah dan lengkap...🤩""","","· Tutup pukul 23.00","",""
"https://www.google.com/maps/place/BR+SIX+Minimarket+%26+Laundry/data=!4m7!3m6!1s0x2e68e731591f54df:0x7a8eb07f6c39a81d!8m2!3d-6.8777697!4d107.6030901!16s%2Fg%2F11gsbbl08d!19sChIJ31QfWTHnaC4RHag5bH-wjno?authuser=0&hl=id&rclk=1","BR SIX Minimarket & Laundry","5,0","(1)","Toko bahan makanan","·","Jl. Bukit Resik No.6","Tutup","","","","Rute","","","","Pesan antar","","· Buka Sen pukul 09.00","",""
"https://www.google.com/maps/place/Apartment+the+jarrdin+Cihampelas+by+Yedi+property/data=!4m7!3m6!1s0x2e68e7006dee77f5:0xcd58bac0ece6e453!8m2!3d-6.8917695!4d107.6055957!16s%2Fg%2F11vk1w6194!19sChIJ9XfubQDnaC4RU-Tm7MC6WM0?authuser=0&hl=id&rclk=1","Apartment the jarrdin Cihampelas by Yedi property","4,3","(6)","Apartemen Liburan","·","Jl. Cihampelas belakang No.10","","","","","Rute","","","https://ssl.gstatic.com/local/servicebusiness/default_user.png","""Fasilitas cukup lengkap, ada","","","",""
"https://www.google.com/maps/place/BR+SIX+Minimarket+%26+Laundry/data=!4m7!3m6!1s0x2e68e731591f54df:0x7a8eb07f6c39a81d!8m2!3d-6.8777697!4d107.6030901!16s%2Fg%2F11gsbbl08d!19sChIJ31QfWTHnaC4RHag5bH-wjno?authuser=0&hl=id&rclk=1","BR SIX Minimarket & Laundry","5,0","(1)","Toko bahan makanan","·","Jl. Bukit Resik No.6","Tutup","","","","Rute","","","","Pesan antar","","· Buka Sen pukul 09.00","",""
"https://www.google.com/maps/place/Toko+P+%26+D+Tjihapit/data=!4m7!3m6!1s0x2e68e7cab9eff681:0x8ba429345b392569!8m2!3d-6.9081672!4d107.6223047!16s%2Fg%2F11b6chnq1c!19sChIJgfbvucrnaC4RaSU5WzQppIs?authuser=0&hl=id&rclk=1","Toko P & D Tjihapit","4,5","(18)","Minimarket","·","·","Buka","Jl. Cihapit No.30","","","Rute","","","https://ssl.gstatic.com/local/servicebusiness/default_user.png","""Tempat pertokoan klasik dan barang yg dijual lengkap""","","· Tutup pukul 20.00","",""
"https://www.google.com/maps/place/Kartika+mandiri+mart/data=!4m7!3m6!1s0x2e68e709a6b13f0f:0x48a41c322d1b23f7!8m2!3d-6.9153859!4d107.6197627!16s%2Fg%2F11h8528z3r!19sChIJDz-xpgnnaC4R9yMbLTIcpEg?authuser=0&hl=id&rclk=1","Kartika mandiri mart","","","Toko bahan makanan","·","Jl. Bangka No..02","Buka","·","","","Rute","","","","","","· Tutup pukul 22.00","","0811-2462-660"
"https://www.google.com/maps/place/MINIMARKET+YUDDHA+MANDIRI+MART+-+RELX+Available/data=!4m7!3m6!1s0x2e68e7b9bcd46019:0x5f3049dfff93b7ac!8m2!3d-6.9034774!4d107.6355957!16s%2Fg%2F11c0rqycbd!19sChIJGWDUvLnnaC4RrLeT_99JMF8?authuser=0&hl=id&rclk=1","MINIMARKET YUDDHA MANDIRI MART - RELX Available","5,0","(9)","Toko","·","Jl. Yudawastu Pramuka IV","Buka","·","","","Rute","","","","Belanja di toko","","· Tutup pukul 21.00","","(022) 7106898"
"https://www.google.com/maps/place/Tama+mini+mart+%26+available+RelX/data=!4m7!3m6!1s0x2e68e776eaf4d201:0xc1dd7b2faafed53e!8m2!3d-6.9119375!4d107.6182143!16s%2Fg%2F11tg0njdd8!19sChIJAdL06nbnaC4RPtX-qi973cE?authuser=0&hl=id&rclk=1","Tama mini mart & available RelX","5,0","(3)","Minimarket","·","3JQ9+67H","Buka","","","","Rute","","","https://ssl.gstatic.com/local/servicebusiness/default_user.png","""Harganya lebih murah, strategis tempatnya""","","· Tutup pukul 20.00","",""
"https://www.google.com/maps/place/Minimarket+Pos/data=!4m7!3m6!1s0x2e68e7b6382f7a19:0xf6cd0a6e5a1c2cd5!8m2!3d-6.905689!4d107.6296272!16s%2Fg%2F11by_n6xhp!19sChIJGXovOLbnaC4R1SwcWm4KzfY?authuser=0&hl=id&rclk=1","Minimarket Pos","3,0","(1)","Toko Swalayan","·","Jl. Supratman No.61","Buka","","","","Rute","","","","","","· Tutup pukul 21.00","",""
"https://www.google.com/maps/place/Circle+K+Braga/data=!4m7!3m6!1s0x2e68e77214df9485:0x5b5bf7aa3965a90d!8m2!3d-6.9195712!4d107.6098189!16s%2Fg%2F11btmqq038!19sChIJhZTfFHLnaC4RDallOar3W1s?authuser=0&hl=id&rclk=1","Circle K Braga","3,9","(104)","Minimarket","·","Jl. Braga No.25","Buka 24 jam","Minimarket dengan minuman & camilan","","","Rute","","","https://ssl.gstatic.com/local/servicebusiness/default_user.png","""saya beli item 13.000 dengan uang 50.000 .""","","","·","0818-167-468"
"https://www.google.com/maps/place/BIGSHOP+BANDUNG/data=!4m7!3m6!1s0x2e68e7c265d993c3:0x6ab5f66deddf68fe!8m2!3d-6.9174765!4d107.6191593!16s%2Fg%2F11h2flyvcz!19sChIJw5PZZcLnaC4R_mjf7W32tWo?authuser=0&hl=id&rclk=1","BIGSHOP BANDUNG","5,0","(1)","Toko Swalayan","·","3JM9+2M3","Buka 24 jam","·","","","Rute","","","","","","","","0812-2575-599"
"https://www.google.com/maps/place/Indomaret+Paskal+65/data=!4m7!3m6!1s0x2e68e6157cc87ba1:0x335bf1a7740177df!8m2!3d-6.9100224!4d107.5976082!16s%2Fg%2F11b6hp1n_9!19sChIJoXvIfBXmaC4R33cBdKfxWzM?authuser=0&hl=id&rclk=1","Indomaret Paskal 65","3,3","(150)","Minimarket","·","Jl. Pasir Kaliki No.65","Buka 24 jam","","http://www.indomaret.co.id/","","Situs Web","","Rute","https://ssl.gstatic.com/local/servicebusiness/default_user.png","""pelayanan bagus,lengkap,ada kursi dan meja di depan,tempat nyaman""","","·","","(022) 6076885"
"https://www.google.com/maps/place/Vita+Rasa+Mini+Market/data=!4m7!3m6!1s0x2e68e7b0ffc4c67f:0x83541eeb999a472b!8m2!3d-6.8992422!4d107.6304541!16s%2Fg%2F1pzwp_wfm!19sChIJf8bE_7DnaC4RK0eameseVIM?authuser=0&hl=id&rclk=1","Vita Rasa Mini Market","5,0","(1)","Minimarket","·","Jl. Surapati No.203","Buka","·","","","Rute","","","","","","· Tutup pukul 21.00","","(022) 2513208"
"https://www.google.com/maps/place/WARUNG+BANG+JHON/data=!4m7!3m6!1s0x2e68e717a47f0339:0x8b65beb2858f583c!8m2!3d-6.8759012!4d107.6176048!16s%2Fg%2F11jt2cvsb6!19sChIJOQN_pBfnaC4RPFiPhbK-ZYs?authuser=0&hl=id&rclk=1","WARUNG BANG JHON","4,0","(1)","Minimarket","·","4JF9+J29, Jl. Dago Babakan","","","","","Rute","","","","","","","","0895-3542-57040"
"https://www.google.com/maps/place/Dago+Pakar+Minimarket/data=!4m7!3m6!1s0x2e68e717a1aa8a39:0xf0716ff4ca3d9469!8m2!3d-6.8676181!4d107.6351779!16s%2Fg%2F11fz9z4yd9!19sChIJOYqqoRfnaC4RaZQ9yvRvcfA?authuser=0&hl=id&rclk=1","Dago Pakar Minimarket","3,8","(26)","Toko bahan makanan","·","4JJP+X33","Segera tutup","","","","Rute","","","https://ssl.gstatic.com/local/servicebusiness/default_user.png","""Keren sih, kebutuhan Harian di sini cukup lengkap juga.""","","· 19.30 · Buka Sen pukul 08.00","",""
"https://www.google.com/maps/place/Indomaret+Cihampelas+70/data=!4m7!3m6!1s0x2e68e65925555555:0x414a09c0d2802770!8m2!3d-6.8904724!4d107.6045162!16s%2Fg%2F11b6f19cfv!19sChIJVVVVJVnmaC4RcCeA0sAJSkE?authuser=0&hl=id&rclk=1","Indomaret Cihampelas 70","2,3","(3)","Minimarket","·","Jl. Srigunting Raya","","","http://www.indomaret.co.id/","","Situs Web","","Rute","","","","·","","0816-500-580"
"https://www.google.com/maps/place/G-Mart+Mini+Market/data=!4m7!3m6!1s0x2e68e5d6713d8217:0x1679142751a835a8!8m2!3d-6.8941049!4d107.5721255!16s%2Fg%2F11f_b_d9gv!19sChIJF4I9cdblaC4RqDWoUScUeRY?authuser=0&hl=id&rclk=1","G-Mart Mini Market","4,4","(160)","Toko Swalayan","·","·","Buka","C-D, Jl. Dakota No.27","","","Rute","","","https://ssl.gstatic.com/local/servicebusiness/default_user.png","""Produknya beragam dan harga nya murah murah""","","· Tutup pukul 21.00","·","(022) 6027560"
"https://www.google.com/maps/place/Indomaret/data=!4m7!3m6!1s0x2e68e7aeb948c90b:0x614983802b696409!8m2!3d-6.8924075!4d107.6285653!16s%2Fg%2F11bbw_fk79!19sChIJC8lIua7naC4RCWRpK4CDSWE?authuser=0&hl=id&rclk=1","Indomaret","4,2","(154)","Minimarket","·","·","Buka","· Tutup pukul 22.00","http://www.indomaret.co.id/","","Situs Web","","Rute","https://ssl.gstatic.com/local/servicebusiness/default_user.png","""Cucian ya bersih wangi..""","","Jl. Cikutra Barat No.325","·","0888-2321-965"
"https://www.google.com/maps/place/Nong+Mart/data=!4m7!3m6!1s0x2e68e7b8698bc6bf:0xf87f2ec5a1a857a8!8m2!3d-6.8656543!4d107.5957407!16s%2Fg%2F11vhk4ny66!19sChIJv8aLabjnaC4RqFeoocUuf_g?authuser=0&hl=id&rclk=1","Nong Mart","","","Toko","·","Jl. Kapten Abdul Hamid Panorama II","Buka 24 jam","·","","","Rute","","","","","","","","0813-2083-3770"
"https://www.google.com/maps/place/Minimarket+teh+diah/data=!4m7!3m6!1s0x2e68e7cf85a62621:0x957c79d2a81fccc!8m2!3d-6.921476!4d107.5880646!16s%2Fg%2F11h0hm9_j0!19sChIJISamhc_naC4RzPyBKp3HVwk?authuser=0&hl=id&rclk=1","Minimarket teh diah","4,8","(12)","Toko bahan makanan","·","3HHQ+C64","Buka","·","","","Rute","","","https://ssl.gstatic.com/local/servicebusiness/default_user.png","""Warung kumplit segala ada""","","· Tutup pukul 21.00","","0822-1909-5108"
"https://www.google.com/maps/place/Indomaret+%7C+Braga/data=!4m7!3m6!1s0x2e68e63aec697a3d:0xff196585855ea4ca!8m2!3d-6.916311!4d107.6079669!16s%2Fg%2F11bbw_rw5n!19sChIJPXpp7DrmaC4RyqRehYVlGf8?authuser=0&hl=id&rclk=1","Indomaret | Braga","4,0","(32)","Minimarket","·","Jl. Suniaraja No.25","Buka 24 jam","","http://www.indomaret.co.id/","","Situs Web","","Rute","https://ssl.gstatic.com/local/servicebusiness/default_user.png","""Indomaret pelayanannya JAUH lebih cepat.""","","·","","0888-9424-195"
"https://www.google.com/maps/place/Mila+mart/data=!4m7!3m6!1s0x2e68e70000a95139:0x1f9ad7de284bd57b!8m2!3d-6.9251531!4d107.5920819!16s%2Fg%2F11xs96jcm0!19sChIJOVGpAADnaC4Re9VLKN7Xmh8?authuser=0&hl=id&rclk=1","Mila mart","5,0","(1)","Minimarket","·","Jl. Terusan Pasirkoja Gg. Maskardi, RT.08/RW.01","Buka","·","","","Rute","","","","","","· Tutup pukul 23.01","","0822-9581-6368"
"https://www.google.com/maps/place/Pallazo+Mini+Market/data=!4m7!3m6!1s0x2e68e67d94830371:0x81236fb81e9083fb!8m2!3d-6.8890699!4d107.5817308!16s%2Fg%2F11b5yt_lhc!19sChIJcQODlH3maC4R-4OQHrhvI4E?authuser=0&hl=id&rclk=1","Pallazo Mini Market","","","Toko Swalayan","·","Jl. Prof. drg. Soeria Soemantri No.36F","Buka","·","","","Rute","","","","","","· Tutup pukul 21.30","","(022) 2005260"
"https://www.google.com/maps/place/A2+Mart+Minimarket/data=!4m7!3m6!1s0x2e68e7000d5e3c2d:0x724a227645862579!8m2!3d-6.9162886!4d107.6432308!16s%2Fg%2F11z628476x!19sChIJLTxeDQDnaC4ReSWGRXYiSnI?authuser=0&hl=id&rclk=1","A2 Mart Minimarket","","","Toko","·","3JMV+F7Q, Jl. Kiara Artha","","","","","Rute","","","","","","","",""
"https://www.google.com/maps/place/Ziebar+Minimarket/data=!4m7!3m6!1s0x2e68e62f96dcc241:0x7ffa7e5b814345b0!8m2!3d-6.919459!4d107.6108728!16s%2Fg%2F11b5ywdg19!19sChIJQcLcli_maC4RsEVDgVt--n8?authuser=0&hl=id&rclk=1","Ziebar Minimarket","4,3","(6)","Minimarket","·","Jl. Naripan No.21","Tutup","·","","","Rute","","","","Belanja di toko","","· Buka Sen pukul 07.30","","(022) 4205974"
"https://www.google.com/maps/place/Mini+Market+Teh+%22+Yatie+%22/data=!4m7!3m6!1s0x2e68e61b05a5b963:0x14e3e6c0b713d205!8m2!3d-6.9218318!4d107.5884559!16s%2Fg%2F11c75wsd2r!19sChIJY7mlBRvmaC4RBdITt8Dm4xQ?authuser=0&hl=id&rclk=1","Mini Market Teh "" Yatie ""","5,0","(9)","Toko bahan makanan","·","·","Buka","Sitimariah, Jl. H.Siti Mariah No.470h/60","","","Rute","","","https://ssl.gstatic.com/local/servicebusiness/default_user.png","""Lengkap dan penjualnya sangat ramah nggk ya.""","","· Tutup pukul 20.00","·","0878-2590-3252"
"https://www.google.com/maps/place/Toko+Maronis/data=!4m7!3m6!1s0x2e68e69b5b15d469:0x2d29abb154f523c8!8m2!3d-6.876973!4d107.58074!16s%2Fg%2F11b6mk9__7!19sChIJadQVW5vmaC4RyCP1VLGrKS0?authuser=0&hl=id&rclk=1","Toko Maronis","","","Minimarket","·","·","Buka","4HFJ+679, Jl. Cilandak","","","Rute","","","","","","· Tutup pukul 21.00","·","0899-6353-813"
"https://www.google.com/maps/place/Yomart+Sarimanah/data=!4m7!3m6!1s0x2e68e682e6e3e171:0x368358b59ccee1c8!8m2!3d-6.8794217!4d107.5767285!16s%2Fg%2F11b60v4z12!19sChIJceHj5oLmaC4RyOHOnLVYgzY?authuser=0&hl=id&rclk=1","Yomart Sarimanah","4,3","(349)","Minimarket","·","·","Buka","Jl. Sarimanah No.106","","","Rute","","","https://ssl.gstatic.com/local/servicebusiness/default_user.png","""Harga satuannya 9rb, tapi kalau lagi ada promo bisa jadi 5/6rb.""","","· Tutup pukul 22.00","·","0815-1006-0388"
"https://www.google.com/maps/place/Nizam+Mart/data=!4m7!3m6!1s0x2e68e7476e06a8c5:0x537ea053f1cc9877!8m2!3d-6.9251598!4d107.5819503!16s%2Fg%2F11sgr5b5c2!19sChIJxagGbkfnaC4Rd5jM8VOgflM?authuser=0&hl=id&rclk=1","Nizam Mart","5,0","(2)","Minimarket","·","Gg. Madrasah Situaksan, RT.04/RW.03","Buka sekarang","·","","","Rute","","","","","","","","0823-7692-5923"
"https://www.google.com/maps/place/minimarket/data=!4m7!3m6!1s0x2e68e5ba1900abf5:0xf3ee579655d1d2bb!8m2!3d-6.8933395!4d107.5654!16s%2Fg%2F11xffpc8kk!19sChIJ9asAGbrlaC4Ru9LRVZZX7vM?authuser=0&hl=id&rclk=1","minimarket","","","Pasar","·","Jl. Cemp. No.40, RT.005/RW.05","Tutup","·","","","Rute","","","","","","· Buka Sen pukul 06.00","","0822-1155-6628"
"https://www.google.com/maps/place/Mini+Market+Rinjani/data=!4m7!3m6!1s0x2e68e87c4d8fc483:0x72540d48220db0f6!8m2!3d-6.9346912!4d107.62473!16s%2Fg%2F11b5z0n4sj!19sChIJg8SPTXzoaC4R9rANIkgNVHI?authuser=0&hl=id&rclk=1","Mini Market Rinjani","4,0","(1)","Minimarket","·","Jl. Pelajar Pejuang 45 No.92","Buka","·","","","Rute","","","","","","· Tutup pukul 23.00","","(022) 7318483"
"https://www.google.com/maps/place/Satu+Minimarket/data=!4m7!3m6!1s0x2e68e7006aab88c3:0x309beda796ae635f!8m2!3d-6.9078143!4d107.6634441!16s%2Fg%2F11y5nkh3rj!19sChIJw4iragDnaC4RX2OulqftmzA?authuser=0&hl=id&rclk=1","Satu Minimarket","","","Minimarket","·","3MR7+V9G, Jl. Sindang Sari III","","","","","Rute","","","","","","","",""
"https://www.google.com/maps/place/Tiara+Swalayan/data=!4m7!3m6!1s0x2e68e62066f50e79:0x942acf23d6486da!8m2!3d-6.9210556!4d107.5985353!16s%2Fg%2F1pzrnpf5q!19sChIJeQ71ZiDmaC4R2oZkPfKsQgk?authuser=0&hl=id&rclk=1","Tiara Swalayan","4,3","(222)","Minimarket","·","·","Tutup","Jl. Astana Anyar No.19","","","Rute","","","https://ssl.gstatic.com/local/servicebusiness/default_user.png","""Untuk produk lokal harga lebih murah dibanding","","· Buka Sen pukul 08.00","·","0812-2445-1775"
"https://www.google.com/maps/place/Minimarket+Pusat+Pendidikan+Infanteri/data=!4m7!3m6!1s0x2e68dd0c0e467ca5:0xf161344991f59c2d!8m2!3d-6.9040742!4d107.6342666!16s%2Fg%2F11yd002cxy!19sChIJpXxGDgzdaC4RLZz1kUk0YfE?authuser=0&hl=id&rclk=1","Minimarket Pusat Pendidikan Infanteri","","","Layanan Distribusi","·","Jln. Pramuka komplek PPI","Tutup","· Buka Sen pukul 09.00","https://www.bluegaz.co.id/","","Situs Web","","Rute","","","","·","","0822-6495-9357"
"https://www.google.com/maps/place/Yomart+Mini+Market+Sarijadi/data=!4m7!3m6!1s0x2e68e6823c9f80ff:0xf28a4fe4840c6616!8m2!3d-6.8823998!4d107.5761086!16s%2Fg%2F11b6bwpb_f!19sChIJ_4CfPILmaC4RFmYMhORPivI?authuser=0&hl=id&rclk=1","Yomart Mini Market Sarijadi","4,1","(97)","Minimarket","·","·","Buka 24 jam","4H9G+2CX, Jl. Sariwangi","","","Rute","","","https://ssl.gstatic.com/local/servicebusiness/default_user.png","""Selalu ada promo""","","","",""
"https://www.google.com/maps/place/Bahtera+Minimarket/data=!4m7!3m6!1s0x2e68e8a2f39e3053:0xe7556742ea2e8ab2!8m2!3d-6.9368485!4d107.5961897!16s%2Fg%2F11c5rvvbzc!19sChIJUzCe86LoaC4Rsoou6kJnVec?authuser=0&hl=id&rclk=1","Bahtera Minimarket","4,7","(7)","Toko bahan makanan","·","Jl. Raya Kopo No.161","Tutup","·","","","Rute","","","https://ssl.gstatic.com/local/servicebusiness/default_user.png","""Yuk belanja disini....""","","· Buka Sen pukul 08.00","","(022) 5201672"
"https://www.google.com/maps/place/MA+Minimart/data=!4m7!3m6!1s0x2e68e90f129d957f:0x58a3d2a5f4b16a76!8m2!3d-6.9368223!4d107.6435637!16s%2Fg%2F11l76xhs3j!19sChIJf5WdEg_paC4Rdmqx9KXSo1g?authuser=0&hl=id&rclk=1","MA Minimart","5,0","(4)","Minimarket","·","Gg. Kb. Kangkung IX No.8","","","","","Rute","","","https://ssl.gstatic.com/local/servicebusiness/default_user.png","""Belanja disini lumayan lengkap harganya juga murah recommended...""","","","","0822-1768-0965"
"https://www.google.com/maps/place/Al+Huda+Mini+Market/data=!4m7!3m6!1s0x2e68e6ba24a88ecb:0x67af13502d3c0019!8m2!3d-6.8584424!4d107.5911997!16s%2Fg%2F11b6gjy15p!19sChIJy46oJLrmaC4RGQA8LVATr2c?authuser=0&hl=id&rclk=1","Al Huda Mini Market","3,5","(21)","Minimarket","·","·","Buka","Jl. Cilimus No.16","","","Rute","","","https://ssl.gstatic.com/local/servicebusiness/default_user.png","""Barang2nya lengkap tapi kasirnya jutek abis, apalagi yang ibu-ibu.""","","· Tutup pukul 21.00","",""
"https://www.google.com/maps/place/Violetha+Mini+Market/data=!4m7!3m6!1s0x2e68e5e3cb02c671:0x8cd85c23d60a2618!8m2!3d-6.9150952!4d107.5711885!16s%2Fg%2F11b5w9jgy2!19sChIJccYCy-PlaC4RGCYK1iNc2Iw?authuser=0&hl=id&rclk=1","Violetha Mini Market","4,1","(42)","Minimarket","·","·","Buka sekarang","Jl. Raya Cijerah No.6","","","Rute","","","","","","","·","0812-4074-5128"
"https://www.google.com/maps/place/Minimarket+Indah+Jaya+Cwg/data=!4m7!3m6!1s0x2e68e743adc85bc1:0x9f967e076cc1a645!8m2!3d-6.8609521!4d107.5765828!16s%2Fg%2F11q7fhms7c!19sChIJwVvIrUPnaC4RRabBbAd-lp8?authuser=0&hl=id&rclk=1","Minimarket Indah Jaya Cwg","3,5","(10)","Toko","·","Jl. Ciwaruga No.43 A","","","","","Rute","","","https://ssl.gstatic.com/local/servicebusiness/default_user.png","""Akhirnya langganan di Alfa dekat situ.""","","","",""
"https://www.google.com/maps/place/toko+1490419/data=!4m7!3m6!1s0x2e68dd321b636625:0xbd8928f6e84a944e!8m2!3d-6.87789!4d107.674835!16s%2Fg%2F11flg02gw2!19sChIJJWZjGzLdaC4RTpRK6PYoib0?authuser=0&hl=id&rclk=1","toko 1490419","5,0","(2)","Toko Swalayan","·","4MCF+RWW","","","","","Rute","","","","","","","",""
"https://www.google.com/maps/place/Pismart+Grocery/data=!4m7!3m6!1s0x2e68e9af98fd0ef9:0x2487dcf469efd519!8m2!3d-6.9591564!4d107.6408923!16s%2Fg%2F11s5qlcf46!19sChIJ-Q79mK_paC4RGdXvafTchyQ?authuser=0&hl=id&rclk=1","Pismart Grocery","","","Layanan Pengiriman Barang Kelontong","·","Jl. Nuansa Indah","Buka","· Tutup pukul 20.00","https://shopee.co.id/pismart","","Situs Web","","Rute","","Pesan antar","","·","","0812-8846-3081"
"","","","","","","","","","","","","","","","","","","",""