"hfpxzc href","qBF1Pd","MW4etd","UY7F9","AJB7ye","AJB7ye 2","W4Efsd","W4Efsd 2","W4Efsd 3","W4Efsd 4","W4Efsd 5","FQ2IWe src","Jn12ke src","ah5Ghc","A1zNzb href","J8zHNe","bbPy1","doJOZc","W4Efsd 6","M4A5Cf","ah5Ghc 2"
"","","","","","","","","","","","","","","","","","","","",""
"","","","","","","","","","","","","","","","","","","","",""
"https://www.google.com/maps/place/Dago+Panyawangan/data=!4m7!3m6!1s0x2e697298a875ddeb:0x7cfb304b1e293041!8m2!3d-6.8913643!4d107.6129129!16s%2Fg%2F1v6gb73g!19sChIJ6911qJhyaS4RQTApHksw-3w?authuser=0&hl=id&rclk=1","Dago Panyawangan","4,5","(2.978)","·","$$","Sunda","·","Jl. Ir. H. Juanda No.127","Buka","· Tutup pukul 22.00","https://lh3.googleusercontent.com/gps-cs-s/APNQkAEiUiBF1Ww15ueTHrpeqD0iMz9mu-EjOboamFe1yR2pt-rsM7HmBBOm9vTB9sZYH2w60EhYFx1v9-vFgUPR-etVM9EtvmY3ZTeuoRMpZU7wGukTCX219LEPDRzuK-ffhPUDRrwopA=w138-h92-k-no","https://ssl.gstatic.com/local/servicebusiness/default_user.png","""harga juga reasonable, pelayanan prima, rasa enak, variasi menu beragam.""","https://www.google.com/searchviewer/42?cvd=CLw_EiUKI-ICIDIeEhciFdLX29IPDwoLL2cvMXY2Z2I3M2cYADoDCPAN&hl=id-ID&gl=id&fo_m=MfohQo559jFvMUOzJVpjPL1YMfZ3bInYwBDuMfaXTPp5KXh-&utm_source=tactile&gei=nUv3afvxCqeO4-EPuK3egQs&ei=nUv3afvxCqeO4-EPuK3egQs&fo_s=OA&opi=79508299&ebb=1&cs=0&foub=mcpp","Pesan online","","","","",""
"https://www.google.com/maps/place/Warung+Talaga+Ciwalk/data=!4m7!3m6!1s0x2e68e68add82b68f:0x304b7ba6caec0ea8!8m2!3d-6.8939592!4d107.6055352!16s%2Fg%2F1xgt_hgc!19sChIJj7aC3YrmaC4RqA7syqZ7SzA?authuser=0&hl=id&rclk=1","Warung Talaga Ciwalk","4,5","(1.995)","·","$$","Indonesia","·","·","Buka","· Tutup pukul 22.00","https://lh3.googleusercontent.com/gps-cs-s/APNQkAG_G_Uj03BAuNsQ_ln8yS5jfUSTZexidN8LsT7eaZyYfakgdqLLhYxci1nxkCJLCqpXO_NoG6gMkmLUdXYdMVKA2ETXk9ipnYMv2ySnBOA2gDXXgCJuGZTWfYF4h24JMqbDrV1zig=w163-h92-k-no","https://ssl.gstatic.com/local/servicebusiness/default_user.png","""Pilihan menu makanannya banyak, terutama olahan tahu, rasanya enak.""","","","","","Cihampelas Walk Lower Ground Floor, Broadway, Jl. Cihampelas No.160","",""
"https://www.google.com/maps/place/Katsunyaka+Ciwalk/data=!4m7!3m6!1s0x2e68e7c283a0787d:0x7669d47ebaa1bb06!8m2!3d-6.8933242!4d107.6057162!16s%2Fg%2F11k3rkyvzm!19sChIJfXigg8LnaC4RBruhun7UaXY?authuser=0&hl=id&rclk=1","Katsunyaka Ciwalk","4,9","(2.412)","·","Rp 50–75 rb","Restoran","·","Area Broadway, Ciwalk mall, Jl. Cihampelas Walk No.160","Buka","· Tutup pukul 22.00","https://lh3.googleusercontent.com/gps-cs-s/APNQkAF_YOTv4SjHwzXfiaMNWVmhoXAB4UkC_USC5qLXpgGmu8xIPxx0vNvO1xAwNV_nyJoxrG57TKVGNmIWYmmRBoXlC9QXvCffuaN_nlQ1nsjoNfCR93a7nARjRbN6QQBOA1gQ_EM-=w80-h106-k-no","https://ssl.gstatic.com/local/servicebusiness/default_user.png","""Tempat nya aesthetic, makanannya enak, harga standar, pelayanan baik""","https://www.google.com/searchviewer/42?cvd=CLw_EicKJeICIjIgEhkiF9LX29IPEQoNL2cvMTFrM3JreXZ6bRgBOgMI8A0%3D&hl=id-ID&gl=id&fo_m=MfohQo559jFvMUOzJVpjPL1YMfZ3bInYwBDuMfaXTPp5KXh-&utm_source=tactile&gei=nUv3afvxCqeO4-EPuK3egQs&ei=nUv3afvxCqeO4-EPuK3egQs&fo_s=OA&opi=79508299&orderType=1&ebb=1&cs=0&foub=mcpp","Pesan online","","","","",""
"https://www.google.com/maps/place/One+Eighty+Coffee+and+Music/data=!4m7!3m6!1s0x2e68e650e167c1ab:0xdcc35bc2a4e6d1b1!8m2!3d-6.8938835!4d107.6124492!16s%2Fg%2F11cs125fcc!19sChIJq8Fn4VDmaC4RsdHmpMJbw9w?authuser=0&hl=id&rclk=1","One Eighty Coffee and Music","4,6","(9.187)","·","$$","Restoran","·","·","Buka","· Tutup pukul 22.00","https://lh3.googleusercontent.com/gps-cs-s/APNQkAHgkD37i2o-RR4o5Oi_rOwQJRckGINVjjP5HSKASoIUJVzw3bT_wo6sYmzCDZUBhTUvpznl9VriYZiarQOI-o05SU-HQaOEhx97knnAQNmNFvboRI3EQfXYyaQOgAhVM3XBG_Me=w138-h92-k-no","https://ssl.gstatic.com/local/servicebusiness/default_user.png","""so far mau cobain menu lain aja tapi service dan ambiencenya all good 😉""","https://www.google.com/searchviewer/42?cvd=CLw_EicKJeICIjIgEhkiF9LX29IPEQoNL2cvMTFjczEyNWZjYxgBOgMI8A0%3D&hl=id-ID&gl=id&fo_m=MfohQo559jFvMUOzJVpjPL1YMfZ3bInYwBDuMfaXTPp5KXh-&utm_source=tactile&gei=nUv3afvxCqeO4-EPuK3egQs&ei=nUv3afvxCqeO4-EPuK3egQs&fo_s=OA&opi=79508299&orderType=1&ebb=1&cs=0&foub=mcpp","Pesan online","","","Jl. Ganesa No.3","",""
"https://www.google.com/maps/place/Madame+Sari+Restaurant/data=!4m7!3m6!1s0x2e68e651aca1eb8f:0x762ba9a6b528eed6!8m2!3d-6.8974225!4d107.6122578!16s%2Fg%2F1tndmxss!19sChIJj-uhrFHmaC4R1u4otaapK3Y?authuser=0&hl=id&rclk=1","Madame Sari Restaurant","4,5","(1.594)","·","$$","Indonesia","·","Jl. Ir. H. Juanda No.85","Segera tutup","· 21.00 · Buka Sen pukul 08.00","https://lh3.googleusercontent.com/gps-cs-s/APNQkAEhOjyLQCsbR6omscXFwtuwqBz_YYu9PW0ck-ZFdgm-0PYlPcKqJWp6_qNv-9TddUSmZlk5MEYa8tRTCw8fLIQ2iMJRrmOH9qtb-J5TUyhmwTyr4q6IuPYlx_E1AF0bioFQTWbI=w138-h92-k-no","https://ssl.gstatic.com/local/servicebusiness/default_user.png","""Makanannya enak, service nya bagus, tempatnya cozy, semuanya the best🫶🏻""","https://www.google.com/searchviewer/42?cvd=CLw_EiUKI-ICIDIeEhciFdLX29IPDwoLL2cvMXRuZG14c3MYAToDCPAN&hl=id-ID&gl=id&fo_m=MfohQo559jFvMUOzJVpjPL1YMfZ3bInYwBDuMfaXTPp5KXh-&utm_source=tactile&gei=nUv3afvxCqeO4-EPuK3egQs&ei=nUv3afvxCqeO4-EPuK3egQs&fo_s=OA&opi=79508299&orderType=1&ebb=1&cs=0&foub=mcpp","Pesan online","","","","",""
"https://www.google.com/maps/place/Shu+Guo+Yin+Xiang+Bandung/data=!4m7!3m6!1s0x2e68e70dc942d6a3:0x1f42990f3596414a!8m2!3d-6.8856802!4d107.6134261!16s%2Fg%2F11q1dfzssk!19sChIJo9ZCyQ3naC4RSkGWNQ-ZQh8?authuser=0&hl=id&rclk=1","Shu Guo Yin Xiang Bandung","4,7","(512)","·","Rp 250.000+","Hot Pot","·","Jl. Ir. H. Juanda No.177","Buka","· Tutup pukul 22.00","https://lh3.googleusercontent.com/gps-cs-s/APNQkAEx_1TsMz9cIr_a3tBxzkgQwv4LuDvM6BVvjaSYOKwvDza7m9VwP73CACSw--aBvj6fDcmxCOW_vs_w7QjBY9awD4dThp4O4v59BzEwyG0onGKx5z-iV46HOYDPGUlKz-cmEMK-YA=w122-h92-k-no","https://ssl.gstatic.com/local/servicebusiness/default_user.png","""Food bintang 3 saja karena biasa² aja, tapi harganya selangit 😂""","https://www.google.com/searchviewer/42?cvd=CLw_EicKJeICIjIgEhkiF9LX29IPEQoNL2cvMTFxMWRmenNzaxgAOgMI8A0%3D&hl=id-ID&gl=id&fo_m=MfohQo559jFvMUOzJVpjPL1YMfZ3bInYwBDuMfaXTPp5KXh-&utm_source=tactile&gei=nUv3afvxCqeO4-EPuK3egQs&ei=nUv3afvxCqeO4-EPuK3egQs&fo_s=OA&opi=79508299&ebb=1&cs=0&foub=mcpp","Pesan online","","","Masakan klasik di tempat makan urban","",""
"https://www.google.com/maps/place/Saisan+Japanese+%E0%A4%B5%E0%A4%B0%E0%A4%BE%E0%A4%A3%E0%A4%B6%E0%A5%80/data=!4m7!3m6!1s0x2e68e6f4650b46b7:0x389d1a7b5dbb0b63!8m2!3d-6.8876428!4d107.6131408!16s%2Fg%2F1hfcy_45b!19sChIJt0YLZfTmaC4RYwu7XXsanTg?authuser=0&hl=id&rclk=1","Saisan Japanese वराणशी","4,6","(1.098)","·","Rp 250.000+","Jepang","·","Jl. Ir. H. Juanda No.161","Buka","· Tutup pukul 22.00","https://lh3.googleusercontent.com/gps-cs-s/APNQkAFLEL2b68mCvwuD5GoBFwi1GCTsOdMLw6Dcm7V4pJnLJdr0YtRfO8rYMpVINw8Pybr98D5G_cMLkx7NIfIV8SqA68rlHdM7L45j-0rNTSu2UppPm5OxFBXas1Jb-AijSkFLV33P6g=w122-h92-k-no","https://ssl.gstatic.com/local/servicebusiness/default_user.png","""Makanan enak terutama seafood flambe & crispy salmon bites, tempat nyaman""","https://www.google.com/searchviewer/42?cvd=CLw_EiYKJOICITIfEhgiFtLX29IPEAoML2cvMWhmY3lfNDViGAE6AwjwDQ%3D%3D&hl=id-ID&gl=id&fo_m=MfohQo559jFvMUOzJVpjPL1YMfZ3bInYwBDuMfaXTPp5KXh-&utm_source=tactile&gei=nUv3afvxCqeO4-EPuK3egQs&ei=nUv3afvxCqeO4-EPuK3egQs&fo_s=OA&opi=79508299&orderType=1&ebb=1&cs=0&foub=mcpp","Pesan online","","","","",""
"https://www.google.com/maps/place/Black+Romantic/data=!4m7!3m6!1s0x2e68e7fe78e41551:0xe4973528ca9f3a7b!8m2!3d-6.894972!4d107.6109342!16s%2Fg%2F11g_lg8rk!19sChIJURXkeP7naC4Rezqfyig1l-Q?authuser=0&hl=id&rclk=1","Black Romantic","4,5","(1.354)","·","Rp 1–25.000","Indonesia","·","·","Segera tutup","· 21.00 · Buka Sen pukul 10.00","https://lh3.googleusercontent.com/gps-cs-s/APNQkAHWmwyboZVt5mvZdYO0vMCWiwIpQtyvfoZaLpGjQueACUjpx-LFy2pdmzG31fHtGK2b5YK9J5ZW3ztTwQT33Q95gOEtAkBo3kTw0GVZr8aaehdaBjKrAZtag8i6BmmLKnYdptRpFg=w163-h92-k-no","https://ssl.gstatic.com/local/servicebusiness/default_user.png","""Tempat makan buat mahasiswa ITB, harganya pun mumer.""","https://www.google.com/searchviewer/42?cvd=CLw_EiYKJOICITIfEhgiFtLX29IPEAoML2cvMTFnX2xnOHJrGAE6AwjwDQ%3D%3D&hl=id-ID&gl=id&fo_m=MfohQo559jFvMUOzJVpjPL1YMfZ3bInYwBDuMfaXTPp5KXh-&utm_source=tactile&gei=nUv3afvxCqeO4-EPuK3egQs&ei=nUv3afvxCqeO4-EPuK3egQs&fo_s=OA&opi=79508299&orderType=1&ebb=1&cs=0&foub=mcpp","Pesan online","","","Jl. Gelap Nyawang No.2","",""
"https://www.google.com/maps/place/Cafe+Halaman/data=!4m7!3m6!1s0x2e68e6f83f1d2bdb:0x474b094dcdbe6779!8m2!3d-6.8853139!4d107.6118243!16s%2Fg%2F1tkrcb6y!19sChIJ2ysdP_jmaC4ReWe-zU0JS0c?authuser=0&hl=id&rclk=1","Cafe Halaman","4,3","(3.430)","·","$$","Restoran","·","·","Buka","· Tutup pukul 22.00","https://lh3.googleusercontent.com/gps-cs-s/APNQkAFSa04dAHnCVrTmCzJZl7NhT5HMp4PhgkbmjapwWq1VJxdd3WzOoApzJT44Vu1o0Qlpzxc2Yk4G0syL3iVQBYkd9qxITKLmpXY1xMkXG5-gI1wh67ydVc8gnINunzgP8hbiSTJ0YQ=w163-h92-k-no","https://ssl.gstatic.com/local/servicebusiness/default_user.png","""Menunya cukup komplit..
Pas buat meeting dg klien atau rekan kerja..""","","","","","Jl. Tamansari No.92","",""
"https://www.google.com/maps/place/Noah%27s+Barn/data=!4m7!3m6!1s0x2e68e6562c79e6b3:0xb0cee12d0c494466!8m2!3d-6.8870532!4d107.6127593!16s%2Fg%2F11b7k5b3yg!19sChIJs-Z5LFbmaC4RZkRJDC3hzrA?authuser=0&hl=id&rclk=1","Noah's Barn","4,6","(6.103)","·","$$$","Kafe","·","Jl. Dayang Sumbi No.2","Buka","· Tutup pukul 22.00","","https://ssl.gstatic.com/local/servicebusiness/default_user.png","""Tempat nya cozy, makanan dan minuman enak, tapi harganya cukup mahal""","https://www.google.com/searchviewer/42?cvd=CLw_EicKJeICIjIgEhkiF9LX29IPEQoNL2cvMTFiN2s1YjN5ZxgAOgMI8A0%3D&hl=id-ID&gl=id&fo_m=MfohQo559jFvMUOzJVpjPL1YMfZ3bInYwBDuMfaXTPp5KXh-&utm_source=tactile&gei=nUv3afvxCqeO4-EPuK3egQs&ei=nUv3afvxCqeO4-EPuK3egQs&fo_s=OA&opi=79508299&ebb=1&cs=0&foub=mcpp","Pesan online","","","","",""
"https://www.google.com/maps/place/Dalaraos/data=!4m7!3m6!1s0x2e68e6f6f8f0d98f:0xd3b1c924f05aa346!8m2!3d-6.8845234!4d107.6062175!16s%2Fg%2F11b6dsry08!19sChIJj9nw-PbmaC4RRqNa8CTJsdM?authuser=0&hl=id&rclk=1","Dalaraos","4,7","(1.866)","·","Rp 25–50 rb","Restoran","·","·","Tutup","· Buka Sen pukul 07.00","https://lh3.googleusercontent.com/gps-cs-s/APNQkAF7aqVujZ6VHUvMe7Y6VwobrYyB3ETc2VvbvdVJ5RbU9WOzRAlMttu1ZAM1muy66i7-5VM1rNs2D2dBJL5tCrcItAT-x-ywfrI3-ybINIOFFZ96BuapJep8GvXt7o8sn4WLk4wB=w122-h92-k-no","https://ssl.gstatic.com/local/servicebusiness/default_user.png","""Menu ramesan lengkap, enak  harga terjangkau.""","https://www.google.com/searchviewer/42?cvd=CLw_EicKJeICIjIgEhkiF9LX29IPEQoNL2cvMTFiNmRzcnkwOBgBOgMI8A0%3D&hl=id-ID&gl=id&fo_m=MfohQo559jFvMUOzJVpjPL1YMfZ3bInYwBDuMfaXTPp5KXh-&utm_source=tactile&gei=nUv3afvxCqeO4-EPuK3egQs&ei=nUv3afvxCqeO4-EPuK3egQs&fo_s=OA&opi=79508299&orderType=1&ebb=1&cs=0&foub=mcpp","Pesan online","","","Jl. Siliwangi No.43","",""
"https://www.google.com/maps/place/Loka+Lima/data=!4m7!3m6!1s0x2e68e64e3bc8bedf:0xda694b72ab1fa44b!8m2!3d-6.897841!4d107.613741!16s%2Fg%2F1hm4b8fds!19sChIJ377IO07maC4RS6Qfq3JLado?authuser=0&hl=id&rclk=1","Loka Lima","4,4","(297)","·","Rp 25–50 rb","Restoran","·","·","Buka","· Tutup pukul 22.00","https://lh3.googleusercontent.com/gps-cs-s/APNQkAE4zanHiHnyINHJlFzPoTWkXKeiu5vnXbP_HKJ6w5vBJazpzmMDd0UhRDrxBEd0eBD8riDa1ZOKb11IRmDNqk65imT49ygfL5H2I-HfiyHQqvksVmV2gYmR5vwYuooLcJ1g1C4PLg=w163-h92-k-no","https://ssl.gstatic.com/local/servicebusiness/default_user.png","""Tempatnya cozy bangeeet
Bubur ayamnya juaraaa
Nasi gorengnya enak bgt...""","","","","","Jl. Dipati Ukur No.5","",""
"https://www.google.com/maps/place/Warung+Kopi+Imah+Babaturan+2/data=!4m7!3m6!1s0x2e68e7006fd1932b:0x1353583b8e2e52a4!8m2!3d-6.8970905!4d107.6094628!16s%2Fg%2F11y393h8x9!19sChIJK5PRbwDnaC4RpFIujjtYUxM?authuser=0&hl=id&rclk=1","Warung Kopi Imah Babaturan 2","4,7","(670)","·","Rp 25–50 rb","Indonesia","·","Jl. Tamansari No.51a","Buka","· Tutup pukul 22.00","https://lh3.googleusercontent.com/gps-cs-s/APNQkAF7P7_2isLg0skp49zDYjW0ZJ_CzqHLVrH6nX7QSvsG28eo0i-abvxU_15Ldud-6nDRia0S3e6pj1D__7IHLQeREHhIcQpGPeFDC-T3Wn8ypqWxiPnCQNmXlwWZCSGLHuHK5cXC6_U47yDl=w163-h92-k-no","https://ssl.gstatic.com/local/servicebusiness/default_user.png","""Semua menu nya enak2, service nya juga gercep.""","","","","","","",""
"https://www.google.com/maps/place/Bright+Cafe/data=!4m7!3m6!1s0x2e68e656e2b36fff:0xc8b943320c526c79!8m2!3d-6.890208!4d107.6128314!16s%2Fg%2F11b60vb43d!19sChIJ_2-z4lbmaC4ReWxSDDJDucg?authuser=0&hl=id&rclk=1","Bright Cafe","4,5","(315)","·","Rp 25–50 rb","Kafe","·","Jl. Ir. H. Juanda No.139","Buka","· Tutup pukul 22.00","https://lh3.googleusercontent.com/gps-cs-s/APNQkAHxRgkAT23mgblmyX-NRgRc6N4LNi9vfdQoArCGoO-vvk0fPuNje31l-9xo_dOktkQ3BeZON6Gbww6JaNKNo0BrNmUCbs0NGB25H9KWFth2IfDzmWOJtIneCFeHw71x6s-cG0IhEA=w122-h92-k-no","https://ssl.gstatic.com/local/servicebusiness/default_user.png","""Secara subjektif, makanan / minumannya mungkin bukan yang 'top notch'.""","","","","","","",""
"https://www.google.com/maps/place/Restoran+Paduko/data=!4m7!3m6!1s0x2e68e7e5870f0bd7:0x92bf73841a3cf476!8m2!3d-6.8847957!4d107.6135925!16s%2Fg%2F11xvxp6zr7!19sChIJ1wsPh-XnaC4RdvQ8GoRzv5I?authuser=0&hl=id&rclk=1","Restoran Paduko","4,7","(63)","·","Rp 25–50 rb","Padang","·","Jl. Ir. H. Juanda No.183","Buka","· Tutup pukul 22.00","https://lh3.googleusercontent.com/gps-cs-s/APNQkAHsdBwTh9pKuFoAijGKmNh1DxiXBb5zsilLVejZC4Rcwau_Sx_MUofYQB41woujCud7DfD8swxdN6DJXXBXADrsipJPorlrPDkwjtJ9GvdYY1o8KFEuvUeETaGZCy5wECKqlXqKisXkkg_I=w163-h92-k-no","https://ssl.gstatic.com/local/servicebusiness/default_user.png","""Enak banget makanannya untuk sambel udang, ayam pop, dan sambel ijonya.""","https://www.google.com/searchviewer/42?cvd=CLw_EicKJeICIjIgEhkiF9LX29IPEQoNL2cvMTF4dnhwNnpyNxgBOgMI8A0%3D&hl=id-ID&gl=id&fo_m=MfohQo559jFvMUOzJVpjPL1YMfZ3bInYwBDuMfaXTPp5KXh-&utm_source=tactile&gei=nUv3afvxCqeO4-EPuK3egQs&ei=nUv3afvxCqeO4-EPuK3egQs&fo_s=OA&opi=79508299&orderType=1&ebb=1&cs=0&foub=mcpp","Pesan online","","","","",""
"https://www.google.com/maps/place/Sambal+Bakar+Ceu+Asri/data=!4m7!3m6!1s0x2e68e7be37be8f37:0x8ce0f2314467c75d!8m2!3d-6.8941107!4d107.6087236!16s%2Fg%2F11q41lcdgx!19sChIJN4--N77naC4RXcdnRDHy4Iw?authuser=0&hl=id&rclk=1","Sambal Bakar Ceu Asri","4,4","(75)","·","Rp 25–50 rb","Ayam","·","Jl. Tamansari No.80","Buka","· Tutup pukul 00.30","https://lh3.googleusercontent.com/gps-cs-s/APNQkAFSXMnI7awilvqogjnFe8RGnlYm1VUw185_fjq7dZQfszLpp8EnISY0b42GSHzKvwkv_xwYgcibEyePY8wEi_f8AAWl4gsXIIoFEFG6w2xP6U6VvahnoME90cdvFBjc1wjbupFF=w80-h106-k-no","https://ssl.gstatic.com/local/servicebusiness/default_user.png","""mantaaap makananya👍""","","","","","","",""
"https://www.google.com/maps/place/Pizza+Place/data=!4m7!3m6!1s0x2e68e7a20d4debcd:0xb152f19603e9585a!8m2!3d-6.8924793!4d107.6127061!16s%2Fg%2F11fr753ztg!19sChIJzetNDaLnaC4RWljpA5bxUrE?authuser=0&hl=id&rclk=1","Pizza Place","4,7","(1.167)","·","Rp 25–50 rb","Pizza","·","Jl. Ir. H. Juanda No.113","Buka","· Tutup pukul 22.00","https://lh3.googleusercontent.com/gps-cs-s/APNQkAHSU882efKEMwEbdVCoEvPaX3XPRz5m43qIgicVlH0wb--l5RxapUvh_pFhGmPUVQ5HgvU3nbwb71KOR_tMkAgIIys5_JLGrVLh3Mu1jG7YMA2Q5NXa2qwRecy2aSR5-toWIF35=w80-h106-k-no","https://ssl.gstatic.com/local/servicebusiness/default_user.png","""Pizzanya enak, ambiencenya juga pas banget""","https://www.google.com/searchviewer/42?cvd=CLw_EicKJeICIjIgEhkiF9LX29IPEQoNL2cvMTFmcjc1M3p0ZxgBOgMI8A0%3D&hl=id-ID&gl=id&fo_m=MfohQo559jFvMUOzJVpjPL1YMfZ3bInYwBDuMfaXTPp5KXh-&utm_source=tactile&gei=nUv3afvxCqeO4-EPuK3egQs&ei=nUv3afvxCqeO4-EPuK3egQs&fo_s=OA&opi=79508299&orderType=1&ebb=1&cs=0&foub=mcpp","Pesan online","","","Restoran pizza dengan pesan di konter","",""
"https://www.google.com/maps/place/Eititu+Resto+%26+Cafe/data=!4m7!3m6!1s0x2e68e65743fd9537:0xed7e9174bd46404f!8m2!3d-6.8911493!4d107.6108764!16s%2Fg%2F11byxfjd7y!19sChIJN5X9Q1fmaC4RT0BGvXSRfu0?authuser=0&hl=id&rclk=1","Eititu Resto & Cafe","4,4","(301)","·","Rp 25–50 rb","Kafe","·","Gedung Campus Center Timur ITB, Jl. Ganesa No.10","Tutup","· Buka Sen pukul 08.00","https://lh3.googleusercontent.com/gps-cs-s/APNQkAHn_JM5BLkFwH2FQ8PE0j_C8Aol9L3tuMuPCOQ0CRxSAn2qy5fqX_2oH1QAYfYSBvLvdpj_GVZ8NyzovGunB2OrUO3aJZKmnVWoUtj-ueN03u2qWB9X8_oT6_CaXwosb92BAvLY=w80-h106-k-no","https://ssl.gstatic.com/local/servicebusiness/default_user.png","""Makanannya enak dan tempatnya nyaman, enak untuk diskusi.""","","","","","","",""
"https://www.google.com/maps/place/Rumah+Makan+Lumpia+Semarang/data=!4m7!3m6!1s0x2e68e7e0df46c379:0x133823ed0f3c7!8m2!3d-6.8969209!4d107.6100574!16s%2Fg%2F1tf4_td1!19sChIJecNG3-DnaC4Rx_PQPoIzAQA?authuser=0&hl=id&rclk=1","Rumah Makan Lumpia Semarang","4,5","(1.505)","·","$$","Jawa Tengah","·","Jalan Badak Singa No.21, Tamansari, Bandung Wetan","Tutup","· Buka Sen pukul 07.00","https://lh3.googleusercontent.com/gps-cs-s/APNQkAFFzRBoXKIwXkQmQYCiFydLZM1KwnIuDmdZUhCUWRBsD5ZHyTiJElI54z3O1vpNpNngDdNqIXMr-F5LJkMYJLwZJ4CE0C3tWmMFo4mNLzbrPQNEoRiCFW9lpuPdSc0tszIeV9S4=w122-h92-k-no","https://ssl.gstatic.com/local/servicebusiness/default_user.png","""Nasi kuning gepuk dan soto babat d sini enak banget buat aku""","https://www.google.com/searchviewer/42?cvd=CLw_EiUKI-ICIDIeEhciFdLX29IPDwoLL2cvMXRmNF90ZDEYAToDCPAN&hl=id-ID&gl=id&fo_m=MfohQo559jFvMUOzJVpjPL1YMfZ3bInYwBDuMfaXTPp5KXh-&utm_source=tactile&gei=nUv3afvxCqeO4-EPuK3egQs&ei=nUv3afvxCqeO4-EPuK3egQs&fo_s=OA&opi=79508299&orderType=1&ebb=1&cs=0&foub=mcpp","Pesan online","","","","",""
"https://www.google.com/maps/place/Warung+Tegal+Brayan+Urip/data=!4m7!3m6!1s0x2e68e65a2c901343:0x4107621c067bf93!8m2!3d-6.8944971!4d107.6081611!16s%2Fg%2F11c5hy3krd!19sChIJQxOQLFrmaC4Rk79nwCF2EAQ?authuser=0&hl=id&rclk=1","Warung Tegal Brayan Urip","4,8","(6)","","","Jawa","·","·","Buka","· Tutup pukul 22.00","https://lh3.googleusercontent.com/gps-cs-s/APNQkAEl4JUim4ulkGzhRHETiwTdnKvCX_xiHYeMWV3Sg0i7gFOGqk2flI-zMFJGN05OaDAd707hBf0TN3GxIHmTJajA7UsvIa4ZfaMViamxCxmbBWOGzGfrtMGwngwe8WmJ58D6jxc=w122-h92-k-no","https://ssl.gstatic.com/local/servicebusiness/default_user.png","""Ini sangat 🅑🅐🅖🅤🅢 dan ini melebihi espektasi ku😁 ayo makan di tempat ini""","","","","","Jl. Kebun Binatang Jl. Tamansari No.14","",""
"https://www.google.com/maps/place/Warnas+Prancis/data=!4m7!3m6!1s0x2e68e6507c2f92d3:0x9c5d4c9e4c4a58fe!8m2!3d-6.8948994!4d107.6102608!16s%2Fg%2F11btln6_38!19sChIJ05IvfFDmaC4R_lhKTJ5MXZw?authuser=0&hl=id&rclk=1","Warnas Prancis","4,8","(22)","·","Rp 1–25.000","Sunda","·","Jl. Gelap Nyawang No.3","Tutup","· Buka Sen pukul 02.30","https://lh3.googleusercontent.com/gps-cs-s/APNQkAHYJeTb4dYnklT_tUCtwPiJ480Mxby7-BFuWtFLNTdbhadqI-lGuQGIpqCmCn22tTK3D172rkvhKz0lrmRsBES9oci9eu9bRR1DdHXywhgM7uG7esDlR34izAMv_2sa-Y77ea3xjyX4fZg=w122-h92-k-no","https://ssl.gstatic.com/local/servicebusiness/default_user.png","""makanan favorit saya saya kuliah 25 tahun yang lalu""","","","","","","",""
"https://www.google.com/maps/place/Ayam+Bakar+%26+Goreng+Si+Bungsu/data=!4m7!3m6!1s0x2e68e65a87cdff2d:0x2a7a3bef38939a56!8m2!3d-6.8950647!4d107.6092801!16s%2Fg%2F11c5_h1h_c!19sChIJLf_Nh1rmaC4RVpqTOO87eio?authuser=0&hl=id&rclk=1","Ayam Bakar & Goreng Si Bungsu","4,5","(327)","·","Rp 25–50 rb","Ayam","·","Jl. Gelap Nyawang No.12","Buka","· Tutup pukul 00.00","https://lh3.googleusercontent.com/gps-cs-s/APNQkAH-0_9zsm2hGvqYLqRpqnhMlCV46S577EgftoPjPvbwVcFjjOJwKPjz7NYyr3W7-UgE2xJchhpdf_xJ44xkZpkqmhzkLGz__fV87oMGh-IU3OJOJdVtJEUnAvGDNvx5yyb8GVlt=w122-h92-k-no","https://ssl.gstatic.com/local/servicebusiness/default_user.png","""Must try ayam bakar pedas nya, ditambah kol goreng, usus dan kepala.""","https://www.google.com/searchviewer/42?cvd=CLw_EicKJeICIjIgEhkiF9LX29IPEQoNL2cvMTFjNV9oMWhfYxgBOgMI8A0%3D&hl=id-ID&gl=id&fo_m=MfohQo559jFvMUOzJVpjPL1YMfZ3bInYwBDuMfaXTPp5KXh-&utm_source=tactile&gei=oEv3ada3Aayf4-EP0dXY4Aw&ei=oEv3ada3Aayf4-EP0dXY4Aw&fo_s=OA&opi=79508299&orderType=1&ebb=1&cs=0&foub=mcpp","Pesan online","","","","",""
"https://www.google.com/maps/place/DAPUR+HAHAYAMAN+%28TALIWANG+NYAWANG%29/data=!4m7!3m6!1s0x2e68e65bd0b3e253:0x9bfe16063c2a446c!8m2!3d-6.8924456!4d107.6062383!16s%2Fg%2F11dyzc2tny!19sChIJU-Kz0FvmaC4RbEQqPAYW_ps?authuser=0&hl=id&rclk=1","DAPUR HAHAYAMAN (TALIWANG NYAWANG)","4,7","(42)","·","Rp 1–25.000","Nasi","·","·","Tutup","· Buka Sen pukul 11.00","https://lh3.googleusercontent.com/gps-cs-s/APNQkAEHYiz0XaC4q6hHLd1D-wvL8LU1b2N4vLMW9UnAYWuXQCTKEgMYLfocDaqgwFCf_MToLCGYHOpPAs1awyynTF_02IxAmq5bAp76cvSoNH4z2iSMliUrn-SsBAZipOEbORmhDCEYxQ=w122-h92-k-no","https://ssl.gstatic.com/local/servicebusiness/default_user.png","""Siip pokoknya""","","","","","depan MBA ITB, Jl. Gelap Nyawang","",""
"https://www.google.com/maps/place/Roger%27s+Cafe+%26+Lounge/data=!4m7!3m6!1s0x2e68e6480cd89053:0xc7f7a38776437dd0!8m2!3d-6.89477!4d107.612567!16s%2Fg%2F1pty_mv4r!19sChIJU5DYDEjmaC4R0H1Ddoej98c?authuser=0&hl=id&rclk=1","Roger's Cafe & Lounge","4,3","(298)","·","$$","Restoran","·","Jl. Ir. H. Juanda No.97","Buka","· Tutup pukul 00.00","https://lh3.googleusercontent.com/gps-cs-s/APNQkAHn_s2vBhGB5gqMxEIa2kdmhJp_FkRK7okhjJUpYPmjaYN03-8h-fbTw_SpIVWJVjS02W4zOnheCF_X-Vrh2_G-t98DESDV-sDimiEXwunSzQKDE4EqHmmN2ZE2pR9V0p7WVaP3hg=w122-h92-k-no","https://ssl.gstatic.com/local/servicebusiness/default_user.png","""Kesini untuk hadiri gathering.""","","","","","","",""
"https://www.google.com/maps/place/Angkringan+Mas+Jo/data=!4m7!3m6!1s0x2e68e65a86c04d73:0x4c1e37cc2374e8f4!8m2!3d-6.8949581!4d107.6092528!16s%2Fg%2F11cjp534x2!19sChIJc03AhlrmaC4R9Oh0I8w3Hkw?authuser=0&hl=id&rclk=1","Angkringan Mas Jo","4,6","(1.044)","·","Rp 1–25.000","Jawa","·","·","Buka","· Tutup Sen pukul 12.00","https://lh3.googleusercontent.com/gps-cs-s/APNQkAEhRyO1mNVnr98ZuxaBH7RnQryqQnofKjK5HBNLSy9N3d_h_4vyuCqzgvFy0S9Bk4eyvJscGMXMvdzTkQBG_S-ZbxG6esQCyHsYLWnsTM0b0CA7JbdPpJM9AKC-bhp3L_VlPoc=w204-h92-k-no","https://ssl.gstatic.com/local/servicebusiness/default_user.png","""Makanannya enak, saran aja untuk menu sate satean yg tidak pedas.""","","","","","Jl. Gelap Nyawang No.3","",""
"https://www.google.com/maps/place/Hummingbird+Eatery+%26+Space/data=!4m7!3m6!1s0x2e68e64bab32ae69:0x762cf46343d39f96!8m2!3d-6.9049353!4d107.6183885!16s%2Fg%2F11b6b5k3hy!19sChIJaa4yq0vmaC4Rlp_TQ2P0LHY?authuser=0&hl=id&rclk=1","Hummingbird Eatery & Space","4,7","(12.288)","·","$$","Restoran","·","·","Buka","· Tutup pukul 22.00","https://lh3.googleusercontent.com/gps-cs-s/APNQkAGzQx4ZvdhM0UOQyjgXXnz-PCHHBGVYhI_QcMw0ej5MckiUGD6kPrMw-OwYzPhEPlALtlgApNGfV63QultrdA3b_7HgHndeq9OKy4WTVMEVLjkEPVEA0wyFGd0rrTFE-lpfMQs=w122-h92-k-no","https://ssl.gstatic.com/local/servicebusiness/default_user.png","""Overall ambience cantik, rasa makanan enak, dan servicenya 100!""","","","","","Jl. Progo No.16","",""
"https://www.google.com/maps/place/Mad+Cow+Wine+%26+Grill+Bandung/data=!4m7!3m6!1s0x2e68e7aea4c27dd9:0x84a6c27c7e08cca2!8m2!3d-6.8997313!4d107.6177191!16s%2Fg%2F11sghx0gnv!19sChIJ2X3CpK7naC4RoswIfnzCpoQ?authuser=0&hl=id&rclk=1","Mad Cow Wine & Grill Bandung","4,9","(1.494)","·","Rp 250.000+","Restoran","·","Jl. Diponegoro No.27","Buka","· Tutup pukul 22.30","https://lh3.googleusercontent.com/gps-cs-s/APNQkAGnCaMukYzTH2zi68hQY_DqMAGbNfGmGEIy6S8Q6Pf3AHS3KmZbDc2ZfEknHmxiYca8Cxya05uWk1_GaoRGQcmJoFjDAdtZADT93NNFiA9DZfi6JXnBbDY1ScKad7u-7H3EwGFP=w163-h92-k-no","https://ssl.gstatic.com/local/servicebusiness/default_user.png","""makanan nya enak, service n ambience oke👍🏻 Worth to try""","","","","","","",""
"https://www.google.com/maps/place/Lucy+Beer+Mart+Bandung/data=!4m7!3m6!1s0x2e68e7ed2feebdeb:0xf4b35d165f20dcb6!8m2!3d-6.886421!4d107.613572!16s%2Fg%2F11k4j25mly!19sChIJ673uL-3naC4RttwgXxZds_Q?authuser=0&hl=id&rclk=1","Lucy Beer Mart Bandung","4,7","(429)","","","Restoran","·","Jl. Ir. H. Juanda No.171","Buka","· Tutup pukul 02.00","https://lh3.googleusercontent.com/gps-cs-s/APNQkAFX_gIEyo0RatKQB0sPx-87fJy-OMlTFF8DTlXqSxKUeyTZiwyR7HVF-EUsT8GFB9BjQKKSzbF3T-irCb30tA2HOyULavvzXCyZGL5KRjOmT8OXp3AvPTl_uJWO0C-jEnGJPKJBEQ=w163-h92-k-no","https://ssl.gstatic.com/local/servicebusiness/default_user.png","""cozy place, tempatnya bersih, nyaman, estetik, makanan enak!""","","","","","","",""
"https://www.google.com/maps/place/Warung+Nasi+Barokah/data=!4m7!3m6!1s0x2e68e65ae98de46d:0x17c7cfc8610da8a4!8m2!3d-6.8960692!4d107.6077544!16s%2Fg%2F11bc7spmlp!19sChIJbeSN6VrmaC4RpKgNYcjPxxc?authuser=0&hl=id&rclk=1","Warung Nasi Barokah","4,6","(74)","·","$","Makan Siang","·","·","Tutup","· Buka Sen pukul 08.00","https://lh3.googleusercontent.com/gps-cs-s/APNQkAGjHwFYaYPYyArALzaaE5JnNo7mr7FRiLpDw69jeEoOWFF7BUaluGTwXVT2XKsF5IJrKwmraoTkwae-a-84SAkfY8MjRVllIAIs5DBLuVcqKdy83zktre0rzZDAeC9qeh3CHnac=w163-h92-k-no","","Makan di tempat","https://www.google.com/searchviewer/42?cvd=CLw_EicKJeICIjIgEhkiF9LX29IPEQoNL2cvMTFiYzdzcG1scBgBOgMI8A0%3D&hl=id-ID&gl=id&fo_m=MfohQo559jFvMUOzJVpjPL1YMfZ3bInYwBDuMfaXTPp5KXh-&utm_source=tactile&gei=oEv3ada3Aayf4-EP0dXY4Aw&ei=oEv3ada3Aayf4-EP0dXY4Aw&fo_s=OA&opi=79508299&orderType=1&ebb=1&cs=0&foub=mcpp","Pesan online","","","Jl. Pelesiran No.27C","·","Bawa pulang"
"https://www.google.com/maps/place/Little+Espresso/data=!4m7!3m6!1s0x2e68e7bd983fe4eb:0xd0da15ecbbd0bbc0!8m2!3d-6.8916757!4d107.6056554!16s%2Fg%2F11yjtxmxh6!19sChIJ6-Q_mL3naC4RwLvQu-wV2tA?authuser=0&hl=id&rclk=1","Little Espresso","4,9","(18)","·","Rp 25–50 rb","Restoran","·","The Jarrdin Apartment. B-22","Buka","· Tutup pukul 21.30","https://lh3.googleusercontent.com/gps-cs-s/APNQkAGJkSDpYAPbbK_rjkSZ0cz_mUyNsSBL0xFsq8k4tqdME1_Y8fKHM83KHtWVT5Cb9yXsp1upaj_s0IO9Z0mtmxkhpWMa76FIpXQ_3qI9NrFCcsQq5c7dy1fS12VGKMovJ1i0CYB7FkSrBxWU=w122-h92-k-no","https://ssl.gstatic.com/local/servicebusiness/default_user.png","""tempat nya bersih, makanan dan minuman  nya enak² dan fresh..""","","","","","","",""
"https://www.google.com/maps/place/Pondok+Nasi+Goreng+Cak+Jali/data=!4m7!3m6!1s0x2e68e64fbf66b97d:0x560e97625c396add!8m2!3d-6.8986236!4d107.6115091!16s%2Fg%2F11dxkvfyk0!19sChIJfblmv0_maC4R3Wo5XGKXDlY?authuser=0&hl=id&rclk=1","Pondok Nasi Goreng Cak Jali","4,5","(311)","·","Rp 25–50 rb","Nasi Goreng","·","·","Buka","· Tutup pukul 23.30","https://lh3.googleusercontent.com/gps-cs-s/APNQkAGcrW1SNTVKRIXNmjIMLCCg9TuZW1iknSZF7b8vhWAwhpkmzyyezOZO4PDow5XvxeTD9AwDn7WjjaEBJ4bhQDwDZBCd696aCneUJKQNns_u-ma0ytQYeMazbmPDwpezgm-dSIQ2=w139-h92-k-no","https://ssl.gstatic.com/local/servicebusiness/default_user.png","""Enak banget nasi goreng nya juara sehat sehat ibu bapa""","https://www.google.com/searchviewer/42?cvd=CLw_EicKJeICIjIgEhkiF9LX29IPEQoNL2cvMTFkeGt2ZnlrMBgBOgMI8A0%3D&hl=id-ID&gl=id&fo_m=MfohQo559jFvMUOzJVpjPL1YMfZ3bInYwBDuMfaXTPp5KXh-&utm_source=tactile&gei=oEv3ada3Aayf4-EP0dXY4Aw&ei=oEv3ada3Aayf4-EP0dXY4Aw&fo_s=OA&opi=79508299&orderType=1&ebb=1&cs=0&foub=mcpp","Pesan online","","","Jl. Cikapayang No.2 - 4","",""
"https://www.google.com/maps/place/Sultan%27s+recipes/data=!4m7!3m6!1s0x2e68e65bdf62a6e7:0x65f90bd7cb307789!8m2!3d-6.892292!4d107.6054934!16s%2Fg%2F11c6f1sb3m!19sChIJ56Zi31vmaC4RiXcwy9cL-WU?authuser=0&hl=id&rclk=1","Sultan's recipes","4,6","(13)","","","Padang","·","Tower A, Jarrdin, Jl. Kebun Binatang No.160-183","Tutup","· Buka Sen pukul 07.30","https://lh3.googleusercontent.com/gps-cs-s/APNQkAGVGxyZnD7x_eCPXRUUP9UdcxDjt1vnkHC7Ly25Eel3WwblfWmmbdi9m-UizUARYxLv_PeLKjmsmT_HirHflkTNbhJp3W5BEZD52MZdbsAKrE44BlU5fbxzdzBaASGQQt6C01p1PA=w163-h92-k-no","https://ssl.gstatic.com/local/servicebusiness/default_user.png","""Makanannya enak, tempatnya bersih, mbaknya ramah""","","","","","","",""
"https://www.google.com/maps/place/Kantin+Ayu/data=!4m7!3m6!1s0x2e68e71badce692b:0x5089cd78e88977f!8m2!3d-6.8976434!4d107.608146!16s%2Fg%2F11f8l2srhs!19sChIJK2nOrRvnaC4Rf5eIjtecCAU?authuser=0&hl=id&rclk=1","Kantin Ayu","4,9","(8)","","","Sunda","·","Gg. H. Ijos","Tutup","· Buka Sen pukul 08.00","https://lh3.googleusercontent.com/gps-cs-s/APNQkAHmozA9MKyO3fUDE-JNQau8rn3yIyV8p9Pe8z8v4_O2DzSV03pa8pEw9v5_ZATN_Aa283ugusEsxDaXy0gwEIFEiRMav5n7qhjCTabLQxYceQv6816XxFxmU-UoO-0KwE9JJ30=w80-h160-k-no","https://ssl.gstatic.com/local/servicebusiness/default_user.png","""Tempat makan paling gacor rispek skibidi ohio rizz🫠🥶""","","","","","","",""
"https://www.google.com/maps/place/Dapoer+MIMOVA/data=!4m7!3m6!1s0x2e68e7527339001d:0x6f196ce59db723d4!8m2!3d-6.897831!4d107.6078001!16s%2Fg%2F11v5glszf8!19sChIJHQA5c1LnaC4R1CO3neVsGW8?authuser=0&hl=id&rclk=1","Dapoer MIMOVA","5,0","(2)","","","Manado","·","Jl. Kebon Bibit No.10","Buka","· Tutup pukul 23.00","https://lh3.googleusercontent.com/gps-cs-s/APNQkAHU2I8B2VCuhS93nMgZ2RBPLE2vfhFurPPQVXPYX0xPaDq5bObspZaAIBF0kz1xOGJUf7gS7-NdTWurd2CYIgJJ89JpLB3OdZ5I1izd5Zwj66C-lKE8aMTicNNuOvQE_5t8XeXnCQ=w109-h92-k-no","https://ssl.gstatic.com/local/servicebusiness/default_user.png","""Wuennakkkk edann ayam wokuu and nasi bakar cakalang""","","","","","","",""
"https://www.google.com/maps/place/Alfred%27s+Kitchen/data=!4m7!3m6!1s0x2e68e79272cc01eb:0x63beb7dee3593d1e!8m2!3d-6.8980905!4d107.612121!16s%2Fg%2F11q4jwf90h!19sChIJ6wHMcpLnaC4RHj1Z4963vmM?authuser=0&hl=id&rclk=1","Alfred's Kitchen","5,0","(11)","","","Paket Makanan Pokok","·","Jl. Badak Singa No.2","Tutup","· Buka Sen pukul 11.00","https://lh3.googleusercontent.com/gps-cs-s/APNQkAEW850YC1jFqozpwLNQY1ghaVOPrpIG-mzDytk7uOhJ1508WQkjQd_T_1Fq613skyBwiF8KGfroTgMj15oYq1V0-zEfIft1gVOWgognsHSBBkjR2-y83XMzgW_VqNdBqPYVaIkycQ=w80-h106-k-no","https://ssl.gstatic.com/local/servicebusiness/default_user.png","""Sangat nyaman untuk nongkrong , makanan dan minuman juga enak"" 👍🏻""","https://www.google.com/searchviewer/42?cvd=CLw_EicKJeICIjIgEhkiF9LX29IPEQoNL2cvMTFxNGp3ZjkwaBgBOgMI8A0%3D&hl=id-ID&gl=id&fo_m=MfohQo559jFvMUOzJVpjPL1YMfZ3bInYwBDuMfaXTPp5KXh-&utm_source=tactile&gei=oEv3ada3Aayf4-EP0dXY4Aw&ei=oEv3ada3Aayf4-EP0dXY4Aw&fo_s=OA&opi=79508299&orderType=1&ebb=1&cs=0&foub=mcpp","Pesan online","","","","",""
"https://www.google.com/maps/place/Nasi+Goreng+Mas+Ulel/data=!4m7!3m6!1s0x2e68e70f45b641c3:0x6a742bb023ff5df2!8m2!3d-6.88448!4d107.6062061!16s%2Fg%2F11gvdx1cys!19sChIJw0G2RQ_naC4R8l3_I7ArdGo?authuser=0&hl=id&rclk=1","Nasi Goreng Mas Ulel","4,7","(11)","","","Nasi Goreng","","","Buka","· Tutup pukul 01.00","https://lh3.googleusercontent.com/gps-cs-s/APNQkAEpfJl4unxHxPKNX-bXeZj9qvtIOi2cfPS_fQUGn-KIKFmA3JyauuIfo9MVwLKRKW2R_oNUuw2SOyvzXedttE0iQOyXV8XXFhajNZx1a8LxvY6KIVpWfJKbOcxcIFx_okGEtfKurQ=w122-h92-k-no","https://ssl.gstatic.com/local/servicebusiness/default_user.png","""disini nasi gorengnya sangat enak dibuatnya dengan rasa kasih sayang""","","","","","","",""
"https://www.google.com/maps/place/Rumah+Makan+Pak+Datuak/data=!4m7!3m6!1s0x2e68e650616ac425:0x39984aa948901187!8m2!3d-6.8948559!4d107.6108724!16s%2Fg%2F11b6cgl9mz!19sChIJJcRqYVDmaC4RhxGQSKlKmDk?authuser=0&hl=id&rclk=1","Rumah Makan Pak Datuak","4,8","(36)","·","Rp 1–25.000","Padang","·","·","Tutup","· Buka Sen pukul 08.00","https://lh3.googleusercontent.com/gps-cs-s/APNQkAFsDlcNgNaUykkCl6wkQMRqI_wtlcHj20fzmHZwqWt_NDnygk8Zcv8MDmfTAT75csG1V07h0yyMX65QW37J4wSXUBr7s1S_K4ZOHT6woSAbTCKJDW8EwkgSvLBEex_etY0CIaAe=w122-h92-k-no","https://ssl.gstatic.com/local/servicebusiness/default_user.png","""Ada juga menu ayam geprek yg bnyk di nikmati para Mahasiswa ITB.""","https://www.google.com/searchviewer/42?cvd=CLw_EicKJeICIjIgEhkiF9LX29IPEQoNL2cvMTFiNmNnbDltehgBOgMI8A0%3D&hl=id-ID&gl=id&fo_m=MfohQo559jFvMUOzJVpjPL1YMfZ3bInYwBDuMfaXTPp5KXh-&utm_source=tactile&gei=oEv3ada3Aayf4-EP0dXY4Aw&ei=oEv3ada3Aayf4-EP0dXY4Aw&fo_s=OA&opi=79508299&orderType=1&ebb=1&cs=0&foub=mcpp","Pesan online","","","4J46+385, Jl. Gelap Nyawang","",""
"https://www.google.com/maps/place/FOURCS/data=!4m7!3m6!1s0x2e68e7b2a12db1f1:0xe08a5de6cd926d93!8m2!3d-6.887655!4d107.6131205!16s%2Fg%2F11fk4lw1sx!19sChIJ8bEtobLnaC4Rk22SzeZdiuA?authuser=0&hl=id&rclk=1","FOURCS","4,4","(34)","","","Bakso","·","Jl. Ir. H. Juanda No.161","Buka","· Tutup pukul 22.00","https://lh3.googleusercontent.com/gps-cs-s/APNQkAGomOrNYF4JQJ1V_BFJLKwCKJ88kVY2egpoy4x6IvsCIf2dYnbHysC8ToTbCz3A_q75lbqEduCoqe4cESaHal9NnKQGARO-dLqNVlJ8_3w6c5EWlI7PWyOV_k4NcsRsWMS1Ebg=w122-h92-k-no","","Makan di tempat","","","","","","·","Bawa pulang"
"https://www.google.com/maps/place/Richeese+Pizza+Dago/data=!4m7!3m6!1s0x2e68e7b92900b615:0x33751b1fed437d4f!8m2!3d-6.8926737!4d107.6135178!16s%2Fg%2F11x6wr2nxm!19sChIJFbYAKbnnaC4RT31D7R8bdTM?authuser=0&hl=id&rclk=1","Richeese Pizza Dago","4,7","(1.743)","","","Pizza","·","Jl. Ir. H. Juanda No.106","Buka","· Tutup pukul 22.00","https://lh3.googleusercontent.com/gps-cs-s/APNQkAG7xj5jupfK6k6xoGyWO2ADBmsPJxzLHKqVEJ8KytneZ7_0n6TQ58GcHYKXgOk8TFv_kE-qXhlfYn55YVqBZGZwwVaVLEer530FnC6JjKJtE_uM5lwf45zHji9RR-2zTH_jAMZ-LkF8a8UK=w122-h92-k-no","https://ssl.gstatic.com/local/servicebusiness/default_user.png","""Pizzanya enak, terutama truffle star, rasanyaa unik.""","https://www.google.com/searchviewer/42?cvd=CLw_EicKJeICIjIgEhkiF9LX29IPEQoNL2cvMTF4NndyMm54bRgBOgMI8A0%3D&hl=id-ID&gl=id&fo_m=MfohQo559jFvMUOzJVpjPL1YMfZ3bInYwBDuMfaXTPp5KXh-&utm_source=tactile&gei=oEv3ada3Aayf4-EP0dXY4Aw&ei=oEv3ada3Aayf4-EP0dXY4Aw&fo_s=OA&opi=79508299&orderType=1&ebb=1&cs=0&foub=mcpp","Pesan online","","","","",""
"https://www.google.com/maps/place/Nasi+Goreng+Baso+Sedap+Malam/data=!4m7!3m6!1s0x2e68e650e7b58a09:0xeb759abb4ebb693e!8m2!3d-6.8948563!4d107.6102896!16s%2Fg%2F11c6rg89ty!19sChIJCYq151DmaC4RPmm7Truades?authuser=0&hl=id&rclk=1","Nasi Goreng Baso Sedap Malam","4,6","(58)","·","Rp 1–25.000","Nasi Goreng","·","·","Buka","· Tutup pukul 01.30","https://lh3.googleusercontent.com/gps-cs-s/APNQkAFxQGVBuTRY4RrFn8i0HR47FRSn-JxXqNVI9QAznMlaiHgz-_QXS7MrHeTSU_26oNCbkOVWCBRxWdaG6ITdpYXAQA1O3tzfJK0WmQUctRevWmvTjVEjzeGaofYIHm2ZcWN68HQZl9Fy6X_S=w80-h106-k-no","https://ssl.gstatic.com/local/servicebusiness/default_user.png","""Harganya juga sangat terjangkau.""","","","","","Jl. Ganesa","",""
"https://www.google.com/maps/place/Warung+Nasi+Uduk+Lele+Pak+Imam/data=!4m7!3m6!1s0x2e68e65aafaa7189:0x371ee2235486348d!8m2!3d-6.896867!4d107.60911!16s%2Fg%2F11c5bjh6fx!19sChIJiXGqr1rmaC4RjTSGVCPiHjc?authuser=0&hl=id&rclk=1","Warung Nasi Uduk Lele Pak Imam","4,6","(135)","·","Rp 1–25.000","Pecel Lele","·","Jl. Pelesiran No.2","Buka","· Tutup pukul 22.00","https://lh3.googleusercontent.com/gps-cs-s/APNQkAESROg8e6-K6khuND9srAJ2JCP7zmsq4LRuC7mlW7LOn7yaFOtWX5rOJJIP-Nxa7a_ZDuSfouCaMb8tbIjZc9k2VLn_B6jHECLmTHh802pHAby2c1_AAE7bjXSaQyfhKcFC5Wbs=w80-h106-k-no","https://ssl.gstatic.com/local/servicebusiness/default_user.png","""Rekomendasi buat yg cari makan murah tapi rasa ga murahan ✨""","https://www.google.com/searchviewer/42?cvd=CLw_EicKJeICIjIgEhkiF9LX29IPEQoNL2cvMTFjNWJqaDZmeBgBOgMI8A0%3D&hl=id-ID&gl=id&fo_m=MfohQo559jFvMUOzJVpjPL1YMfZ3bInYwBDuMfaXTPp5KXh-&utm_source=tactile&gei=okv3afiCCbCb4-EPs7Lx0Aw&ei=okv3afiCCbCb4-EPs7Lx0Aw&fo_s=OA&opi=79508299&orderType=1&ebb=1&cs=0&foub=mcpp","Pesan online","","","","",""
"https://www.google.com/maps/place/RM.+Kapau+Indah/data=!4m7!3m6!1s0x2e68e7d9a8140b23:0xe6aff84f6fc92973!8m2!3d-6.8949602!4d107.611411!16s%2Fg%2F11gxrcp4mk!19sChIJIwsUqNnnaC4RcynJb0_4r-Y?authuser=0&hl=id&rclk=1","RM. Kapau Indah","4,9","(11)","","","Padang","·","Jl. Gelap Nyawang No.6","Tutup","· Buka Sen pukul 09.00","https://lh3.googleusercontent.com/gps-cs-s/APNQkAGs9Oi3AoP__LHQDdGg-4CZyz45qRXpkHBGxlpUk1FTd1ASuT2YHV7YVayr6ydo_k36hD8eJer58AjWc_CvEMOoYJv9SK39cCEdomuAwK1uSebbA08SK--lP4cqCMRtb1i-tKhyWg=w122-h92-k-no","https://ssl.gstatic.com/local/servicebusiness/default_user.png","""Harga standar, rasanya mantap""","","","","","","",""
"https://www.google.com/maps/place/Nasi+Goreng+Baso+Sedap+Malam/data=!4m7!3m6!1s0x2e68e650e7b58a09:0xeb759abb4ebb693e!8m2!3d-6.8948563!4d107.6102896!16s%2Fg%2F11c6rg89ty!19sChIJCYq151DmaC4RPmm7Truades?authuser=0&hl=id&rclk=1","Nasi Goreng Baso Sedap Malam","4,6","(58)","·","Rp 1–25.000","Nasi Goreng","·","·","Buka","· Tutup pukul 01.30","https://lh3.googleusercontent.com/gps-cs-s/APNQkAFxQGVBuTRY4RrFn8i0HR47FRSn-JxXqNVI9QAznMlaiHgz-_QXS7MrHeTSU_26oNCbkOVWCBRxWdaG6ITdpYXAQA1O3tzfJK0WmQUctRevWmvTjVEjzeGaofYIHm2ZcWN68HQZl9Fy6X_S=w80-h106-k-no","https://ssl.gstatic.com/local/servicebusiness/default_user.png","""Harganya juga sangat terjangkau.""","","","","","Jl. Ganesa","",""
"https://www.google.com/maps/place/Pepes+Bu+yeyet/data=!4m7!3m6!1s0x2e68e768d6701fc3:0x98aaf330c78c90dd!8m2!3d-6.8966071!4d107.6085052!16s%2Fg%2F11rtyg0xtg!19sChIJwx9w1mjnaC4R3ZCMxzDzqpg?authuser=0&hl=id&rclk=1","Pepes Bu yeyet","4,0","(41)","·","Rp 25–50 rb","Sunda","·","toko indra, terus belok kanan di, Jl. Pelesiran No. 13 belok kiri ke gg midun mudiono depan, GANG PERTAMA No.48/58, RT.07/RW.04","Buka","· Tutup pukul 23.00","https://lh3.googleusercontent.com/gps-cs-s/APNQkAGD-YqDTojVec9N3nDts07GZWiNQTPGTDazu8_UlIJZS14y_dmfSrgpkituUgcQjcbiX62bdoRKpmdHxx3fxOX-TV_GwIWixGP-rKq5gRy5qjI-Xs6Ys7YcMTJr1MOSoKnQ2iwO=w92-h92-k-no","https://ssl.gstatic.com/local/servicebusiness/default_user.png","""Makanan enak , bumbu nya sangat terasa , harga ekonomis banget""","https://www.google.com/searchviewer/42?cvd=CLw_EicKJeICIjIgEhkiF9LX29IPEQoNL2cvMTFydHlnMHh0ZxgAOgMI8A0%3D&hl=id-ID&gl=id&fo_m=MfohQo559jFvMUOzJVpjPL1YMfZ3bInYwBDuMfaXTPp5KXh-&utm_source=tactile&gei=okv3afiCCbCb4-EPs7Lx0Aw&ei=okv3afiCCbCb4-EPs7Lx0Aw&fo_s=OA&opi=79508299&ebb=1&cs=0&foub=mcpp","Pesan online","","","","",""
"https://www.google.com/maps/place/Beehive+Cafe+%26+Eatery/data=!4m7!3m6!1s0x2e68e7002aa79e25:0xd789e070d02ed332!8m2!3d-6.8876155!4d107.6129377!16s%2Fg%2F11y08b5dbw!19sChIJJZ6nKgDnaC4RMtMu0HDgidc?authuser=0&hl=id&rclk=1","Beehive Cafe & Eatery","5,0","(9)","·","Rp 75–100 rb","Masakan Barat","·","Jl. Dayang Sumbi No.1","Segera tutup","· 21.00 · Buka Sen pukul 07.00","https://lh3.googleusercontent.com/gps-cs-s/APNQkAFWDzWOOI6uvmVx67J5DigeZHBwC6T9UtnocWlTWnrW3R9UqG6zelbyAJhqFPjjph4ot92oX25m6gSoWIiV3c4lbzy6R01WZcWnfwLfyS1211RiLs77FIKeIiTFyxdNqv-otztse4G2_5M=w80-h106-k-no","https://ssl.gstatic.com/local/servicebusiness/default_user.png","""Secara umum makanannya enak, porsinya besar jd bener2 mengenyangkan.""","","","","","","",""
"https://www.google.com/maps/place/Bakso+Cuanki+Roda+Jaya/data=!4m7!3m6!1s0x2e68e793a73e7453:0xd71551fc9eb045ba!8m2!3d-6.8916927!4d107.6135717!16s%2Fg%2F11zkpm08p6!19sChIJU3Q-p5PnaC4RukWwnvxRFdc?authuser=0&hl=id&rclk=1","Bakso Cuanki Roda Jaya","5,0","(11)","·","Rp 1–25.000","Bakso","·","Jl. Teuku Umar No.2","Segera tutup","· 21.00 · Buka Sen pukul 11.00","https://lh3.googleusercontent.com/gps-cs-s/APNQkAHvEpxGVCfG9ipyM3lSd38psiMvspIow9nBnmgbxEUIt6S_ENaiQzrC5rGzegDICxDnhf3Aek-0B79Mo1aFaDL3v-HVVtjfPwTogMSS4sZe1YH4meFPB_kppaKzz-tsQIUCOykzzp8HZZM=w80-h173-k-no","https://ssl.gstatic.com/local/servicebusiness/default_user.png","""Enak kuah nya, baso empuk.""","","","","","","",""
"https://www.google.com/maps/place/Chicken+Wings+DMJ/data=!4m7!3m6!1s0x2e68e7ec1d62c721:0x2c3764c3193dafa4!8m2!3d-6.8924824!4d107.6065813!16s%2Fg%2F11nxt7rjb1!19sChIJIcdiHeznaC4RpK89GcNkNyw?authuser=0&hl=id&rclk=1","Chicken Wings DMJ","5,0","(4)","","","Nasi","·","Jl. Kebun Binatang No.161/56","Buka 24 jam","","https://lh3.googleusercontent.com/gps-cs-s/APNQkAFPGWYLnTJHMj9Oe-PlH45nfhe6mnUMlrqNA1eq2qI5yd8FYHRiIIcJNQnsTWSkGj7l6dnPoA33kIg4kJyVifPdugK9T166_hTTTHaEIuSg5f-7BTbpvnEA7sWHruzq1ogT6Jus=w138-h92-k-no","","Makan di tempat","","","","","","·","Drive-through"
"https://www.google.com/maps/place/All+Nice+Dimsum/data=!4m7!3m6!1s0x2e68e759dfdfc8e1:0x7ef97da0121451b8!8m2!3d-6.8934812!4d107.6101286!16s%2Fg%2F11pdxw172s!19sChIJ4cjf31nnaC4RuFEUEqB9-X4?authuser=0&hl=id&rclk=1","All Nice Dimsum","5,0","(2)","","","Dim Sum","·","Jl. Skanda","Buka","· Tutup pukul 22.00","https://lh3.googleusercontent.com/gps-cs-s/APNQkAGT3ddbCfpq8D6C3JXRXdkF6UEjhS8HhCgz-qOtORpLFBh6UomGrKhsBoHQIsr8UUmZyg98QcxIoITk3TGeA2g2-UTABY-SMatU3Cwxv5SCO_kaiP7o2I__2W4C-ilKgzrzg23OZw=w122-h92-k-no","","Makan di tempat","","","","","","·","Drive-through"
"https://www.google.com/maps/place/HUMBLEGER+burger/data=!4m7!3m6!1s0x2e68e7e026e8452d:0xf81075feec33488a!8m2!3d-6.8981752!4d107.6086795!16s%2Fg%2F11j21xx9w0!19sChIJLUXoJuDnaC4Rikgz7P51EPg?authuser=0&hl=id&rclk=1","HUMBLEGER burger","4,6","(14)","","","Hamburger","·","Taman Skateboard, Taman Jomblo","Buka","· Tutup pukul 21.30","https://lh3.googleusercontent.com/gps-cs-s/APNQkAFdiee9mYOjwjy7RP8KeY1RfDyNpQWBy8KNDLu3feDkwyKwJy3kg2r5CdvT8NV5nttoClRoc6TY7Qq6qN9MfJ4l-IA7-Kzf6ZQxCgINbEcQiQI_F2ud7DTXc_IF93bull3EC3sP=w80-h160-k-no","https://ssl.gstatic.com/local/servicebusiness/default_user.png","""Kasir nya full senyum""","","","","","","",""
"https://www.google.com/maps/place/Yoshinoya+Ciwalk+Bandung/data=!4m7!3m6!1s0x2e68e65b9800f999:0x660beda9b4147e1d!8m2!3d-6.8932516!4d107.6055235!16s%2Fg%2F11bz_2k_wn!19sChIJmfkAmFvmaC4RHX4UtKntC2Y?authuser=0&hl=id&rclk=1","Yoshinoya Ciwalk Bandung","4,2","(762)","·","Rp 50–75 rb","Jepang","·","Cihampelas Walk Lt. 1 Unit I-02 - I-08, Jl. Cihampelas No.160","Segera tutup","· 21.00 · Buka Sen pukul 10.00","https://lh3.googleusercontent.com/gps-cs-s/APNQkAHSv7sNZBF7CMiBRFunMwZkGRf2PtacH8ebQ8CiSx8Jpj5riKmHNxpvfXlpP204JZcN-NeVt1aUDZoitkOUc5YKlJN-9PYRbVoqTaSYLdHr2UGnTZWDWHVA-fs4QvduAWIdfpaMbw=w163-h92-k-no","https://ssl.gstatic.com/local/servicebusiness/default_user.png","""Tempat makannya nyaman, makanannya gausah ditanya udah pasti enak""","https://www.google.com/searchviewer/42?cvd=CLw_EicKJeICIjIgEhkiF9LX29IPEQoNL2cvMTFiel8ya193bhgBOgMI8A0%3D&hl=id-ID&gl=id&fo_m=MfohQo559jFvMUOzJVpjPL1YMfZ3bInYwBDuMfaXTPp5KXh-&utm_source=tactile&gei=okv3afiCCbCb4-EPs7Lx0Aw&ei=okv3afiCCbCb4-EPs7Lx0Aw&fo_s=OA&opi=79508299&orderType=1&ebb=1&cs=0&foub=mcpp","Pesan online","","","","",""
"https://www.google.com/maps/place/Nasi+Uduk+Ayam+Bakar+86/data=!4m7!3m6!1s0x2e68e650e377b1a1:0xb31f167aeb15c571!8m2!3d-6.8939875!4d107.6123353!16s%2Fg%2F11dxkx4p8z!19sChIJobF341DmaC4RccUV63oWH7M?authuser=0&hl=id&rclk=1","Nasi Uduk Ayam Bakar 86","4,8","(11)","","","Ayam","·","·","Buka","· Tutup pukul 00.00","https://lh3.googleusercontent.com/gps-cs-s/APNQkAEkb0F3PAL5Efiu5-zrAzJbR5x29_59rJSk_5Yo_C_-KIQhyFwYR4Wqi3mGsvspOV9J_TcHdVAY9a8dYib7pI9h6QlNMqDT2aVzCvkuO0uI_L8zCTMFWCadKSZpY3SkQph7w-PK=w122-h92-k-no","","Makan di tempat","","","","","Jl. Ganesa No.5","·","Bawa pulang"
"https://www.google.com/maps/place/Kantin+Serundeng/data=!4m7!3m6!1s0x2e68e65af30f591b:0x5fa2aede4bb78826!8m2!3d-6.8967898!4d107.6087731!16s%2Fg%2F11c5h2yfst!19sChIJG1kP81rmaC4RJoi3S96uol8?authuser=0&hl=id&rclk=1","Kantin Serundeng","4,1","(16)","","","Sunda","·","·","Tutup","· Buka Sen pukul 08.30","https://lh3.googleusercontent.com/gps-cs-s/APNQkAHkQcW4-EYh1EYYzCcNPyGqn5naJJZoX0efAZn-B7hZSnW--IOtDFK98PRoelCX0Ou0h2jy0Jl3iGke_FHkAhIE92Jeo05BWOLc0o4aGfq0h8tUnFDPzoa3XaU-_QEKC9_rZC3chg=w80-h106-k-no","","Makan di tempat","","","","","Jl. Pelesiran No.5","·","Bawa pulang"
"https://www.google.com/maps/place/HokBen+-+Dago/data=!4m7!3m6!1s0x2e68e7f7a8bd0221:0x15431cf11fec3b3b!8m2!3d-6.8854372!4d107.6134399!16s%2Fg%2F11b6t1lz06!19sChIJIQK9qPfnaC4ROzvsH_EcQxU?authuser=0&hl=id&rclk=1","HokBen - Dago","4,3","(1.326)","·","Rp 50–75 rb","Makanan Siap Saji","·","Jl. Ir. H. Juanda No.179","Buka","· Tutup pukul 22.00","https://lh3.googleusercontent.com/gps-cs-s/APNQkAHrCcq_Z8_aSla21enF1YyY4-fDX808SVZhRYFu0rUlQ3MCjRCT0lEU6tfAp5B96gYxqedxc-cxZ7qiGfoojyQQpebzSOeunCw67nnV6c85lDdmP8AJ7qy-nROAyJfkWxyQNl9SFw=w122-h92-k-no","https://ssl.gstatic.com/local/servicebusiness/default_user.png","""chicken teriyaki hokben masih juara, rasanya enak bgtt.""","https://www.google.com/searchviewer/42?cvd=CLw_EicKJeICIjIgEhkiF9LX29IPEQoNL2cvMTFiNnQxbHowNhgBOgMI8A0%3D&hl=id-ID&gl=id&fo_m=MfohQo559jFvMUOzJVpjPL1YMfZ3bInYwBDuMfaXTPp5KXh-&utm_source=tactile&gei=okv3afiCCbCb4-EPs7Lx0Aw&ei=okv3afiCCbCb4-EPs7Lx0Aw&fo_s=OA&opi=79508299&orderType=1&ebb=1&cs=0&foub=mcpp","Pesan online","","","","",""
"https://www.google.com/maps/place/Rumah+Makan+Tiku+Raya/data=!4m7!3m6!1s0x2e68e64554147925:0x267f5ac305caf393!8m2!3d-6.897595!4d107.609395!16s%2Fg%2F1pzspc_mh!19sChIJJXkUVEXmaC4Rk_PKBcNafyY?authuser=0&hl=id&rclk=1","Rumah Makan Tiku Raya","4,5","(15)","","","Padang","·","·","Tutup","· Buka Sen pukul 09.00","https://lh3.googleusercontent.com/gps-proxy/ALd4DhHPiulxxieE_hRPwORZoqStbaB-JCWiAKBl2T-jn3VeJ5TXG61uw0OJt3YTKeY4ECwN7u_89piaEomaOHhvroSPue9p8zy1iR5Mv1dfLoBqMyLzi2_3F4dJWgKHSI8HZsCHqmyAu6yWKWirXuTrVG5-SwocQyFbnQesUYwNbfavpZrqQ_aBCUy0h1Nf5BAOeFBd1b4=w163-h92-k-no","https://ssl.gstatic.com/local/servicebusiness/default_user.png","""Menu masakannya enak padang banget..
Ownernya ramah""","https://www.google.com/searchviewer/42?cvd=CLw_EiYKJOICITIfEhgiFtLX29IPEAoML2cvMXB6c3BjX21oGAA6AwjwDQ%3D%3D&hl=id-ID&gl=id&fo_m=MfohQo559jFvMUOzJVpjPL1YMfZ3bInYwBDuMfaXTPp5KXh-&utm_source=tactile&gei=okv3afiCCbCb4-EPs7Lx0Aw&ei=okv3afiCCbCb4-EPs7Lx0Aw&fo_s=OA&opi=79508299&ebb=1&cs=0&foub=mcpp","Pesan online","","","Jl. Tamansari No.35","",""
"https://www.google.com/maps/place/Resto+Tudung+Saji/data=!4m7!3m6!1s0x2e68e65646a823ab:0xea65c03aee88f7ea!8m2!3d-6.888492!4d107.613724!16s%2Fg%2F11c51ry37v!19sChIJqyOoRlbmaC4R6veI7jrAZeo?authuser=0&hl=id&rclk=1","Resto Tudung Saji","4,0","(4)","","","Restoran","·","Gg. Cinta Wangi No.138","Segera tutup","· 21.00 · Buka Sen pukul 07.30","https://lh3.googleusercontent.com/gps-cs-s/APNQkAGu9sR4bToHH5xnL9F2hHqneJQPRNAnxgos8Xi54rUmVUEnAejWwYoZ1YUJ25IhGaliaDqoLuM4yehHqOcRWF27KoQ_eOdciQU10mw6RiYXSXUs8gNGvcdgb9uvBMAZPbuEXt0EVA=w163-h92-k-no","","Makan di tempat","","","","","","·","Bawa pulang"
"https://www.google.com/maps/place/Oleh+Oleh+Bandung+%7C+Batagor+Coy+%7C+Kuliner+Bandung+Paling+Dicari/data=!4m7!3m6!1s0x2e68e651d4b739ff:0x4ed3afbf5afc7d10!8m2!3d-6.8969335!4d107.6126378!16s%2Fg%2F11g9k26712!19sChIJ_zm31FHmaC4REH38Wr-v004?authuser=0&hl=id&rclk=1","Oleh Oleh Bandung | Batagor Coy | Kuliner Bandung Paling Dicari","4,5","(626)","·","Rp 25–50 rb","Sunda","·","Jl. Ir. H. Juanda No.91","Tutup","· Buka Sen pukul 08.00","https://lh3.googleusercontent.com/gps-cs-s/APNQkAFRnOuXW4I7CKmLHA9ZXb9G-dM3fx89UWeiK8hgilKZi9GmxNYCfmnZxCwvxKQ9wjpG-pmCl4drsLXi2gvBGZSi7AFKYSCbQpK9bEp6yqg_1lHr2zTffRTcee5eQQS3JnO3vlMj=w92-h92-k-no","https://ssl.gstatic.com/local/servicebusiness/default_user.png","""Untuk harga affordable.""","https://www.google.com/searchviewer/42?cvd=CLw_EicKJeICIjIgEhkiF9LX29IPEQoNL2cvMTFnOWsyNjcxMhgBOgMI8A0%3D&hl=id-ID&gl=id&fo_m=MfohQo559jFvMUOzJVpjPL1YMfZ3bInYwBDuMfaXTPp5KXh-&utm_source=tactile&gei=okv3afiCCbCb4-EPs7Lx0Aw&ei=okv3afiCCbCb4-EPs7Lx0Aw&fo_s=OA&opi=79508299&orderType=1&ebb=1&cs=0&foub=mcpp","Pesan online","","","Kafe bernuansa cerah dan makanan Bandung","",""
"https://www.google.com/maps/place/Mie+Gacoan+Dipatiukur/data=!4m7!3m6!1s0x2e68e64e3baa2263:0xf077716da8639355!8m2!3d-6.8979639!4d107.6136012!16s%2Fg%2F11t5qx_g8k!19sChIJYyKqO07maC4RVZNjqG1xd_A?authuser=0&hl=id&rclk=1","Mie Gacoan Dipatiukur","4,7","(5.108)","·","Rp 1–25.000","Mi","·","Jl. Dipati Ukur No.3","Buka","· Tutup pukul 00.00","https://lh3.googleusercontent.com/gps-cs-s/APNQkAEOMr9IJHFAV7ZK2eVpetZzeFi-6aBU8CEHaLm0oWheybvSf0ZW1y9ra6xnYHJmXNxUFg1kQ85kkxT-De4eaNQ1glsvYr3madUeWev5JbLozeBt6Cik1x2Qte3sx-6tmn-29hclNQ=w163-h92-k-no","https://ssl.gstatic.com/local/servicebusiness/default_user.png","""tempat, makanan, pelayanan sangat bagus
layout tempat duduk juga enakk""","https://www.google.com/searchviewer/42?cvd=CLw_EicKJeICIjIgEhkiF9LX29IPEQoNL2cvMTF0NXF4X2c4axgBOgMI8A0%3D&hl=id-ID&gl=id&fo_m=MfohQo559jFvMUOzJVpjPL1YMfZ3bInYwBDuMfaXTPp5KXh-&utm_source=tactile&gei=okv3afiCCbCb4-EPs7Lx0Aw&ei=okv3afiCCbCb4-EPs7Lx0Aw&fo_s=OA&opi=79508299&orderType=1&ebb=1&cs=0&foub=mcpp","Pesan online","","","","",""
"https://www.google.com/maps/place/RM.+Sarilamak/data=!4m7!3m6!1s0x2e68e724e997649d:0xcac7889228474404!8m2!3d-6.8949703!4d107.6110019!16s%2Fg%2F11f70z_g5w!19sChIJnWSX6STnaC4RBERHKJKIx8o?authuser=0&hl=id&rclk=1","RM. Sarilamak","5,0","(1)","","","Padang","·","4J46+2C6, Jl. Gelap Nyawang","Segera tutup","· 21.00 · Buka Sen pukul 09.30","https://lh3.googleusercontent.com/gps-cs-s/APNQkAGNphWPL8V5BrbShoHHJH95VIglCzcporoxnHFcsA4hMg7GKj_hBa9QhmVZGUi0JNuK8a2q2BB_eiUdd174tO8srMjDXRX6Eb-Zc0zAvcPuZYAgQkE7FFw6OLNO1eSGf76liIq0=w163-h92-k-no","","Makan di tempat","","","","","","·","Bawa pulang"
"https://www.google.com/maps/place/Nasi+Goreng+Ati+Ampela+Latansa/data=!4m7!3m6!1s0x2e68e7d59e3a65cf:0x54137509eea1d673!8m2!3d-6.8964742!4d107.6098679!16s%2Fg%2F11gw229yst!19sChIJz2U6ntXnaC4Rc9ah7gl1E1Q?authuser=0&hl=id&rclk=1","Nasi Goreng Ati Ampela Latansa","4,8","(8)","","","Nasi Goreng","·","Ruko Bawah, Jl. Tamansari","Buka","· Tutup pukul 00.30","https://lh3.googleusercontent.com/gps-cs-s/APNQkAFLXj33gjyRm5bB88D4Xwk3RrofimivD0pQhGr3HWO-RRWbW_iiPLWjCeFiB420JvGCNsvsqTN8xiqNv9510SmSuj0COV7DkWC_uC-dy-Pa6lUN3z6KKlNbaTzq8Z0iejlw8kbS=w80-h106-k-no","","Makan di tempat","","","","","","·","Bawa pulang"
"https://www.google.com/maps/place/Chik+n+Drinks/data=!4m7!3m6!1s0x2e68e7232b287d43:0x3f9ae27981146c92!8m2!3d-6.8990148!4d107.6080772!16s%2Fg%2F11rfpzyxml!19sChIJQ30oKyPnaC4RkmwUgXnimj8?authuser=0&hl=id&rclk=1","Chik n Drinks","5,0","(3)","","","Ayam Goreng","·","Jl. Kb. Kembang No.4, RT.5/RW.11","Tutup","· Buka Sen pukul 11.00","https://lh3.googleusercontent.com/gps-cs-s/APNQkAGJP0ck3vSImRzWYsYZjJGXQJgdfkXz-rHiOusmbbLeXLdnmyjhgKZ0kV2PwHnYAFDQJ74lw-tNm51a4XSxiH8wWtQlSMG3p246W1cgd_rWKFqveFuSmXN5k3sIWNygFyGouQ-cCg=w122-h92-k-no","","Bawa pulang","","","","","","",""
"https://www.google.com/maps/place/Atmosphere+Resort+Caf%C3%A9/data=!4m7!3m6!1s0x2e68e88260d018eb:0x1c6eff3b5082d2d1!8m2!3d-6.926646!4d107.613321!16s%2Fg%2F1jkybm02w!19sChIJ6xjQYILoaC4R0dKCUDv_bhw?authuser=0&hl=id&rclk=1","Atmosphere Resort Café","4,5","(8.152)","·","$$","Indonesia","·","Jl. Lengkong Besar No.97","Buka","· Tutup pukul 01.30","https://lh3.googleusercontent.com/gps-cs-s/APNQkAFJJ5bokfpLbp291jkvesBCBYmA_dpInVgg_aYFZwQ20zNxM88qHz1IC9P768j4J1qcJ4_0BjYJaQMG9Cgtz05I4ouk-y92SXPHK85onkQnrjaDrseboB6pvUdWa-iGjGrWQfm5VA=w163-h92-k-no","https://ssl.gstatic.com/local/servicebusiness/default_user.png","""Saus tartar yang disajikan rasanya creamy dan sedikit asam.""","https://www.google.com/searchviewer/42?cvd=CLw_EiYKJOICITIfEhgiFtLX29IPEAoML2cvMWpreWJtMDJ3GAA6AwjwDQ%3D%3D&hl=id-ID&gl=id&fo_m=MfohQo559jFvMUOzJVpjPL1YMfZ3bInYwBDuMfaXTPp5KXh-&utm_source=tactile&gei=pEv3aaXILsas4-EP-dybmQw&ei=pEv3aaXILsas4-EP-dybmQw&fo_s=OA&opi=79508299&ebb=1&cs=0&foub=mcpp","Pesan online","","","Makanan global di ruang luas","",""
"https://www.google.com/maps/place/Warmindo+KSC/data=!4m7!3m6!1s0x2e68e71abd094ef7:0x8ea1fb1ef9fe9014!8m2!3d-6.8949001!4d107.6091419!16s%2Fg%2F11pcpnmg05!19sChIJ904JvRrnaC4RFJD--R77oY4?authuser=0&hl=id&rclk=1","Warmindo KSC","4,8","(26)","","","Mi","·","·","Tutup","· Buka Sen pukul 07.00","https://lh3.googleusercontent.com/gps-cs-s/APNQkAEzhYkkgQLSs-UH_a_BuUIVQoaxqwlY4hTgICUZKXNrY55uLJvr1Fv0v7YlGu23xXwKO-tMJY2xj82W3GTlZGONaA5YaOeor4BSudM8ZXWfoybyaDMvsZPUOmDmDunP2Wl_rZRG=w80-h173-k-no","https://ssl.gstatic.com/local/servicebusiness/default_user.png","""makanan nasgornya enak banget banget.Pelayanannya memang luar biasa.""","","","","","Jl. Gelap Nyawang No.3","",""
"https://www.google.com/maps/place/Warnas+Doa+Mande/data=!4m7!3m6!1s0x2e68e6507e848241:0x3a81ce613ee84f08!8m2!3d-6.8949942!4d107.6100424!16s%2Fg%2F11b6dnqr3k!19sChIJQYKEflDmaC4RCE_oPmHOgTo?authuser=0&hl=id&rclk=1","Warnas Doa Mande","4,2","(30)","·","Rp 1–25.000","Padang","·","·","Segera tutup","· 21.00 · Buka Sen pukul 09.00","https://lh3.googleusercontent.com/gps-cs-s/APNQkAFFTus56kCf14vk5wMEHjnVKQfXUhPerp7du60BrEAsnHddz0M1KvmMVoX-UiWX3BScmKDKFibnFonZ2WJ41SwCF1cg6VZLJRkN2OFVFSmoVHmS_emyh4UMTWcXk2E_Tmkxqrdlyw=w122-h92-k-no","https://ssl.gstatic.com/local/servicebusiness/default_user.png","""Bumbu rendangnya enak otentik""","","","","","Jl. Gelap Nyawang","",""
"https://www.google.com/maps/place/Braga+Permai+Bandung/data=!4m7!3m6!1s0x2e68e63aa8f14e4b:0x6ff769d88c0594cd!8m2!3d-6.9173435!4d107.6095382!16s%2Fg%2F1tjcrsc2!19sChIJS07xqDrmaC4RzZQFjNhp928?authuser=0&hl=id&rclk=1","Braga Permai Bandung","4,6","(7.796)","·","$$","Masakan Eropa","·","·","Buka","· Tutup pukul 00.00","https://lh3.googleusercontent.com/gps-cs-s/APNQkAHatmP92aeEEbVLcpfDIWbKddeF4q5zFsCGkKWAsz490koz4ukqkigmDZXvsKryPmkg7mHJTraedxM2Jltj_12_1HO8OS8mzsuj8niQYW4iN5Z44wE-tzcdZ_oy5lKLEnAdTdo6ww=w122-h92-k-no","https://ssl.gstatic.com/local/servicebusiness/default_user.png","""Vibes nya oke, makanannya enak, dan service nya bagus sekali.""","","","","","Jl. Braga No.58","",""
"https://www.google.com/maps/place/Seblak+SR/data=!4m7!3m6!1s0x2e68e650e6ec8249:0x762e12b67d3ffbaa!8m2!3d-6.8935209!4d107.6120313!16s%2Fg%2F11gff0kvfk!19sChIJSYLs5lDmaC4Rqvs_fbYSLnY?authuser=0&hl=id&rclk=1","Seblak SR","4,8","(36)","·","Rp 1–25.000","Seblak","·","Jl. Ganesa No.6","Buka","· Tutup pukul 23.00","https://lh3.googleusercontent.com/gps-cs-s/APNQkAGssZx2kthLl_SAlvWHPgdFER-lqyJzoLiPouM0og0ee28hDz2Kdem2uB52Uet-mj8lWVb3rUxA6P6f2igDlYMtJG_vW35KtiRijZgjZccY_QnEQyyaPVhw-RYwV5o2W6EyZ-M5rzEcILfE=w122-h92-k-no","https://ssl.gstatic.com/local/servicebusiness/default_user.png","""dijamin rasanya ga mengecewakan!""","","","","","","",""
"https://www.google.com/maps/place/Rice+box+ayam+bandung/data=!4m7!3m6!1s0x2e68e799dd9dfd4d:0xfda99eb7ca601d90!8m2!3d-6.8963013!4d107.6081983!16s%2Fg%2F11j01hjn52!19sChIJTf2d3ZnnaC4RkB1gyreeqf0?authuser=0&hl=id&rclk=1","Rice box ayam bandung","5,0","(2)","","","Ayam Goreng","·","Jl. Pelesiran No.19","Segera tutup","· 21.00 · Buka Sen pukul 10.00","https://streetviewpixels-pa.googleapis.com/v1/thumbnail?panoid=Dzi9Y5yenacyPPsa_jqYnw&cb_client=search.gws-prod.gps&w=80&h=92&yaw=183.90709&pitch=0&thumbfov=100","","Bawa pulang","","","","","","·","Pesan antar"
"https://www.google.com/maps/place/Ayam+kremes+%26+pempek+mang+aconk/data=!4m7!3m6!1s0x2e68e75d7701d9ff:0xe1087efcffbdf0a9!8m2!3d-6.893225!4d107.6071634!16s%2Fg%2F11lfkx2g0x!19sChIJ_9kBd13naC4RqfC9__x-COE?authuser=0&hl=id&rclk=1","Ayam kremes & pempek mang aconk","3,5","(4)","","","Restoran","·","Jl. Kebun Binatang Jl. Tamansari No.29","Buka 24 jam","","https://lh3.googleusercontent.com/gps-cs-s/APNQkAGSs56-ojjQpjHUE0xLRu0gX-FGieS_0dI5DKFag24osarWV3qMmenu-J5tG0H4aN43yEJL-qFtyxdTZ3qEDiOU-CzNhG9fyl6ag8aaUKQ15xR7M9W2hvMqCJs7SKd0-5UEU_0=w88-h92-k-no","","Makan di tempat","","","","","","·","Bawa pulang"
"https://www.google.com/maps/place/Nasi+Panghegar/data=!4m7!3m6!1s0x2e68e6580b93fa13:0x2711cb071db564b3!8m2!3d-6.8875418!4d107.6087306!16s%2Fg%2F11c54g10h7!19sChIJE_qTC1jmaC4Rs2S1HQfLESc?authuser=0&hl=id&rclk=1","Nasi Panghegar","5,0","(1)","","","Nasi Goreng","·","Tamansari Food Fest, Jl. Tamansari No.70","Tutup","· Buka Sen pukul 07.00","https://lh3.googleusercontent.com/gps-cs-s/APNQkAFaPdcK_r5l-6WY2E1ACfgyL1hpd47ocV1qK9afnYzeFFmWsC-XaLhmTDKHSJ9T8YIz-yz2AqivDe01T5JnI-ODIqD0Lc3JM4XJe7DEXhnbmitrTq4pyCb_8NJLFoXmbFJtsPQ=w80-h142-k-no","","Makan di tempat","https://www.google.com/searchviewer/42?cvd=CLw_EicKJeICIjIgEhkiF9LX29IPEQoNL2cvMTFjNTRnMTBoNxgBOgMI8A0%3D&hl=id-ID&gl=id&fo_m=MfohQo559jFvMUOzJVpjPL1YMfZ3bInYwBDuMfaXTPp5KXh-&utm_source=tactile&gei=pEv3aaXILsas4-EP-dybmQw&ei=pEv3aaXILsas4-EP-dybmQw&fo_s=OA&opi=79508299&orderType=1&ebb=1&cs=0&foub=mcpp","Pesan online","","","","·","Bawa pulang"
"https://www.google.com/maps/place/Dimsum+3+saudara/data=!4m7!3m6!1s0x2e68e76c79e6f40b:0xfa124cb944aeba9a!8m2!3d-6.8864993!4d107.605664!16s%2Fg%2F11mr21y5wn!19sChIJC_TmeWznaC4RmrquRLlMEvo?authuser=0&hl=id&rclk=1","Dimsum 3 saudara","5,0","(4)","","","Sarapan","·","4J74+C73","","","https://lh3.googleusercontent.com/gps-cs-s/APNQkAFdee5yO2vSLNEtIdv8UlS8yD3fSxqgOdRFznPdXt46rOcWrLUaExJ-9_N5MgJAZTOVWVf9D0isgYd_rP75e6Mie894t_tPsr37UZBT4dM9eTZkqhZVsxzsiPeECM74271opYY=w80-h142-k-no","https://ssl.gstatic.com/local/servicebusiness/default_user.png","""Dimsum terenak pokonya full daging dong guys.. GK nyesel deh ✨✨""","","","","","","",""
"https://www.google.com/maps/place/Kampoeng+Awi+Resto/data=!4m7!3m6!1s0x2e68e114d6e92d51:0x85ecdb25cd5ad64!8m2!3d-6.8222651!4d107.5974149!16s%2Fg%2F11c6tjh972!19sChIJUS3p1hThaC4RZK3VXLLNXgg?authuser=0&hl=id&rclk=1","Kampoeng Awi Resto","4,7","(459)","·","Rp 50–75 rb","Indonesia","·","Jl. Terusan Sersan Bajuri No.102","Buka","· Tutup pukul 22.00","https://lh3.googleusercontent.com/gps-cs-s/APNQkAHnhdhD6XK-6lsJBlWUYae9ssWGUO3BctH_bHL7NmBv_75UnQdzxYg-Q0mAMYHDjzLHOF5SrTkZ8p6tsaZMvaP8xLblYFkmW9wdt68bd6jG-qMtlNfJRC3fbsUdQ5XymIJdIKDmxc49iQvd=w80-h106-k-no","https://ssl.gstatic.com/local/servicebusiness/default_user.png","""Menu yang dipesan : nasi liwet kastrol, karedok, dan kopi.""","","","","","","",""
"https://www.google.com/maps/place/Salsa+Resto+%26+Catering/data=!4m7!3m6!1s0x2e68e6456af677b3:0x7854f7657fb7abd3!8m2!3d-6.898768!4d107.608392!16s%2Fg%2F11bbx0rq6w!19sChIJs3f2akXmaC4R06u3f2X3VHg?authuser=0&hl=id&rclk=1","Salsa Resto & Catering","4,0","(42)","·","Rp 25–50 rb","Indonesia","·","Balubur Town Square Lantai 3 Blok E No.03-05 Jalan Taman Sari Bandung Wetan","Tutup","· Buka Sen pukul 10.00","https://lh3.googleusercontent.com/gps-cs-s/APNQkAGw-GZlkaEb5b67bW0dKZhwg-HqAWmC5fIjxz9gXKs6iF4Tjc6YCMOtH-29Tu20RzKfCsbLqePi1wFYkNrsuiNanA4Up-0spGGVQvJIHIRK0P1MbOuDE1NgltgUVuYa2_Luu9z7=w138-h92-k-no","https://ssl.gstatic.com/local/servicebusiness/default_user.png","""Tempatnya cocok buat yang lagi menunggu jadwal travel di Baltos.""","","","","","","",""
"https://www.google.com/maps/place/Mura/data=!4m7!3m6!1s0x2e68e64fb6ad799d:0x7677fd36f1e857a7!8m2!3d-6.8987544!4d107.6121511!16s%2Fg%2F1hc1vsz22!19sChIJnXmttk_maC4Rp1fo8Tb9d3Y?authuser=0&hl=id&rclk=1","Mura","3,1","(25)","·","Rp 25–50 rb","Ramen","·","Jl. Badak Singa No.2","Segera tutup","· 21.00 · Buka Sen pukul 09.00","https://lh3.googleusercontent.com/gps-cs-s/APNQkAEoLW5l57z3PWO7bstrli7C6Djh8ylwY58RcLzqlfwEJLq6XS4jNdaqQ7a1FL6Xam4elLuK-cGuf2lfRSOPAEGbDqWv7tZSG2ulSC4KV5tpdIGNWwE3TCNmcUcXVi46sTT1xhHG=w80-h106-k-no","","Makan di tempat","","","","","","·","Bawa pulang"
"https://www.google.com/maps/place/Sate+Ayu+Gedong+Baltos/data=!4m7!3m6!1s0x2e68e6456f4daf59:0xc3a6846b730c67ad!8m2!3d-6.8989809!4d107.6088999!16s%2Fg%2F11bbwz5f47!19sChIJWa9Nb0XmaC4RrWcMc2uEpsM?authuser=0&hl=id&rclk=1","Sate Ayu Gedong Baltos","5,0","(1)","","","Sate","·","Balubur Town Square, Jl. Tamansari Lantai 3","Segera tutup","· 21.00 · Buka Sen pukul 08.00","https://lh3.googleusercontent.com/gps-proxy/ALd4DhGeWFrrYQ5OpHgkVwuMbKIjsx3sHfTPs4Hs1QfhN9Su4nyKO7F46dNspq_o4PhJZzUvZ8BZ9WBrTdd3xlpG7bJfbLcTF5EBym6FL0gKsbcUtroNaWlXLHAG7pqsvd8Y0x-nxh0FYSPOQ2JzvbKlz6S3Zyd95FAsJAzJgOtJ8D2qC8CEA9SVw-GsEdVzryX_ztYEqrY=w80-h106-k-no","","Makan di tempat","","","","","","·","Bawa pulang"
"https://www.google.com/maps/place/Purnawarman+Restaurant/data=!4m7!3m6!1s0x2e68e63e1da40a75:0xb104ae0e6cb12c9b!8m2!3d-6.9128668!4d107.597428!16s%2Fg%2F1pzxkm6kc!19sChIJdQqkHT7maC4RmyyxbA6uBLE?authuser=0&hl=id&rclk=1","Purnawarman Restaurant","4,6","(525)","·","Rp 250.000+","Restoran","·","·","Buka","· Tutup pukul 22.00","https://lh3.googleusercontent.com/gps-cs-s/APNQkAEoVQxjNKnDVNX9sVNwY9-9FC3xt-6cypo9vp7ho9cUqA4nOue3jQRs33p6Ax14_CjrfjXrUT9gLZ2i1zzxvfV2iVKFEzs5J5r6oh6iVktCmEujQUOKPoUT7YZerEzObYCyj_A=w122-h92-k-no","https://ssl.gstatic.com/local/servicebusiness/default_user.png","""Menu nya enak semua dimasak sama chef profesional""","https://www.google.com/searchviewer/42?cvd=CLw_EiYKJOICITIfEhgiFtLX29IPEAoML2cvMXB6eGttNmtjGAA6AwjwDQ%3D%3D&hl=id-ID&gl=id&fo_m=MfohQo559jFvMUOzJVpjPL1YMfZ3bInYwBDuMfaXTPp5KXh-&utm_source=tactile&gei=pEv3aaXILsas4-EP-dybmQw&ei=pEv3aaXILsas4-EP-dybmQw&fo_s=OA&opi=79508299&ebb=1&cs=0&foub=mcpp","Pesan online","","","Lobby Level, Jl. HOS. Cokroaminoto No.41-43","",""
"https://www.google.com/maps/place/Batagor+Cilor+Fazar+Batan/data=!4m7!3m6!1s0x2e68e779d30fa49b:0xb86103976ce07798!8m2!3d-6.8886394!4d107.6078746!16s%2Fg%2F11ycbzp5tq!19sChIJm6QP03nnaC4RmHfgbJcDYbg?authuser=0&hl=id&rclk=1","Batagor Cilor Fazar Batan","5,0","(6)","","","Sunda","·","Jl. Tamansari No.71","Tutup","· Buka Sen pukul 08.00","https://lh3.googleusercontent.com/gps-cs-s/APNQkAHu1kgPzx9wyLpsT9ZSwsNnpNUxRCM4AiYNo_BlzYThsdidvwt6DwPyz_7pnaMNhh3aowcyLxGsNnHuexiaJninZKr4wImJ-Zqyy4ZJdjI8WKRKil7d_D_3Mcc-cEh64YpUXM8Z2w=w92-h92-k-no","https://ssl.gstatic.com/local/servicebusiness/default_user.png","""Batagor sama tahu waliknya enak bangett!""","","","","","","",""
"https://www.google.com/maps/place/WARUNG+Pecel+Lele+Cak+Ajid/data=!4m7!3m6!1s0x2e68e7ccffd7a057:0x75cddab889ddc13a!8m2!3d-6.897786!4d107.6092455!16s%2Fg%2F11grbtyk6r!19sChIJV6DX_8znaC4ROsHdibjazXU?authuser=0&hl=id&rclk=1","WARUNG Pecel Lele Cak Ajid","5,0","(2)","","","Pecel Lele","·","Jl. Kebon Bibit","Buka","· Tutup pukul 23.30","https://lh3.googleusercontent.com/gps-cs-s/APNQkAF7ONuuEd8K9ltnF1AmnUXD84LPfrVdrSaGNLHFaZwrjQcz3jKhXvV01YfBzI1tZ674VxDvRfaAQjdm1D5UlerMuPk-bGUnCP7a1NjRj-OZYgRsQA1mN4m0PXgHjAzOBW6ICjP4=w80-h106-k-no","","Makan di tempat","","","","","","·","Bawa pulang"
"https://www.google.com/maps/place/KFC/data=!4m7!3m6!1s0x2e68e65b82fbdd75:0x845b8f56592e7f86!8m2!3d-6.893206!4d107.605483!16s%2Fg%2F1thwlt1p!19sChIJdd37glvmaC4Rhn8uWVaPW4Q?authuser=0&hl=id&rclk=1","KFC","4,5","(1.510)","·","Rp 25–50 rb","Makanan Siap Saji","·","Cihampelas Walk, Mall Jl. Cihampelas No.160 Lantai 1 Expension","Buka","· Tutup pukul 22.00","https://lh3.googleusercontent.com/gps-cs-s/APNQkAE_5EyWVsdD18FHvKFr71LAeSz2MEpo4vurzbmYxHTeVufhAOaYKAkXOs8QP05VRKMV5MvG7wjEjzQnvANqiuzm2XVHvFPOiNdzHyIh7Rx_-gNe4MLaPvNA5HRMjpeIHBK8rdR-7A=w163-h92-k-no","https://ssl.gstatic.com/local/servicebusiness/default_user.png","""Bagus untuk makan dengan pemandangannya,cepat pelayanannya""","https://www.google.com/searchviewer/42?cvd=CLw_EiUKI-ICIDIeEhciFdLX29IPDwoLL2cvMXRod2x0MXAYAToDCPAN&hl=id-ID&gl=id&fo_m=MfohQo559jFvMUOzJVpjPL1YMfZ3bInYwBDuMfaXTPp5KXh-&utm_source=tactile&gei=pEv3aaXILsas4-EP-dybmQw&ei=pEv3aaXILsas4-EP-dybmQw&fo_s=OA&opi=79508299&orderType=1&ebb=1&cs=0&foub=mcpp","Pesan online","","","Franchise restoran ayam goreng","",""
"https://www.google.com/maps/place/ayam+penyet+mang+uche/data=!4m7!3m6!1s0x2e68e7f17c61b7f1:0x22eaed18075c4c63!8m2!3d-6.8969144!4d107.6089363!16s%2Fg%2F11h3g9f73x!19sChIJ8bdhfPHnaC4RY0xcBxjt6iI?authuser=0&hl=id&rclk=1","ayam penyet mang uche","3,7","(6)","","","Ayam Penyet","·","Jl. Pelesiran No.3","Segera tutup","· 21.00 · Buka Sen pukul 08.00","https://lh3.googleusercontent.com/gps-cs-s/APNQkAFvBJZ1oq1u_N9yzXLuXExRJJwIOHaAZjZQ8oprkOGKMirADukzf_i3U8yJ6biOFxozkIQ_IaU9Pv85XHCeM7JNVDF4NxVq9rgHpSLsWCjqub6oVGSNifcfDzRXDZV-3UKeqbMWBqcDiyg=w122-h92-k-no","https://ssl.gstatic.com/local/servicebusiness/default_user.png","""Langganan catering kantor enak murah meriah suka di kasi bonus""","https://www.google.com/searchviewer/42?cvd=CLw_EicKJeICIjIgEhkiF9LX29IPEQoNL2cvMTFoM2c5ZjczeBgBOgMI8A0%3D&hl=id-ID&gl=id&fo_m=MfohQo559jFvMUOzJVpjPL1YMfZ3bInYwBDuMfaXTPp5KXh-&utm_source=tactile&gei=pEv3aaXILsas4-EP-dybmQw&ei=pEv3aaXILsas4-EP-dybmQw&fo_s=OA&opi=79508299&orderType=1&ebb=1&cs=0&foub=mcpp","Pesan online","","","","",""
"https://www.google.com/maps/place/PECEL+LELE+BANYUWANGI/data=!4m7!3m6!1s0x2e68e65ae75da53b:0x206117808b49dbea!8m2!3d-6.8961111!4d107.6071896!16s%2Fg%2F11f57syl01!19sChIJO6Vd51rmaC4R6ttJi4AXYSA?authuser=0&hl=id&rclk=1","PECEL LELE BANYUWANGI","5,0","(4)","","","Pecel Lele","·","4J34+HV4","Buka","· Tutup pukul 00.00","https://streetviewpixels-pa.googleapis.com/v1/thumbnail?panoid=E16ESO9VY0NyZed9YJKqbA&cb_client=search.gws-prod.gps&w=80&h=92&yaw=144.30971&pitch=0&thumbfov=100","","Makan di tempat","","","","","","·","Bawa pulang"
"https://www.google.com/maps/place/HokBen/data=!4m7!3m6!1s0x2e68e6456f4dab9b:0xab256c69f12c32f0!8m2!3d-6.8988089!4d107.6091196!16s%2Fg%2F11bbw_t_s_!19sChIJm6tNb0XmaC4R8DIs8WlsJas?authuser=0&hl=id&rclk=1","HokBen","4,0","(305)","·","Rp 25–50 rb","Jepang","·","Balubur Town Square, Jl. Tamansari No.1 Lt.1","Tutup","· Buka Sen pukul 10.00","https://lh3.googleusercontent.com/gps-cs-s/APNQkAF4v31hVsTVOlQKLi84YVn2GxuHNeg352pBl78ZFHh65FT0n7kpco_VpVDWx4ryheRwV-ogEPt4KWsAlG1rjmtA0MYo0_Mj5LS6O-KVXwEb3exfVZPpxCSDGzwCm6pmWcyxeQOP=w122-h92-k-no","https://ssl.gstatic.com/local/servicebusiness/default_user.png","""Sambil menunggu travel isi perut dulu disini pakai menu promo.""","https://www.google.com/searchviewer/42?cvd=CLw_EicKJeICIjIgEhkiF9LX29IPEQoNL2cvMTFiYndfdF9zXxgBOgMI8A0%3D&hl=id-ID&gl=id&fo_m=MfohQo559jFvMUOzJVpjPL1YMfZ3bInYwBDuMfaXTPp5KXh-&utm_source=tactile&gei=pEv3aaXILsas4-EP-dybmQw&ei=pEv3aaXILsas4-EP-dybmQw&fo_s=OA&opi=79508299&orderType=1&ebb=1&cs=0&foub=mcpp","Pesan online","","","","",""
"https://www.google.com/maps/place/Warung+Nasi+Uduk+Febi/data=!4m7!3m6!1s0x2e68e65a620e2d21:0x9b0e89d9adb32a9e!8m2!3d-6.8952721!4d107.6062131!16s%2Fg%2F11c5n_2_d_!19sChIJIS0OYlrmaC4RniqzrdmJDps?authuser=0&hl=id&rclk=1","Warung Nasi Uduk Febi","3,3","(3)","","","Nasi Uduk","·","·","Buka","· Tutup pukul 23.00","https://streetviewpixels-pa.googleapis.com/v1/thumbnail?panoid=bORLNm0T8GDiM8JMiNKAJA&cb_client=search.gws-prod.gps&w=80&h=92&yaw=157.63457&pitch=0&thumbfov=100","","Makan di tempat","","","","","Jl. Kebun Binatang Jl. Tamansari No.10","·","Bawa pulang"
"https://www.google.com/maps/place/HokBen/data=!4m7!3m6!1s0x2e68e6456f4dab9b:0xab256c69f12c32f0!8m2!3d-6.8988089!4d107.6091196!16s%2Fg%2F11bbw_t_s_!19sChIJm6tNb0XmaC4R8DIs8WlsJas?authuser=0&hl=id&rclk=1","HokBen","4,0","(305)","·","Rp 25–50 rb","Jepang","·","Balubur Town Square, Jl. Tamansari No.1 Lt.1","Tutup","· Buka Sen pukul 10.00","https://lh3.googleusercontent.com/gps-cs-s/APNQkAF4v31hVsTVOlQKLi84YVn2GxuHNeg352pBl78ZFHh65FT0n7kpco_VpVDWx4ryheRwV-ogEPt4KWsAlG1rjmtA0MYo0_Mj5LS6O-KVXwEb3exfVZPpxCSDGzwCm6pmWcyxeQOP=w122-h92-k-no","https://ssl.gstatic.com/local/servicebusiness/default_user.png","""Sambil menunggu travel isi perut dulu disini pakai menu promo.""","https://www.google.com/searchviewer/42?cvd=CLw_EicKJeICIjIgEhkiF9LX29IPEQoNL2cvMTFiYndfdF9zXxgBOgMI8A0%3D&hl=id-ID&gl=id&fo_m=MfohQo559jFvMUOzJVpjPL1YMfZ3bInYwBDuMfaXTPp5KXh-&utm_source=tactile&gei=p0v3aaT_I5Ov4-EPyJf-0As&ei=p0v3aaT_I5Ov4-EPyJf-0As&fo_s=OA&opi=79508299&orderType=1&ebb=1&cs=0&foub=mcpp","Pesan online","","","","",""
"https://www.google.com/maps/place/Sate+Padang+Uda+Darwis/data=!4m7!3m6!1s0x2e68e78ad7f33fe1:0x3a31e4ef5b79bd0c!8m2!3d-6.8959221!4d107.6094897!16s%2Fg%2F11y_zzdc28!19sChIJ4T_z14rnaC4RDL15W-_kMTo?authuser=0&hl=id&rclk=1","Sate Padang Uda Darwis","5,0","(1)","","","Sate","·","Jl. Tamansari No.57","Buka","· Tutup pukul 00.00","https://lh3.googleusercontent.com/gps-cs-s/APNQkAGwuBBE3NN1bKKWzn121_d9pQctqM6wSsIxI84TrIOhFymmijWcOKHk8yHC0M023VIO8SC4hq88MEBVSvmhBQ7IMtwUSGvPcuK8XfNA3R2OK0m_ADI5Ja3tH6l5DTy5YcRBTtYaKc8hmn0=w92-h92-k-no","","Makan di tempat","https://www.google.com/searchviewer/42?cvd=CLw_EicKJeICIjIgEhkiF9LX29IPEQoNL2cvMTF5X3p6ZGMyOBgBOgMI8A0%3D&hl=id-ID&gl=id&fo_m=MfohQo559jFvMUOzJVpjPL1YMfZ3bInYwBDuMfaXTPp5KXh-&utm_source=tactile&gei=p0v3aaT_I5Ov4-EPyJf-0As&ei=p0v3aaT_I5Ov4-EPyJf-0As&fo_s=OA&opi=79508299&orderType=1&ebb=1&cs=0&foub=mcpp","Pesan online","","","","·","Bawa pulang"
"https://www.google.com/maps/place/Nasi+Goreng+Ganesha/data=!4m7!3m6!1s0x2e68e7000b7adde7:0x34ff263592fca294!8m2!3d-6.8950826!4d107.6105192!16s%2Fg%2F11y7sjr6l8!19sChIJ5916CwDnaC4RlKL8kjUm_zQ?authuser=0&hl=id&rclk=1","Nasi Goreng Ganesha","5,0","(1)","","","Nasi Goreng","·","Jl. Gelap Nyawang No.2, RW.3","","","https://lh3.googleusercontent.com/gps-cs-s/APNQkAF9ytGEycdmp5-8WFjv4XGbjL5Ub8-BjB1upddJtR5dB7zQK9JYJGRIx20tcuo0dOGM7u6Skrk8vwLXzd27228_iDsJv5AH81u59BgMzL5_TgGgM_K7WM4UqqI_GnLquijwruv2=w163-h92-k-no","https://ssl.gstatic.com/local/servicebusiness/default_user.png","""Enak banget sumpah rekomendedddd.""","","","","","","",""
"https://www.google.com/maps/place/Nasi+Gule,+Soto+Dan+Lontong+Sayur+Padang/data=!4m7!3m6!1s0x2e68e7f0ba8e19e3:0x7b08200bc736efa7!8m2!3d-6.8967387!4d107.6096416!16s%2Fg%2F11hdw8pbb0!19sChIJ4xmOuvDnaC4Rp-82xwsgCHs?authuser=0&hl=id&rclk=1","Nasi Gule, Soto Dan Lontong Sayur Padang","4,6","(29)","·","Rp 1–25.000","Restoran","·","Jl. Tamansari No.51","Tutup","· Buka Sel pukul 06.00","https://lh3.googleusercontent.com/gps-cs-s/APNQkAG24UjYjayHAyUz8VEkk4fN8DlT2hy49ekdNfGWPyBivNrxMQUv0a_LRkScevlPHpbGYfBSPo9CCHAfSjl2puAkb0DSnBaZ6rtkPeVEGL-jNK6xLfba-ioBik5KR2mZo7Ji9pj9=w163-h92-k-no","https://ssl.gstatic.com/local/servicebusiness/default_user.png","""Lontong padang, dengan bumbu nya cakep, ditutup sama teh hangat.""","https://www.google.com/searchviewer/42?cvd=CLw_EicKJeICIjIgEhkiF9LX29IPEQoNL2cvMTFoZHc4cGJiMBgBOgMI8A0%3D&hl=id-ID&gl=id&fo_m=MfohQo559jFvMUOzJVpjPL1YMfZ3bInYwBDuMfaXTPp5KXh-&utm_source=tactile&gei=p0v3aaT_I5Ov4-EPyJf-0As&ei=p0v3aaT_I5Ov4-EPyJf-0As&fo_s=OA&opi=79508299&orderType=1&ebb=1&cs=0&foub=mcpp","Pesan online","","","","",""
"https://www.google.com/maps/place/Sate+Maranggi+Saung+Cipas+Dago/data=!4m7!3m6!1s0x2e68e74327f456dd:0xdf5d28200136c5c!8m2!3d-6.8975743!4d107.6119476!16s%2Fg%2F11f61g8dyd!19sChIJ3Vb0J0PnaC4RXGwTAILS9Q0?authuser=0&hl=id&rclk=1","Sate Maranggi Saung Cipas Dago","5,0","(7)","","","Sate","·","·","Tutup","· Buka Sen pukul 11.00","https://streetviewpixels-pa.googleapis.com/v1/thumbnail?panoid=Qx3HHjl0MYRZoNkzKWAtkQ&cb_client=search.gws-prod.gps&w=80&h=92&yaw=51.818558&pitch=0&thumbfov=100","","Makan di tempat","","","","","Jl. Badak Singa No.2","·","Bawa pulang"
"https://www.google.com/maps/place/KEDAI+HIRA/data=!4m7!3m6!1s0x2e68e74a37b9ba45:0xc4c29a3f12979877!8m2!3d-6.8978509!4d107.6084431!16s%2Fg%2F11v1026y7_!19sChIJRbq5N0rnaC4Rd5iXEj-awsQ?authuser=0&hl=id&rclk=1","KEDAI HIRA","5,0","(2)","","","Seblak","·","Jl. Kebon Bibit No.2a","Tutup","· Buka Sen pukul 10.00","https://lh3.googleusercontent.com/gps-cs-s/APNQkAG54Q07T5net_f2I6wmJjzjYM618cBasJ-6g39ohd8UyCS9tdlU8qdgy2YiBgjENar7gUZWWPPK2bmVqfiZ-9_UM9pXY_dtiesS1nCQeZo4P16cMX6Hy3hwFqGjFd4F9k0X3pIz=w80-h142-k-no","https://ssl.gstatic.com/local/servicebusiness/default_user.png","""Makanan nya enak enak ..harga murah""","","","","","","",""
"https://www.google.com/maps/place/Dimsum+287/data=!4m7!3m6!1s0x2e68e752391ce865:0x70aa2f61d534be!8m2!3d-6.8949069!4d107.6091088!16s%2Fg%2F11jxvttjvb!19sChIJZegcOVLnaC4RvjTVYS-qcAA?authuser=0&hl=id&rclk=1","Dimsum 287","4,6","(17)","","","Restoran","·","Jl. Gelap Nyawang No.1","","","https://lh3.googleusercontent.com/gps-cs-s/APNQkAHuXvKwl3elIjZ4qn-cLacCbumzm7jveMgKkjhTCQoy7LRBJtyjev_rNKZl3kMEmnvy82LRYabp-_y1RF8hauc0wlBzTvDzjhRpEcb3c6vJ0MvG1BO_nZlitSAPc1qWHEH0y3OeTA=w80-h106-k-no","","","","","","","","",""
"https://www.google.com/maps/place/Lontong+Kari+Dan+Bubur+Ayam+Pa+Guru/data=!4m7!3m6!1s0x2e68e7e537029cb3:0x636b6fd18d6686b5!8m2!3d-6.8948602!4d107.6102693!16s%2Fg%2F11p0frxhrj!19sChIJs5wCN-XnaC4RtYZmjdFva2M?authuser=0&hl=id&rclk=1","Lontong Kari Dan Bubur Ayam Pa Guru","4,8","(9)","·","Rp 1–25.000","Indonesia","·","Jl. Gelap Nyawang","Tutup","· Buka Sen pukul 06.00","https://lh3.googleusercontent.com/gps-cs-s/APNQkAHAj0NcuGgVYiEUldYYFvQRCAxZUXCRIjL2vyXGKywC73p48JA5_pmPFbKmEAxLUhcJV7ENnpRHUBOKA-LaNugByCUGbePRqkubGiZXwc1TWrD2z9Il16qlHikFKXHJsvTZS7G2=w122-h92-k-no","","Makan di tempat","","","","","","·","Drive-through"
"https://www.google.com/maps/place/Ikugo+grill+and+hotpot/data=!4m7!3m6!1s0x2e68e7c8058b638b:0xedd72f78c7cbf54d!8m2!3d-6.8938869!4d107.605725!16s%2Fg%2F11rc4vz00j!19sChIJi2OLBcjnaC4RTfXLx3gv1-0?authuser=0&hl=id&rclk=1","Ikugo grill and hotpot","4,2","(275)","·","Rp 125–150 rb","BBQ","·","·","","","https://lh3.googleusercontent.com/gps-cs-s/APNQkAGKV4eAKOxbgeBn0WPWKj7zCx_w8yMkg3XfsvMtoBmNP0aCKsnqOaz-AHq94rV_E4I82WNf2viptne3hB17AAzPUWFh1ObUaRVs3QA4m0VuMVQQfib5QID_b6Dl78rRF2oNHyU7=w163-h92-k-no","https://ssl.gstatic.com/local/servicebusiness/default_user.png","""untuk makanan enak² untuk harga 150rb its worth it.""","","","","","Jl. Cihampelas Walk No.160","",""
"https://www.google.com/maps/place/Ayam+Cobek+Langganan/data=!4m7!3m6!1s0x2e68e6451588965f:0x5a5dd7c51980a40d!8m2!3d-6.898697!4d107.6079799!16s%2Fg%2F11bbx0xqbj!19sChIJX5aIFUXmaC4RDaSAGcXXXVo?authuser=0&hl=id&rclk=1","Ayam Cobek Langganan","","","","","Jawa","·","Balubur Town Square, Jl. Tamansari No.3 lantai 3","Segera tutup","· 21.00 · Buka Sen pukul 22.00","https://lh3.googleusercontent.com/gps-proxy/ALd4DhG9Dziw3mI-3ZCV8TbmFvVm91Nc68L1SpvNIAl67765bRABDQF4jGWaiD2UWtZUFCYQUX6VnWiw9nBFVscr9R_Orn8C6RqSI436XZiUSW5iNkSjP4ixnyywmdvFxHxduCSPfVa-qA2qoDY8EfYFniXwOQTHin69kec_x432mhdLXuhmSnZWkK41IFBeVjKyQMULtco=w120-h92-k-no","","Makan di tempat","","","","","","·","Bawa pulang"
"https://www.google.com/maps/place/Nusantara+Food+Truck/data=!4m7!3m6!1s0x2e68e75aab18bf35:0x99dfd5b08afd9016!8m2!3d-6.8949538!4d107.6094612!16s%2Fg%2F11r3gpg4br!19sChIJNb8Yq1rnaC4RFpD9irDV35k?authuser=0&hl=id&rclk=1","Nusantara Food Truck","5,0","(2)","","","Restoran","·","Jl. Gelap Nyawang","","","https://lh3.googleusercontent.com/gps-cs-s/APNQkAFmdoRaj8WzlfHi4SDm0Jh4KfmJsyzj-bPBzo7iYGYL2SccglQ34A_jSFNKV2lPopbBXA6g0tzGS6ELTD_KcCiXJ1ybX4bCZMCgF_ohl3RQx32xRB-Y4g7u5A6zYsWNOtM9ukHOFQ=w122-h92-k-no","","","","","","","","",""
"https://www.google.com/maps/place/Eureka/data=!4m7!3m6!1s0x2e68e700556bd4dd:0x42274c485ae812e6!8m2!3d-6.8945283!4d107.609858!16s%2Fg%2F11w2kchdcb!19sChIJ3dRrVQDnaC4R5hLoWkhMJ0I?authuser=0&hl=id&rclk=1","Eureka","","","","","Nasi Goreng","·","Jl. Ganesa No.15C","","","https://streetviewpixels-pa.googleapis.com/v1/thumbnail?panoid=fyy-TOu9K2boNf6ZXzHQ_w&cb_client=search.gws-prod.gps&w=80&h=92&yaw=30.122768&pitch=0&thumbfov=100","","Makan di tempat","","","","","","·","Bawa pulang"
"https://www.google.com/maps/place/SJW+Warmindo/data=!4m7!3m6!1s0x2e68e6505e1dfca7:0x742660f6fd583767!8m2!3d-6.8949667!4d107.6111495!16s%2Fg%2F11b6cspl8r!19sChIJp_wdXlDmaC4RZzdY_fZgJnQ?authuser=0&hl=id&rclk=1","SJW Warmindo","5,0","(8)","·","Rp 1–25.000","Makanan Siap Saji","·","Jl. Gelap Nyawang","Tutup","· Buka Sen pukul 10.00","https://lh3.googleusercontent.com/gps-cs-s/APNQkAExoiv2T0-LokYMUJaCe_lnKUiKf0GABONasTuw1PD-gUISfPXmajCX4UE_btEDN2lKrpEU2djodR5Do7Ndd0LlOB96FMO9_Ul8hcQQqxrq-upMJT_dnxHNVj1xXlclfSpJReQ=w80-h106-k-no","https://ssl.gstatic.com/local/servicebusiness/default_user.png","""Menu variatif ala warmindo, harga murah banget untuk di tengah kota????""","https://www.google.com/searchviewer/42?cvd=CLw_EicKJeICIjIgEhkiF9LX29IPEQoNL2cvMTFiNmNzcGw4chgBOgMI8A0%3D&hl=id-ID&gl=id&fo_m=MfohQo559jFvMUOzJVpjPL1YMfZ3bInYwBDuMfaXTPp5KXh-&utm_source=tactile&gei=p0v3aaT_I5Ov4-EPyJf-0As&ei=p0v3aaT_I5Ov4-EPyJf-0As&fo_s=OA&opi=79508299&orderType=1&ebb=1&cs=0&foub=mcpp","Pesan online","","","","",""
"https://www.google.com/maps/place/Kedai+Mbah+Nur/data=!4m7!3m6!1s0x2e68e65a597f247b:0xdc582c9269336480!8m2!3d-6.8941749!4d107.6080028!16s%2Fg%2F11f40j2rpz!19sChIJeyR_WVrmaC4RgGQzaZIsWNw?authuser=0&hl=id&rclk=1","Kedai Mbah Nur","3,4","(7)","","","Nasi","·","Jl. Kebun Binatang","Segera tutup","· 21.00 · Buka Sen pukul 09.00","https://lh3.googleusercontent.com/gps-cs-s/APNQkAH0Yvuc-68Tjl3MTFR_ZMq0NB1U6_UCTjAxtmEK31IR0p6YDPn-wRTEqm1oNj2fW3UGLyzshH9V2GdMhOadawje86fD1DkCCawPynz8YecBIMpJQ_Wed3O3NFhofb4q6UDU14nk=w91-h92-k-no","","Makan di tempat","","","","","","·","Bawa pulang"
"https://www.google.com/maps/place/Warung+Seblak/data=!4m7!3m6!1s0x2e68e65a5cd3a9a3:0x492a26736ac322b6!8m2!3d-6.8941829!4d107.6079984!16s%2Fg%2F11bc7s63t1!19sChIJo6nTXFrmaC4RtiLDanMmKkk?authuser=0&hl=id&rclk=1","Warung Seblak","4,4","(10)","","","Seblak","·","Jl. Kebun Binatang No.46-49","Tutup","· Buka Sen pukul 09.00","https://lh3.googleusercontent.com/gps-cs-s/APNQkAFHyqTyFMchrhSeuOuYJqugm6yYQrp837rSszTgL0BRUrEeiR0H0jewjXJ5bAgbAn2Pj7McxvvbLUm3nb0Vfkx6YCaKEyGmAZmfniyp4RJOfxhEIcar1All3NH7kmUzQmj54z4=w163-h92-k-no","","Makan di tempat","","","","","","·","Bawa pulang"
"https://www.google.com/maps/place/Mie+Bakso+Hidayah+Mas+Heru/data=!4m7!3m6!1s0x2e68e64572186015:0x34bc31ae02281f21!8m2!3d-6.8989994!4d107.6083813!16s%2Fg%2F11b67r7zkv!19sChIJFWAYckXmaC4RIR8oAq4xvDQ?authuser=0&hl=id&rclk=1","Mie Bakso Hidayah Mas Heru","4,6","(16)","·","Rp 1–25.000","Bakso","·","Gg. Pancasila No.241","Buka","· Tutup pukul 22.00","https://lh3.googleusercontent.com/gps-cs-s/APNQkAGRqCLeII_va15Pe12PtU2TM_1IOvvu2ZmM_xdWcXn-ZFvf62qKecy6EZw_zmPY1w0SqdyHb3-UEEy-xNtfUZNlDh8OHMl30d9N0kPJ2ZltzhTRRPMXhempVvfDIr6TJlsCJL212A=w163-h92-k-no","https://ssl.gstatic.com/local/servicebusiness/default_user.png","""lebih enak makan di luar, teras masjid.""","","","","","","",""
"https://www.google.com/maps/place/Nasi+Kuning+%26+Uduk+Ibu+Ai/data=!4m7!3m6!1s0x2e68e7e8a9cf527d:0xf88dbe9811b65f49!8m2!3d-6.8950014!4d107.6064314!16s%2Fg%2F11h42kftlj!19sChIJfVLPqejnaC4RSV-2EZi-jfg?authuser=0&hl=id&rclk=1","Nasi Kuning & Uduk Ibu Ai","4,0","(27)","·","Rp 1–25.000","Indonesia","·","Jl. Pelesiran Gang. Xlll No.130A 35B","Segera tutup","· 21.00 · Buka Sen pukul 06.00","https://lh3.googleusercontent.com/gps-cs-s/APNQkAEsS_6P0QJkD4LTZM4AbxFw_RfgFGlGwQITAK8CYA6RCtVfaJiquSb6a8XAMoOUd-IdKqv4Ykl3Ukhl58hkx2B12uO4LCmg07RcGn8lbodkcoIm0-B8VGDUAS_ni6qhzLoXsT_XGQ=w163-h92-k-no","https://ssl.gstatic.com/local/servicebusiness/default_user.png","""Mantaap , enak banget""","https://www.google.com/searchviewer/42?cvd=CLw_EicKJeICIjIgEhkiF9LX29IPEQoNL2cvMTFoNDJrZnRsahgBOgMI8A0%3D&hl=id-ID&gl=id&fo_m=MfohQo559jFvMUOzJVpjPL1YMfZ3bInYwBDuMfaXTPp5KXh-&utm_source=tactile&gei=p0v3aaT_I5Ov4-EPyJf-0As&ei=p0v3aaT_I5Ov4-EPyJf-0As&fo_s=OA&opi=79508299&orderType=1&ebb=1&cs=0&foub=mcpp","Pesan online","","","","",""
"https://www.google.com/maps/place/Resturant+Ylala+%26+cafe+%D9%85%D8%B7%D8%B9%D9%85+%D9%88+%D9%83%D8%A7%D9%81%D9%8A%D8%A9+%D9%8A%D8%A7%D9%84%D8%A7%D9%84%D8%A7+%D8%A8%D8%A7%D9%86%D8%AF%D9%88%D9%86%D9%82%E2%80%AD/data=!4m7!3m6!1s0x2e68e7dfc453753b:0xbabf2187330f8df7!8m2!3d-6.8938527!4d107.6057286!16s%2Fg%2F11fhn4yw4w!19sChIJO3VTxN_naC4R940PM4chv7o?authuser=0&hl=id&rclk=1","Resturant Ylala & cafe مطعم و كافية يالالا باندونق","4,2","(44)","","","Restoran Swabia","·","4J44+F75, Jl. Cihampelas Walk","","","https://lh3.googleusercontent.com/gps-cs-s/APNQkAHwdk2jcsiHYJuCfq8ZNeI0ou7sozYk1e9akmzHYDUtbhkMLqY9uMQMoDtQK_-wyWPQqCNS8jlDOAukCzSA_lqtdJ4gr4xSbzGzCrUzkLsjx9Uk3PpE9f8YtGKpRk-DIHz8mmj_=w122-h92-k-no","","","","","","","","",""
"https://www.google.com/maps/place/Takana+Juo+Rumah+Makan/data=!4m7!3m6!1s0x2e68e6513ae21695:0x28c94b70486c37a9!8m2!3d-6.8928398!4d107.6135134!16s%2Fg%2F1tkxpmly!19sChIJlRbiOlHmaC4RqTdsSHBLySg?authuser=0&hl=id&rclk=1","Takana Juo Rumah Makan","","","","","Padang","·","4J47+VC6, Jl. Ir. H. Juanda Gang Cinta Wangi","Segera tutup","· 21.00 · Buka Sen pukul 08.00","https://streetviewpixels-pa.googleapis.com/v1/thumbnail?panoid=3cyVGrHjjKVLucxuXptHaA&cb_client=search.gws-prod.gps&w=80&h=92&yaw=79.811386&pitch=0&thumbfov=100","","Makan di tempat","","","","","","·","Bawa pulang"
"https://www.google.com/maps/place/Bunda+Rumah+Makan/data=!4m7!3m6!1s0x2e68e644e46a6435:0x34cf8894a175b833!8m2!3d-6.898364!4d107.605963!16s%2Fg%2F11h0hl4p7!19sChIJNWRq5ETmaC4RM7h1oZSIzzQ?authuser=0&hl=id&rclk=1","Bunda Rumah Makan","","","","","Sunda","·","Jl. Kb. Bibit Sel. No.25","Segera tutup","· 21.00 · Buka Sen pukul 09.00","https://streetviewpixels-pa.googleapis.com/v1/thumbnail?panoid=x1_WaMR1ia9tKaI1dE8exA&cb_client=search.gws-prod.gps&w=80&h=92&yaw=199.0643&pitch=0&thumbfov=100","","Makan di tempat","","","","","","·","Bawa pulang"
"https://www.google.com/maps/place/Warung+Sate+Madura/data=!4m7!3m6!1s0x2e68e65aaf2df575:0xae57ee81a3f38a7d!8m2!3d-6.8967693!4d107.6093113!16s%2Fg%2F11f08x7wr9!19sChIJdfUtr1rmaC4RfYrzo4HuV64?authuser=0&hl=id&rclk=1","Warung Sate Madura","4,0","(1)","","","Sate","·","·","Buka","· Tutup pukul 23.00","https://streetviewpixels-pa.googleapis.com/v1/thumbnail?panoid=S9bGThQ_GDF9_poprVTiYg&cb_client=search.gws-prod.gps&w=80&h=92&yaw=11.066262&pitch=0&thumbfov=100","","Makan di tempat","","","","","Jl. Pelesiran No.2","·","Bawa pulang"
"https://www.google.com/maps/place/Bakso+Mojang+Baltos/data=!4m7!3m6!1s0x2e68e6453265e483:0x9d14de61391bff08!8m2!3d-6.8985246!4d107.609077!16s%2Fg%2F11c5h314sr!19sChIJg-RlMkXmaC4RCP8bOWHeFJ0?authuser=0&hl=id&rclk=1","Bakso Mojang Baltos","5,0","(2)","","","Bakso","·","Jl. Kebon Bibit No.21","Tutup","· Buka Sen pukul 10.00","https://lh3.googleusercontent.com/gps-cs-s/APNQkAHbRHGRMuWLuSt_ZAAk5HaHZvwGqA0O_fj_-2wBjUI4WaiE_ut6fdaAo2HDyMGPEmuc9QkeoQWkciYQpAC-S9MyKEf0-pfgFk2K_M0H71wxyhERlU3f6V2Y3Mb4jFEw2fzjAesa=w163-h92-k-no","https://ssl.gstatic.com/local/servicebusiness/default_user.png","""Semoga cepet buka lagi baso mojang nya""","","","","","","",""
"https://www.google.com/maps/place/Soto+Betawi+%26+Soto+Semarang/data=!4m7!3m6!1s0x2e68e6505e62335d:0x32cb465e61cc9c43!8m2!3d-6.8949632!4d107.6112922!16s%2Fg%2F11b6cphy0m!19sChIJXTNiXlDmaC4RQ5zMYV5GyzI?authuser=0&hl=id&rclk=1","Soto Betawi & Soto Semarang","4,4","(150)","·","Rp 1–25.000","Betawi","·","Ruko Bawah, Jl. Gelap Nyawang","Tutup","· Buka Sen pukul 07.00","https://lh3.googleusercontent.com/gps-cs-s/APNQkAH-6etsx1hUp1eupfNu0N5pm6YUvhLIEmNf_c-EsmT3r7GO3M9Oc92M7LDNVxHtvcMuhSF6T5g3o6MNPwTipjqvJY3fMLLV7yaZLgwhadJwUYVDpsaAJ4rkjfCVpmhMrdkr49haqw=w80-h106-k-no","https://ssl.gstatic.com/local/servicebusiness/default_user.png","""Kalau lagi pengin makan sayuran, Pecel Telornya juga enak.""","","","","","","",""
"https://www.google.com/maps/place/Baso+Solo+Luwes+Special/data=!4m7!3m6!1s0x2e68e6f7a905b2fd:0x68c5b5605b3b4597!8m2!3d-6.8847243!4d107.607223!16s%2Fg%2F11b6dg8c5g!19sChIJ_bIFqffmaC4Rl0U7W2C1xWg?authuser=0&hl=id&rclk=1","Baso Solo Luwes Special","4,0","(13)","","","Bakso","·","4J84+4V9, Jl. Siliwangi","Tutup","· Buka Sen pukul 09.00","https://lh3.googleusercontent.com/gps-cs-s/APNQkAGSlEF2dSzPl049RYH6cygHOIHjOSpuqdBdQHI9Rwc4lQ1RDIFYOaCuheMeWR6ungDaeIyQdOm2Hvfa0gPiQ6yg8TKFrWAXdtG7tY6WEfOumWtOnDA63PXTAAlQxGVt2odK5-YgSQ=w122-h92-k-no","","Makan di tempat","","","","","","·","Bawa pulang"
"https://www.google.com/maps/place/TANARANTAU/data=!4m7!3m6!1s0x2e68e73dfe40357f:0x52a5267e25641323!8m2!3d-6.897646!4d107.613163!16s%2Fg%2F11snpxcz3j!19sChIJfzVA_j3naC4RIxNkJX4mpVI?authuser=0&hl=id&rclk=1","TANARANTAU","","","","","Padang","·","Jl. Ir. H. Juanda No.70","Tutup","· Buka Sen pukul 09.00","https://streetviewpixels-pa.googleapis.com/v1/thumbnail?panoid=GxbhoqDsqi8mChxtnQPJig&cb_client=search.gws-prod.gps&w=80&h=92&yaw=101.476&pitch=0&thumbfov=100","","Makan di tempat","","","","","","·","Bawa pulang"
"https://www.google.com/maps/place/Soto+Pak+Lili/data=!4m7!3m6!1s0x2e68e6507e86cea9:0x76817f1c9319a4fc!8m2!3d-6.896475!4d107.6098677!16s%2Fg%2F11b6dfx7q2!19sChIJqc6GflDmaC4R_KQZkxx_gXY?authuser=0&hl=id&rclk=1","Soto Pak Lili","4,0","(1)","","","Soto Ayam","·","Ruko Bawah, Jl. Gelap Nyawang","Tutup","· Buka Sen pukul 08.00","https://lh3.googleusercontent.com/gps-proxy/ALd4DhGO-dYjxGjJVwaW2I88ZFj9eIITf5HAC1Wkwk7RlPlZHYrchTinKAY17yGWVp4R7roXqlWvZovlL49eewxz6MFWb84cLXI937hdsVvESpgrbuE3d465VEb_xO16aOyE8wkMadIyHFNh4HJP7xn1kI11ObFx3LbLlRD49iIut-dj-aBmSvy7g70hdlw51S2tUOwNlxU=w122-h92-k-no","","Makan di tempat","","","","","","·","Bawa pulang"
"https://www.google.com/maps/place/Yucca+-+Sushi/data=!4m7!3m6!1s0x2e68e64568348d01:0x347c5665da0cd16c!8m2!3d-6.898717!4d107.6087792!16s%2Fg%2F11bbx071_0!19sChIJAY00aEXmaC4RbNEM2mVWfDQ?authuser=0&hl=id&rclk=1","Yucca - Sushi","","","","","Jepang","·","Balubur Town Square, Jl. Tamansari No.3 Lantai 3","Buka","· Tutup pukul 22.00","https://lh3.googleusercontent.com/gps-proxy/ALd4DhEMdGR2x0s_tycdUvTLWr9-dCxUeCQervk7kXtaqbhS569IcproBIQKuBF8tqx09YnZht_375KYBv-Vuwnz2fU5_-pA7Mxq_WQgCcFD5rh_z4SAi4WmwArJOURRb4d5_FRGmmKL3Y-i8txx3F-sg-0Xl5gqYpyGYcZvtj-2NQ8Z509iu94C4ZWFi2VTf_WkPxf4Tf8=w122-h92-k-no","","Makan di tempat","","","","","","·","Bawa pulang"
"https://www.google.com/maps/place/Kembang+Tahu+Kang+IRFAN/data=!4m7!3m6!1s0x2e68e7069cfced21:0x88884ac817811f40!8m2!3d-6.893948!4d107.6127809!16s%2Fg%2F11qnrkhpnk!19sChIJIe38nAbnaC4RQB-BF8hKiIg?authuser=0&hl=id&rclk=1","Kembang Tahu Kang IRFAN","4,3","(3)","","","Pujasera","·","Jl. Ir. H. Juanda No.101, RW.02","Tutup","· Buka Sel pukul 07.00","https://lh3.googleusercontent.com/gps-cs-s/APNQkAHLjaoQ5gkdhgu8nGVLntoJ6qpmiBdm-Q56qwjes7tUpZY6PuCoKAe0SomQcAHrpUzxOAlHgfIfVOrzYwxoXdKL_UxaPHe2uYmJDpXAAditqJ5NVwufmW7orGzVJaGC3xZrZ1kI=w163-h92-k-no","","Makan di tempat","","","","","","·","Bawa pulang"
"https://www.google.com/maps/place/Warung+Lokal+Lotek+dan+Dimsum/data=!4m7!3m6!1s0x2e68e776f5791677:0x6ed9f8b50ddc89d7!8m2!3d-6.8970539!4d107.6071285!16s%2Fg%2F11r7tgv3ys!19sChIJdxZ59XbnaC4R14ncDbX42W4?authuser=0&hl=id&rclk=1","Warung Lokal Lotek dan Dimsum","","","","","Brunch","·","4J34+5VC, Jl. Kb. Bibit Utara","Segera tutup","· 21.00 · Buka Sen pukul 10.00","https://streetviewpixels-pa.googleapis.com/v1/thumbnail?panoid=EUQnzeD7JQKKJmr91IsKpw&cb_client=search.gws-prod.gps&w=80&h=92&yaw=95.82234&pitch=0&thumbfov=100","","Makan di tempat","","","","","","·","Bawa pulang"
"https://www.google.com/maps/place/Soto+ayam+madura+cak+malik/data=!4m7!3m6!1s0x2e68e760e9bf3389:0x1adb9db103bc204f!8m2!3d-6.8978379!4d107.6070613!16s%2Fg%2F11h_48lc_w!19sChIJiTO_6WDnaC4RTyC8A7Gd2xo?authuser=0&hl=id&rclk=1","Soto ayam madura cak malik","5,0","(6)","","","Soto Ayam","·","·","Tutup","· Buka Sen pukul 07.00","https://lh3.googleusercontent.com/gps-cs-s/APNQkAH61_MnV5kWXoTEHRgczv9-DSSj9u-tPHqfA6avHHe0m_u_SBwGfPBGZfrr-QIp--8xGnVYnVQ1qb0-Tzdu6KdVc5hCzU49per_h8Hiju_qI8WBinIT-oyEyksYSuioEeFvSY-hdJ2KYEM=w80-h106-k-no","https://ssl.gstatic.com/local/servicebusiness/default_user.png","""Worth it, harga 13k with nasi, soto aja 10k.""","https://www.google.com/searchviewer/42?cvd=CLw_EicKJeICIjIgEhkiF9LX29IPEQoNL2cvMTFoXzQ4bGNfdxgBOgMI8A0%3D&hl=id-ID&gl=id&fo_m=MfohQo559jFvMUOzJVpjPL1YMfZ3bInYwBDuMfaXTPp5KXh-&utm_source=tactile&gei=q0v3adHvIPGZ4-EPlN_bqQU&ei=q0v3adHvIPGZ4-EPlN_bqQU&fo_s=OA&opi=79508299&orderType=1&ebb=1&cs=0&foub=mcpp","Pesan online","","","sebrang tk sd smp pertiwi, Jl. Kebon Bibit","",""
"https://www.google.com/maps/place/Mie+Ayam+Baso+Mas+Yanto/data=!4m7!3m6!1s0x2e68e73972e7f25f:0xe5fe86719dad8bc5!8m2!3d-6.895798!4d107.6072654!16s%2Fg%2F11f9vs7j6r!19sChIJX_LncjnnaC4RxYutnXGG_uU?authuser=0&hl=id&rclk=1","Mie Ayam Baso Mas Yanto","4,8","(8)","","","Bakso","·","·","Segera tutup","· 21.00 · Buka Sen pukul 10.00","https://lh3.googleusercontent.com/gps-cs-s/APNQkAHemCp6INx208P47BPmQ05xd1Xqdu022Fi5NMG2HCMmYnQNUmJldBr0UQQEujQL1mgwIsjuGD6IyQxJAOil3PWgX3TpJTNgMNP0-a3BsA1RRv28DZFMO6enjUXlLDzJHwLSyh3kEw=w80-h106-k-no","https://ssl.gstatic.com/local/servicebusiness/default_user.png","""Semoga cepet buka lagi baso mojang nya""","","","","","Jl. Kb. Bibit Utara","",""
"https://www.google.com/maps/place/Baso+Tahu+Bima+Teuku+Umar/data=!4m7!3m6!1s0x2e68e656c91b47ef:0xda9737cdc5dcf3d8!8m2!3d-6.891727!4d107.6136982!16s%2Fg%2F11hbk9xts8!19sChIJ70cbyVbmaC4R2PPcxc03l9o?authuser=0&hl=id&rclk=1","Baso Tahu Bima Teuku Umar","4,4","(135)","·","Rp 25–50 rb","Bakso","·","Jl. Teuku Umar No.04, RT.03/RW.09","Tutup","· Buka Sen pukul 11.00","https://lh3.googleusercontent.com/gps-cs-s/APNQkAGVRNX0sKmY1c0MsuIfQruK5TllkNqy1IRIyJUj_tYWP8gtWFF_-TXHNrtLzQxVlDfWDTwbCiaWBS1MwFaAqjz-g18qCHRQ7iifIK6GdJDZD6Uyq8DnvA-JqfrMc6S7AP5bvzhFdw=w122-h92-k-no","https://ssl.gstatic.com/local/servicebusiness/default_user.png","""Enakk bgt, ikannya wangi dan ga amis, sambel kacangnya mantap""","https://www.google.com/searchviewer/42?cvd=CLw_EicKJeICIjIgEhkiF9LX29IPEQoNL2cvMTFoYms5eHRzOBgBOgMI8A0%3D&hl=id-ID&gl=id&fo_m=MfohQo559jFvMUOzJVpjPL1YMfZ3bInYwBDuMfaXTPp5KXh-&utm_source=tactile&gei=q0v3adHvIPGZ4-EPlN_bqQU&ei=q0v3adHvIPGZ4-EPlN_bqQU&fo_s=OA&opi=79508299&orderType=1&ebb=1&cs=0&foub=mcpp","Pesan online","","","","",""
"https://www.google.com/maps/place/Rumah+Makan+Sunda+%26+Coffee+Shop+Dapoer+Zaloe+Catering+%26+Bakery/data=!4m7!3m6!1s0x2e68e54de5bf5609:0x59447af772c189cc!8m2!3d-6.8593636!4d107.5529038!16s%2Fg%2F11fjv8dxtq!19sChIJCVa_5U3laC4RzInBcvd6RFk?authuser=0&hl=id&rclk=1","Rumah Makan Sunda & Coffee Shop Dapoer Zaloe Catering & Bakery","4,9","(54)","·","Rp 25–50 rb","Rumah Makan","·","Jl. Permana Blk. C No.7 No. 88, RT./RW/RW.04/06","Segera tutup","· 21.00 · Buka Sen pukul 09.00","https://lh3.googleusercontent.com/gps-cs-s/APNQkAFuLjjomDC4seeqE1N8GQBlI4_CdyH-zawOyhFfJRcaDkfMmjEwqjUWFOQbgVPAM0YIUFBPQjFJxEHjxZD7m2EBJEedTjHvgMME4BNwRRPTW6_-ua4Tm6H2zFr-KCHOZHOqWXw=w122-h92-k-no","https://ssl.gstatic.com/local/servicebusiness/default_user.png","""Makanan Enak, Rasa Enak, Tempat Nyaman""","","","","","","",""
"https://www.google.com/maps/place/Bakso+Malang+Kiara/data=!4m7!3m6!1s0x2e68e7ef4af13e99:0x93ccbed7ef7b8daf!8m2!3d-6.8985818!4d107.6093007!16s%2Fg%2F11tp9v6zq4!19sChIJmT7xSu_naC4Rr41779e-zJM?authuser=0&hl=id&rclk=1","Bakso Malang Kiara","4,0","(22)","·","Rp 25–50 rb","Sesuai untuk keluarga","","","Tutup","· Buka Sen pukul 10.00","https://lh3.googleusercontent.com/gps-cs-s/APNQkAEqP8rLWzEUupi8XF4m4SI5rLIBmdEttmXW918BWpGytZUiaZzn7Ch70CXCOmVNIS6Phm8D8vtK-_p23Kb3rWkrDWMeF0Yzc94ZnllB1sQDqMhmzMAuCGjjqlmzFeIm2RGwTatl6Q=w163-h92-k-no","https://ssl.gstatic.com/local/servicebusiness/default_user.png","""Bakso telornya juara, pas di balkon seberang Rektorat ITB""","","","","","","",""
"https://www.google.com/maps/place/Ayam+Goreng+COMAT/data=!4m7!3m6!1s0x2e68e644e46a6435:0xfaecc8b3d088755c!8m2!3d-6.8987295!4d107.6067927!16s%2Fg%2F1v2sjdgs!19sChIJNWRq5ETmaC4RXHWI0LPI7Po?authuser=0&hl=id&rclk=1","Ayam Goreng COMAT","","","","","Ayam Goreng","·","Jl. Pasir Kaliki No. 71 C Pasirkaliki Cicendo Bandung Jawa Barat","","","https://streetviewpixels-pa.googleapis.com/v1/thumbnail?panoid=J1c-rlePuueDY5kduR7amQ&cb_client=search.gws-prod.gps&w=80&h=92&yaw=292.4981&pitch=0&thumbfov=100","","Makan di tempat","","","","","","·","Bawa pulang"
"https://www.google.com/maps/place/Warung+seblak+intan/data=!4m7!3m6!1s0x2e68e791c7d170d3:0xc88deab915b03594!8m2!3d-6.8970835!4d107.6090589!16s%2Fg%2F11kjzmxcpk!19sChIJ03DRx5HnaC4RlDWwFbnqjcg?authuser=0&hl=id&rclk=1","Warung seblak intan","5,0","(3)","","","Seblak","·","Jl. Pelesiran No.1","Tutup","· Buka Sen pukul 11.00","https://lh3.googleusercontent.com/gps-cs-s/APNQkAGso7AnvP8ClNvA5XgfZblmmuzqdo3siLxJP9HlrkT484vP_8n2sh_jPCvKuEIQw4ex86PZyG0qBov6dvXjt8Ab-p-Lsksvn0VIgjeg9gjYTOBS5L1lzlTdsZbTpTPeLF8M2zqXrGvYJIeD=w80-h106-k-no","https://ssl.gstatic.com/local/servicebusiness/default_user.png","""Sebaliknya mantap 👍""","","","","","","",""
"https://www.google.com/maps/place/Ongkog+Lohor+Resto+Cafe/data=!4m7!3m6!1s0x2e68e57e79ebabbb:0x9d969cfdbd5b223!8m2!3d-6.8634027!4d107.5210851!16s%2Fg%2F11hz_l0z47!19sChIJu6vreX7laC4RI7LV289p2Qk?authuser=0&hl=id&rclk=1","Ongkog Lohor Resto Cafe","4,5","(53)","","","Restoran","","","Buka","· Tutup pukul 22.00","https://lh3.googleusercontent.com/gps-cs-s/APNQkAHCyWaB7P1gbahdktzF8-geo12awo4g35PjBeNZjjf8_eU5PHxnJTAUxd3eLQavgGk6IHCY37Q5LA2qrxUNcu9s6EsGeZn9Nj6S7l1kPuN8yALKevmR2xh9esGsejrPWQNnH-DMwQ=w122-h92-k-no","","Makan di tempat","","","","","","·","Bawa pulang"
"https://www.google.com/maps/place/Go+Food/data=!4m7!3m6!1s0x2e68e64546b374b3:0xf4d37469633cb13f!8m2!3d-6.8983314!4d107.6085213!16s%2Fg%2F11t4kg1nx_!19sChIJs3SzRkXmaC4RP7E8Y2l00_Q?authuser=0&hl=id&rclk=1","Go Food","","","","","Restoran","","","","","https://streetviewpixels-pa.googleapis.com/v1/thumbnail?panoid=IgArieUmz1CEIpdcMS-Qjg&cb_client=search.gws-prod.gps&w=80&h=92&yaw=156.68004&pitch=0&thumbfov=100","","Makan di tempat","","","","","","·","Bawa pulang"
"https://www.google.com/maps/place/Rm+Da+In+Kapau/data=!4m7!3m6!1s0x2e68e6505f45c8b9:0x1db669c9f1ea728a!8m2!3d-6.8948307!4d107.6115452!16s%2Fg%2F11cs05rscv!19sChIJuchFX1DmaC4RinLq8clpth0?authuser=0&hl=id&rclk=1","Rm Da In Kapau","","","","","Padang","·","4J46+3J7, Jl. Gelap Nyawang","Tutup","· Buka Sen pukul 09.00","https://streetviewpixels-pa.googleapis.com/v1/thumbnail?panoid=K7q6kcPDuo5VeYYytG2dJw&cb_client=search.gws-prod.gps&w=80&h=92&yaw=192.14151&pitch=0&thumbfov=100","","Makan di tempat","","","","","","·","Bawa pulang"
"","","","","","","","","","","","","","","","","","","","",""