"hfpxzc href","qBF1Pd","MW4etd","UY7F9","W4Efsd","W4Efsd 2","W4Efsd 3","W4Efsd 4","W4Efsd 5","FQ2IWe src","Jn12ke src","ah5Ghc","ah5Ghc 2","ah5Ghc 3","A1zNzb href","J8zHNe","bbPy1","doJOZc","W4Efsd 6","AJB7ye","AJB7ye 2"
"","","","","","","","","","","","","","","","","","","","",""
"","","","","","","","","","","","","","","","","","","","",""
"https://www.google.com/maps/place/Ice+Cream+Bandoeng+Van+Java/data=!4m7!3m6!1s0x2e68e64f9bf32183:0x82d6ba167bffbd5!8m2!3d-6.8994813!4d107.6107041!16s%2Fg%2F11b67jxswv!19sChIJgyHzm0_maC4R1fu_Z6FrLQg?authuser=0&hl=id&rclk=1","Ice Cream Bandoeng Van Java","4,4","(57)","Es Krim","·","Jl. Sulanjana No.30","Segera tutup","· 21.00 · Buka Sen pukul 06.00","https://lh3.googleusercontent.com/gps-cs-s/APNQkAF9wg3Yb8HnUn3zuZbWOYoO_bt1vm6nzOV7Z2NeC2bl9R4IS_GSVmkHkrKTqqjg_2Htw0e66k-f5eFU3PV78SCXgLP-ZaxmiLSfXpMsAmAqG79auwcpRGbNRaO4Do42McO150c=w92-h92-k-no","https://ssl.gstatic.com/local/servicebusiness/default_user.png","""Untuk penutup, jelas","ice cream","atau banyak yang hangat""","","","","","","",""
"https://www.google.com/maps/place/MIXUE+Dipatiukur/data=!4m7!3m6!1s0x2e68e7007ce77509:0xe767302cf208d158!8m2!3d-6.8877761!4d107.6154758!16s%2Fg%2F11mkkr8yys!19sChIJCXXnfADnaC4RWNEI8iwwZ-c?authuser=0&hl=id&rclk=1","MIXUE Dipatiukur","4,9","(192)","Es Krim","·","Jl. Dipati Ukur No.96, Rt.002/013, d Jl. Dipati Ukur No.96","Buka","· Tutup pukul 22.00","https://lh3.googleusercontent.com/gps-cs-s/APNQkAHl53xDBW5d8uR3uONTE7QBSd8dWBzuM9Z-Gu-wNzcfZ2nGlZBx1393ehaqAXKYFnaP8rtlt9msW5mxxeObxqGkzieqZM-mdIpdCuEGBypzpHKHZ4qmmo71g4J44f9WqU48pjkidrTYxjpV=w163-h92-k-no","https://ssl.gstatic.com/local/servicebusiness/default_user.png","""Beli","es krim",", bonus kebahagiaan.""","https://www.google.com/searchviewer/42?cvd=CLw_EicKJeICIjIgEhkiF9LX29IPEQoNL2cvMTFta2tyOHl5cxgBOgMI8A0%3D&hl=id-ID&gl=id&fo_m=MfohQo559jFvMUOzJVpjPL1YMfZ3bInYwBDuMfaXTPp5KXh-&utm_source=tactile&gei=Wkz3aeaeON2Z4-EP0bGEmA4&ei=Wkz3aeaeON2Z4-EP0bGEmA4&fo_s=OA&opi=79508299&orderType=1&ebb=1&cs=0&foub=mcpp","Pesan online","","","","",""
"https://www.google.com/maps/place/Es+Krim+Tunggal/data=!4m7!3m6!1s0x2e68e7a1961dcb11:0x40798664085de0b9!8m2!3d-6.8934693!4d107.6049531!16s%2Fg%2F11vpcddvc9!19sChIJEcsdlqHnaC4RueBdCGSGeUA?authuser=0&hl=id&rclk=1","Es Krim Tunggal","4,9","(41)","Es Krim","·","Jl. Cihampelas No.160, Cipaganti, Kecamatan Coblong Ciwalk GF-17, Lantai Ground Floor Extension","Buka","· Tutup pukul 22.00","https://lh3.googleusercontent.com/gps-cs-s/APNQkAEvP_7XcGH8IQJi_MftzdZbse_G0wVqsSQ1MaSFpwA18mEXo8fFQPEi9D94a5kg9KL1cnyXPd7jVSuapxXGWVzBq16fkPb3eKaQVGl_nh6Tv9DvE-IpVtcDbmM3nQKYZkXrlxoM5w=w80-h142-k-no","https://ssl.gstatic.com/local/servicebusiness/default_user.png","""rasanya unikk beda dengan","es krim","lain nya!!""","","","","","","",""
"https://www.google.com/maps/place/Tianlala+Tamansari/data=!4m7!3m6!1s0x2e68e70018338ab3:0x9e314478c8bbf585!8m2!3d-6.901355!4d107.6084228!16s%2Fg%2F11zkrdd99p!19sChIJs4ozGADnaC4RhfW7yHhEMZ4?authuser=0&hl=id&rclk=1","Tianlala Tamansari","4,9","(39)","Es Krim","·","Jl. Tamansari No.15","Buka","· Tutup pukul 22.00","https://lh3.googleusercontent.com/gps-cs-s/APNQkAEuOlwibJtlOGvVztN_LSBm0uI_bHWXYqmn481FjMRcGExJprKwdIXrXxhRaxS1vNZdb81Wex-G9OimqWRn-IqEFzqcjF9Hwzi3_-ABE4EGFLfwX8YpgembnotjFEI1QFuJ95OsY3al7een=w104-h92-k-no","https://ssl.gstatic.com/local/servicebusiness/default_user.png","""","ice","creamnyaa mantaapo jossss!!!""","https://www.google.com/searchviewer/42?cvd=CLw_EicKJeICIjIgEhkiF9LX29IPEQoNL2cvMTF6a3JkZDk5cBgBOgMI8A0%3D&hl=id-ID&gl=id&fo_m=MfohQo559jFvMUOzJVpjPL1YMfZ3bInYwBDuMfaXTPp5KXh-&utm_source=tactile&gei=Wkz3aeaeON2Z4-EP0bGEmA4&ei=Wkz3aeaeON2Z4-EP0bGEmA4&fo_s=OA&opi=79508299&orderType=1&ebb=1&cs=0&foub=mcpp","Pesan online","","","","",""
"https://www.google.com/maps/place/Tianlala+Ciwalk/data=!4m7!3m6!1s0x2e68e7e87bdd0d61:0x2de498f9b65f25d1!8m2!3d-6.8944374!4d107.6047633!16s%2Fg%2F11x__95l7l!19sChIJYQ3de-jnaC4R0SVftvmY5C0?authuser=0&hl=id&rclk=1","Tianlala Ciwalk","4,8","(114)","Es Krim","·","·","Buka","· Tutup pukul 22.00","https://lh3.googleusercontent.com/gps-cs-s/APNQkAE1tVFI7LlpFRYn3SobE7OGdf8tj3bG5rkR18bsGsCXxNB6FndFdTbUwd4GORMr-r5GeMnCRUmwthyBYW-QD7lRlNqQefRkoQCmR2ZSZN_-HDccGX1E37iBwr3pMkPr_euPJzXJ0m5yUmfw=w80-h106-k-no","https://ssl.gstatic.com/local/servicebusiness/default_user.png","""pelayanan nyaa baik dan ramah
buat","es","krimnya enakk banget 😍😍""","https://www.google.com/searchviewer/42?cvd=CLw_EicKJeICIjIgEhkiF9LX29IPEQoNL2cvMTF4X185NWw3bBgBOgMI8A0%3D&hl=id-ID&gl=id&fo_m=MfohQo559jFvMUOzJVpjPL1YMfZ3bInYwBDuMfaXTPp5KXh-&utm_source=tactile&gei=Wkz3aeaeON2Z4-EP0bGEmA4&ei=Wkz3aeaeON2Z4-EP0bGEmA4&fo_s=OA&opi=79508299&orderType=1&ebb=1&cs=0&foub=mcpp","Pesan online","","","Cihampelas Walk. Jalan Cihampelas. 160, unit K-16, Lt. 1","",""
"https://www.google.com/maps/place/Mangkok+Manis/data=!4m7!3m6!1s0x2e68e644a71f13f7:0xbf82693e8ab25b50!8m2!3d-6.8989117!4d107.6037978!16s%2Fg%2F11b60sf9jj!19sChIJ9xMfp0TmaC4RUFuyij5pgr8?authuser=0&hl=id&rclk=1","Mangkok Manis","4,5","(3.846)","Kedai Hidangan Penutup","·","Jl. Cihampelas No.95","Buka","· Tutup pukul 22.00","https://lh3.googleusercontent.com/gps-cs-s/APNQkAGDHYYahQO-uWze-4dToJAk1uswbNzl56LkR7Vixgs_e1RCstkOX-yFvkFH0DFP1xm6G5iOtCksvZeFVg488EE5wLUXPpn81hagFQuJml6KfhyS8Vsj_Zk6HbpK55p8iCXUXRb4xQ=w138-h92-k-no","https://www.gstatic.com/local/justifications/menu_highlight_24pd_G650.png","Menu yang ditandai:","es krim","","https://www.google.com/searchviewer/42?cvd=CLw_EicKJeICIjIgEhkiF9LX29IPEQoNL2cvMTFiNjBzZjlqahgBOgMI8A0%3D&hl=id-ID&gl=id&fo_m=MfohQo559jFvMUOzJVpjPL1YMfZ3bInYwBDuMfaXTPp5KXh-&utm_source=tactile&gei=Wkz3aeaeON2Z4-EP0bGEmA4&ei=Wkz3aeaeON2Z4-EP0bGEmA4&fo_s=OA&opi=79508299&orderType=1&ebb=1&cs=0&foub=mcpp","Pesan online","","","Kafe simpel makanan penutup & rumahan","·","$$"
"https://www.google.com/maps/place/Salmanis/data=!4m7!3m6!1s0x2e68e7391e13481b:0x2c4a18cd1ae93caa!8m2!3d-6.8942058!4d107.610872!16s%2Fg%2F11tjl2ptcr!19sChIJG0gTHjnnaC4RqjzpGs0YSiw?authuser=0&hl=id&rclk=1","Salmanis","5,0","(49)","Es Krim","·","Kantin Salman, Jl. Gelap Nyawang No.4","Tutup","· Buka Sen pukul 09.00","https://lh3.googleusercontent.com/gps-cs-s/APNQkAHFUOZkJbAO-Brkee339ejQNNbLp2TJfIcWHXeqUVzeOM67YQE1dBCqKXGEBaJzzoFGa_dHJHKlWPWQaPukB49JtADUHgLFGzoQXlmbXJyHSX3LzQ00G0m4-3yUtvdfOmA0I_z1Tg=w80-h177-k-no","https://ssl.gstatic.com/local/servicebusiness/default_user.png","""","Es krim","nya enak, dan harga murah bangeettt.""","","","","","","",""
"https://www.google.com/maps/place/Momoyo+Dago/data=!4m7!3m6!1s0x2e68e7b969ad8061:0x5aa0d7f6e5139a4c!8m2!3d-6.8830206!4d107.6149948!16s%2Fg%2F11vc2g4jfw!19sChIJYYCtabnnaC4RTJoT5fbXoFo?authuser=0&hl=id&rclk=1","Momoyo Dago","4,9","(1.794)","Es Krim","·","Jl. Ir. H. Juanda No.244","","","https://lh3.googleusercontent.com/gps-cs-s/APNQkAG30DYze14K0rwe4P63J98S8qioxVvPB_jsfUY7LhKyuImKv42a956RyaFDkZck29iE6Cl-2zAY6YSMQ1sHASlzPmVtrbjHe1PN7HOdpoMgld-wO-D3kIA8dcEfWb2Z9oICiz2NUYl6Hyzh=w80-h106-k-no","https://ssl.gstatic.com/local/servicebusiness/default_user.png","""Tempat beli","es krim","yang murah tapi rasanya enak.""","https://www.google.com/searchviewer/42?cvd=CLw_EicKJeICIjIgEhkiF9LX29IPEQoNL2cvMTF2YzJnNGpmdxgBOgMI8A0%3D&hl=id-ID&gl=id&fo_m=MfohQo559jFvMUOzJVpjPL1YMfZ3bInYwBDuMfaXTPp5KXh-&utm_source=tactile&gei=Wkz3aeaeON2Z4-EP0bGEmA4&ei=Wkz3aeaeON2Z4-EP0bGEmA4&fo_s=OA&opi=79508299&orderType=1&ebb=1&cs=0&foub=mcpp","Pesan online","","","","",""
"https://www.google.com/maps/place/IKUYO+Japanese+Snack+and+Ice+Cream/data=!4m7!3m6!1s0x2e68e7cada2e4fcb:0x6bd8f3c96e7a9f81!8m2!3d-6.8938055!4d107.6056029!16s%2Fg%2F11sv748z4w!19sChIJy08u2srnaC4RgZ96bsnz2Gs?authuser=0&hl=id&rclk=1","IKUYO Japanese Snack and Ice Cream","3,9","(102)","Es Krim","·","Jl. Cihampelas No.160","Buka","· Tutup pukul 22.00","https://lh3.googleusercontent.com/gps-cs-s/APNQkAFR5Bp8L8FdZTwau3-XZ3eIfCo9rftv7N_Hrph2I7WSNPENEIlgTRjCTVROZpeAk8IepMzPXXyOkXNpsYeMr5HjG5VD4Wqz2Njk2qE8B0BjGt3FENGwy7_NYE2bMSSzucYCooAy=w80-h106-k-no","https://ssl.gstatic.com/local/servicebusiness/default_user.png","""","Es krim","yang ada mochinya bikin kenyang banget deh.""","","","","","","",""
"https://www.google.com/maps/place/Seroja+Ernestine/data=!4m7!3m6!1s0x2e68e7de066b2369:0x9241bad7e3dcfab4!8m2!3d-6.8934741!4d107.6124841!16s%2Fg%2F11p5f3zh4t!19sChIJaSNrBt7naC4RtPrc49e6QZI?authuser=0&hl=id&rclk=1","Seroja Ernestine","4,7","(1.360)","Toko Roti","·","·","Segera tutup","· 21.00 · Buka Sen pukul 09.00","https://lh3.googleusercontent.com/gps-cs-s/APNQkAGBks2ZvyVa_EZfe-dpUGOmEYLxSYJluOsq1XdJii2Kv9Z8vMiZu_mNzXDRFUqE1k5P0e9OJSThZrn-JyaCOU_GS6flaBcWu1oXi8G9vytJK5NsrxBrYaX0f3LaLkmCPxYH-pyI=w80-h142-k-no","https://ssl.gstatic.com/local/servicebusiness/default_user.png","""Krimnya creamy dan cenderung gurih, tidak manis.""","","","","","","","Jl. Ganesa No.4","·","Rp 25–50 rb"
"https://www.google.com/maps/place/Lacafaca+Dipatiukur/data=!4m7!3m6!1s0x2e68e7231519fd67:0x4954397d7d6e79b4!8m2!3d-6.8916566!4d107.6175226!16s%2Fg%2F11s2n2cx3j!19sChIJZ_0ZFSPnaC4RtHlufX05VEk?authuser=0&hl=id&rclk=1","Lacafaca Dipatiukur","4,9","(37)","Es Krim","·","Jl. Dipati Ukur No.232","Buka","· Tutup pukul 21.30","https://lh3.googleusercontent.com/gps-cs-s/APNQkAGVsYgLwz69QxOQnt5Zlbp0jP67dheqeADgoBHBQ7npYo6rE89S5OGzixnq2o7il04p3fQw9VXFYico7pzmeRi-cuodvrh-3wnhDttrwwe6muWdXtvzXYYzAqKvyCou5jWodp9Ndw=w80-h98-k-no","https://ssl.gstatic.com/local/servicebusiness/default_user.png","""Recomend banget👍👍👍""","","","","","","","","",""
"https://www.google.com/maps/place/The+Original+Gelato-Cihampelas+Walk/data=!4m7!3m6!1s0x2e68e7007199668f:0x9ad244d73c5be645!8m2!3d-6.893436!4d107.6057025!16s%2Fg%2F11xdhpgr3h!19sChIJj2aZcQDnaC4RReZbPNdE0po?authuser=0&hl=id&rclk=1","The Original Gelato-Cihampelas Walk","5,0","(4)","Es Krim","·","4J44+J7G, Jl. Cihampelas","Buka","· Tutup pukul 22.00","https://lh3.googleusercontent.com/gps-cs-s/APNQkAFCYeFt_ngRJHp6li9zZvVQEvxIJfOU2lCTK8qw1ZN8OcFs2bWmCx8mv06DWM5OKf8JMvh9_8_LUWlaoetW4FMJYT-8he2kyEFRCKRPYZqEDYR9ZPdtJ2DC0yEOGDa8HHFdir76DoGLUTT3=w80-h106-k-no","","Bawa pulang","","","","","","","","",""
"https://www.google.com/maps/place/Libero+%28Coffee+%E2%80%A2+Kitchen+%E2%80%A2+Gelato%29/data=!4m7!3m6!1s0x2e68e713001bdec9:0x91fb08083c11a246!8m2!3d-6.9028632!4d107.6106936!16s%2Fg%2F11vwjg04yh!19sChIJyd4bABPnaC4RRqIRPAgI-5E?authuser=0&hl=id&rclk=1","Libero (Coffee • Kitchen • Gelato)","4,7","(669)","Es Krim","·","·","Buka","· Tutup pukul 22.00","https://lh3.googleusercontent.com/gps-cs-s/APNQkAEhIxOOQeJfrTwP3OPtbFGh-m_gbHFu3vHHlCykCK4btfw8I5qQKFkyhKBnRJvnGH_wuFU8p4gA5xwN4CkQnTvvINTP4hr6JnPPw2vsl-X8Zw3RWEwCiMrBlucm9NKp6FwgPsPtWg=w80-h106-k-no","https://ssl.gstatic.com/local/servicebusiness/default_user.png","""Pesan gelato rasa berries sorbet & strawberry cheese ga ada yang gagal.""","","","","","","","Jl. Ranggagading No.10","",""
"https://www.google.com/maps/place/Scoop+%26+Skoops+Cihapit/data=!4m7!3m6!1s0x2e68e77a1744db4d:0x7ddc78f3eb27c225!8m2!3d-6.908259!4d107.621759!16s%2Fg%2F11tj7ybtns!19sChIJTdtEF3rnaC4RJcIn6_N43H0?authuser=0&hl=id&rclk=1","Scoop & Skoops Cihapit","4,9","(165)","Es Krim","·","Jl. Cihapit No.8C","Segera tutup","· 21.00 · Buka Sen pukul 12.00","https://lh3.googleusercontent.com/gps-cs-s/APNQkAF8hHYaWi4zh7XnjHsQVzzsVFxPcxueBxuCHBjBOIRm-1Su92vvlbTzwAZ7fbbzzMTZAOjA5hvlfKzdmgSWFeE5gXZyP39S2UG4Zw6D1-QdFQnkBHMsnUKSNdpkRxrDtzfOqrjjnA=w122-h92-k-no","https://ssl.gstatic.com/local/servicebusiness/default_user.png","""","Es krim","rasa chocomint, coklat n stroberi nya enak banget""","","","","","","",""
"https://www.google.com/maps/place/Mr.+POOPIE/data=!4m7!3m6!1s0x2e68e7a77e91d881:0x20769629e827cf95!8m2!3d-6.8949496!4d107.6168387!16s%2Fg%2F11sdc5hfkx!19sChIJgdiRfqfnaC4Rlc8n6CmWdiA?authuser=0&hl=id&rclk=1","Mr. POOPIE","4,8","(10)","Es Krim","·","Jl. Dipati Ukur No.33","Segera tutup","· 21.00 · Buka Sen pukul 12.00","https://lh3.googleusercontent.com/gps-cs-s/APNQkAFa88W-KAlo1isLhg5aDDytzyeT2W6Y-IksDvbNiY1s6ZAAZ9jybyPeEM-IbD1hupnygwt7dJY1U4BnY8gk9ColIDX_Cn6JQGrpvwh9v--Znt0Xy5FxCN852-hJYJIX4TRoVUQX=w80-h142-k-no","https://ssl.gstatic.com/local/servicebusiness/default_user.png","""Tekstur","ice","creamnya padet, creamy, crispy, unik gitu.""","","","","","","",""
"https://www.google.com/maps/place/Pietro%27s+Gelato/data=!4m7!3m6!1s0x2e68e65bbed42001:0x1b9ab377a63b642d!8m2!3d-6.8932173!4d107.6045149!16s%2Fg%2F11hb72fgbm!19sChIJASDUvlvmaC4RLWQ7pnezmhs?authuser=0&hl=id&rclk=1","Pietro's Gelato","4,2","(5)","Es Krim","·","4J43+PR6, Jl. Cihampelas","Segera tutup","· 21.00 · Buka Sen pukul 10.00","https://lh3.googleusercontent.com/gps-cs-s/APNQkAH5wrlPY8QmVHQSefb7eLwuO73Xck59tDANViQ3Y57ecj9s5M3bliJhOdtSF0IMnd13zf9WAc_Ntvxt0SY0eLq7dVZNGxChCwTaFxv8Vs8y_1k2Si_jCuT-aI9Mqy_yFVkyb2v9dQ=w80-h142-k-no","","Makan di tempat","Bawa pulang","","","","","","","",""
"https://www.google.com/maps/place/Redspoon+Creamery/data=!4m7!3m6!1s0x2e68e7a69b4f8c73:0x9e9420f863a3bd6a!8m2!3d-6.8794951!4d107.6032026!16s%2Fg%2F11yf1xgm0m!19sChIJc4xPm6bnaC4Rar2jY_gglJ4?authuser=0&hl=id&rclk=1","Redspoon Creamery","5,0","(1.283)","Es Krim","·","Jl. Ciumbuleuit No.101","Segera tutup","· 21.00 · Buka Sen pukul 11.30","https://lh3.googleusercontent.com/gps-cs-s/APNQkAHC_kPQ_eltvUb4yZ4B2Rd5gibhBgnkH_BfXk68HjEUKmVT-lQZmrLYlwZUL0oBIsGxBLnjhVTasHRYsjytMiJcC98dVBddibNsGTeAII7yciC_-ZPWPL4ivwCpHql_xfTdBJ-9MPxhsKWR=w80-h142-k-no","https://ssl.gstatic.com/local/servicebusiness/default_user.png","""enak enak banget","es","krimnya dari yang manis sampai yg seger pun ada""","","","","","","",""
"https://www.google.com/maps/place/I+Scream+for+Ice+Cream/data=!4m7!3m6!1s0x2e68e645e53e341d:0x4e0ea4604a4a6171!8m2!3d-6.9016283!4d107.6093016!16s%2Fg%2F1vb67tzp!19sChIJHTQ-5UXmaC4RcWFKSmCkDk4?authuser=0&hl=id&rclk=1","I Scream for Ice Cream","4,1","(177)","Es Krim","·","·","Tutup","· Buka Sen pukul 10.00","https://lh3.googleusercontent.com/gps-cs-s/APNQkAHIW5s4-Jn3Z5TZcnIdxOEktEfRQC-ZYdJ2MGlJLCFonPIOIe69LJmEnwHU6GxlmG9kWteBcfDnf8bU_MmFg3-qqZ4Vfl3Ilhk1dLyDrJUUNHkuzAJYW6hrheAaq-e1coDnT2PY=w92-h92-k-no","https://ssl.gstatic.com/local/servicebusiness/default_user.png","""","Toko es","puter dan homemade","","","","","Jl. Hariangbanga No.17","·","$$"
"https://www.google.com/maps/place/Morenos/data=!4m7!3m6!1s0x2e68e64fd355696f:0x2c07eb65f15c1271!8m2!3d-6.8976554!4d107.6126224!16s%2Fg%2F11bc7r4j31!19sChIJb2lV00_maC4RcRJc8WXrByw?authuser=0&hl=id&rclk=1","Morenos","4,3","(10)","Es Krim","·","Jl. Ir. H. Juanda No.83","Tutup","· Buka Sen pukul 10.00","https://lh3.googleusercontent.com/gps-cs-s/APNQkAEq4zzCC72AxiP4EkqynGXQZMmbxmJX3U_o2cuGZUXVJzVdXdtdvUkx3BiE7Szj6pJs__SbbtXQ4VZ1CC56OG-MmsbHXAlZuDdyWdds8Rq_TE3luT-ad2cddIC4f8reBFVUfwWOq1f-An4=w163-h92-k-no","https://ssl.gstatic.com/local/servicebusiness/default_user.png","""Rasa Gelatonya lumayan enak.""","","","","","","","","",""
"https://www.google.com/maps/place/Bakeslane/data=!4m7!3m6!1s0x2e68e70037a4a53b:0x79aace757dac427a!8m2!3d-6.8932917!4d107.615422!16s%2Fg%2F11lcl9xchg!19sChIJO6WkNwDnaC4RekKsfXXOqnk?authuser=0&hl=id&rclk=1","Bakeslane","4,7","(558)","Toko Roti","·","Jl. Imam Bonjol No.16","Segera tutup","· 21.00 · Buka Sen pukul 08.00","https://lh3.googleusercontent.com/gps-cs-s/APNQkAHIq_y5ecroiySnWFz1pqxgzKUZPNOaKXHRsXZhofpJ6b1Q7kn9t69WzFdnrADF9T3RLjP01wNPfP3NxI3HSngqzdFYOSYm0uCF8vU1_OYpa7azc2UQWj-b4KqRd2LW0LwQrfKojWyvUzk=w80-h106-k-no","https://ssl.gstatic.com/local/servicebusiness/default_user.png","""Gak giung.. dengan topping","es krim","dan potongan strawberry 👌🏻""","https://www.google.com/searchviewer/42?cvd=CLw_EicKJeICIjIgEhkiF9LX29IPEQoNL2cvMTFsY2w5eGNoZxgAOgMI8A0%3D&hl=id-ID&gl=id&fo_m=MfohQo559jFvMUOzJVpjPL1YMfZ3bInYwBDuMfaXTPp5KXh-&utm_source=tactile&gei=Wkz3aeaeON2Z4-EP0bGEmA4&ei=Wkz3aeaeON2Z4-EP0bGEmA4&fo_s=OA&opi=79508299&ebb=1&cs=0&foub=mcpp","Pesan online","","","","·","Rp 50–75 rb"
"https://www.google.com/maps/place/Madalangu+Bakehouse/data=!4m7!3m6!1s0x2e68e65237515555:0xc5d14d27d65dbb37!8m2!3d-6.8969675!4d107.6148176!16s%2Fg%2F11rkdv4wr4!19sChIJVVVRN1LmaC4RN7td1idN0cU?authuser=0&hl=id&rclk=1","Madalangu Bakehouse","4,5","(535)","Toko Roti","·","·","Buka","· Tutup pukul 22.00","https://lh3.googleusercontent.com/gps-cs-s/APNQkAH9l1alDrUtQ0M87en41w1bDepPsPfoRemqySq7NLD7Filr1p9N9XIOjHXQqcCnWQLxKp9Fmvcs5_r61o9z2dBspeY5u5q5Ii0BXIvXI8v3K16DYJwCYmIFzfJtgc7ducQJ0j0c1A=w163-h92-k-no","https://ssl.gstatic.com/local/servicebusiness/default_user.png","""Udah coba cromboloni, donat biasa, dona","es krim",", croissant coklat.""","","","","","Jl. Pager Gunung No.3","·","Rp 25–50 rb"
"https://www.google.com/maps/place/Latteria+gelato/data=!4m7!3m6!1s0x2e68e7060089c805:0xbabdd086c2ff87a5!8m2!3d-6.9150992!4d107.5961699!16s%2Fg%2F11mkbm21t7!19sChIJBciJAAbnaC4RpYf_wobQvbo?authuser=0&hl=id&rclk=1","Latteria gelato","5,0","(209)","Es Krim","·","Hyper Square B58","Buka","· Tutup pukul 22.00","https://lh3.googleusercontent.com/gps-cs-s/APNQkAHBd8TrWWqZdCD6NWB7S2La-KEO0RwmC3fduiTXiypdmUPYdH3ocXJO9ykCOOLkfRZCPHZwbJwVT3JaBdCwhoQ3seVGOjOjiNlpSrjSDrYskB4rX08jWoEzQkTpNvCXr3xLvHth81xSY1aW=w122-h92-k-no","https://ssl.gstatic.com/local/servicebusiness/default_user.png","""","es krim","gelatonya enak, terutama dark chocolate & coffee break""","https://www.google.com/searchviewer/42?cvd=CLw_EicKJeICIjIgEhkiF9LX29IPEQoNL2cvMTFta2JtMjF0NxgBOgMI8A0%3D&hl=id-ID&gl=id&fo_m=MfohQo559jFvMUOzJVpjPL1YMfZ3bInYwBDuMfaXTPp5KXh-&utm_source=tactile&gei=Y0z3aYGvFamL4-EPs6Hc2As&ei=Y0z3aYGvFamL4-EPs6Hc2As&fo_s=OA&opi=79508299&orderType=1&ebb=1&cs=0&foub=mcpp","Pesan online","","","","",""
"https://www.google.com/maps/place/MIXUE+Cihampelas/data=!4m7!3m6!1s0x2e68e7b597eb2c8b:0x34074a1c4a0589c6!8m2!3d-6.9020561!4d107.6044981!16s%2Fg%2F11lf_51v7t!19sChIJiyzrl7XnaC4RxokFShxKBzQ?authuser=0&hl=id&rclk=1","MIXUE Cihampelas","4,5","(756)","Es Krim","·","·","Segera tutup","· 21.00 · Buka Sen pukul 09.00","https://lh3.googleusercontent.com/gps-cs-s/APNQkAEhqyrn0q0z7K2dt9x-dgsgzbOjDfUx82-7h5GHcSmtMsRYylPrRLpdMk5JfunLqNttsgWU4OlEl_l9JfdXfjj3fe3lLshh1W2g-ETZAaxdVQhxVZOy5jwFlYSpjVYJZEgAd0bkEA=w80-h106-k-no","https://ssl.gstatic.com/local/servicebusiness/default_user.png","""","Es","krimnya juga enak.""","https://www.google.com/searchviewer/42?cvd=CLw_EicKJeICIjIgEhkiF9LX29IPEQoNL2cvMTFsZl81MXY3dBgAOgMI8A0%3D&hl=id-ID&gl=id&fo_m=MfohQo559jFvMUOzJVpjPL1YMfZ3bInYwBDuMfaXTPp5KXh-&utm_source=tactile&gei=Y0z3aYGvFamL4-EPs6Hc2As&ei=Y0z3aYGvFamL4-EPs6Hc2As&fo_s=OA&opi=79508299&ebb=1&cs=0&foub=mcpp","Pesan online","","","Jl. Cihampelas No.58 A","·","$"
"https://www.google.com/maps/place/Kartika+Sari+Dago/data=!4m7!3m6!1s0x2e68e64fd413b4b3:0xe0b4c516e6e5789a!8m2!3d-6.8974761!4d107.6122326!16s%2Fg%2F11cmc42j9d!19sChIJs7QT1E_maC4Rmnjl5hbFtOA?authuser=0&hl=id&rclk=1","Kartika Sari Dago","4,6","(3.966)","Es Krim","·","·","Segera tutup","· 21.00 · Buka Sen pukul 07.00","https://lh3.googleusercontent.com/gps-cs-s/APNQkAEaUUhPliOiLEMCnF7qS_JUWgovMnlBYnJKKFDGmW7jCZ5k9u8s8k-7H40pTOseTyLJS3ooVfrz0FlJSliLSFKEwi6sVMAb3r9s8xLqOQNIiOUcA2sIJ0_Z6aKLHVsp_vtb94S7=w80-h106-k-no","https://ssl.gstatic.com/local/servicebusiness/default_user.png","""","Es krim","nya enak sekali!""","https://www.google.com/searchviewer/42?cvd=CLw_EicKJeICIjIgEhkiF9LX29IPEQoNL2cvMTFjbWM0Mmo5ZBgBOgMI8A0%3D&hl=id-ID&gl=id&fo_m=MfohQo559jFvMUOzJVpjPL1YMfZ3bInYwBDuMfaXTPp5KXh-&utm_source=tactile&gei=Y0z3aYGvFamL4-EPs6Hc2As&ei=Y0z3aYGvFamL4-EPs6Hc2As&fo_s=OA&opi=79508299&orderType=1&ebb=1&cs=0&foub=mcpp","Pesan online","","","Jl. Ir. H. Juanda No.85-87","·","$$"
"https://www.google.com/maps/place/Sweet+Cantina/data=!4m7!3m6!1s0x2e68e63aaf516bc1:0xc43a3d3d5ec9131c!8m2!3d-6.9173474!4d107.6092231!16s%2Fg%2F11cls_80vc!19sChIJwWtRrzrmaC4RHBPJXj09OsQ?authuser=0&hl=id&rclk=1","Sweet Cantina","4,5","(1.043)","Es Krim","·","·","Buka","· Tutup pukul 22.00","https://lh3.googleusercontent.com/gps-cs-s/APNQkAH9BClICsQD4ITN9Td0ES6WpEJALEwGbcglZg-nwanhJX-1pBEvDt-yQlggvP4AE__VKt_TYlbr9gaQtxlpQFuCUG-f1uMGopkpShvVWaVEEHob65IytWs-0PoCKnNee-orYQDs=w80-h106-k-no","https://ssl.gstatic.com/local/servicebusiness/default_user.png","""Ada bbrp harga scoop","es krim","dan pilihan mau pakai cone atau di cup.""","https://www.google.com/searchviewer/42?cvd=CLw_EicKJeICIjIgEhkiF9LX29IPEQoNL2cvMTFjbHNfODB2YxgBOgMI8A0%3D&hl=id-ID&gl=id&fo_m=MfohQo559jFvMUOzJVpjPL1YMfZ3bInYwBDuMfaXTPp5KXh-&utm_source=tactile&gei=Y0z3aYGvFamL4-EPs6Hc2As&ei=Y0z3aYGvFamL4-EPs6Hc2As&fo_s=OA&opi=79508299&orderType=1&ebb=1&cs=0&foub=mcpp","Pesan online","","","Jl. Braga No.89","",""
"https://www.google.com/maps/place/Ice+Cream+Service+Autoshop+%26+Dine/data=!4m7!3m6!1s0x2e68e77d97da19e3:0x24c0083652b1126a!8m2!3d-6.9156948!4d107.6129039!16s%2Fg%2F11w8nh_nhg!19sChIJ4xnal33naC4RahKxUjYIwCQ?authuser=0&hl=id&rclk=1","Ice Cream Service Autoshop & Dine","4,8","(443)","Restoran","·","Jl. Tera No.32","Buka","· Tutup pukul 23.30","https://lh3.googleusercontent.com/gps-cs-s/APNQkAGO7wppt1FnzMa0Z324SBBbH_-0dyu6v5o8Y75cvIaac4YvDST4OIsfKrcMv_68dzvKUwcjATnrE3EO71xd_9TG_C5VBZX21YUIIsRZVZMD1FQDqYAuBQTiFGCHr8rP0RZ0zQ4uvDefMXc=w80-h142-k-no","https://ssl.gstatic.com/local/servicebusiness/default_user.png","""untuk harga 20-30 ribuan,","es","krimnya very very worth the price!""","","","","","","·","Rp 25–50 rb"
"https://www.google.com/maps/place/Teguk+Cihampelas/data=!4m7!3m6!1s0x2e68e7cb456d1b0d:0x7cc445287716ac46!8m2!3d-6.8951614!4d107.6056603!16s%2Fg%2F11kjfk2_0n!19sChIJDRttRcvnaC4RRqwWdyhFxHw?authuser=0&hl=id&rclk=1","Teguk Cihampelas","4,7","(19)","Kedai Kopi","·","Jl. Pelesiran No.72","Buka","· Tutup pukul 22.00","","https://ssl.gstatic.com/local/servicebusiness/default_user.png","""Suasananya enak buat nongkrong, service karyawannya juga bagus""","","","","","","","","",""
"https://www.google.com/maps/place/Gak+Chukup+Satu/data=!4m7!3m6!1s0x2e68e7001c0df881:0xcf31d01ace1709a!8m2!3d-6.8978449!4d107.6099259!16s%2Fg%2F11yk5t8fj_!19sChIJgfgNHADnaC4RmnDhrAEd8ww?authuser=0&hl=id&rclk=1","Gak Chukup Satu","5,0","(8)","Es Krim","·","Jl. Tamansari No.66","Segera tutup","· 20.30 · Buka Sen pukul 09.00","https://lh3.googleusercontent.com/gps-cs-s/APNQkAEF7RTIy2OkNikDvPJ4a2T0xgeF7enlycdAeurEjiSmOyDQWWhid-Aj4DkEmPJpG839UMVxkmeTeiqRskui1Nf0JznzfUgR4cO3M2a1b5qDHjQK7wmKdOUd44K1FH7k1aTT8TEL1UDDL7A=w80-h106-k-no","https://ssl.gstatic.com/local/servicebusiness/default_user.png","""Menjual aneka","es krim",", ada kue kacang dan browniea juga, unik dan enak.""","","","","","","",""
"https://www.google.com/maps/place/Mayasari+Siliwangi+-+Bakery+Oleh+Oleh+Khas+Bandung/data=!4m7!3m6!1s0x2e68e74164117949:0x2a714245dd7e7617!8m2!3d-6.8857174!4d107.6125005!16s%2Fg%2F11y2vvd0jm!19sChIJSXkRZEHnaC4RF3Z-3UVCcSo?authuser=0&hl=id&rclk=1","Mayasari Siliwangi - Bakery Oleh Oleh Khas Bandung","5,0","(856)","Toko Roti","·","·","Segera tutup","· 21.00 · Buka Sen pukul 06.00","https://lh3.googleusercontent.com/gps-cs-s/APNQkAGXu5L8X7-mFlew2O_lza2Fsc0m18ZcADkLMlsJNDOiCjuoABms3Myjpg6QaxSxIW9GBWmNDwc8Xw4wt7EyvBDMBMYVBmiq1_UDzYUMnAH6Ednu4rIMjxfpa18a7eR0w5tlA7HWCGjh04N0=w80-h105-k-no","https://ssl.gstatic.com/local/servicebusiness/default_user.png","""Oleh2nya enak, cukup standar harganya.""","","","https://www.google.com/searchviewer/42?cvd=CLw_EicKJeICIjIgEhkiF9LX29IPEQoNL2cvMTF5MnZ2ZDBqbRgAOgMI8A0%3D&hl=id-ID&gl=id&fo_m=MfohQo559jFvMUOzJVpjPL1YMfZ3bInYwBDuMfaXTPp5KXh-&utm_source=tactile&gei=Y0z3aYGvFamL4-EPs6Hc2As&ei=Y0z3aYGvFamL4-EPs6Hc2As&fo_s=OA&opi=79508299&ebb=1&cs=0&foub=mcpp","Pesan online","","","Jl. Siliwangi No.1, RT.003/RW.003","·","$$"
"https://www.google.com/maps/place/Bakoel+Ice+Cream+Mirade/data=!4m7!3m6!1s0x2e68e7a53d511fb9:0xe2eee9c1ddf897b4!8m2!3d-6.8988135!4d107.6087699!16s%2Fg%2F11fkvnn83v!19sChIJuR9RPaXnaC4RtJf43cHp7uI?authuser=0&hl=id&rclk=1","Bakoel Ice Cream Mirade","","","Es Krim","·","Balubur Town Square LT 3 Blok Y07, Jl. Tamansari","","","https://streetviewpixels-pa.googleapis.com/v1/thumbnail?panoid=P1gP3WHBvZfkR2oXZ1u-4w&cb_client=search.gws-prod.gps&w=80&h=92&yaw=82.60541&pitch=0&thumbfov=100","","Pesan antar","","","","","","","","",""
"https://www.google.com/maps/place/Momoyo+Sukamaju+Bandung/data=!4m7!3m6!1s0x2e68e74754e2153f:0xe1747dfc0f283a39!8m2!3d-6.8897237!4d107.5993031!16s%2Fg%2F11kps36yc1!19sChIJPxXiVEfnaC4ROTooD_x9dOE?authuser=0&hl=id&rclk=1","Momoyo Sukamaju Bandung","4,6","(263)","Es Krim","·","Jl. Sukamaju No.35","Buka","· Tutup pukul 22.00","https://lh3.googleusercontent.com/gps-cs-s/APNQkAGe7Zrw0PuRnq_7JRpQ0uLsci0a1rrYdx4eiBztJtia2QpWHOSfcxTLOzOiO608miZl07Npw9-OfUmXNE5y919BVUsTzOGp9bDe4UIFEc_Q25Z2t6t8EA9cD1_FdpTzpmeW4zhBuA=w163-h92-k-no","https://ssl.gstatic.com/local/servicebusiness/default_user.png","""","Es krim","favorite di cheat day nya anak-anak.""","https://www.google.com/searchviewer/42?cvd=CLw_EicKJeICIjIgEhkiF9LX29IPEQoNL2cvMTFrcHMzNnljMRgBOgMI8A0%3D&hl=id-ID&gl=id&fo_m=MfohQo559jFvMUOzJVpjPL1YMfZ3bInYwBDuMfaXTPp5KXh-&utm_source=tactile&gei=Y0z3aYGvFamL4-EPs6Hc2As&ei=Y0z3aYGvFamL4-EPs6Hc2As&fo_s=OA&opi=79508299&orderType=1&ebb=1&cs=0&foub=mcpp","Pesan online","","","","",""
"https://www.google.com/maps/place/SUMA+KOPI,+ES+KRIM+%26+LIGHT+MEALS/data=!4m7!3m6!1s0x2e68e768547fee2b:0x456221d50072a7df!8m2!3d-6.8845562!4d107.6066745!16s%2Fg%2F11k5lypjxs!19sChIJK-5_VGjnaC4R36dyANUhYkU?authuser=0&hl=id&rclk=1","SUMA KOPI, ES KRIM & LIGHT MEALS","4,6","(29)","Kedai Kopi","·","Jl. Siliwangi No.28","Buka","· Tutup pukul 23.00","https://lh3.googleusercontent.com/gps-cs-s/APNQkAE9rqsFCYA7mVurxu7t8nU13FVxcfdtUaeKXT_JbFapt-C5hfRKp4CnoX5sIHBTwQ3SOEbuX6SPDX37tjSnf7Oo59Oi3BeU7HVq_JyDSCxgVRoRtMUW2ZpDry7EXu95Xj7he4zXiQ=w92-h92-k-no","","Makan di tempat","Bawa pulang","","https://www.google.com/searchviewer/42?cvd=CLw_EicKJeICIjIgEhkiF9LX29IPEQoNL2cvMTFrNWx5cGp4cxgBOgMI8A0%3D&hl=id-ID&gl=id&fo_m=MfohQo559jFvMUOzJVpjPL1YMfZ3bInYwBDuMfaXTPp5KXh-&utm_source=tactile&gei=Y0z3aYGvFamL4-EPs6Hc2As&ei=Y0z3aYGvFamL4-EPs6Hc2As&fo_s=OA&opi=79508299&orderType=1&ebb=1&cs=0&foub=mcpp","Pesan online","","","","",""
"https://www.google.com/maps/place/Tianlala+Dipatiukur/data=!4m7!3m6!1s0x2e68e70038f92f9d:0xb22784413bf84262!8m2!3d-6.8897979!4d107.616373!16s%2Fg%2F11xh5cb3yz!19sChIJnS_5OADnaC4RYkL4O0GEJ7I?authuser=0&hl=id&rclk=1","Tianlala Dipatiukur","4,1","(103)","Es Krim","·","Jl. Dipati Ukur No.72","Buka","· Tutup pukul 22.00","https://lh3.googleusercontent.com/gps-cs-s/APNQkAHhikVYa6ap1qrsnrDiQtCdmp1X6M72q3zPY6SCEVMYf3b-r2NM8LdnRiUGe9gPdnIVCVRj4sWNUP2We9mphtBWomrMR-CXRD25x8eY87KoCIqeyduwRpQ18bKzqKTk8pkGh_Eo-Bac-Zw=w80-h106-k-no","https://ssl.gstatic.com/local/servicebusiness/default_user.png","""Enak, selalu pesen yang","ice cream","yogurt karna seger.""","https://www.google.com/searchviewer/42?cvd=CLw_EicKJeICIjIgEhkiF9LX29IPEQoNL2cvMTF4aDVjYjN5ehgBOgMI8A0%3D&hl=id-ID&gl=id&fo_m=MfohQo559jFvMUOzJVpjPL1YMfZ3bInYwBDuMfaXTPp5KXh-&utm_source=tactile&gei=Y0z3aYGvFamL4-EPs6Hc2As&ei=Y0z3aYGvFamL4-EPs6Hc2As&fo_s=OA&opi=79508299&orderType=1&ebb=1&cs=0&foub=mcpp","Pesan online","","","","",""
"https://www.google.com/maps/place/Creamiery+-+CFD+DAGO/data=!4m7!3m6!1s0x2e68e7b232f787f7:0xa163e5b4061e5a6d!8m2!3d-6.8936257!4d107.6124725!16s%2Fg%2F11x1m2gbrk!19sChIJ94f3MrLnaC4RbVoeBrTlY6E?authuser=0&hl=id&rclk=1","Creamiery - CFD DAGO","5,0","(1)","Es Krim","·","Jl. Ganesa","Tutup","· Buka Min pukul 07.00","https://lh3.googleusercontent.com/gps-cs-s/APNQkAFLwic8GsP0Ce6w9xXmysH5ASOVmohsDUXBbGaJAndDQ8lFQnZIakimieQQ7g5wUMDkNGxzv_ktBI4qxJ9h4C3n62k0rJLI1R5CaMMB0jIebEDSSI188aKDBIYepTTAG8Gt0FVz=w80-h97-k-no","https://ssl.gstatic.com/local/servicebusiness/default_user.png","""de best banget salted caramel nya👑""","","","","","","","","",""
"https://www.google.com/maps/place/Eskrim+umaiza/data=!4m7!3m6!1s0x2e68e7001d00b479:0x7ad1a8ad27eeec86!8m2!3d-6.8919424!4d107.5945656!16s%2Fg%2F11z671c0fj!19sChIJebQAHQDnaC4RhuzuJ62o0Xo?authuser=0&hl=id&rclk=1","Eskrim umaiza","5,0","(10)","Es Krim","·","Jl. Sukagalih II No.19, RT./Rw/RW.: 05","Tutup","· Buka Sen pukul 07.00","https://lh3.googleusercontent.com/gps-cs-s/APNQkAG2Iytw55ZQGZsFdiAztSYsW3V2UL27XTn3p-Txqcs8YqhuUORPPujidXYJwCRLrfHxxAb7LbgAP_BRv4wMYiExVrDwv3I8z7sTpmaTzM45CCXhfte4XXCPxRs5Vvq1oBzFdCRw3Ooj-qL6=w122-h92-k-no","","","","","","","","","","",""
"https://www.google.com/maps/place/MixNyong+Ice+Cream/data=!4m7!3m6!1s0x2e68e7365137fdd3:0x7290fa251f2ca0c6!8m2!3d-6.8875626!4d107.6087473!16s%2Fg%2F11vbqn_54c!19sChIJ0_03UTbnaC4RxqAsHyX6kHI?authuser=0&hl=id&rclk=1","MixNyong Ice Cream","5,0","(2)","Es Krim","·","4J65+XG, Jl. Tamansari No.71","Tutup","· Buka Sen pukul 09.00","https://lh3.googleusercontent.com/gps-cs-s/APNQkAEWATXRs2zA4gvS7XApGlj7vInzsn4kzBPdSpD_cueOAWl0q8kZ4LNC2fQicKcTNh9XFgPM-tGvfLninf0998CrqSoJlur2Hm9yqWNqeRIPVy418jArqeWGVPA9mxVVhCMDlwQQ=w92-h92-k-no","https://ssl.gstatic.com/local/servicebusiness/default_user.png","""","Es krim","nya juga creamy dengan beragam topping!""","","","","","","",""
"https://www.google.com/maps/place/Kisah+Manis+Dago/data=!4m7!3m6!1s0x2e68e7dc4cbf2303:0x99485828c5ac45f4!8m2!3d-6.895273!4d107.6131165!16s%2Fg%2F11sf43bnrz!19sChIJAyO_TNznaC4R9EWsxShYSJk?authuser=0&hl=id&rclk=1","Kisah Manis Dago","4,9","(6.041)","Kedai Kopi","·","Jl. Ir. H. Juanda No.98","Buka","· Tutup pukul 22.00","https://lh3.googleusercontent.com/gps-cs-s/APNQkAEz7Ar1bk-lpM-xbTDLjKY50wfUeV14kabrC9u5dIy2q5OqNSD0iW48qSH3_CUxEnPCelLSYP525U0BfzljpyaMCT4A6pMeidfPXM3GnhsdnonOC___y5bW4JGEHvT93spOAyfJ7FFXKe4=w80-h106-k-no","https://ssl.gstatic.com/local/servicebusiness/default_user.png","""Ada kali ya","es krim","yang sama di menunya??""","https://www.google.com/searchviewer/42?cvd=CLw_EicKJeICIjIgEhkiF9LX29IPEQoNL2cvMTFzZjQzYm5yehgBOgMI8A0%3D&hl=id-ID&gl=id&fo_m=MfohQo559jFvMUOzJVpjPL1YMfZ3bInYwBDuMfaXTPp5KXh-&utm_source=tactile&gei=Y0z3aYGvFamL4-EPs6Hc2As&ei=Y0z3aYGvFamL4-EPs6Hc2As&fo_s=OA&opi=79508299&orderType=1&ebb=1&cs=0&foub=mcpp","Pesan online","","","","·","Rp 25–50 rb"
"https://www.google.com/maps/place/Kedai+Es+Krim/data=!4m7!3m6!1s0x2e68e652bb99164d:0x6b30a5ef3b2e8eda!8m2!3d-6.8961358!4d107.6205768!16s%2Fg%2F11bwqfwz1n!19sChIJTRaZu1LmaC4R2o4uO--lMGs?authuser=0&hl=id&rclk=1","Kedai Es Krim","4,7","(86)","Es Krim","·","·","Tutup","· Buka Sen pukul 10.00","https://lh3.googleusercontent.com/gps-cs-s/APNQkAEFz8yP84q9DD_5-ZuJ1HSJMQOtkknbxo9YbY6F30uc1QO-ReEaimqD1P2e0-Fjtg0-GLV1wBeWTvV9YiYCCN4uqbNTY4muT9l0NBRjb_R94-aWO5SfMNeXQJFqXcfTUusOryc=w163-h92-k-no","https://ssl.gstatic.com/local/servicebusiness/default_user.png","""Enak sekali","es krim","dan di tempat yang sangat bagus.""","","","","","Jl. Titimplik No.27-33","·","$"
"https://www.google.com/maps/place/Kalien+Ice+Cream/data=!4m7!3m6!1s0x2e68e706adf20573:0x37537eae523fde02!8m2!3d-6.8817938!4d107.62775!16s%2Fg%2F11cp7dx481!19sChIJcwXyrQbnaC4RAt4_Uq5-Uzc?authuser=0&hl=id&rclk=1","Kalien Ice Cream","4,7","(39)","Es Krim","·","Jl. Cigadung Pesantren No.60","Segera tutup","· 21.00 · Buka Sen pukul 09.00","https://lh3.googleusercontent.com/gps-cs-s/APNQkAGReFYbKF9aU-tVxUufjflqbHeYRpyGLicdJHXlFN3ccpZuRwgYUuh9VXWd_1fYbl3fIlkkAV6AuMdNroSxD3O9hAAlYQelDK6aBtJqVnt3_F5XYXON1Q8TP2zdFQ1ySVVCYSlq=w80-h142-k-no","https://ssl.gstatic.com/local/servicebusiness/default_user.png","""Ada yang baru loh di kalien","ice","drink & coffee""","","","","","","",""
"https://www.google.com/maps/place/Yip+Hauz/data=!4m7!3m6!1s0x2e68e628db509cc3:0x1d2dba0eefef9cf6!8m2!3d-6.9238713!4d107.6118631!16s%2Fg%2F11b_2tt8v4!19sChIJw5xQ2yjmaC4R9pzv7w66LR0?authuser=0&hl=id&rclk=1","Yip Hauz","4,6","(420)","Es Krim","·","Jl. Lengkong Besar No.37","Buka","· Tutup pukul 00.00","https://lh3.googleusercontent.com/gps-cs-s/APNQkAESzTctN30BYabGBUJIGGshLLukXAUO1wRYkWl_fAD_3BaxVyk8YgaK65wvJ04DMt0Ewn_pqj1toVNPYR8SiBOk1HBBtdZM244wULvddQBXG6Ik_kKFGKXvqee1emkMTvvoGgE=w163-h92-k-no","https://ssl.gstatic.com/local/servicebusiness/default_user.png","""Enak tempatnya PW, luas,","es krim","tolak anginnya enak banget.""","https://www.google.com/searchviewer/42?cvd=CLw_EicKJeICIjIgEhkiF9LX29IPEQoNL2cvMTFiXzJ0dDh2NBgBOgMI8A0%3D&hl=id-ID&gl=id&fo_m=MfohQo559jFvMUOzJVpjPL1YMfZ3bInYwBDuMfaXTPp5KXh-&utm_source=tactile&gei=Y0z3aYGvFamL4-EPs6Hc2As&ei=Y0z3aYGvFamL4-EPs6Hc2As&fo_s=OA&opi=79508299&orderType=1&ebb=1&cs=0&foub=mcpp","Pesan online","","","","·","$"
"https://www.google.com/maps/place/ESDI+Coffee+%26+Ice+Cream/data=!4m7!3m6!1s0x2e68e8821df6279f:0xae955e2b7a7f7aa9!8m2!3d-6.92919!4d107.615601!16s%2Fg%2F11c0xhs7sc!19sChIJnyf2HYLoaC4RqXp_eitela4?authuser=0&hl=id&rclk=1","ESDI Coffee & Ice Cream","4,5","(77)","Es Krim","·","Jl. Melong No.11","Buka","· Tutup pukul 22.00","https://lh3.googleusercontent.com/gps-cs-s/APNQkAFM_VFN8uGAX65A5new_x3bu_wuZyFryq_iHyEvbqK5q_0xJWjwcd8nP_QTvx67sL-kdXGCO4-cOOypZt-XuNpA3wkjsGcS7tJGbVYrrKtM4_ZP5FuCFFY_HjXIIQfwt7DLQrnPXg=w153-h92-k-no","","Makan di tempat","Bawa pulang","","","","","","","·","$"
"https://www.google.com/maps/place/Es+Kelapa+Simadu/data=!4m7!3m6!1s0x2e68e65a993304f5:0x70ab82665274dadd!8m2!3d-6.896317!4d107.6091841!16s%2Fg%2F11c6cphz88!19sChIJ9QQzmVrmaC4R3dp0UmaCq3A?authuser=0&hl=id&rclk=1","Es Kelapa Simadu","4,8","(162)","Kedai Hidangan Penutup","·","·","Tutup","· Buka Sen pukul 10.00","https://lh3.googleusercontent.com/gps-cs-s/APNQkAFeXhriN__X9_y6YuvYzg8w1b2UgJgklIHWi_FeUSX5zpqhTfU2dRmNqBNK0fRZVfdKqP_GMb_ivMCzmCwekLRbK2LFAbxi11Q9RgKA-sOjf4KLKYLPZq3bP8RZtQXWKumjEVjR=w163-h92-k-no","https://ssl.gstatic.com/local/servicebusiness/default_user.png","""harganya juga murahhh, 8rb pergelas.""","","","","","","","Jl. Tamansari No.59","·","$"
"https://www.google.com/maps/place/Donat+Pops/data=!4m7!3m6!1s0x2e68e7cec442ca75:0x25d81c7a42201760!8m2!3d-6.8979035!4d107.6072923!16s%2Fg%2F11fhwy2p98!19sChIJdcpCxM7naC4RYBcgQnoc2CU?authuser=0&hl=id&rclk=1","Donat Pops","4,8","(663)","Donat","·","·","Segera tutup","· 21.15 · Buka Sen pukul 08.30","https://lh3.googleusercontent.com/gps-cs-s/APNQkAF9v6di94dXrewO2NcZeKzKTNz21acJX4IvLoKGPVZeClZc9yWjgPh6N3IcZmRQ-66p0UPJZndii45-28QqYgPPThzQdWPyFY4z0_h4Urm7xOTrzcRHOBeBt3I0wM9KqQPR64-spQ=w92-h92-k-no","https://ssl.gstatic.com/local/servicebusiness/default_user.png","""Enak , worth it's banget, ringan di dompet""","","","https://www.google.com/searchviewer/42?cvd=CLw_EicKJeICIjIgEhkiF9LX29IPEQoNL2cvMTFmaHd5MnA5OBgAOgMI8A0%3D&hl=id-ID&gl=id&fo_m=MfohQo559jFvMUOzJVpjPL1YMfZ3bInYwBDuMfaXTPp5KXh-&utm_source=tactile&gei=ZUz3ab3TDsDg4-EPqdHNkQU&ei=ZUz3ab3TDsDg4-EPqdHNkQU&fo_s=OA&opi=79508299&ebb=1&cs=0&foub=mcpp","Pesan online","","","Jl. Kebon Bibit No.11","·","Rp 25–50 rb"
"https://www.google.com/maps/place/SICS+ICE+CREAM+-+DAGO/data=!4m7!3m6!1s0x2e68e75a369aebf5:0x3864e65d3c55a0fb!8m2!3d-6.8830451!4d107.6097132!16s%2Fg%2F11tnwbfs1t!19sChIJ9euaNlrnaC4R-6BVPF3mZDg?authuser=0&hl=id&rclk=1","SICS ICE CREAM - DAGO","5,0","(4)","Es Krim","·","Jl. Sangkuriang Bar. 2 No.16","Tutup","· Buka Sen pukul 09.00","https://lh3.googleusercontent.com/gps-cs-s/APNQkAE5RDPoAZwmAYGG3IGWV3xdiOFn1nm5iNNdV2wKanbfmfzrfg9lYrsn8_ZqCtG4svrIEFri74St6VuEtOF57Qdp_CBJsUuRDueyNXl1qCEki7FZ-EcW-IS941vlNY43fO3g6tCudr9O9WVn=w80-h106-k-no","https://ssl.gstatic.com/local/servicebusiness/default_user.png","""","Ice cream","nya enak dan murmerr .""","","","","","","",""
"https://www.google.com/maps/place/KEDAI+KEMBAR/data=!4m7!3m6!1s0x2e68e7f2d5c3fa71:0xdef44b534eb1e4f5!8m2!3d-6.8830451!4d107.6097132!16s%2Fg%2F11s6571gkk!19sChIJcfrD1fLnaC4R9eSxTlNL9N4?authuser=0&hl=id&rclk=1","KEDAI KEMBAR","5,0","(2)","Es Krim","·","Jl. Sangkuriang Bar. 2 No.16","Buka","· Tutup pukul 22.00","https://lh3.googleusercontent.com/gps-cs-s/APNQkAGYDhDX4w7tQBVe_DjAy8ad-oa6i0NeAJImcvAZDMacBBH38sftvtmz2s_lHpqCJTjMgoa2lcfvhWycXpYuMYptlEEBlW4kKXO6tbv81q3f5GqdMzU8PrHyEBBLniG5e5933z2h=w80-h106-k-no","https://ssl.gstatic.com/local/servicebusiness/default_user.png","""","Es krim","nya enak murah, si aa nya ganteng hhee""","","","","","","",""
"https://www.google.com/maps/place/Es+Puter+Harian+Banga/data=!4m7!3m6!1s0x2e68e64610f8f71d:0x257ea1779eed56ad!8m2!3d-6.9016154!4d107.6091691!16s%2Fg%2F1pzy6dtpb!19sChIJHff4EEbmaC4RrVbtnnehfiU?authuser=0&hl=id&rclk=1","Es Puter Harian Banga","4,8","(16)","Es Krim","·","Jl. Hariangbanga No.17","Tutup","· Buka Sen pukul 10.00","https://lh3.googleusercontent.com/gps-cs-s/APNQkAEsqDpgOx-k2APrr2omXaZQ3KfkTX-VhoyVNXel7ucqTjlOUMfIqpY_eHbd0veCoO6QvR5VntwVI7pK-ictpmpQb-Kqm9P0liDcjRHveGF9xr8pb8_qb1QNB9ksqNw287Dzn5P_=w80-h118-k-no","https://ssl.gstatic.com/local/servicebusiness/default_user.png","""Tempat sepi, kalo mau kongkow2 lama enak.""","","","","","","","","",""
"https://www.google.com/maps/place/Fentry+Chocolate+Baltos/data=!4m7!3m6!1s0x2e68e65a9f88124d:0xdb7361f1b3bb5037!8m2!3d-6.8987729!4d107.6085696!16s%2Fg%2F1pzv50pbb!19sChIJTRKIn1rmaC4RN1C7s_Fhc9s?authuser=0&hl=id&rclk=1","Fentry Chocolate Baltos","4,4","(19)","Toko Cokelat","·","BALTOS, Balubur Town Square, Jl. Tamansari No.57","Tutup","· Buka Sen pukul 10.00","https://lh3.googleusercontent.com/gps-cs-s/APNQkAFmUPBf6xGSHz4L0oaSguq9NDvRjhq7i0w9lxOQjldYTdGkXiKtoe6gxxI3D_9I_VNkaQp910v6k0mlLdBBzcPMJ0KS6eMMgaEvuwIEAo6GnttmZL7mqgj_pQ7ShGP7W4jOyOZTKQ=w80-h96-k-no","https://ssl.gstatic.com/local/servicebusiness/default_user.png","""Untuk harganya berapa,?""","","","","","","","","",""
"https://www.google.com/maps/place/Vilo+Gelato+Bandung/data=!4m7!3m6!1s0x2e68e7eb321b10ad:0xdefe5733e5f9a5b6!8m2!3d-6.8690907!4d107.608885!16s%2Fg%2F11m_cfftlq!19sChIJrRAbMuvnaC4RtqX55TNX_t4?authuser=0&hl=id&rclk=1","Vilo Gelato Bandung","4,6","(1.627)","Es Krim","·","·","Segera tutup","· 21.00 · Buka Sen pukul 10.00","https://lh3.googleusercontent.com/gps-cs-s/APNQkAHDRgLhZ_95aNmot2oepDBr0jbcPq5Dgr7tsDOWhzzhQNCqN8CTnsgrIx0H09eXb3f77dl4NhIAc5mUWI_ePrRYHa3NbdTl3asydrEALxndtxIbPwtgUnRAT2j_FIN6BECP3CwkHQ=w80-h142-k-no","https://ssl.gstatic.com/local/servicebusiness/default_user.png","""Tempatnya lucu bangettt,","es","krimnya juga enak.""","","","","","Jl. Gunung Kareumbi No.7","·","$$"
"https://www.google.com/maps/place/iketan/data=!4m7!3m6!1s0x2e68e73ed763b8bf:0xab3846af987b6cec!8m2!3d-6.8980756!4d107.6081081!16s%2Fg%2F11srs3h9wn!19sChIJv7hj1z7naC4R7Gx7mK9GOKs?authuser=0&hl=id&rclk=1","iketan","5,0","(3)","Es Krim","·","4J25+Q64, Jl. Kebon Bibit","","","https://lh3.googleusercontent.com/gps-cs-s/APNQkAHkj-MxpOxXSWPI1JQsDivuJw-BrpIbnjABN9UA0Y18R7BpAirllLYhKpyaa9PwHZK1ommVDdomcwLzwEDok3T8qo8knBFhCNcK3wyH7VXD4fFeKHXSDYamDqwvr3ngllJ_VJqj=w80-h142-k-no","https://ssl.gstatic.com/local/servicebusiness/default_user.png","""Murah banget lumayan enak estehnyaa""","","","","","","","","",""
"https://www.google.com/maps/place/Toko+You/data=!4m7!3m6!1s0x2e68e65130855017:0x4802b3965e52c580!8m2!3d-6.8950077!4d107.6147737!16s%2Fg%2F1tcy_mxw!19sChIJF1CFMFHmaC4RgMVSXpazAkg?authuser=0&hl=id&rclk=1","Toko You","4,4","(4.151)","Kafe","·","·","Buka","· Tutup pukul 22.00","https://lh3.googleusercontent.com/gps-cs-s/APNQkAH-w1CtWmezoGYU_DcXwo1Mw6R60bH6UoEYZt7hu-PU6J13uRq7jwEE7pF_F_J3Ga0DemASam3MUOwgKqEgmUrUuVTRCD5RAIyLoKs2E3boJoTMe4FHHOiQi79vUMxwK_mAI0Z7=w122-h92-k-no","https://ssl.gstatic.com/local/servicebusiness/default_user.png","""Ada","es","lilin,","https://www.google.com/searchviewer/42?cvd=CLw_EiUKI-ICIDIeEhciFdLX29IPDwoLL2cvMXRjeV9teHcYAToDCPAN&hl=id-ID&gl=id&fo_m=MfohQo559jFvMUOzJVpjPL1YMfZ3bInYwBDuMfaXTPp5KXh-&utm_source=tactile&gei=ZUz3ab3TDsDg4-EPqdHNkQU&ei=ZUz3ab3TDsDg4-EPqdHNkQU&fo_s=OA&opi=79508299&orderType=1&ebb=1&cs=0&foub=mcpp","Pesan online","","","Jl. Hasanudin No.12","·","Rp 50–75 rb"
"https://www.google.com/maps/place/MENOT+GIMANG/data=!4m7!3m6!1s0x2e79736a08002c65:0x1cff4c5a16c3eefe!8m2!3d-6.9002321!4d107.6050353!16s%2Fg%2F11r9g1gy17!19sChIJZSwACGpzeS4R_u7DFlpM_xw?authuser=0&hl=id&rclk=1","MENOT GIMANG","5,0","(1)","Es Krim","·","3JX4+W23, Unnamed Road","","","https://lh3.googleusercontent.com/gps-cs-s/APNQkAEe85Q6-B_rTp-g82yT3YJP6fbG4tCQPX8pgUlKsVNSppYf1kXUE-pW4zRMmAdvV4MRZdpVwQGhVfYTGlxNrKWnc75wJ4_1eQ8QphDyI-d_yNZshJEFmox0BXZHK36k6RoZ4GA2=w80-h142-k-no","https://ssl.gstatic.com/local/servicebusiness/default_user.png","""","Es krim","nya sangat enak hhhh""","","","","","","",""
"https://www.google.com/maps/place/pop+ice+sumo4d/data=!4m7!3m6!1s0x2e68e7801983c8a7:0x54587b48cf72d670!8m2!3d-6.8859302!4d107.6050105!16s%2Fg%2F11q99g9mnw!19sChIJp8iDGYDnaC4RcNZyz0h7WFQ?authuser=0&hl=id&rclk=1","pop ice sumo4d","5,0","(1)","Es Krim","·","4J74+J2C","","","https://lh3.googleusercontent.com/gps-cs-s/APNQkAEzlY2VBzcDOR1Epbv9evtzqkfUgxvuoKEQw6N_U-Jc5U7m9LNjBHu4iF4P21nFux8iJf-Ckg5tVUWU0eO5MRBYUzNRfdlQO_c0YmcCmmUdKHxtvGdzL1FHjXRck5-BsRpK_bU=w92-h92-k-no","","Bawa pulang","","","","","","","","",""
"https://www.google.com/maps/place/Gia+Gelato+PasirKaliki+Bandung/data=!4m7!3m6!1s0x2e68e74e70ed0601:0x29093f124e54da14!8m2!3d-6.9030724!4d107.5977621!16s%2Fg%2F11ydxntx3b!19sChIJAQbtcE7naC4RFNpUThI_CSk?authuser=0&hl=id&rclk=1","Gia Gelato PasirKaliki Bandung","4,9","(190)","Es Krim","·","Jl. Pasir Kaliki No.158c","Tutup","· Buka Sen pukul 11.00","https://lh3.googleusercontent.com/gps-cs-s/APNQkAECJgIbYIrwuwKL5ahw5_378-qAYd4xUWsSO_DyZwLDr4YGeT3ViWCorgFIeHRNXgkCDUEK_DlBsZm2JDC1WuuGrbMkHRxIFmElxUdVQgawV0R72PZYs0p24-N6r-Pppv3ql8Yx8ECTU4v8=w199-h92-k-no","https://ssl.gstatic.com/local/servicebusiness/default_user.png","""Harga per 2 scoops 35 K. Ada tempat duduk indoor dan outdokr.""","","","https://www.google.com/searchviewer/42?cvd=CLw_EicKJeICIjIgEhkiF9LX29IPEQoNL2cvMTF5ZHhudHgzYhgBOgMI8A0%3D&hl=id-ID&gl=id&fo_m=MfohQo559jFvMUOzJVpjPL1YMfZ3bInYwBDuMfaXTPp5KXh-&utm_source=tactile&gei=ZUz3ab3TDsDg4-EPqdHNkQU&ei=ZUz3ab3TDsDg4-EPqdHNkQU&fo_s=OA&opi=79508299&orderType=1&ebb=1&cs=0&foub=mcpp","Pesan online","","","","",""
"https://www.google.com/maps/place/Bigost+Big+Oyster/data=!4m7!3m6!1s0x2e68e65809db6475:0x38dde21f257b9bc!8m2!3d-6.8875626!4d107.6087473!16s%2Fg%2F11c209cnl9!19sChIJdWTbCVjmaC4RvLlX8iHejQM?authuser=0&hl=id&rclk=1","Bigost Big Oyster","5,0","(2)","Kedai Hidangan Penutup","·","Taman Sari Food Fest, Jl. Tamansari No.71","Tutup","· Buka Sen pukul 08.00","https://lh3.googleusercontent.com/gps-cs-s/APNQkAEu_Btg4VLYrtR2SfiUSHv5ePPnPgJ-mKV1ODVg9_LaithQt1c0pqVO2XEfcsfxmbbHV52Zw0n0z5cHNrSHnVt_2zBkQM3hpiBg4xP7y9ZRxsuZcArlZg-4nL2UqD1NqWh2MTmdtg=w80-h106-k-no","https://ssl.gstatic.com/local/servicebusiness/default_user.png","""Makanan nya enak semua""","","","","","","","","",""
"https://www.google.com/maps/place/WEDRINK+Tamansari/data=!4m7!3m6!1s0x2e68e7aab1e5e67b:0xe5727c673c5c9125!8m2!3d-6.902513!4d107.6082381!16s%2Fg%2F11kprj6xbn!19sChIJe-blsarnaC4RJZFcPGd8cuU?authuser=0&hl=id&rclk=1","WEDRINK Tamansari","4,5","(49)","Es Krim","·","·","Segera tutup","· 21.00 · Buka Sen pukul 09.30","https://lh3.googleusercontent.com/gps-cs-s/APNQkAFRlKVAUSeerqTd37ad6aD3KkNTtNfGjtGMVMKL9JWvQhImSpAaHEQ46NxRK7KXx-SC74sSLXMz5YIxG8W9iNEzrhCFtvMwbf1BBwAEgpxZtk61nPZmvIm6SgUyldeQ4km5XumDCQ=w80-h106-k-no","https://ssl.gstatic.com/local/servicebusiness/default_user.png","""Tempat nya nyaman dan cozy, anak suka banget","es krim","nya creamy""","https://www.google.com/searchviewer/42?cvd=CLw_EicKJeICIjIgEhkiF9LX29IPEQoNL2cvMTFrcHJqNnhibhgBOgMI8A0%3D&hl=id-ID&gl=id&fo_m=MfohQo559jFvMUOzJVpjPL1YMfZ3bInYwBDuMfaXTPp5KXh-&utm_source=tactile&gei=ZUz3ab3TDsDg4-EPqdHNkQU&ei=ZUz3ab3TDsDg4-EPqdHNkQU&fo_s=OA&opi=79508299&orderType=1&ebb=1&cs=0&foub=mcpp","Pesan online","","","Jl. Tamansari No.28","",""
"https://www.google.com/maps/place/KEDAI+LIKLIKI/data=!4m7!3m6!1s0x2e68e64998fbddd9:0xa511e7d2f662bb9e!8m2!3d-6.9054514!4d107.6143375!16s%2Fg%2F11clzj04ww!19sChIJ2d37mEnmaC4Rnrti9tLnEaU?authuser=0&hl=id&rclk=1","KEDAI LIKLIKI","4,9","(91)","Es Krim","·","·","Tutup","· Buka Sel pukul 10.00","https://lh3.googleusercontent.com/gps-cs-s/APNQkAFYFKRuFIrjg2JGYvkV09sTS76SBWALXlY7aqd00B8--aAik4eAz9a6s06ULaBpYsXdGMm4fbSGyj4aJLI5wHbTo_E1pMkjWqPrHtfLLxfrDHLO_cw13tneVrN-4LFBJ3VANQdr1cqvStw=w80-h106-k-no","https://ssl.gstatic.com/local/servicebusiness/default_user.png","""jujur enak banget","es","ratu nya sangat recommended""","https://www.google.com/searchviewer/42?cvd=CLw_EicKJeICIjIgEhkiF9LX29IPEQoNL2cvMTFjbHpqMDR3dxgAOgMI8A0%3D&hl=id-ID&gl=id&fo_m=MfohQo559jFvMUOzJVpjPL1YMfZ3bInYwBDuMfaXTPp5KXh-&utm_source=tactile&gei=ZUz3ab3TDsDg4-EPqdHNkQU&ei=ZUz3ab3TDsDg4-EPqdHNkQU&fo_s=OA&opi=79508299&ebb=1&cs=0&foub=mcpp","Pesan online","","","Jl. Bahureksa No.8","·","$"
"https://www.google.com/maps/place/Kedai+112/data=!4m7!3m6!1s0x2e68e717e2cd0ce7:0x36f55e3f055574c4!8m2!3d-6.8990156!4d107.6080617!16s%2Fg%2F11twq6t360!19sChIJ5wzN4hfnaC4RxHRVBT9e9TY?authuser=0&hl=id&rclk=1","Kedai 112","5,0","(2)","Kedai Hidangan Penutup","·","4J25+96V, Jl. Kebon Bibit","Tutup","· Buka Sen pukul 10.00","https://streetviewpixels-pa.googleapis.com/v1/thumbnail?panoid=zwztoWKjNbdD3LRYKORmsw&cb_client=search.gws-prod.gps&w=80&h=92&yaw=315.46628&pitch=0&thumbfov=100","","Pesan antar","","","","","","","","",""
"https://www.google.com/maps/place/D%27Crepes+-+Teuku+Umar+Bandung/data=!4m7!3m6!1s0x2e68e7fe937de04f:0x73b2acf395b4418c!8m2!3d-6.8913631!4d107.6143646!16s%2Fg%2F11sfd62l9k!19sChIJT-B9k_7naC4RjEG0lfOssnM?authuser=0&hl=id&rclk=1","D'Crepes - Teuku Umar Bandung","4,3","(85)","Kedai Crepe","·","Jl. Teuku Umar No.5","Segera tutup","· 21.00 · Buka Sen pukul 08.00","https://lh3.googleusercontent.com/gps-cs-s/APNQkAFZh8CmqnGxo95YOjmTap2qSspIJuh8-Ee5Igy6-PmqUz_VZ5Nw02tK-Al-2LlsulO1E8N7l_W5Z9hFOJKEMJPgIaQa9jNBx2BWuHeBD2Hom485Ab984iHoF8MjdbvfCYM5EznJtA=w92-h92-k-no","https://ssl.gstatic.com/local/servicebusiness/default_user.png","""Rasanya selalu enakk,,""","","","https://www.google.com/searchviewer/42?cvd=CLw_EicKJeICIjIgEhkiF9LX29IPEQoNL2cvMTFzZmQ2Mmw5axgBOgMI8A0%3D&hl=id-ID&gl=id&fo_m=MfohQo559jFvMUOzJVpjPL1YMfZ3bInYwBDuMfaXTPp5KXh-&utm_source=tactile&gei=ZUz3ab3TDsDg4-EPqdHNkQU&ei=ZUz3ab3TDsDg4-EPqdHNkQU&fo_s=OA&opi=79508299&orderType=1&ebb=1&cs=0&foub=mcpp","Pesan online","","","","",""
"https://www.google.com/maps/place/Kervan+Gelato/data=!4m7!3m6!1s0x2e68e7509c95bbaf:0xb6a450078419a0e5!8m2!3d-6.9173236!4d107.6310508!16s%2Fg%2F11tt8l9gws!19sChIJr7uVnFDnaC4R5aAZhAdQpLY?authuser=0&hl=id&rclk=1","Kervan Gelato","4,9","(222)","Es Krim","·","Jl. Laswi No.1","Buka","· Tutup pukul 23.00","https://lh3.googleusercontent.com/gps-cs-s/APNQkAHawg00G4rv8gSlRchzF0IgPRvptP0xxOQsse9_5Mqa4t3FNx8eINr0asnjo__AOU14naNGsNVYRZbHYNPrLQuU9AwmwywIN4c6asNLFySiyAopg1cLm1OC9ejcpTvYTf2G8-vNOJ-18oQ5=w122-h92-k-no","https://ssl.gstatic.com/local/servicebusiness/default_user.png","""Harganya untuk satu scoop yang cukup generous seharga Rp 18ribu.""","","","https://www.google.com/searchviewer/42?cvd=CLw_EicKJeICIjIgEhkiF9LX29IPEQoNL2cvMTF0dDhsOWd3cxgBOgMI8A0%3D&hl=id-ID&gl=id&fo_m=MfohQo559jFvMUOzJVpjPL1YMfZ3bInYwBDuMfaXTPp5KXh-&utm_source=tactile&gei=ZUz3ab3TDsDg4-EPqdHNkQU&ei=ZUz3ab3TDsDg4-EPqdHNkQU&fo_s=OA&opi=79508299&orderType=1&ebb=1&cs=0&foub=mcpp","Pesan online","","","","",""
"https://www.google.com/maps/place/Es+kelapa+muda+si+bungsu/data=!4m7!3m6!1s0x2e68e70207d34bc1:0x7a72d251a3ab8a9f!8m2!3d-6.8937952!4d107.6079727!16s%2Fg%2F11q1p2vj7f!19sChIJwUvTBwLnaC4Rn4qro1HScno?authuser=0&hl=id&rclk=1","Es kelapa muda si bungsu","5,0","(2)","Es Krim","·","Jl. Kebun Binatang No.15c","Buka","· Tutup Sen pukul 05.25","https://lh3.googleusercontent.com/gps-cs-s/APNQkAFkpD6o0DPmtpR1DtYA5bvO7zhWwpl7WPDvQiY_zvpgelyTNuSXojM-K5ICf1WwmUcyQ3-0oNrxW4wzEsGMzp25hLARXjISMmm3wA3yWc8OHKz-LhoTjCnyXqx8RL0r_z_PlNvDwg=w80-h119-k-no","","Bawa pulang","","","","","","","","",""
"https://www.google.com/maps/place/Bandung+Cheesecuit+Dago/data=!4m7!3m6!1s0x2e68e79484f4610f:0x4fe5739b8c108b60!8m2!3d-6.8969464!4d107.6127012!16s%2Fg%2F11pzrjpl6h!19sChIJD2H0hJTnaC4RYIsQjJtz5U8?authuser=0&hl=id&rclk=1","Bandung Cheesecuit Dago","4,4","(847)","Toko Kue","·","·","Buka","· Tutup pukul 00.00","https://lh3.googleusercontent.com/gps-cs-s/APNQkAFe7e2xRfAgIIKM2GfZue-f_uJurb42r3OjGgvr1LpLYzaRCZjHKJYdKCyDYhEoUtMbb9gGiJNt_r7HTnWi4lastFD51I5YNZVCwDWJOg3Pt9JoDbgQKzpRtyLHhbjs1cio87378Q=w164-h92-k-no","https://ssl.gstatic.com/local/servicebusiness/default_user.png","""Coba-coba enak juga yang baru...""","","","https://www.google.com/searchviewer/42?cvd=CLw_EicKJeICIjIgEhkiF9LX29IPEQoNL2cvMTFwenJqcGw2aBgAOgMI8A0%3D&hl=id-ID&gl=id&fo_m=MfohQo559jFvMUOzJVpjPL1YMfZ3bInYwBDuMfaXTPp5KXh-&utm_source=tactile&gei=Z0z3ab6tEcWY4-EP1N-t6Qw&ei=Z0z3ab6tEcWY4-EP1N-t6Qw&fo_s=OA&opi=79508299&ebb=1&cs=0&foub=mcpp","Pesan online","","","Jl. Ir. H. Juanda No.91A","·","Rp 25–50 rb"
"https://www.google.com/maps/place/Cats+and+Ice+Cream+PVJ/data=!4m7!3m6!1s0x2e68e7536ffaf099:0xa9375bae9dff49b1!8m2!3d-6.8892191!4d107.5959949!16s%2Fg%2F11f73069k1!19sChIJmfD6b1PnaC4RsUn_na5bN6k?authuser=0&hl=id&rclk=1","Cats and Ice Cream PVJ","4,0","(78)","Es Krim","·","Paris Van Java, Paris van Java Jl. Sukajadi No. 131-139 , Sky Level, SL-1-20","Buka","· Tutup pukul 22.00","https://lh3.googleusercontent.com/gps-cs-s/APNQkAENOJ2hP8T_p_AS-lzU_15Xyr3oOWQrGPsKdYv9iKHb7LpPsp0tsQ2YHRyVRmoCUm7D4vm6b1w2B4wqXEC72_WnvQ-dal45s6p7Uihcgp8nU-LupnlCk14qnLM4nCP1HRpFU2HfR8X3gTGt=w80-h106-k-no","https://ssl.gstatic.com/local/servicebusiness/default_user.png","""Kalo tempat cukup bersih &","es","krimnya mayan tasty.""","","","","","","",""
"https://www.google.com/maps/place/Toko+es+djaja/data=!4m7!3m6!1s0x2e68e71f768e9679:0x2b145962a2bbd112!8m2!3d-6.9293225!4d107.6220631!16s%2Fg%2F11vrfyqwnv!19sChIJeZaOdh_naC4REtG7omJZFCs?authuser=0&hl=id&rclk=1","Toko es djaja","4,9","(33)","Toko Kelontong Asia","·","·","Buka","· Tutup pukul 22.30","https://lh3.googleusercontent.com/gps-cs-s/APNQkAHt--Ltk8X5ia3kNA3s6CELxvxvEDSVjth94LkikI22GIIlpaHJa30ZuBn6ehWqe-naiAKkAA-0jrA2af7pfQCj02Qsj-x7EmvSOZzVoNZPMeANbmnaB_aRm8MMIQQsGUYgCz5f=w80-h106-k-no","https://ssl.gstatic.com/local/servicebusiness/default_user.png","""Dengan harga 28rb udah bisa dapet 1 cup","ice cream","dengan 1 topping.""","","","","","Jl. Lobak No.5","",""
"https://www.google.com/maps/place/Lumpia+Basah+Mandiri/data=!4m7!3m6!1s0x2e68e6580e12eb8b:0xbfd6c05a099ab390!8m2!3d-6.8875418!4d107.6087306!16s%2Fg%2F11csb2cl6f!19sChIJi-sSDljmaC4RkLOaCVrA1r8?authuser=0&hl=id&rclk=1","Lumpia Basah Mandiri","3,7","(3)","Kedai Hidangan Penutup","·","Tamansari Food Fest, Jl. Tamansari No.70","Segera tutup","· 21.00 · Buka Sen pukul 08.00","https://streetviewpixels-pa.googleapis.com/v1/thumbnail?panoid=z_4vMAHnlk3RscKuCvm7yQ&cb_client=search.gws-prod.gps&w=80&h=92&yaw=319.31635&pitch=0&thumbfov=100","","Bawa pulang","","","","","","","","",""
"https://www.google.com/maps/place/Demelanger+Pudding+%26+Pastry/data=!4m7!3m6!1s0x2e68e731b930d8b3:0x37c4fe5b0af860c7!8m2!3d-6.8964324!4d107.6063424!16s%2Fg%2F11ql9my4dv!19sChIJs9gwuTHnaC4Rx2D4Clv-xDc?authuser=0&hl=id&rclk=1","Demelanger Pudding & Pastry","","","Kedai Hidangan Penutup","·","Jl. Kb. Bibit Barat No.41F","Segera tutup","· 20.30 · Buka Sen pukul 09.00","https://lh3.googleusercontent.com/gps-cs-s/APNQkAEuZo6BoCnjtp5zIRWHFxC8WIF8ibZv870svEHDHfj5wcrJUfhLd-525jHJS4Fl1Qn28hRVnTkS1EqGbWMsh46v4Y2XPBnf_XlK-NMnQwdutRgXgkRTxi0UieoJEBJC_HFbEdw=w122-h92-k-no","","Pesan antar","","","","","","","","",""
"https://www.google.com/maps/place/Jalu+Bakery+%26+Pastry/data=!4m7!3m6!1s0x2e68e77f512d5f51:0xe6ea9d85ac63e34f!8m2!3d-6.8918649!4d107.6059178!16s%2Fg%2F11q1m5c363!19sChIJUV8tUX_naC4RT-NjrIWd6uY?authuser=0&hl=id&rclk=1","Jalu Bakery & Pastry","4,0","(1)","Pastri","·","Jl. Cihampelas","Tutup","· Buka Sen pukul 09.00","https://streetviewpixels-pa.googleapis.com/v1/thumbnail?panoid=0xienB6X4bbHMx36ZdbBBA&cb_client=search.gws-prod.gps&w=80&h=92&yaw=28.674667&pitch=0&thumbfov=100","","Pesan antar","","","","","","","","",""
"https://www.google.com/maps/place/Es+Krim+NATURAL/data=!4m7!3m6!1s0x2e68e7b41524859d:0xf48b6e101b99032d!8m2!3d-6.903056!4d107.626063!16s%2Fg%2F11css0f1mh!19sChIJnYUkFbTnaC4RLQOZGxBui_Q?authuser=0&hl=id&rclk=1","Es Krim NATURAL","4,7","(220)","Es Krim","·","Jl. Cipunagara No.20","Tutup","· Buka Sen pukul 09.00","https://lh3.googleusercontent.com/gps-cs-s/APNQkAGq92XPTI5zpUc2AqkC1NFLHChY91CKY4UOkK3mb7L6qzF_j0xe3T1pIdRzzk_dV8xeTyzwezjZ1o_V09PMJSNDgLiMBnSCS_u3-HCfVbKXRnMjg5w2Az8i_jDuCw6SDbe8q3up=w80-h106-k-no","https://ssl.gstatic.com/local/servicebusiness/default_user.png","""Retro vibes gitu","Es","krimnya banyak pilihan rasa, murah, dan enak.""","","","","","","",""
"https://www.google.com/maps/place/White+Cone+PVJ+Bandung/data=!4m7!3m6!1s0x2e68e75580da9b6f:0x8fdd44c30d397776!8m2!3d-6.8892187!4d107.5959945!16s%2Fg%2F11h6fj4jsm!19sChIJb5vagFXnaC4Rdnc5DcNE3Y8?authuser=0&hl=id&rclk=1","White Cone PVJ Bandung","4,0","(5)","Es Krim","·","Jl. Sukajadi No.131-139","Buka","· Tutup pukul 22.00","https://lh3.googleusercontent.com/gps-cs-s/APNQkAGLNrUfObC_vftYLtttvGg5TWqf5pdc6R6NC_CydGHPWn3rjZWJ5eS7sd7NhRN_1WDee0oCz4Zr4sIVsoXb_fk8sJpadAKtxAnLnBfqV6BiU-4K7_Ci5pxSDI9hMW7TJqmg1CPq=w163-h92-k-no","","Makan di tempat","Bawa pulang","Pesan antar","","","","","","",""
"https://www.google.com/maps/place/Es+Teler+Tomodachi+Monju/data=!4m7!3m6!1s0x2e68e7004413403f:0xc008b23845d19cce!8m2!3d-6.8959538!4d107.6188245!16s%2Fg%2F11vz94c7g7!19sChIJP0ATRADnaC4RzpzRRTiyCMA?authuser=0&hl=id&rclk=1","Es Teler Tomodachi Monju","5,0","(16)","Es Krim","·","4J39+JG8, Jl. Japati","Tutup","· Buka Sab pukul 14.00","https://lh3.googleusercontent.com/gps-cs-s/APNQkAEf71JVAnLaer9yFX_Cq9aUTxtGZsjXoOxcjIQ7_e7Uch0vDqXHRYwB9tDIYDsdNqsq7Yz_dsJb1YmdXhUcFRpOUEsXYN97Vj4qE1SZ_T1ENUdHOgNg2TAcHooN-GOXgLxUYXOoQA=w80-h142-k-no","https://ssl.gstatic.com/local/servicebusiness/default_user.png","""Enak banget pokonya bikin ketagihan
Porsi banyak😍😍😍""","","","","","","","","",""
"https://www.google.com/maps/place/Es+Teler+Canduu+Sekeloa/data=!4m7!3m6!1s0x2e68e700252b8943:0xe2bafb2946c701f3!8m2!3d-6.889064!4d107.617825!16s%2Fg%2F11mkz5rl0k!19sChIJQ4krJQDnaC4R8wHHRin7uuI?authuser=0&hl=id&rclk=1","Es Teler Canduu Sekeloa","5,0","(3)","Es Krim","·","Jl. Kubang Sari IV No.19","Tutup","· Buka Sen pukul 11.00","https://lh3.googleusercontent.com/gps-cs-s/APNQkAEN51j0p9NpflnAET4A8FT7NhmmvChQb_ao3kB73HOIcNzrJP8aKBlL_Legx0ezazmpbRDnbKvTpYUuutenTcPV9x6fQ4e-EqyGHbqxqLO8XW8BqtICDdLMhjkG3g4YcLGGOY9EJsZORi8=w80-h99-k-no","https://ssl.gstatic.com/local/servicebusiness/default_user.png","""Suegeeerr...
Pas bwt menemani saat berbuka puasa...""","","","https://www.google.com/searchviewer/42?cvd=CLw_EicKJeICIjIgEhkiF9LX29IPEQoNL2cvMTFta3o1cmwwaxgBOgMI8A0%3D&hl=id-ID&gl=id&fo_m=MfohQo559jFvMUOzJVpjPL1YMfZ3bInYwBDuMfaXTPp5KXh-&utm_source=tactile&gei=Z0z3ab6tEcWY4-EP1N-t6Qw&ei=Z0z3ab6tEcWY4-EP1N-t6Qw&fo_s=OA&opi=79508299&orderType=1&ebb=1&cs=0&foub=mcpp","Pesan online","","","","",""
"https://www.google.com/maps/place/H%C3%A4agen-Dazs/data=!4m7!3m6!1s0x2e68e7a9b009aa05:0x721b10dd9ed15da0!8m2!3d-6.8824957!4d107.6005657!16s%2Fg%2F11qq73r_ft!19sChIJBaoJsKnnaC4RoF3Rnt0QG3I?authuser=0&hl=id&rclk=1","Häagen-Dazs","4,7","(104)","Es Krim","·","Jl. Dr. Setiabudi","Tutup","· Buka Sen pukul 10.00","https://lh3.googleusercontent.com/gps-cs-s/APNQkAFcJAwbU2TR6ZRdKt5Jyejz6XVo_mdEoEqv6beZWVLUcENbuGF_mlEnNiUOMRuRJ2Ku4iThlHPfbvpCQHFieBVeUhongumxUD3OmN5xyLsbVDlI3V2yDvuFE49CN4c_1lRzm7JA_g=w122-h92-k-no","https://ssl.gstatic.com/local/servicebusiness/default_user.png","""Salah satu","es krim","premium terenak yang pernah saya coba""","https://www.google.com/searchviewer/42?cvd=CLw_EicKJeICIjIgEhkiF9LX29IPEQoNL2cvMTFxcTczcl9mdBgBOgMI8A0%3D&hl=id-ID&gl=id&fo_m=MfohQo559jFvMUOzJVpjPL1YMfZ3bInYwBDuMfaXTPp5KXh-&utm_source=tactile&gei=Z0z3ab6tEcWY4-EP1N-t6Qw&ei=Z0z3ab6tEcWY4-EP1N-t6Qw&fo_s=OA&opi=79508299&orderType=1&ebb=1&cs=0&foub=mcpp","Pesan online","","","Franchise spesialis makanan dingin","·","$$$"
"https://www.google.com/maps/place/Kelapa+Mueda/data=!4m7!3m6!1s0x2e68e700147badc3:0xea3a07a10b0713fc!8m2!3d-6.8948347!4d107.6042827!16s%2Fg%2F11vy2fnj0d!19sChIJw617FADnaC4R_BMHC6EHOuo?authuser=0&hl=id&rclk=1","Kelapa Mueda","4,0","(5)","Es Krim","·","4J43+3P7, Jl. Cihampelas","","","https://lh3.googleusercontent.com/gps-cs-s/APNQkAG9WrUdC3UDHAo8zZfjfT_Aj1zfPLEgiDkbrOe9kEUtDmy2ZXbgAajaOyuj5JKQ2x0-oNFLblvWN7ZUz6Orq06q4NXFZa4-oDOP7RCfiXMc19EoTrUtdShzk0pLuzm4b--2YUdw=w80-h106-k-no","https://ssl.gstatic.com/local/servicebusiness/default_user.png","""Suka bgt yg coco shake nya ada bulir2 kelapa nya 😍 segerrr yummm""","","","","","","","","",""
"https://www.google.com/maps/place/Diamond+Ice+Cream/data=!4m7!3m6!1s0x2e68e7ba1ff35f69:0x277f296f1f7ccb8f!8m2!3d-6.900218!4d107.634512!16s%2Fg%2F11c1_vtct4!19sChIJaV_zH7rnaC4Rj8t8H28pfyc?authuser=0&hl=id&rclk=1","Diamond Ice Cream","4,1","(37)","Es Krim","·","Jalan Pahlawan No.10, Pojok Jajanan Griya Pahlawan, Cikutra, Cibeunying","Segera tutup","· 21.00 · Buka Sen pukul 10.00","https://lh3.googleusercontent.com/gps-cs-s/APNQkAHdWPsjDI634rhu9tVRAkgnx64HV1UCpMdwXqTVnIi-7QyMzsi8nHmFfqYRyQFx6Cjn5dzIKkLpsDcV5NvtPxGLInmCuPBc8L1tF1TY2wEJhdQFtQ3nd8nntYIiXB8swtptrYw=w312-h92-k-no","https://ssl.gstatic.com/local/servicebusiness/default_user.png","""Ada no wa yang bisa dihubungi?""","","","","","","","","·","$$"
"https://www.google.com/maps/place/The+Rolling+Buns/data=!4m7!3m6!1s0x2e68e71c92dadf23:0x7f8dd34bf746b001!8m2!3d-6.8857174!4d107.6125005!16s%2Fg%2F11vzxqd9pq!19sChIJI9_akhznaC4RAbBG90vTjX8?authuser=0&hl=id&rclk=1","The Rolling Buns","4,9","(42)","Toko Roti","·","M Building, Jl. Siliwangi No.1 Floor G","Segera tutup","· 20.30 · Buka Sen pukul 07.00","https://lh3.googleusercontent.com/gps-cs-s/APNQkAG5VhShyOFe0PsSCVReaGyGMtrmAZFHXTvj3Po228ljoew4dAgiNps6PhVrZKa15s2dh9UknXqxQ25ALauvX1XAp6zu5JIffvzm2QealZpWBLRVD7t_vUbGJKngrUnSvSZ7paJ4Aw=w122-h92-k-no","https://ssl.gstatic.com/local/servicebusiness/default_user.png","""lain kali nyoba yang rasa Blueberry dan/ atau dengan","ice cream",".""","","","","","","·","Rp 25–50 rb"
"https://www.google.com/maps/place/Toko+Coklat+Dhestchza/data=!4m7!3m6!1s0x2e68e64529aec403:0x69c15596390112a!8m2!3d-6.8979747!4d107.6059878!16s%2Fg%2F1hc16ywtp!19sChIJA8SuKUXmaC4RKhGQY1kVnAY?authuser=0&hl=id&rclk=1","Toko Coklat Dhestchza","4,5","(28)","Toko Cokelat","·","Jl. Kb. Bibit Tengah No.29","Tutup","· Buka Sen pukul 09.00","https://streetviewpixels-pa.googleapis.com/v1/thumbnail?panoid=3gSmbSlBmStgCt5r_cCuiw&cb_client=search.gws-prod.gps&w=80&h=92&yaw=197.97919&pitch=0&thumbfov=100","https://ssl.gstatic.com/local/servicebusiness/default_user.png","""Suasananya nyaman untuk hangout, harga coklatnya agak premium buat saya 😁""","","","","","","","","",""
"https://www.google.com/maps/place/Bolu+Susu+Lembang+Dago+-+Oleh+oleh+khas+Bandung/data=!4m7!3m6!1s0x2e68e7e54553b053:0x1c18bdcb8cccc701!8m2!3d-6.8978673!4d107.6125949!16s%2Fg%2F11tc0bx7c0!19sChIJU7BTReXnaC4RAcfMjMu9GBw?authuser=0&hl=id&rclk=1","Bolu Susu Lembang Dago - Oleh oleh khas Bandung","4,9","(978)","Toko Kue","·","Jl. Ir. H. Juanda No.81","Buka","· Tutup pukul 22.00","https://lh3.googleusercontent.com/gps-cs-s/APNQkAEHBKckscxAk6KonJA6n1bnBcKTUsY4uXaWgASFXDCg6R76iIyLU9VNIA8E1U8dzNa9dg7NCThW1j15NTqKSm75LxoCYXjjYD-n0Z-8GG9kZjB3gCU0KXcEadnpvB3fke8gskwDHA=w80-h169-k-no","https://ssl.gstatic.com/local/servicebusiness/default_user.png","""seru banget ada","es","krimnya, bisa dikreasikan sama bolunya.""","https://www.google.com/searchviewer/42?cvd=CLw_EicKJeICIjIgEhkiF9LX29IPEQoNL2cvMTF0YzBieDdjMBgAOgMI8A0%3D&hl=id-ID&gl=id&fo_m=MfohQo559jFvMUOzJVpjPL1YMfZ3bInYwBDuMfaXTPp5KXh-&utm_source=tactile&gei=Z0z3ab6tEcWY4-EP1N-t6Qw&ei=Z0z3ab6tEcWY4-EP1N-t6Qw&fo_s=OA&opi=79508299&ebb=1&cs=0&foub=mcpp","Pesan online","","","","·","Rp 25–50 rb"
"https://www.google.com/maps/place/Jeju+Ice+Cream+PVJ/data=!4m7!3m6!1s0x2e68e68a9f2822c9:0xf11f0de540980cb!8m2!3d-6.8892763!4d107.5957954!16s%2Fg%2F11c14y0t5t!19sChIJySIon4rmaC4Ry4AJVN7wEQ8?authuser=0&hl=id&rclk=1","Jeju Ice Cream PVJ","5,0","(3)","Es Krim","·","Paris Van Java, Jalan Sukajadi No.131-139, Paris Van Java, Lanatai Resort Level D17 C","Buka","· Tutup pukul 22.00","https://maps.gstatic.com/tactile/pane/result-no-thumbnail-2x.png","","Bawa pulang","","","","","","","","",""
"https://www.google.com/maps/place/Sop+Buah+Es+Krim+Mang+Ojos+Cabang+Cipaganti/data=!4m7!3m6!1s0x2e68e7d29a0bbb97:0xa3e38d656472952a!8m2!3d-6.8954597!4d107.6021204!16s%2Fg%2F11mwjhfrh7!19sChIJl7sLmtLnaC4RKpVyZGWN46M?authuser=0&hl=id&rclk=1","Sop Buah Es Krim Mang Ojos Cabang Cipaganti","3,7","(3)","Es Krim","·","Jl. Cipaganti No.75","Segera tutup","· 20.30 · Buka Sen pukul 10.00","https://lh3.googleusercontent.com/gps-cs-s/APNQkAGE2oonlkAigf5lSJzLN_F0ROxMvw1Tp3kH6bcWgyRbmEVEwFvRce-rTGHsL3RRr_RswyGZQfFFRU15hum27bYoo0Gov3b0he7tUvtA-bXqUbNEPFyffHp95OcWapV6uakqxps=w80-h142-k-no","","Pesan antar","","","","","","","","",""
"https://www.google.com/maps/place/Batagor+DEROZ/data=!4m7!3m6!1s0x2e68e700515ce9bd:0x9052367481383b8b!8m2!3d-6.8856439!4d107.6128568!16s%2Fg%2F11x_3rv2dg!19sChIJvelcUQDnaC4Rizs4gXQ2UpA?authuser=0&hl=id&rclk=1","Batagor DEROZ","","","Kedai Hidangan Penutup","·","Jl. Sumur Bandung No.16","","","https://streetviewpixels-pa.googleapis.com/v1/thumbnail?panoid=tN7pBUZzeTTp5Xp8i8ynig&cb_client=search.gws-prod.gps&w=80&h=92&yaw=126.822914&pitch=0&thumbfov=100","","Bawa pulang","","","","","","","","",""
"https://www.google.com/maps/place/Skotee+Coffee,+Ice+Cream,+and+Tea/data=!4m7!3m6!1s0x2e68e7192153a179:0x7152a5fdd6c617b4!8m2!3d-6.9054275!4d107.616931!16s%2Fg%2F11wn6bbv2r!19sChIJeaFTIRnnaC4RtBfG1v2lUnE?authuser=0&hl=id&rclk=1","Skotee Coffee, Ice Cream, and Tea","4,2","(25)","Es Krim","·","Jl. Banda No.32","Segera tutup","· 21.00 · Buka Sen pukul 09.00","https://lh3.googleusercontent.com/gps-cs-s/APNQkAE65XsLekONmQ_IL_4v3W_nCcSTrDtENdc_V-k8e6wLBaW3B_E03UN2e8hExVvAdXKg6A7F4-Tdt53QSgUIGK76cNiHbJg2HqVsgd96nS8vUDD1FDxmeIl3qQzUGxIhlyGriLZv54bkQI8j=w80-h106-k-no","https://ssl.gstatic.com/local/servicebusiness/default_user.png","""Skotee Coffee, Tea &","Ice Cream","adalah hidden gem yang wajib dikunjungi!""","https://www.google.com/searchviewer/42?cvd=CLw_EicKJeICIjIgEhkiF9LX29IPEQoNL2cvMTF3bjZiYnYychgBOgMI8A0%3D&hl=id-ID&gl=id&fo_m=MfohQo559jFvMUOzJVpjPL1YMfZ3bInYwBDuMfaXTPp5KXh-&utm_source=tactile&gei=Z0z3ab6tEcWY4-EP1N-t6Qw&ei=Z0z3ab6tEcWY4-EP1N-t6Qw&fo_s=OA&opi=79508299&orderType=1&ebb=1&cs=0&foub=mcpp","Pesan online","","","","·","Rp 1–25.000"
"https://www.google.com/maps/place/Kopi+Toko+Djawa+%28Teuku+Umar%29/data=!4m7!3m6!1s0x2e68e7e8df624eb3:0x510ca54ca3ba3e9c!8m2!3d-6.8912888!4d107.6142873!16s%2Fg%2F11p64j0wqs!19sChIJs05i3-jnaC4RnD66o0ylDFE?authuser=0&hl=id&rclk=1","Kopi Toko Djawa (Teuku Umar)","4,7","(711)","Kedai Kopi","·","Jl. Teuku Umar No.5","Segera tutup","· 21.00 · Buka Sen pukul 07.00","https://lh3.googleusercontent.com/gps-cs-s/APNQkAFBTzAZ2BS1CqlUXrnUc7M8AiczU3UvlcF8lSkQc_Suf5ggFUTBfkBdrBblCr8d7bFrZ55-V4HNM77aHHar0zQTaRqwFdncoW94KS85-HCFWrpKUKW0MoyYU7KC5OvaxtLXv7NgKA=w122-h92-k-no","https://ssl.gstatic.com/local/servicebusiness/default_user.png","""Tempat nya sangat enak, apa lg bandung terkenal dengan udara yang sejuk.""","","","https://www.google.com/searchviewer/42?cvd=CLw_EicKJeICIjIgEhkiF9LX29IPEQoNL2cvMTFwNjRqMHdxcxgBOgMI8A0%3D&hl=id-ID&gl=id&fo_m=MfohQo559jFvMUOzJVpjPL1YMfZ3bInYwBDuMfaXTPp5KXh-&utm_source=tactile&gei=aUz3aZucBvWd4-EPn4GZmAY&ei=aUz3aZucBvWd4-EPn4GZmAY&fo_s=OA&opi=79508299&orderType=1&ebb=1&cs=0&foub=mcpp","Pesan online","","","","·","Rp 25–50 rb"
"https://www.google.com/maps/place/Es+kelapa+muda+si+bungsu%28MANG+HERMAN%29/data=!4m7!3m6!1s0x2e68e7b1fb134283:0xd24f5b3cc3d1e87f!8m2!3d-6.8974002!4d107.6041444!16s%2Fg%2F11qnjfyrcq!19sChIJg0IT-7HnaC4Rf-jRwzxbT9I?authuser=0&hl=id&rclk=1","Es kelapa muda si bungsu(MANG HERMAN)","5,0","(8)","Es Krim","·","Jl. Cihampelas No.122","Buka","· Tutup Sen pukul 06.00","https://lh3.googleusercontent.com/gps-cs-s/APNQkAGKr4VX_fN5d7-zF0Nj7Edd-rXwy_zXAXTbn8O8jq6LCt--0rbSq3I5E6bwzvx17LuomLvZOgnBncXdeKrUPoOvtX5l35xDVH3_aNdkONqEld87E33ljyj5yA0lRpKOKh7VTVZdlA=w122-h92-k-no","https://ssl.gstatic.com/local/servicebusiness/default_user.png","""enakkk polll""","","","","","","","","",""
"https://www.google.com/maps/place/Toko+Coklat/data=!4m7!3m6!1s0x2e68e6494665881b:0x489316aff0ae9463!8m2!3d-6.9042783!4d107.6201477!16s%2Fg%2F1w604d31!19sChIJG4hlRknmaC4RY5Su8K8Wk0g?authuser=0&hl=id&rclk=1","Toko Coklat","4,5","(439)","Es Krim","·","·","Segera tutup","· 21.00 · Buka Sen pukul 08.00","https://lh3.googleusercontent.com/gps-cs-s/APNQkAE6i4JvBJsEQAXi-vX6MXLqSzADyI4knXD0MPeWD7eeR2sHPM3AgPEZfq_J8zAhvmu4bStTGwpjQ4oYaTS9thM-kg_YmWlQRqMiYrtZ4RAeyeSKe6mVyAIqSKkKDf359u98BEkJPA=w122-h92-k-no","https://ssl.gstatic.com/local/servicebusiness/default_user.png","""Coklatnya enak-enak""","","","","","","","Jl. Cimanuk No.5","·","$$"
"https://www.google.com/maps/place/Haus!+Ciumbuleuit/data=!4m7!3m6!1s0x2e68e7967d0951b9:0x271a8405588bc06!8m2!3d-6.8797136!4d107.6033863!16s%2Fg%2F11s8lhy0sz!19sChIJuVEJfZbnaC4RBryIVUCocQI?authuser=0&hl=id&rclk=1","Haus! Ciumbuleuit","4,1","(54)","Es Krim","·","4JC3+496","Buka sekarang","","https://lh3.googleusercontent.com/gps-cs-s/APNQkAHPQNoNo30gzEGvyAY-iEc5Qr-he7Peabfp0YemMxevDVmP9V5qRYswSQywWlYZ7ZbcPsDlNOlLK5xS0qqtpZFap5ePRUfvyyYe7FUcwrBM0AO8PAOqU3Eht1D0krF8CQIeHi9-=w80-h177-k-no","https://ssl.gstatic.com/local/servicebusiness/default_user.png","""sangat bagus""","","","https://www.google.com/searchviewer/42?cvd=CLw_EicKJeICIjIgEhkiF9LX29IPEQoNL2cvMTFzOGxoeTBzehgBOgMI8A0%3D&hl=id-ID&gl=id&fo_m=MfohQo559jFvMUOzJVpjPL1YMfZ3bInYwBDuMfaXTPp5KXh-&utm_source=tactile&gei=aUz3aZucBvWd4-EPn4GZmAY&ei=aUz3aZucBvWd4-EPn4GZmAY&fo_s=OA&opi=79508299&orderType=1&ebb=1&cs=0&foub=mcpp","Pesan online","","","","",""
"https://www.google.com/maps/place/Big+Cinnamon+Baltos/data=!4m7!3m6!1s0x2e68e6456c90ef29:0xbe64ca884dd3ef39!8m2!3d-6.8990017!4d107.6083355!16s%2Fg%2F11bbw_kg87!19sChIJKe-QbEXmaC4ROe_TTYjKZL4?authuser=0&hl=id&rclk=1","Big Cinnamon Baltos","4,5","(2)","Cookie","·","Balubur Town Square, Jl. Tamansari No.36 lantai 1 blok d","Tutup","· Buka Sen pukul 11.00","https://lh3.googleusercontent.com/gps-cs-s/APNQkAFC1J9H4Q0i9lPZnoqeDB2EBKn4j14MCqIM8-6wCZqcYKnvQ_t6lGvXNtDlTxP9RiwnNkC057RViTKyZd4eJNkm4KzYoXiHjuXRZ8oGW3wATiHdY3LeZCQA8e8VTLCaI7CJPXZvyg=w92-h92-k-no","","Bawa pulang","","","","","","","","",""
"https://www.google.com/maps/place/Ridho+Clean/data=!4m7!3m6!1s0x2e68e655a085d923:0x75c24bb5f8952cdd!8m2!3d-6.8879133!4d107.618043!16s%2Fg%2F11cls7jd8r!19sChIJI9mFoFXmaC4R3SyV-LVLwnU?authuser=0&hl=id&rclk=1","Ridho Clean","4,2","(13)","Es Krim","·","·","Tutup","· Buka Sen pukul 09.00","https://lh3.googleusercontent.com/gps-cs-s/APNQkAF7eBH5rqM_aKBL1SqTNmkI2u3AsWORvrsJmZJOy0s6Wi9PzbcOo5wiyzZwMvlX1MTe4Cb6xifS4eVXqke2eo6TX7p7aI6MC3DEMUrsyaRbeiHSAcsbHphcMoFrjQC29bWl7H5e=w122-h92-k-no","https://ssl.gstatic.com/local/servicebusiness/default_user.png","""Mantap 👍ini recomended,pelayanan ramah, cepet kering,wangi dan bersih ,,👌""","","","","","","","Jl. Sekeloa Gg. Kubang Sari VII No.38, RT.06/RW.06","·","$"
"https://www.google.com/maps/place/IlCapo+Gelato/data=!4m7!3m6!1s0x2e68e72cec28bfbb:0xa25d10c24acdb140!8m2!3d-6.8808341!4d107.5819412!16s%2Fg%2F11lyx21k71!19sChIJu78o7CznaC4RQLHNSsIQXaI?authuser=0&hl=id&rclk=1","IlCapo Gelato","5,0","(25)","Es Krim","·","Setrasari Plaza, B.11","Segera tutup","· 21.00 · Buka Sen pukul 09.00","https://lh3.googleusercontent.com/gps-cs-s/APNQkAFRKj7RN__Mj-3jDdk19V_nEiChe9e9j8IaXqv8sXzbrIKeQdPfFxfKLAfYRcLDEwf2n2YHQofcbJRztl8rv5Y46O-7mMb9YePmtzHePVVjB7p2QOEKq3-MHZ6fCQrg1B267y0rIpDKeqQ=w199-h92-k-no","https://ssl.gstatic.com/local/servicebusiness/default_user.png","""🥰🥰🥰 enakk banget .. premium quality💜""","","","","","","","","",""
"https://www.google.com/maps/place/Rasa+Bakery+%26+Cafe/data=!4m7!3m6!1s0x2e68e62fc9b40001:0xb9631a9afa090a27!8m2!3d-6.9189658!4d107.6121626!16s%2Fg%2F11t46nhm41!19sChIJAQC0yS_maC4RJwoJ-poaY7k?authuser=0&hl=id&rclk=1","Rasa Bakery & Cafe","4,5","(4.849)","Toko Roti","·","Jl. Tamblong No.15","Segera tutup","· 21.00 · Buka Sen pukul 08.00","https://lh3.googleusercontent.com/gps-cs-s/APNQkAEkH1I3QYM2Or_r3hyd75ZjSZuNKoPr5WXI-SRD0QKbGTpV0aaUCZhFiT8ff2u1xJOk5qI9JqypiEKl2endq__NDkZB7CDwY6n1AOEJBb2ugXEWrhWxKZrcKWOE6ezOG3dZIkbPyg=w80-h142-k-no","https://ssl.gstatic.com/local/servicebusiness/default_user.png","""Rasa","es krim","nya enak banget, gak berubah.""","","","","","","·","$$"
"https://www.google.com/maps/place/Pokat+Kocok+Palugada/data=!4m7!3m6!1s0x2e68e74b8c9f81eb:0x25053cc218606b14!8m2!3d-6.8849075!4d107.6072592!16s%2Fg%2F11gx_wfb2v!19sChIJ64GfjEvnaC4RFGtgGMI8BSU?authuser=0&hl=id&rclk=1","Pokat Kocok Palugada","","","Kedai Hidangan Penutup","·","Jl. Dipati Ukur No.95","Buka","· Tutup pukul 22.00","https://streetviewpixels-pa.googleapis.com/v1/thumbnail?panoid=axDrgrghpiA8FXSdJSk8rA&cb_client=search.gws-prod.gps&w=80&h=92&yaw=182.66075&pitch=0&thumbfov=100","","Pesan antar","","","","","","","","",""
"https://www.google.com/maps/place/One+Eighty+Coffee+and+Music/data=!4m7!3m6!1s0x2e68e650e167c1ab:0xdcc35bc2a4e6d1b1!8m2!3d-6.8938835!4d107.6124492!16s%2Fg%2F11cs125fcc!19sChIJq8Fn4VDmaC4RsdHmpMJbw9w?authuser=0&hl=id&rclk=1","One Eighty Coffee and Music","4,6","(9.187)","Kedai Kopi","·","·","Buka","· Tutup pukul 22.00","https://lh3.googleusercontent.com/gps-cs-s/APNQkAHTj7pxgPnrKKjXTwxOxOeoMb7aDIc7Scm5x5SXmNKESDozAAo-8HS2ktREjbNFc9_-a6k0axgHEzllEYxg95cBzu5q5J88sHcJSRh_-tsVesAhLA2Rxtjo08rLHiMu6RyviJG2PaQ8W6O6=w80-h106-k-no","https://ssl.gstatic.com/local/servicebusiness/default_user.png","""Selalu ramai😌👌 bingung kalo pilih minuman, pasti selalu lychee frost""","","","https://www.google.com/searchviewer/42?cvd=CLw_EicKJeICIjIgEhkiF9LX29IPEQoNL2cvMTFjczEyNWZjYxgBOgMI8A0%3D&hl=id-ID&gl=id&fo_m=MfohQo559jFvMUOzJVpjPL1YMfZ3bInYwBDuMfaXTPp5KXh-&utm_source=tactile&gei=aUz3aZucBvWd4-EPn4GZmAY&ei=aUz3aZucBvWd4-EPn4GZmAY&fo_s=OA&opi=79508299&orderType=1&ebb=1&cs=0&foub=mcpp","Pesan online","","","Jl. Ganesa No.3","·","$$"
"https://www.google.com/maps/place/Canary+Bakery/data=!4m7!3m6!1s0x2e68e6510e5a5f5b:0xaea77ebea2038014!8m2!3d-6.894096!4d107.613632!16s%2Fg%2F11b6sz9srd!19sChIJW19aDlHmaC4RFIADor5-p64?authuser=0&hl=id&rclk=1","Canary Bakery","3,3","(7)","Toko Roti","·","RS Borromeus, Jl. Ir. H. Juanda","Tutup","· Buka Sen pukul 06.00","https://lh3.googleusercontent.com/gps-cs-s/APNQkAExPViHA5lKAhODnAbcC1xJO5DzPWC6PG209PjfEn-1vq8u0VzjczrSRAhqDjoaxHKTkwPOUrhd4TBs3E5Yp1x-C7WWZERysX1qm3l0pBUmOjSJHNeczCVQtt0v0zDe-mfhtaKY=w80-h106-k-no","https://www.gstatic.com/local/justifications/menu_highlight_24pd_G650.png","Menu yang ditandai:","es krim","","","","","","","",""
"https://www.google.com/maps/place/Caffe+Bene+Dago/data=!4m7!3m6!1s0x2e68e65636f1c60f:0x384cf91a6806a9e3!8m2!3d-6.888025!4d107.613437!16s%2Fg%2F11b60zp010!19sChIJD8bxNlbmaC4R46kGaBr5TDg?authuser=0&hl=id&rclk=1","Caffe Bene Dago","4,5","(1.789)","Kedai Kopi","·","Jl. Ir. H. Juanda No.155","Buka","· Tutup pukul 22.00","https://lh3.googleusercontent.com/gps-cs-s/APNQkAGcc3OHlCm6KqQw3IGQsWNbPyD-ZXT93vTaStPYU3tsvyomo9ZRAHPXKhp6dLAf93L5f1B8RMlHYKqJ_1L-tiRoboIgMSSXpVWR-aadEMjUbfTJ462sl-Qs9rA5RCO1FZxcVUAk=w137-h92-k-no","https://ssl.gstatic.com/local/servicebusiness/default_user.png","""Kafenya nyaman, pizza enak,","es krim","jg sgt delicious.""","https://www.google.com/searchviewer/42?cvd=CLw_EicKJeICIjIgEhkiF9LX29IPEQoNL2cvMTFiNjB6cDAxMBgBOgMI8A0%3D&hl=id-ID&gl=id&fo_m=MfohQo559jFvMUOzJVpjPL1YMfZ3bInYwBDuMfaXTPp5KXh-&utm_source=tactile&gei=aUz3aZucBvWd4-EPn4GZmAY&ei=aUz3aZucBvWd4-EPn4GZmAY&fo_s=OA&opi=79508299&orderType=1&ebb=1&cs=0&foub=mcpp","Pesan online","","","Kedai kopi dengan hidangan manis & gurih","·","Rp 50–75 rb"
"https://www.google.com/maps/place/Alvino+Cone+Eskrim+Shop/data=!4m7!3m6!1s0x2e68e79153a2c5ef:0xdc766080b4e8fc12!8m2!3d-6.9004684!4d107.6513476!16s%2Fg%2F11f147rbkq!19sChIJ78WiU5HnaC4REvzotIBgdtw?authuser=0&hl=id&rclk=1","Alvino Cone Eskrim Shop","5,0","(2)","Pusat Perbelanjaan","·","3MX2+RG9","Buka 24 jam","","https://maps.gstatic.com/tactile/pane/result-no-thumbnail-2x.png","","","","","","","","","","",""
"https://www.google.com/maps/place/es+durian+nusasari+ogi/data=!4m7!3m6!1s0x2e68e7df92b55a11:0x5802befcb246e556!8m2!3d-6.8976719!4d107.6125284!16s%2Fg%2F11xtwsvn1f!19sChIJEVq1kt_naC4RVuVGsvy-Alg?authuser=0&hl=id&rclk=1","es durian nusasari ogi","","","Es Krim","·","Jl. Ir. H. Juanda No.83","Tutup","· Buka Sen pukul 11.00","https://lh3.googleusercontent.com/gps-cs-s/APNQkAE8XHzuHHL-1OY_tkaYw_30b_IjQ_Jf1ycke06FkyxJIU4tTEIOWKFrUd5Ra9AUGii9h21P_cqgcXfFik2yaZ07rs5gFurHwsZDHgyRsJw2A8THxU9uRWRp1KngCvDFeKZaW7Nzevyhz-Uk=w92-h92-k-no","","","","","","","","","","",""
"https://www.google.com/maps/place/Kopi+Kyomi/data=!4m7!3m6!1s0x2e68e73a9efb66bf:0xc48120de8d5b64f!8m2!3d-6.8895429!4d107.613792!16s%2Fg%2F11h4jws0g6!19sChIJv2b7njrnaC4RT7bV6A0SSAw?authuser=0&hl=id&rclk=1","Kopi Kyomi","4,6","(914)","Kedai Kopi","·","·","Buka","· Tutup pukul 22.00","https://lh3.googleusercontent.com/gps-cs-s/APNQkAEkvy5eNpk1j5m551M3DOdoxmutdV3El_B-Uoz0iNkvgFv7RUZ7AVvCtzXh9H8TTvAq9iVLImZJ-HqpIRolZ16d3fIeqRH0JjYkNgzQ8YiOsOg_nAuCozGKo5ZAj8Iituu01EfcZhPCxf7j=w80-h112-k-no","https://ssl.gstatic.com/local/servicebusiness/default_user.png","""","Ice cream","nya juga enak

Tempatnya juga enak banget!!""","","","","","Jl. Ir. H. Juanda No.130","·","Rp 25–50 rb"
"https://www.google.com/maps/place/Baskin+Robbins/data=!4m7!3m6!1s0x2e68e637448a8f2f:0x1e3f1b62ac89aaca!8m2!3d-6.9086121!4d107.6115002!16s%2Fg%2F1hc10l0dj!19sChIJL4-KRDfmaC4RyqqJrGIbPx4?authuser=0&hl=id&rclk=1","Baskin Robbins","4,5","(23)","Es Krim","·","Jl. Merdeka No.56","Buka","· Tutup pukul 22.00","https://lh3.googleusercontent.com/gps-cs-s/APNQkAGNGaqWwgn9rs7Cjf9Izpr2Vx-cwvW6Ka3CBhNgBfOQfFw0Xre73uxdluvdZ6q9gPtupS0vitsE_z7C_JdWVH9YrhIxvETuHT43aRTU9p6-TxVCN8lbHtOZ5vKNug6sH2ydBDFV=w80-h106-k-no","https://ssl.gstatic.com/local/servicebusiness/default_user.png","""Masih jadi","es krim","favorit sepanjang masa.""","","","","","","·","$$"
"https://www.google.com/maps/place/Azuka+Mochi/data=!4m7!3m6!1s0x2e68e7b1118b14fb:0x174f3993fc7646bf!8m2!3d-6.888404!4d107.6161561!16s%2Fg%2F11gvz32nbr!19sChIJ-xSLEbHnaC4Rv0Z2_JM5Txc?authuser=0&hl=id&rclk=1","Azuka Mochi","","","Es Krim","·","Jl. Tubagus Ismail Bawah No.41","Buka 24 jam","","https://streetviewpixels-pa.googleapis.com/v1/thumbnail?panoid=eDFWjd1cLgCs-trwyEufbA&cb_client=search.gws-prod.gps&w=80&h=92&yaw=257.13577&pitch=0&thumbfov=100","","Pesan antar","","","","","","","","",""
"https://www.google.com/maps/place/Bosscha+Space/data=!4m7!3m6!1s0x2e68e73e88d40b1b:0xf7a5d9b1649715b7!8m2!3d-6.8960711!4d107.6131413!16s%2Fg%2F11s5vkd563!19sChIJGwvUiD7naC4RtxWXZLHZpfc?authuser=0&hl=id&rclk=1","Bosscha Space","4,7","(941)","Restoran","","","Buka","· Tutup pukul 23.00","https://lh3.googleusercontent.com/gps-cs-s/APNQkAGyVmgCkpAGOfqW-zBA0nU8igy2Was9usLX4Mfv4nGwyK6WdXuSdR5Tf5X6AaAwoXE9dinyOxvlSQlcxTw-8RqDduVt0kxc2Wz24Xfk8QfUzjH8CG_Ni26Kz8hLVsS86rzDTVjT=w80-h120-k-no","https://ssl.gstatic.com/local/servicebusiness/default_user.png","""Untuk","ice","leci tea nya oke.""","","","","","","·","Rp 50–75 rb"
"https://www.google.com/maps/place/Mr.+Es+Doger/data=!4m7!3m6!1s0x2e68e78af72541e9:0xabbb28a56a2259a5!8m2!3d-6.9030069!4d107.605998!16s%2Fg%2F11xzvm6x1d!19sChIJ6UEl94rnaC4RpVkiaqUou6s?authuser=0&hl=id&rclk=1","Mr. Es Doger","5,0","(2)","Es Krim","·","Jl. Tamansari Bawah No.60","Tutup","· Buka Sen pukul 08.00","https://lh3.googleusercontent.com/gps-cs-s/APNQkAECJdQL3UWrEUaoUibykiW743Afz5BbV-cR7Ae-gRqTQuIMGBwbJnZPhi-X-C63Io-JDY8phEzDvSgcxSuJzhrgvq4TAHFjIIXU-dWNAhPqz_oImGngvqyd9cjC1uK2lgYm9tTP07Z046g=w80-h142-k-no","","","","","","","","","","",""
"https://www.google.com/maps/place/Ini+Kreasi/data=!4m7!3m6!1s0x2e68e767ed87b619:0x59e2938f1bb7cad9!8m2!3d-6.8936523!4d107.6056969!16s%2Fg%2F11fkdmtp54!19sChIJGbaH7WfnaC4R2cq3G4-T4lk?authuser=0&hl=id&rclk=1","Ini Kreasi","5,0","(1)","Toko Perlengkapan Rumah","·","4J44+G7P","Buka","· Tutup pukul 22.00","https://maps.gstatic.com/tactile/pane/result-no-thumbnail-2x.png","","Pesan antar","","","","","","","","",""
"https://www.google.com/maps/place/Mixue+Ciumbuleuit/data=!4m7!3m6!1s0x2e68e757f53fe159:0xbd0c2639e3fce3d0!8m2!3d-6.8739554!4d107.6045598!16s%2Fg%2F11rfp_ylzg!19sChIJWeE_9VfnaC4R0OP84zkmDL0?authuser=0&hl=id&rclk=1","Mixue Ciumbuleuit","4,5","(299)","Es Krim","·","·","Segera tutup","· 21.00 · Buka Sen pukul 09.00","https://lh3.googleusercontent.com/gps-cs-s/APNQkAF2HEeErVkkeykclyr0F7_hftRWJXAC7sYwOxwiHwMW92myG3fYKMi3AiHIwcR-dhPMrbz0ylX3cIBWagOlOhzwT1P4xBnQDoh6Kzge2euwHUFJvRL_vQ5g7ovYaw4w12T-KzkM=w122-h92-k-no","https://ssl.gstatic.com/local/servicebusiness/default_user.png","""","Es","krimnya enak tempatnya juga enak""","https://www.google.com/searchviewer/42?cvd=CLw_EicKJeICIjIgEhkiF9LX29IPEQoNL2cvMTFyZnBfeWx6ZxgBOgMI8A0%3D&hl=id-ID&gl=id&fo_m=MfohQo559jFvMUOzJVpjPL1YMfZ3bInYwBDuMfaXTPp5KXh-&utm_source=tactile&gei=a0z3af7QHMiO4-EPmuWM0Ao&ei=a0z3af7QHMiO4-EPmuWM0Ao&fo_s=OA&opi=79508299&orderType=1&ebb=1&cs=0&foub=mcpp","Pesan online","","","Jl. Ciumbuleuit","·","$"
"https://www.google.com/maps/place/Es+krim+thomas+slebew/data=!4m7!3m6!1s0x2e68e735f62954b9:0x189be75c78d686fe!8m2!3d-6.9215808!4d107.6009903!16s%2Fg%2F11s_x59pqw!19sChIJuVQp9jXnaC4R_obWeFznmxg?authuser=0&hl=id&rclk=1","Es krim thomas slebew","5,0","(25)","Es Krim","·","3JH2+999, Jl. Cibadak","","","https://streetviewpixels-pa.googleapis.com/v1/thumbnail?panoid=jxtjDPfRlyPXp19VbicJQA&cb_client=search.gws-prod.gps&w=80&h=92&yaw=350.57587&pitch=0&thumbfov=100","https://ssl.gstatic.com/local/servicebusiness/default_user.png","""","es krim","nya dingin, sedingin di kutub utara.""","","","","","","",""
"https://www.google.com/maps/place/Fuego+Coffee+Roasthouse+%26+Norge+Parlor/data=!4m7!3m6!1s0x2e68e736a527d3e7:0xca6b5295df1085da!8m2!3d-6.9108672!4d107.6177394!16s%2Fg%2F11mb_h5gtc!19sChIJ59MnpTbnaC4R2oUQ35VSa8o?authuser=0&hl=id&rclk=1","Fuego Coffee Roasthouse & Norge Parlor","4,8","(863)","Restoran","·","Jl. Banda No.4","Buka","· Tutup pukul 22.00","https://lh3.googleusercontent.com/gps-cs-s/APNQkAFvMicWHYlz5Y5nrKCrcN1xTduT_qQrPGdznrGPyuomGVI92A7QV4TEWhEdIuKqxhp5WGwo0s78XfauC73ZhM9uEdECtRnrzTtAM-eO2Rotns8xK_omceUmfwC_Xya_swLtGtGPLw=w173-h92-k-no","https://ssl.gstatic.com/local/servicebusiness/default_user.png","""Ambience nya enak bgtttt, plus makanannya jugaa..","es krim","nya mantaapp""","","","","","","·","Rp 50–75 rb"
"https://www.google.com/maps/place/cipedes+es+krim/data=!4m7!3m6!1s0x2e68e76f9a3f3097:0x457084082fd858a8!8m2!3d-6.8905455!4d107.5910688!16s%2Fg%2F11ftvbxych!19sChIJlzA_mm_naC4RqFjYLwiEcEU?authuser=0&hl=id&rclk=1","cipedes es krim","5,0","(6)","Es Krim","·","Jl. Cipedes Tengah No.26","Buka","· Tutup pukul 23.00","https://lh3.googleusercontent.com/gps-cs-s/APNQkAFaN7oSImdG0rn8zxmX67lrNhgGjqHt-JXBVsgruMPolZct5EmVUKpAXLOezKKh8UYAFi1l_yhsLdx6z8R-L2dY2qMmsW17C6kA9ggVINJzWZfCLcPDEsuhdg32M-xI6ymDM27NpQ=w112-h92-k-no","https://ssl.gstatic.com/local/servicebusiness/default_user.png","""pelayanan cepat dan ramah""","","","https://www.google.com/searchviewer/42?cvd=CLw_EicKJeICIjIgEhkiF9LX29IPEQoNL2cvMTFmdHZieHljaBgBOgMI8A0%3D&hl=id-ID&gl=id&fo_m=MfohQo559jFvMUOzJVpjPL1YMfZ3bInYwBDuMfaXTPp5KXh-&utm_source=tactile&gei=a0z3af7QHMiO4-EPmuWM0Ao&ei=a0z3af7QHMiO4-EPmuWM0Ao&fo_s=OA&opi=79508299&orderType=1&ebb=1&cs=0&foub=mcpp","Pesan online","","","","",""
"https://www.google.com/maps/place/Es+Krim+Bandung+JOYDAY,INDOFOOD,AICE,DIAMOND+DAN+CAMPINA./data=!4m7!3m6!1s0x2e68e89eb77033a9:0x4b029e08a16ce3e0!8m2!3d-6.9330723!4d107.6025201!16s%2Fg%2F11b6mt4pfp!19sChIJqTNwt57oaC4R4ONsoQieAks?authuser=0&hl=id&rclk=1","Es Krim Bandung JOYDAY,INDOFOOD,AICE,DIAMOND DAN CAMPINA.","4,7","(33)","Es Krim","·","Jl. Astana Anyar No.257","Segera tutup","· 21.00 · Buka Sen pukul 08.00","https://lh3.googleusercontent.com/gps-proxy/ALd4DhE0pji-DLhUPp1Xs7FQVkGxtjIJyNuiHbPDtwKkK3sUbHaWP6WePatsPFJXRvGn__lbUsyOMY1EnKg0WZlFraQl6SYBVg_EEeFQsWAzkdcsqbztExvEruSI5NeHVaTUbZI00SfVYtz029NhK-FYKAvohcINxbDGcYWQvB2d7uByD2kJ_I_iU9QyWsPWwUqhhUMn4w=w163-h92-k-no","https://ssl.gstatic.com/local/servicebusiness/default_user.png","""Pengiriman sangat cepat dan","es","ya enak
Sangat puas dengan pelayanan ya""","https://www.google.com/searchviewer/42?cvd=CLw_EicKJeICIjIgEhkiF9LX29IPEQoNL2cvMTFiNm10NHBmcBgBOgMI8A0%3D&hl=id-ID&gl=id&fo_m=MfohQo559jFvMUOzJVpjPL1YMfZ3bInYwBDuMfaXTPp5KXh-&utm_source=tactile&gei=a0z3af7QHMiO4-EPmuWM0Ao&ei=a0z3af7QHMiO4-EPmuWM0Ao&fo_s=OA&opi=79508299&orderType=1&ebb=1&cs=0&foub=mcpp","Pesan online","","","","",""
"https://www.google.com/maps/place/Karen%27s+Cookies/data=!4m7!3m6!1s0x2e68e6f655e27e6b:0x2b144d33db8cf503!8m2!3d-6.8849013!4d107.6069215!16s%2Fg%2F11c6_c1wms!19sChIJa37iVfbmaC4RA_WM2zNNFCs?authuser=0&hl=id&rclk=1","Karen's Cookies","3,0","(1)","Cookie","·","Jl. Siliwangi No.31/155B","Tutup","· Buka Sel pukul 10.00","https://streetviewpixels-pa.googleapis.com/v1/thumbnail?panoid=eM9rxw8553Ryq6fF4-e8FA&cb_client=search.gws-prod.gps&w=80&h=92&yaw=175.81145&pitch=0&thumbfov=100","","Pesan antar","","","","","","","","",""
"https://www.google.com/maps/place/Es+Pisang+Ijo+%28by+Merlape+Eatery%29/data=!4m7!3m6!1s0x2e68e74c72459365:0xb8d13b3f3abe29d0!8m2!3d-6.8846296!4d107.6137223!16s%2Fg%2F11vpfp0c_w!19sChIJZZNFckznaC4R0Cm-Oj870bg?authuser=0&hl=id&rclk=1","Es Pisang Ijo (by Merlape Eatery)","5,0","(8)","Kedai Hidangan Penutup","·","Depan Salon Memori, Jl. Ir. H. Juanda No.185","Tutup","· Buka Sab pukul 10.00","https://lh3.googleusercontent.com/gps-cs-s/APNQkAGJr71Ucan-i7ISFr77xaJKE-SNBo3otS5dSoqNLK5lK3eQpD0fVKfNEVxj0wnDLRtTsuR0DaCGcvv7W7X_fCL8JZo5GEW4c3voiuRCxwm44DnbWgC91QB2s4IlA6vJZp5jsPOi-aq5Iqxf=w122-h92-k-no","https://ssl.gstatic.com/local/servicebusiness/default_user.png","""Selalu suka dengan makanan dan minuman yg dijual Merlape.""","","","","","","","","",""
"https://www.google.com/maps/place/Rit%27s+Bandoeng+Ice+Cream/data=!4m7!3m6!1s0x2e68e727796770d9:0x6aa20cfe2c71d961!8m2!3d-6.8478853!4d107.5985131!16s%2Fg%2F1v_ql5qc!19sChIJ2XBneSfnaC4RYdlxLP4Momo?authuser=0&hl=id&rclk=1","Rit's Bandoeng Ice Cream","4,3","(144)","Es Krim","·","Jl. Dr. Setiabudi No.388","Segera tutup","· 21.00 · Buka Sel pukul 11.00","https://lh3.googleusercontent.com/gps-cs-s/APNQkAHTsAHUuYyTL1CkqUXUQVzBTbi_8qRx6N-ToBehSen4mMJldSCnI9nFF2KPSw6e0foKJ1b2WUlyfjfc_CHTLAJSE-iC30Hvu9CBElmdgsI0mE9GWHbTsZf5XXGNceB2E5VqzkNQAA=w122-h92-k-no","https://ssl.gstatic.com/local/servicebusiness/default_user.png","""Harga","es krim","Rp 37.000 per scope tergantung rasa yang dipilih.""","","","","","","·","$$"
"https://www.google.com/maps/place/Mixue+BEC/data=!4m7!3m6!1s0x2e68e7ee5736b18f:0xfccaddeaccaba078!8m2!3d-6.9074955!4d107.609182!16s%2Fg%2F11t79nllqk!19sChIJj7E2V-7naC4ReKCrzOrdyvw?authuser=0&hl=id&rclk=1","Mixue BEC","3,6","(81)","Es Krim","·","Istana BEC LU S01/02","Segera tutup","· 21.00 · Buka Sen pukul 10.00","https://lh3.googleusercontent.com/gps-cs-s/APNQkAGm9nBGVIAyW1Sa5ZB0W70nR31Cvkn_lqdV4kF9doiKNE7l4pHjL-G8-sRN-CCx6jSDyRKmFX145n6tcVMGXOZoFR8Y17Q_aaO5bQOmsyZdlKS1fXSDrZvZ3_aVFPBBpIlCUuHaxw=w80-h106-k-no","https://ssl.gstatic.com/local/servicebusiness/default_user.png","""cepat,","es","krimnya enak, harga murah""","https://www.google.com/searchviewer/42?cvd=CLw_EicKJeICIjIgEhkiF9LX29IPEQoNL2cvMTF0NzlubGxxaxgBOgMI8A0%3D&hl=id-ID&gl=id&fo_m=MfohQo559jFvMUOzJVpjPL1YMfZ3bInYwBDuMfaXTPp5KXh-&utm_source=tactile&gei=a0z3af7QHMiO4-EPmuWM0Ao&ei=a0z3af7QHMiO4-EPmuWM0Ao&fo_s=OA&opi=79508299&orderType=1&ebb=1&cs=0&foub=mcpp","Pesan online","","","","",""
"https://www.google.com/maps/place/Es+Cendol+dan+Kue+RUKUTE/data=!4m7!3m6!1s0x2e68e7a0ba72f3d3:0x61333c001be58be1!8m2!3d-6.8875658!4d107.6087583!16s%2Fg%2F11h4nhvs34!19sChIJ0_NyuqDnaC4R4YvlGwA8M2E?authuser=0&hl=id&rclk=1","Es Cendol dan Kue RUKUTE","","","Restoran","·","Food Fest, Jalan Tamansari No.71, Tamansari","Tutup","· Buka Sen pukul 09.00","https://lh3.googleusercontent.com/gps-cs-s/APNQkAF-VC9xMi_cVzouwLnLvQ9BOIveguhYdatdLlHF8e-fuDAOj7Yylrp2fH4700wp77WsQldRpJUIgE2v1M87MkTDdwhHeV4yRm6ik8mlZ_HRUvE102_eg6Vp6C3IUy77W5SzN1EW=w164-h92-k-no","","Makan di tempat","Bawa pulang","Pesan antar","","","","","","",""
"https://www.google.com/maps/place/Kedai+Es+Krim+Dede+Risa/data=!4m7!3m6!1s0x2e68e655a9384b9b:0x533cbd7ad386f175!8m2!3d-6.888876!4d107.618256!16s%2Fg%2F11b6hhkfkh!19sChIJm0s4qVXmaC4RdfGG03q9PFM?authuser=0&hl=id&rclk=1","Kedai Es Krim Dede Risa","","","Es Krim","·","4J69+C8R, Jl. Sekeloa","Segera tutup","· 21.00 · Buka Sen pukul 09.00","https://lh3.googleusercontent.com/gps-proxy/ALd4DhEaphzs7Peo7TNKsIk1mU9hPDceEVuhcc4FAKFFtv7h4okNnISX6DNPnuOD9lZQbMiqjtdhTzHqRLx7cQ9u-AyE2FvV4Cbd7eZPFta-JcHufPi3QAEKpxuVUlslLRAUnBsC9BpSsHfJtv3rHCcHIv5tkroOrB4yREVRZiAtFMRfxVT6WT3acEXW-FXm1gEov6BLUxw=w122-h92-k-no","","Bawa pulang","","","","","","","","",""
"https://www.google.com/maps/place/Warunk+Upnormal+Sumur+Bandung/data=!4m7!3m6!1s0x2e68e7a149494fa3:0x4cac64c238249f3a!8m2!3d-6.885519!4d107.6130945!16s%2Fg%2F11fhy1dglb!19sChIJo09JSaHnaC4ROp8kOMJkrEw?authuser=0&hl=id&rclk=1","Warunk Upnormal Sumur Bandung","4,5","(2.216)","Kafe","·","·","Buka","· Tutup pukul 00.00","https://lh3.googleusercontent.com/gps-cs-s/APNQkAFH-TRUYgFXPpDHQ1PARChuNQho86TpKjggQarxA0IwLqHkeIOTx0Bh6In_AgrNTdcvpHT_NJ6HfMA2DEpoh6tAnAqrV3VJFUPfG8EbkUiNIEBXsCK9nnnwYYgloDN-83GQhts-qA=w122-h92-k-no","https://ssl.gstatic.com/local/servicebusiness/default_user.png","""enak banget","es","kocaknya🙏🏼👍🏻 im lovin it""","https://www.google.com/searchviewer/42?cvd=CLw_EicKJeICIjIgEhkiF9LX29IPEQoNL2cvMTFmaHkxZGdsYhgBOgMI8A0%3D&hl=id-ID&gl=id&fo_m=MfohQo559jFvMUOzJVpjPL1YMfZ3bInYwBDuMfaXTPp5KXh-&utm_source=tactile&gei=a0z3af7QHMiO4-EPmuWM0Ao&ei=a0z3af7QHMiO4-EPmuWM0Ao&fo_s=OA&opi=79508299&orderType=1&ebb=1&cs=0&foub=mcpp","Pesan online","","","Jl. Sumur Bandung No.20","·","Rp 25–50 rb"
"https://www.google.com/maps/place/MILUWE+ice+cream/data=!4m7!3m6!1s0x2e68e76b6ab02d41:0x9d85c338d7470fd3!8m2!3d-6.9245788!4d107.6072757!16s%2Fg%2F11kk8f2wgq!19sChIJQS2wamvnaC4R0w9H1zjDhZ0?authuser=0&hl=id&rclk=1","MILUWE ice cream","5,0","(13)","Es Krim","","","Tutup","· Buka Sen pukul 10.00","","https://ssl.gstatic.com/local/servicebusiness/default_user.png","""Menurut saya rasio harga-kualitasnya top sekali!!""","","","","","","","","",""
"https://www.google.com/maps/place/Produksi%2FPusat+ES+DOGER+TULEN+PA%27YAYA/data=!4m7!3m6!1s0x2e68e75b1730fdd9:0xb01e5b897c7dfacc!8m2!3d-6.8929018!4d107.5989052!16s%2Fg%2F11qbp_60k8!19sChIJ2f0wF1vnaC4RzPp9fIlbHrA?authuser=0&hl=id&rclk=1","Produksi/Pusat ES DOGER TULEN PA'YAYA","5,0","(1)","Es Krim","·","Jl. Sederhana No.147/61, RT.002/RW.010","Tutup","· Buka Sen pukul 10.00","https://lh3.googleusercontent.com/gps-cs-s/APNQkAGRG5waEA6311ZQmOns8V36-cGB545h8GlHAtsTE9BmzaahRHUrIQNJgI4ndxZp3hCT4bFl1wPilJmc7xNdwH87IoPiVX1hOUcit9jNMqMZDV8xHDRR8O-2qOtU78JqeSTL7RtTfg=w80-h106-k-no","","Bawa pulang","","","","","","","","",""
"https://www.google.com/maps/place/toko+7/data=!4m7!3m6!1s0x2e68e784f759b8d9:0x41d3dd42b8cbd55b!8m2!3d-6.9018111!4d107.604541!16s%2Fg%2F11sd97gytl!19sChIJ2bhZ94TnaC4RW9XLuELd00E?authuser=0&hl=id&rclk=1","toko 7","","","Es Krim","·","3JX3+7RF","","","https://streetviewpixels-pa.googleapis.com/v1/thumbnail?panoid=WKzp2ckASV8qU7acKJV6dw&cb_client=search.gws-prod.gps&w=80&h=92&yaw=230.05936&pitch=0&thumbfov=100","","Bawa pulang","","","","","","","","",""
"https://www.google.com/maps/place/Home+Ice+Cream/data=!4m7!3m6!1s0x2e68e5463895d84f:0x15dbd5c88908a098!8m2!3d-6.8692146!4d107.5382268!16s%2Fg%2F11vf2086_l!19sChIJT9iVOEblaC4RmKAIicjV2xU?authuser=0&hl=id&rclk=1","Home Ice Cream","4,9","(37)","Es Krim","·","Gg. Umen","Buka","· Tutup pukul 23.00","https://lh3.googleusercontent.com/gps-cs-s/APNQkAGqtfLD-wX6mwt8OKQ-IbS3CXm5H5_n03Rf1ANsoeT5Hy9kKTFvNJtaSLE1NDnEDFenxqOP6rtNdYLScDdRBtzXiEFg19wG4N6pYAHCc8SUmQmnLBnLbvw8ObiIenxP7P8dDX1Svj2BmvJX=w80-h105-k-no","https://ssl.gstatic.com/local/servicebusiness/default_user.png","""","Ice","creamnya enak ,pbgiriman cepat 👍murah lagi""","","","","","","",""
"https://www.google.com/maps/place/Es+Krim+Miami%2F+Ice+Cream+Miami/data=!4m7!3m6!1s0x2e68e6851c1afc3b:0x20938b5d274baac8!8m2!3d-6.879452!4d107.5830136!16s%2Fg%2F11csbsn3pv!19sChIJO_waHIXmaC4RyKpLJ12LkyA?authuser=0&hl=id&rclk=1","Es Krim Miami/ Ice Cream Miami","4,7","(15)","Es Krim","·","Jl. Dangdeur Kaler No.4","Tutup","· Buka Sen pukul 08.00","https://lh3.googleusercontent.com/gps-cs-s/APNQkAH7mcDqlfwK0nVOkgD1jaIOIWc_zTgiv5Owj22awQQg4reUH8trM3MPN60tW3nuBwSCQ-x5a5pPBsjfdbouuwHA-Fxz3UqjU8yRUvn2gx3Qsa2YkTsCVhqWO6rBjcDlCEOwawJy=w163-h92-k-no","https://ssl.gstatic.com/local/servicebusiness/default_user.png","""","Es krim","8 liter nya""","https://www.google.com/searchviewer/42?cvd=CLw_EicKJeICIjIgEhkiF9LX29IPEQoNL2cvMTFjc2JzbjNwdhgBOgMI8A0%3D&hl=id-ID&gl=id&fo_m=MfohQo559jFvMUOzJVpjPL1YMfZ3bInYwBDuMfaXTPp5KXh-&utm_source=tactile&gei=a0z3af7QHMiO4-EPmuWM0Ao&ei=a0z3af7QHMiO4-EPmuWM0Ao&fo_s=OA&opi=79508299&orderType=1&ebb=1&cs=0&foub=mcpp","Pesan online","","","","",""
"https://www.google.com/maps/place/Haura+ice+cream/data=!4m7!3m6!1s0x2e68e7a92d78948d:0xa9d7af5896345482!8m2!3d-6.9204708!4d107.607964!16s%2Fg%2F11qh1g9k0m!19sChIJjZR4LannaC4RglQ0lliv16k?authuser=0&hl=id&rclk=1","Haura ice cream","5,0","(1)","Es Krim","·","Jl. Cikapundung Barat No.1","","","https://lh3.googleusercontent.com/gps-cs-s/APNQkAHdRaqRON99kA7Tu6iaXgXbjktod4atV3UqyPtZKhiB4uF6zq6WsBtPOs7nESADkYxAEHhVN-U-73ts8ZMDnQXtp_fiBj9xtDEl6T8zqjJj3IAkn2nF83dSu0MyUgZuaWYNx6LaaQ=w80-h142-k-no","","Bawa pulang","","","","","","","","",""
"https://www.google.com/maps/place/Toko+Eskrim+Bandung+Cimahi/data=!4m7!3m6!1s0x2e68e5d1a22510ed:0x9b0d2c33f55c1fa7!8m2!3d-6.9122742!4d107.5368885!16s%2Fg%2F11lcsl3tw_!19sChIJ7RAlotHlaC4Rpx9c9TMsDZs?authuser=0&hl=id&rclk=1","Toko Eskrim Bandung Cimahi","4,9","(111)","Es Krim","·","Jalan Raya Nanjung No.116 Kp. Cibodas, RT.01/RW.11","Tutup","· Buka Sen pukul 09.00","https://lh3.googleusercontent.com/gps-cs-s/APNQkAGXKTxx4elPhMhxOM5ktDWufXDoyREGGwsC13XpC0siEAOW4L1ifdRiyBurjewz9IqxdE20iSdm2SfDRA_AwnZ8Ivy5DOgTPWbCwyy3uADKSrYSSDpIb9I8fcxI7Nruq3aBH_1LykXGXbQR=w80-h142-k-no","https://ssl.gstatic.com/local/servicebusiness/default_user.png","""","es krim","nyaa murah banyak varian komplitt mantul pokoknya 👍🏼""","","","","","","",""
"https://www.google.com/maps/place/Es+Krim+Suka+Suka/data=!4m7!3m6!1s0x2e68e7c6d2b9263d:0xf43c0e70923b7987!8m2!3d-6.9097483!4d107.6391919!16s%2Fg%2F11c0rnr57v!19sChIJPSa50sbnaC4Rh3k7knAOPPQ?authuser=0&hl=id&rclk=1","Es Krim Suka Suka","4,6","(13)","Es Krim","·","·","Tutup","· Buka Sen pukul 08.00","https://lh3.googleusercontent.com/gps-cs-s/APNQkAFNEtdAyX7mr6ZBfD4Epv-9sQFmkvAa1UpP09JWuvtzqcuQTPUGE1gKb3M3b1d9Ol4C9-jIMdNS1KAMh5obUOUqpP-CWwZXZWlcjEBoMh-sx7XOwlSpia8QWR_8XiSBN4htQJ8WTQ=w184-h92-k-no","","Bawa pulang","","","","","","","Jl. Sukarasa No.4","",""
"","","","","","","","","","","","","","","","","","","","",""