"hfpxzc href","qBF1Pd","MW4etd","UY7F9","AJB7ye","AJB7ye 2","W4Efsd","W4Efsd 2","doJOZc","W4Efsd 3","W4Efsd 4","W4Efsd 5","FQ2IWe src","Jn12ke src","ah5Ghc","ah5Ghc 2","ah5Ghc 3","W4Efsd 6","M4A5Cf"
"","","","","","","","","","","","","","","","","","",""
"","","","","","","","","","","","","","","","","","",""
"https://www.google.com/maps/place/Warteg+Aero/data=!4m7!3m6!1s0x2e68e6f92645939b:0x8f6ab3f050aecee0!8m2!3d-6.8840508!4d107.614743!16s%2Fg%2F11bbw_hkj6!19sChIJm5NFJvnmaC4R4M6uUPCzao8?authuser=0&hl=id&rclk=1","Warteg Aero","4,4","(542)","·","Rp 1–25.000","Tegal","·","","·","Jl. Tubagus Ismail No.2 C","Buka 24 jam","https://lh3.googleusercontent.com/gps-cs-s/APNQkAGM9WXSfWeJGhBWqZrwCBzkW9NUfNL-VPi-wZjJeg-4iWa537qBeAL6koKawW4oRFwqoqQLXWp3npLJh_MDCOCdKy9NnBuKPe_vvlBpKLowK7QahyEc6ttnGzS5EuCYuZzL2xMS_A=w163-h92-k-no","https://ssl.gstatic.com/local/servicebusiness/default_user.png","""","warteg","murah meriah dengan menu yang melimpah,rasanya standar warteg""","",""
"https://www.google.com/maps/place/Warteg+Wisata+jaya/data=!4m7!3m6!1s0x2e68e625da9e3e6b:0x93a44a8df15a11dc!8m2!3d-6.8955676!4d107.6036489!16s%2Fg%2F11c71gfz6f!19sChIJaz6e2iXmaC4R3BFa8Y1KpJM?authuser=0&hl=id&rclk=1","Warteg Wisata jaya","4,7","(50)","·","Rp 1–25.000","Tegal","·","","·","Jl. Prof. Eyckman No.2a","Buka 24 jam","https://lh3.googleusercontent.com/gps-cs-s/APNQkAF4Sd5DugySABLXXv_EOsgplu3dDNW-ySHWtref_8o7wf3fYsVzsnUZnwo-MZx07wc6tUYkJlRzD6eI8N23HaiiTYaBpyUchEivrBZy7frnPF5OWGEsWJ_l5p48U1at5QZM8pkv=w122-h92-k-no","https://ssl.gstatic.com/local/servicebusiness/default_user.png","""Makanan enak dengan harga yg terjangkau.""","","","",""
"https://www.google.com/maps/place/WARTEG+SIMPANG+DAGO/data=!4m7!3m6!1s0x2e68e7abeacf6e97:0x78b19f3f71ad50d!8m2!3d-6.8851702!4d107.6140136!16s%2Fg%2F11h9l84vqf!19sChIJl27P6qvnaC4RDdUa9_MZiwc?authuser=0&hl=id&rclk=1","WARTEG SIMPANG DAGO","4,2","(70)","·","Rp 1–25.000","Tegal","·","","·","Jl. Ir. H. Juanda No.172","Buka","https://lh3.googleusercontent.com/gps-cs-s/APNQkAFtVUZi813406KW3x6ctSjlp8wIND3n-nHXTgfQo4g16Glh8T2y_9iMUoSCTL_gPbnR45-zgUdSgXkzH6fHn9w1xOrZHwP1KKpA8ucovkwA_OgTv0H00HB-sc3IVp86AGHC_7k=w122-h92-k-no","https://ssl.gstatic.com/local/servicebusiness/default_user.png","""ke","warteg","tuh mau makan murah tpi mesti bayar parkir motor lagi 😌""","· Tutup pukul 00.00",""
"https://www.google.com/maps/place/Kantin+Citra+Bahari/data=!4m7!3m6!1s0x2e68e6f8d827238b:0x48f54c76a45eb3c3!8m2!3d-6.8842133!4d107.615012!16s%2Fg%2F11bbw_sw2v!19sChIJiyMn2PjmaC4Rw7NepHZM9Ug?authuser=0&hl=id&rclk=1","Kantin Citra Bahari","4,1","(162)","·","Rp 1–25.000","Prasmanan","·","","Jl. Tubagus Ismail No.7","","Buka 24 jam","https://lh3.googleusercontent.com/gps-cs-s/APNQkAHsQNN37GMXOYof5xtiMKYZMFtnRklnBQM-9Bo2yKI_xdGbwjr98IBAiNewKWIPLfOK-8toNfnqF5WhARimGpZXVaL1vvBMkne9145hwF9gWMBhTTpjng30xjPTSEwnUvxfxLs=w80-h106-k-no","https://ssl.gstatic.com/local/servicebusiness/default_user.png","""Standar lah untuk","warteg",".""","",""
"https://www.google.com/maps/place/Warteg+Kantin+Tegal+Abadi/data=!4m7!3m6!1s0x2e68e6f6eea26317:0xfc5a39229528fc99!8m2!3d-6.8836718!4d107.6055884!16s%2Fg%2F11cs64lbg1!19sChIJF2Oi7vbmaC4RmfwolSI5Wvw?authuser=0&hl=id&rclk=1","Warteg Kantin Tegal Abadi","4,6","(20)","·","Rp 1–25.000","Tegal","·","","·","Jl. Siliwangi No.61","Buka","https://lh3.googleusercontent.com/gps-cs-s/APNQkAG-BxYDZdO4gso8NAXckiWJsl7L_dk0sTTQYyr8EVknwY07VLQxsLQxh5rUGrybzvZrVPGOmomn6azXMyqusTasONm-5eqjVUk2aeaXqepDPVBAvuZkBlcdi95U29kuRfYKOj8APGY-ikQ=w80-h106-k-no","https://ssl.gstatic.com/local/servicebusiness/default_user.png","""","Warteg","kok ada tukang parkir nya wkwk 😂""","· Tutup pukul 01.00",""
"https://www.google.com/maps/place/Warteg+Kharisma+Bahari+Tubagus+Ismail/data=!4m7!3m6!1s0x2e68e7091faf3235:0xfbb4bc2724029062!8m2!3d-6.8836905!4d107.6146455!16s%2Fg%2F11n4w8ss3q!19sChIJNTKvHwnnaC4RYpACJCe8tPs?authuser=0&hl=id&rclk=1","Warteg Kharisma Bahari Tubagus Ismail","","","","","Tegal","·","","Jl. Tubagus Ismail No.2","","Buka","https://lh3.googleusercontent.com/gps-cs-s/APNQkAH36EvIHDd_RSyT-uJx2jtQGtIC4CszYH5VS7nh21Cqo8xzoj6EnLPCb0C2ik5HwHkFUpp_FyzQefJGct4qe3b0bzqlwe1zaVqI3V6lRYhSzr0ajV7mDoOCU_PTctQEasrg8c14beMHKV8U=w80-h106-k-no","","","","","· Tutup pukul 22.00",""
"https://www.google.com/maps/place/WarTeg/data=!4m7!3m6!1s0x2e68e658ad159673:0x8f3934996768e8fd!8m2!3d-6.8878018!4d107.6037203!16s%2Fg%2F11gbkrvkgb!19sChIJc5YVrVjmaC4R_ehoZ5k0OY8?authuser=0&hl=id&rclk=1","WarTeg","4,7","(18)","·","Rp 1–25.000","Tegal","·","","·","Jl. Lamping No.2","Buka","https://lh3.googleusercontent.com/gps-cs-s/APNQkAGrxR2iSEsjH3Iq2YStQ0rBDJn7OxewXh-PB-GQM1LIUYSTASX1t1JQxPZ-53Ls8H9eoI1FwWDiLtHzcXvgKRndRUSj0ZFHnC4SimpZFH3goE0YM00ddRYeTi-tRxs8eRmPwSIy=w122-h92-k-no","https://ssl.gstatic.com/local/servicebusiness/default_user.png","""","Warteg","yang bersih dengan menu yang enak rasanya dan harga bersahabat.""","· Tutup pukul 22.00",""
"https://www.google.com/maps/place/Dalaraos/data=!4m7!3m6!1s0x2e68e6f6f8f0d98f:0xd3b1c924f05aa346!8m2!3d-6.8845234!4d107.6062175!16s%2Fg%2F11b6dsry08!19sChIJj9nw-PbmaC4RRqNa8CTJsdM?authuser=0&hl=id&rclk=1","Dalaraos","4,7","(1.866)","·","Rp 25–50 rb","Restoran","·","","·","Jl. Siliwangi No.43","Tutup","https://lh3.googleusercontent.com/gps-cs-s/APNQkAEilz3BVdmqA4Pa-99ixOvXXviTOE8ME6eg0f1KDYTgKr0u9OFPtuRvuZ9w3oDmtOcuF5f0j05HTviwVkh8kG5INi8q3RLRdsxT13s6DE_Y2-nuPU8XwxUdZn9R5pIHm3izpDT6=w122-h92-k-no","https://ssl.gstatic.com/local/servicebusiness/default_user.png","""Untuk harga agak mahal ya, jangan disamain sama","warteg","lainnya 😄""","· Buka Sen pukul 07.00",""
"https://www.google.com/maps/place/WARUNG+RAGA/data=!4m7!3m6!1s0x2e68e70002f8a7c7:0xeb9cc3ccaf8bf20e!8m2!3d-6.8865809!4d107.6131631!16s%2Fg%2F11wq3bx2xh!19sChIJx6f4AgDnaC4RDvKLr8zDnOs?authuser=0&hl=id&rclk=1","WARUNG RAGA","5,0","(3)","","","Dapur Umum","·","","Jl. Ir. H. Juanda No.156-169","","","https://lh3.googleusercontent.com/gps-cs-s/APNQkAFKhFbYPJzFHxBlzLJNJ1iralRmW5GoVzGCzQq_kagR3VOnxXL-LADK7iZxpFymChUf7qRxuXvsn5ZMvFCf80toXftIJhL2zY-pOJ0rOggQKXyxWvV4zPibh4SOtm1B430F_kcK=w80-h106-k-no","","","","","",""
"https://www.google.com/maps/place/Warteg+Maju+Jaya+2/data=!4m7!3m6!1s0x2e68e655f80bcc49:0x4d9cab4eb8394472!8m2!3d-6.8868689!4d107.6162733!16s%2Fg%2F11bzvvknb9!19sChIJScwL-FXmaC4RckQ5uE6rnE0?authuser=0&hl=id&rclk=1","Warteg Maju Jaya 2","4,3","(74)","","","Tegal","·","","·","Jl. Tubagus Ismail Dalam No.20","Buka","https://lh3.googleusercontent.com/gps-cs-s/APNQkAFGuwqiuGVtf3jKCc54InYAItyQHBwMIuz-S--MAdYUXJ7YG6Pww4eiOSopc3Vp8U2tc9dcXRy7ADR0KbDZxuGznBqbDuQHOd68b7jvwgGrTiLEduLrgjuL6Hp7NWSk7dFnjjc=w122-h92-k-no","","Makan di tempat","Bawa pulang","Pesan antar","· Tutup pukul 22.00","·"
"https://www.google.com/maps/place/Warteg+Sami+Asih/data=!4m7!3m6!1s0x2e68e65aa8f3c629:0x7a87da91bda3c6f6!8m2!3d-6.8980329!4d107.6078798!16s%2Fg%2F11b6bvb5nc!19sChIJKcbzqFrmaC4R9sajvZHah3o?authuser=0&hl=id&rclk=1","Warteg Sami Asih","3,8","(13)","","","Tegal","·","","Jl. Kebon Bibit No.1","","Buka","https://lh3.googleusercontent.com/gps-cs-s/APNQkAErnuY6bw0yRH0UN_QAypywyu4R-QJj8YXyNyt3iNqnzOVtw5QYkfomoZ3Che4GrySs6H7OXoJmtKTmIoEw6STLEZh1kJeVXQfehtCbNOu0uxFqQvA9ZUbxQP_VqMjwT82r8srLbg=w163-h92-k-no","https://ssl.gstatic.com/local/servicebusiness/default_user.png","""Murah dan Enak...""","","","· Tutup pukul 22.00",""
"https://www.google.com/maps/place/Warteg+Pitulas+Bahari/data=!4m7!3m6!1s0x2e68e79658a08e0f:0x952c7760055120d9!8m2!3d-6.9003093!4d107.6090771!16s%2Fg%2F11wn7jxg2f!19sChIJD46gWJbnaC4R2SBRBWB3LJU?authuser=0&hl=id&rclk=1","Warteg Pitulas Bahari","3,6","(34)","","","Nasi","·","","Jl. Tamansari No.23","","Buka 24 jam","https://lh3.googleusercontent.com/gps-cs-s/APNQkAGvMZEKX7EmQ5zz2HvMaa_q5vjkMrBz2s7GAQpobO4swcC1RXKbl39vm65hC_j6YO8AnRB9OXNYxCXBufzIerUCsKfhzVGJR4DO4zwnuIV0mwFyy_0CfezuFoQ-YtgVwkyJKfQDEQ=w80-h142-k-no","https://ssl.gstatic.com/local/servicebusiness/default_user.png","""pokok e enak tenan lauk e 10/10, mas e ramah juga terbaik warteggg""","","","",""
"https://www.google.com/maps/place/Kantin+Salman+ITB/data=!4m7!3m6!1s0x2e68e7ceefc13051:0x43c0f768e1765f47!8m2!3d-6.8943477!4d107.6108744!16s%2Fg%2F11b6chrt61!19sChIJUTDB787naC4RR1924Wj3wEM?authuser=0&hl=id&rclk=1","Kantin Salman ITB","4,6","(1.215)","·","Rp 1–25.000","Pujasera","·","","·","4J46+789, Jl. Ganesa","Tutup","https://lh3.googleusercontent.com/gps-cs-s/APNQkAHRduKSQ-MuaTJ-SVqhx0t9Wu1MJnUuxxGA4AlD0DBU_DxqfBXOucFF070lzH7rKcchHUpxwqOpumMc5CbwN1Qn1iPzHKD7glBF0-XrDvFr-ehl77LbbJMlj8QbmNZ_Xs_xeZFFNw=w163-h92-k-no","https://ssl.gstatic.com/local/servicebusiness/default_user.png","""Harga tetap affordable untuk kantong mahasiswa.""","","","· Buka Sen pukul 08.00",""
"https://www.google.com/maps/place/Warteg+Tenda+Biru/data=!4m7!3m6!1s0x2e68e6459d8bb8a1:0xe48554186b4db003!8m2!3d-6.8999555!4d107.6086751!16s%2Fg%2F11gc7d4pf0!19sChIJobiLnUXmaC4RA7BNaxhUheQ?authuser=0&hl=id&rclk=1","Warteg Tenda Biru","4,7","(6)","","","Tegal","·","","·","4J25+2F7, Gg. Panca Indra","Segera tutup","https://lh3.googleusercontent.com/gps-cs-s/APNQkAFiD2_FzqGN5g6j12UFatTEBupruPmrpW3WvY06ifAjcy9QO694jvx59XEQGtUqjOKac31qnYnVg6fUF-CYZlc6zf_4YRRXlrrpaw6hfMxQr8mq_B4Yw7LHF0ie6f1_whDYrxpNXA=w122-h92-k-no","","Makan di tempat","Bawa pulang","","· 21.00 · Buka Sen pukul 06.00","·"
"https://www.google.com/maps/place/Beehive+Cafe+%26+Boutique+Hotel/data=!4m10!3m9!1s0x2e68e6562d9ddb97:0xad150371f8e7ff03!5m2!4m1!1i2!8m2!3d-6.8877721!4d107.6126099!16s%2Fg%2F11c3k6j8m0!19sChIJl9udLVbmaC4RA__n-HEDFa0?authuser=0&hl=id&rclk=1","Beehive Cafe & Boutique Hotel","4,5","(3.428)","","","Hotel bintang 2","Hotel butik trendi dengan kafe","","","","","https://lh3.googleusercontent.com/gps-cs-s/APNQkAENTCTi2BPYOR3kritD8d0stH8ItOURIJJuFWi0ON5iCf8vyFDBSIrwYcWF6F60VFPXDjFPDZxD7fj90CtLRoEaP14mMmVcosrbV8pQ2GIxUp59OZ-xSAaJtE0o2KnYgAppHqXg=w122-h92-k-no","https://ssl.gstatic.com/local/servicebusiness/default_user.png","""Pesan minuman secret imune, dan makanan nasi kakap kuah kecombrang (?).""","","","",""
"https://www.google.com/maps/place/Warteg+Marga+Jaya/data=!4m7!3m6!1s0x2e68e64640ea9a1d:0x417ec5a5c795b90e!8m2!3d-6.9014049!4d107.608242!16s%2Fg%2F11b67qjsyk!19sChIJHZrqQEbmaC4RDrmVx6XFfkE?authuser=0&hl=id&rclk=1","Warteg Marga Jaya","4,8","(4)","","","Tegal","·","","·","Jl. Tamansari No.15","Segera tutup","https://lh3.googleusercontent.com/gps-proxy/ALd4DhELCE3RaVWF0fkQYpGC5TPEaT5dTOuSu9xJuE8I4wYMd9qEe0yuJWXqrH-j_Nktgsxc479GkQqxB4moDdjGunXh_AxSM_3fY0Fd3VxGW-D2fJqu0ZtFtB3n_FUDl0VNXflPmJHZBANx14qJUpBQJVeorO3tM-vMeTi6dWVitcTeG183yH7dob4sqP7D95bHrEMmhg=w163-h92-k-no","https://ssl.gstatic.com/local/servicebusiness/default_user.png","""Makanan enak, lauk pauk banyak pilihan & harga wajar""","","","· 21.00 · Buka Sen pukul 05.00",""
"https://www.google.com/maps/place/Warteg+Cihampelas+Jaya/data=!4m7!3m6!1s0x2e68e646a9b1e743:0xd6f3837f3aeda1ef!8m2!3d-6.9028313!4d107.6041441!16s%2Fg%2F11g7zw8mwp!19sChIJQ-exqUbmaC4R76HtOn-D89Y?authuser=0&hl=id&rclk=1","Warteg Cihampelas Jaya","4,6","(84)","·","Rp 1–25.000","Tegal","·","","Jl. Cihampelas No.49-55","","Buka 24 jam","https://lh3.googleusercontent.com/gps-cs-s/APNQkAGK1kPwuAYtglDaP6R0JFVYgSPQ9swHvlmizI__HCdrVlT9IB9X0XBzaSjHwh1eVclPk326X37-Awkt_a8YcYMnlkxc4aAy3XAlcyWw4KwyAlWHx6mYqJ58SR4TpbwE6IV-scnyIw=w122-h92-k-no","https://ssl.gstatic.com/local/servicebusiness/default_user.png","""Tempatnya ok dan termasuk bersih buat","warteg",".""","",""
"https://www.google.com/maps/place/Du+Warteg/data=!4m7!3m6!1s0x2e68e655d85c8589:0x1c05810523fcee5c!8m2!3d-6.8886108!4d107.6157261!16s%2Fg%2F11vzdv9klb!19sChIJiYVc2FXmaC4RXO78IwWBBRw?authuser=0&hl=id&rclk=1","Du Warteg","3,6","(10)","","","Restoran","·","","Jl. Dipati Ukur No.84","","","https://lh3.googleusercontent.com/gps-cs-s/APNQkAF6gYOYGDKsWTeg8NxSCxHj0TwqhGiqVvhpKB1p_bMI5UkQAQcYH0TgG0-HvgXNlqFKoVfdyW4uKGiY_OO-fCWTgFERftK75_AalgWYTj_jnl8zLSe0ocrABughmk6mJ8lR4V9Y3A=w122-h92-k-no","https://ssl.gstatic.com/local/servicebusiness/default_user.png","""Jangan sampai kagok dan kaget dengan total harga di akhir.""","","","",""
"https://www.google.com/maps/place/Warteg+Abadi/data=!4m7!3m6!1s0x2e68e648b3d3e4ed:0x7b5c8138ff1e949!8m2!3d-6.9027165!4d107.6105388!16s%2Fg%2F11g8_3lvjl!19sChIJ7eTTs0jmaC4RSenxjxPItQc?authuser=0&hl=id&rclk=1","Warteg Abadi","4,2","(84)","·","$","Tegal","·","","·","Jl. Ranggagading No.10","Segera tutup","https://lh3.googleusercontent.com/gps-cs-s/APNQkAFb7QeFK02LYRdBSPX5ZrIRTN8fGqkvBT8mwLfGGhiWX_XGp3LJ6xANEPskJcIUWFnIAhHTugWYlzxqjfZeHXVPJBJmQN5O0-BeheK94ETdFCMNWENVD45nD8HbBgGYHrkHD9g8OQ=w163-h92-k-no","https://ssl.gstatic.com/local/servicebusiness/default_user.png","""Enak murah the best""","","","· 21.00 · Buka Sen pukul 06.00",""
"https://www.google.com/maps/place/Warteg+Ceu+Mimin/data=!4m7!3m6!1s0x2e68e7d007458c6d:0x6894cdaa223d3013!8m2!3d-6.8990023!4d107.6083254!16s%2Fg%2F11f5q8kq_c!19sChIJbYxFB9DnaC4REzA9IqrNlGg?authuser=0&hl=id&rclk=1","Warteg Ceu Mimin","","","","","Tegal","·","","·","4J25+98W, Jl. Kb. Kembang","Tutup","https://lh3.googleusercontent.com/gps-cs-s/APNQkAFktZi2n9iJKQIJakpZeP6ag91LgBK3dX-VPWRpqRBrtUlu_prwcnPwqna21E5ZW6wAvOV-C8qohOXQZY3LxRi_Efo65Tpi4oIN3kLwB_tFrx9I1CY1jgK3lxUhL992LI16UQTt=w80-h106-k-no","","Makan di tempat","Bawa pulang","","· Buka Min pukul 08.00","·"
"https://www.google.com/maps/place/Warteg+Kj+Kembar+Jaya/data=!4m7!3m6!1s0x2e68e65438e35741:0x61c245a2e7cbff48!8m2!3d-6.8902679!4d107.6168604!16s%2Fg%2F11b6ghbfdn!19sChIJQVfjOFTmaC4RSP_L56JFwmE?authuser=0&hl=id&rclk=1","Warteg Kj Kembar Jaya","4,8","(4)","","","Tegal","·","","Jl. Sekeloa No.2","","Segera tutup","https://lh3.googleusercontent.com/gps-proxy/ALd4DhGc-iRS4Dg4XuEi_KeHgOP9abq2QnzxeCQQDgJsalzwLhL5Ar-NK42g4MHzFESPVKhLi6k4OUw-MVdz1BVcCZX5VvgSZs67uup76HfVCpbGEI8hEvzXe5R6EBmhtFAOs7D8ncTrVIpoZ_-WlTWXr7sJP2SqJI6YZ6nuVVQEkP5tt6iuUjg_hkTcfWZmHLN6w69h4UY=w122-h92-k-no","","Makan di tempat","Bawa pulang","","· 21.00 · Buka Sen pukul 07.00","·"
"https://www.google.com/maps/place/Warteg+Monggo+Mas+Berkah+Jaya/data=!4m7!3m6!1s0x2e68e656097a25ff:0x8562c580a9eda503!8m2!3d-6.8877487!4d107.6154192!16s%2Fg%2F11rg2qz4t1!19sChIJ_yV6CVbmaC4RA6XtqYDFYoU?authuser=0&hl=id&rclk=1","Warteg Monggo Mas Berkah Jaya","","","","","Tegal","·","","Jl. Dipati Ukur No.96","","","https://streetviewpixels-pa.googleapis.com/v1/thumbnail?panoid=uuf3bLNJMBxYlncXdws0hg&cb_client=search.gws-prod.gps&w=80&h=92&yaw=78.92604&pitch=0&thumbfov=100","","Makan di tempat","Bawa pulang","","","·"
"https://www.google.com/maps/place/Warteg+Azzah/data=!4m7!3m6!1s0x2e68e65caa0cf033:0xcab986f69ae4edd3!8m2!3d-6.8973075!4d107.6037231!16s%2Fg%2F1pzsk1yvn!19sChIJM_AMqlzmaC4R0-3kmvaGuco?authuser=0&hl=id&rclk=1","Warteg Azzah","3,4","(5)","","","Tegal","·","","·","Jl. Cihampelas No.207","Buka","https://streetviewpixels-pa.googleapis.com/v1/thumbnail?panoid=Hn-I_slfy2p67KKLs-4ubA&cb_client=search.gws-prod.gps&w=80&h=92&yaw=264.59674&pitch=0&thumbfov=100","","Makan di tempat","Bawa pulang","","· Tutup pukul 22.00","·"
"https://www.google.com/maps/place/Warteg+Rizki+Jaya/data=!4m7!3m6!1s0x2e68e655ef30b96b:0x95ba99243a190f4e!8m2!3d-6.8877599!4d107.6163653!16s%2Fg%2F11t49zzvlk!19sChIJa7kw71XmaC4RTg8ZOiSZupU?authuser=0&hl=id&rclk=1","Warteg Rizki Jaya","5,0","(2)","","","Restoran","·","","Jl. Tubagus Ismail Dalam No.34","","","https://streetviewpixels-pa.googleapis.com/v1/thumbnail?panoid=Lml814SpU5tZa244Bg91Ig&cb_client=search.gws-prod.gps&w=80&h=92&yaw=288.39456&pitch=0&thumbfov=100","https://ssl.gstatic.com/local/servicebusiness/default_user.png","""Tempat tidak terlalu luas tapi makanan ber variasi enak oke""","","","",""
"https://www.google.com/maps/place/Warteg+Bude%26Pade/data=!4m7!3m6!1s0x2e68e7929a2f02c5:0x9e2c6787ef0612ac!8m2!3d-6.9022222!4d107.6078318!16s%2Fg%2F11pc0w8yt6!19sChIJxQIvmpLnaC4RrBIG74dnLJ4?authuser=0&hl=id&rclk=1","Warteg Bude&Pade","5,0","(3)","","","Brunch","·","","","","Segera tutup","https://lh3.googleusercontent.com/gps-cs-s/APNQkAFytBfbptk1R78vpD7PuZ2w5FDl-Gt7v4J1nIKFHQUhv1iiAwZM3De_FY4xTYEuG09yNu_KBYKL6d7bGwegVb3-29m6d_uka0tRSq6IVlLnkRjON1MwDhfPyroI2QlNTjqvIuIcxg=w80-h133-k-no","https://ssl.gstatic.com/local/servicebusiness/default_user.png","""Jgn Lupa kaLo main ke Bandung sempatkan maMpir ke","Warteg","Legendaris 👍👍""","· 21.00 · Buka Sen pukul 05.30",""
"https://www.google.com/maps/place/Warteg+Tegal+Abadi+Murni+-+Sadang+Serang/data=!4m7!3m6!1s0x2e68e7b28cf33a51:0x421b3d890d9f763e!8m2!3d-6.8978677!4d107.6239613!16s%2Fg%2F11c7t44_kt!19sChIJUTrzjLLnaC4RPnafDYk9G0I?authuser=0&hl=id&rclk=1","Warteg Tegal Abadi Murni - Sadang Serang","4,5","(120)","·","Rp 1–25.000","Tegal","·","","4J2F+VH4, Jl. Gagak","","Buka 24 jam","https://lh3.googleusercontent.com/gps-cs-s/APNQkAHUmbgvyKX4kTZfB2F5rCi7nYivHR2K-dlURAXR9kF1enxy2cBa6Xd5zE8fG8_OOJusG-A4mquagNok4Kj4_adWrXuxGrEJdib6Ft7sieZfcK-jwdfPhGh_TpYAHpmRP7qDZh_H_w=w122-h92-k-no","https://ssl.gstatic.com/local/servicebusiness/default_user.png","""","Warteg","yg makanan nya enak, sayur nya gak dingin, porsi lumayan, 24jam""","",""
"https://www.google.com/maps/place/Warteg+Harapan+Jaya/data=!4m7!3m6!1s0x2e68e75fade94053:0x741bff029474c806!8m2!3d-6.9023733!4d107.60562!16s%2Fg%2F11jrck220t!19sChIJU0DprV_naC4RBsh0lAL_G3Q?authuser=0&hl=id&rclk=1","Warteg Harapan Jaya","3,3","(4)","","","Tegal","·","","Jl. Linggawastu No.24","","Tutup","https://lh3.googleusercontent.com/gps-cs-s/APNQkAGvuB99Y7CRLs8XBdaNPpPpDxzCpQ_WXbBFcLYNk4W-XlE6XcK3yzvPbRnT-rag6ByUSRol8BUWXrnx7zT-xNipPjAEdb54yqI0P4QaXBr_nVsZEGLh_f2_Etdi549YBey7ZmY4=w163-h92-k-no","","Makan di tempat","Bawa pulang","Pesan antar","· Buka Sen pukul 09.00","·"
"https://www.google.com/maps/place/Warteg+Marga+Jaya/data=!4m7!3m6!1s0x2e68e655a84450ad:0xd234431775f70e74!8m2!3d-6.8888934!4d107.6179584!16s%2Fg%2F11b6hk2wmh!19sChIJrVBEqFXmaC4RdA73dRdDNNI?authuser=0&hl=id&rclk=1","Warteg Marga Jaya","4,2","(9)","","","Tegal","·","","·","Jl. Sekeloa No.21","Buka","https://lh3.googleusercontent.com/gps-proxy/ALd4DhEQ1Yg-i4grrkYbjqlPq2UBAp69WsOvXO7SXqN_IzIHXYwmZFiV3QwzfrY3VYQocGFRejqG6LF2FHFuSWOnvD06topgPqFOPUHqqRV6GB3r91GAdss1MqWUop7KriNskalzUmxj1InHaMzYHlLInzq01KE5OfyIFzZwMP3H580rpJrG_EglkfG9qGqA3k7f-2mFpZI=w122-h92-k-no","","Makan di tempat","Bawa pulang","","· Tutup pukul 23.00","·"
"https://www.google.com/maps/place/Warteg+Barokah+Jaya+Tubagus/data=!4m7!3m6!1s0x2e68e655b5eaf481:0xc63f4d9e9acf0437!8m2!3d-6.8890629!4d107.6171794!16s%2Fg%2F11bzwp_pq_!19sChIJgfTqtVXmaC4RNwTPmp5NP8Y?authuser=0&hl=id&rclk=1","Warteg Barokah Jaya Tubagus","4,4","(9)","","","Tegal","·","","·","Jl. Tubagus Ismail Dalam No.51","Buka","https://lh3.googleusercontent.com/gps-cs-s/APNQkAG4lptGyonWDPy3pay37G7TXsJTqhAlZ85PFdeid7zCqRpZ1wXxrNONLoKigE1Pz9QMkJeFsJcMIXrmlQCv0PoamBLOd29n9qZPSJwxmFmn1Fa_QR-9QjshYSsYix2fOtCRDxn4WA=w80-h142-k-no","https://ssl.gstatic.com/local/servicebusiness/default_user.png","""Enak nyaman dan harga murah""","","","· Tutup pukul 23.00",""
"https://www.google.com/maps/place/Warteg+Podomoro/data=!4m7!3m6!1s0x2e68e65565123203:0xb74684a4a8745620!8m2!3d-6.8872149!4d107.6194411!16s%2Fg%2F11gf1r2km5!19sChIJAzISZVXmaC4RIFZ0qKSERrc?authuser=0&hl=id&rclk=1","Warteg Podomoro","4,7","(50)","·","Rp 1–25.000","Tegal","·","","·","Jl. Ciheulang No.233","Buka sekarang","https://lh3.googleusercontent.com/gps-cs-s/APNQkAGyHRZL3L2v1w-aazxAkDWSCD0ZjjP98fHeurIi_83Ig8uQnPUR2x8Za3mytvxWsmrG-jtkeVr_Bq5__mVtIgf5tjdtU40gl8uZt8r1CrTpdXmVidxQg9EPOLNGHWnVubrWPq2Y=w122-h92-k-no","https://ssl.gstatic.com/local/servicebusiness/default_user.png","""Menu banyak, rasa enak, pas selera lidah""","","","",""
"https://www.google.com/maps/place/Warteg+Satria/data=!4m7!3m6!1s0x2e68e7677b7828a1:0xfc6071dc7513a0db!8m2!3d-6.8960437!4d107.6179025!16s%2Fg%2F11jpw5hgms!19sChIJoSh4e2fnaC4R26ATddxxYPw?authuser=0&hl=id&rclk=1","Warteg Satria","4,8","(16)","","","Tegal","·","","Jl. Singa Perbangsa No.103a","","Tutup","https://lh3.googleusercontent.com/gps-cs-s/APNQkAH8SPoqNzyqRbG_7AKnmzb4-dzii74Gj4uDfKqu0ZGyI6uGU036YWeVLQM2rfrMFOATcUNtGp0SQ48TZfSOQPbrtOOcd5CjGkArTtz2pRHYr9QLtyucBoeOIvX5WrUvm3cLZqHi=w80-h106-k-no","https://ssl.gstatic.com/local/servicebusiness/default_user.png","""langganan","warteg","murah meriah""","· Buka Sen pukul 06.00",""
"https://www.google.com/maps/place/WARTEG+RESTU+IBU+PENGKOLAN/data=!4m7!3m6!1s0x2e68e7005a7693bf:0xac58e52f22b437fc!8m2!3d-6.8898404!4d107.6168883!16s%2Fg%2F11xsv7rh63!19sChIJv5N2WgDnaC4R_De0Ii_lWKw?authuser=0&hl=id&rclk=1","WARTEG RESTU IBU PENGKOLAN","5,0","(1)","","","Tegal","·","","·","Jl. Tubagus Ismail Bawah No.2","","https://streetviewpixels-pa.googleapis.com/v1/thumbnail?panoid=xhAK-FwICo0FubZUt_4iqA&cb_client=search.gws-prod.gps&w=80&h=92&yaw=80.792206&pitch=0&thumbfov=100","https://ssl.gstatic.com/local/servicebusiness/default_user.png","""membantu menambahkan tempat.barangkali ada yang cari","warteg",".""","",""
"https://www.google.com/maps/place/Warteg+Barokah+Warung+Nasi+Tegal/data=!4m7!3m6!1s0x2e68e647877c81cb:0xfc4bd0ab69f3d8ba!8m2!3d-6.9077219!4d107.6072535!16s%2Fg%2F11g1bgbycg!19sChIJy4F8h0fmaC4RutjzaavQS_w?authuser=0&hl=id&rclk=1","Warteg Barokah Warung Nasi Tegal","4,7","(40)","·","Rp 1–25.000","Restoran","·","","Jl. Wastukencana No.51","","Segera tutup","https://lh3.googleusercontent.com/gps-cs-s/APNQkAE0CccUMiA8pi4OAMv9Bv292gRgXi3M2OQ8bKXww6SOsW8ucIQssyyYp5pED5nf0ju6XamXaLd0Ex7O2zZ23Qm6EwNjMFDw4AOfIlSb8IiX10fXqD77YLqv340tw7cgzcZkT8g=w163-h92-k-no","https://ssl.gstatic.com/local/servicebusiness/default_user.png","""Makanan enak dan murah pas di kantong Terima kasih""","","","· 21.00 · Buka Sen pukul 07.00",""
"https://www.google.com/maps/place/WARTEG+MERAHPUTIH+BAHARI/data=!4m7!3m6!1s0x2e68e6ff09353359:0xa94c635e3234c96d!8m2!3d-6.8849893!4d107.6182191!16s%2Fg%2F11sv2kmwmr!19sChIJWTM1Cf_maC4Rbck0Ml5jTKk?authuser=0&hl=id&rclk=1","WARTEG MERAHPUTIH BAHARI","2,7","(6)","","","Restoran","·","","Jl. Tubagus Ismail No.31","","","https://streetviewpixels-pa.googleapis.com/v1/thumbnail?panoid=64yD9-RoUGRvtp96Tslf0g&cb_client=search.gws-prod.gps&w=80&h=92&yaw=355.1303&pitch=0&thumbfov=100","https://ssl.gstatic.com/local/servicebusiness/default_user.png","""Harga standar rasa tetap enak.""","","","",""
"https://www.google.com/maps/place/Warteg+Maju+Jaya/data=!4m7!3m6!1s0x2e68e739a4c15c9f:0xf605683c3da052d6!8m2!3d-6.8911099!4d107.6206257!16s%2Fg%2F11kwp4rjxr!19sChIJn1zBpDnnaC4R1lKgPTxoBfY?authuser=0&hl=id&rclk=1","Warteg Maju Jaya","4,8","(25)","","","Tegal","·","","·","Jl. Sekeloa Tengah No.3","Buka","https://lh3.googleusercontent.com/gps-cs-s/APNQkAGxfp0MKGYOpaQEr25PSP13AiYmMpWSAgriuWfHCoGCW0Gk9Bg4sUY8kRohAzcVi-1vplcmGD2NDZcJFlCNMY4nQwOj_KUeD9uEsBvJRNAFAneGi5mxl3scVQt_Pi_I7g57GBjU=w122-h92-k-no","https://ssl.gstatic.com/local/servicebusiness/default_user.png","""Tempat transit paling benar heheh""","","","· Tutup pukul 22.00",""
"https://www.google.com/maps/place/Warteg+Asri+Bahari/data=!4m7!3m6!1s0x2e68e6f4fbbbcb37:0x92baed80c881c860!8m2!3d-6.8843867!4d107.6003267!16s%2Fg%2F11gb3mzry5!19sChIJN8u7-_TmaC4RYMiByIDtupI?authuser=0&hl=id&rclk=1","Warteg Asri Bahari","4,6","(8)","","","Tegal","·","","Jl. Cemara No.7","","Segera tutup","https://lh3.googleusercontent.com/gps-cs-s/APNQkAGbq0sd1CIdHmUtqjJfx1uTypJ4YLn0b1TZl4bH2tUvKAq5PiOggyJzf1AHkRB0TwYoAJ-J9eFoOu8vsYlhe94166376GTrORxC6ylGtjFXBnOWe_Hln9LlxeHwb0sItP_SEjCA=w199-h92-k-no","https://ssl.gstatic.com/local/servicebusiness/default_user.png","""Sedikit pricely, mungkin karena di tengah kota""","","","· 21.00 · Buka Sen pukul 07.00",""
"https://www.google.com/maps/place/Warteg+Bahari/data=!4m7!3m6!1s0x2e68e6f581f4916f:0xc6056f61d696ac09!8m2!3d-6.8871111!4d107.6008023!16s%2Fg%2F11g87346kv!19sChIJb5H0gfXmaC4RCayW1mFvBcY?authuser=0&hl=id&rclk=1","Warteg Bahari","3,0","(6)","","","Tegal","·","","Jl. Lamping No.18","","Buka","https://lh3.googleusercontent.com/gps-cs-s/APNQkAFKD3IXVf5PSykCIJ15P5oK73wgDrtRVnYg8zJT8H4J0Aa06xidPcfxIWl4DMYpCpkoYkCpskySiW6FMArBGz8vq_vz7TFmJ77AMH5cYkjg07ZweaRehiQszvqgFetDEFcp5CSI=w80-h142-k-no","https://ssl.gstatic.com/local/servicebusiness/default_user.png","""Bagus rekomendasi buat bukber""","","","· Tutup pukul 22.00",""
"https://www.google.com/maps/place/Warteg+Sederhana+Tegal+Bahari+30/data=!4m7!3m6!1s0x2e68e78039b0c305:0x8884714c7092af95!8m2!3d-6.8915618!4d107.5995685!16s%2Fg%2F11sv_xgrw1!19sChIJBcOwOYDnaC4Rla-ScExxhIg?authuser=0&hl=id&rclk=1","Warteg Sederhana Tegal Bahari 30","4,0","(1)","","","Indonesia","·","","Jl. Sederhana No.30","","","https://lh3.googleusercontent.com/gps-cs-s/APNQkAEYcvsWdJNhHzojMLLaILoVQ0oXYe59JmD95nlseShXd7mpSGZKC1KHObfadfar991_44fW0AxTm1sflioPQpxBOw0GIiBRvvefGGN7G4AvDQtmeFAdbITghP3RjCFFG4yu6YlJ=w199-h92-k-no","","Makan di tempat","Bawa pulang","","","·"
"https://www.google.com/maps/place/Warteg+Warung+Nasi+Tegal/data=!4m7!3m6!1s0x2e68e6f4ca5ae9e7:0xea692a9ef9472b44!8m2!3d-6.8837425!4d107.5980821!16s%2Fg%2F11b6glg77b!19sChIJ5-layvTmaC4RRCtH-Z4qaeo?authuser=0&hl=id&rclk=1","Warteg Warung Nasi Tegal","5,0","(2)","","","Sunda","·","","·","4H8X+G64, Jl. Cemara","Tutup","https://lh3.googleusercontent.com/gps-proxy/ALd4DhFp0dQ8dbFFlrU-UX5nS1j0IBQ5s7LnhnS6h5Tsft9F5OfVYny5xRF1aUC7EedmXsYjmwqiCIYZTI7TNJFBffiNIeYf6v8guyuA2qTn65z2X6w4gDxzzK-q6PGpFPpLoJs5sMTGuRz8-74uSLE43uLF12fVRbypG_wIKNLHFAC-0DYDw67LY8PXU_YZPphAgb60hng=w122-h92-k-no","","Makan di tempat","Bawa pulang","","· Buka Sen pukul 06.00","·"
"https://www.google.com/maps/place/Warteg+linggamas/data=!4m7!3m6!1s0x2e68e75e5f6ae117:0xe10efc64cbeb5962!8m2!3d-6.8874412!4d107.6192129!16s%2Fg%2F11jm_7wk6q!19sChIJF-FqX17naC4RYlnry2T8DuE?authuser=0&hl=id&rclk=1","Warteg linggamas","4,9","(8)","","","Tegal","·","","·","Jl. Ciheulang No.231","Buka","https://lh3.googleusercontent.com/gps-cs-s/APNQkAF7BZBLtUBrTSO9-MLhtl1KJtleMsRAcxEr5I0pNTQRoDhCG1mIGvteDSWCqjVY_r-MPF8hs6niCRz7DCb2g8ppjDphDzRlnVozpq3sUQKTmg4Dume8fWyj5O153JQifc1OpfnmDw=w80-h142-k-no","","Makan di tempat","Bawa pulang","","· Tutup pukul 21.30","·"
"https://www.google.com/maps/place/Warteg+Selera+2/data=!4m7!3m6!1s0x2e68e7000d8d362b:0xd0e90ee3b81fc102!8m2!3d-6.8885901!4d107.6192562!16s%2Fg%2F11vrrxl4rh!19sChIJKzaNDQDnaC4RAsEfuOMO6dA?authuser=0&hl=id&rclk=1","Warteg Selera 2","","","","","Jawa","·","","Jl. Sekeloa Utara No.2","","Buka 24 jam","https://lh3.googleusercontent.com/gps-cs-s/APNQkAFl-uENditr5wNR7s4WDoeuK-eaFStgim4h7e87xZC-E1LviLAYcRD2hyO6FV40993Y5gHP_3T2joMEY1vp3g6cVi51Sn_1hKqi0IVLB_hLBFhY9yppWyJ11nqZSMRXnNqb5lL0=w122-h92-k-no","","Makan di tempat","Bawa pulang","","","·"
"https://www.google.com/maps/place/Warteg+Sami+Asih/data=!4m7!3m6!1s0x2e68e652eb92ab8f:0xc8f54c6b7cebbc4b!8m2!3d-6.8954135!4d107.6196609!16s%2Fg%2F11b6gn4c0x!19sChIJj6uS61LmaC4RS7zrfGtM9cg?authuser=0&hl=id&rclk=1","Warteg Sami Asih","3,8","(8)","","","Nasi","·","","·","Jl. Titiran No.28","Buka","https://lh3.googleusercontent.com/gps-cs-s/APNQkAHETZUPpzzU8VLbd9GOZ4_g36j72WZH5ymxM-TJvwsUIhn0ywpiy_I1TjxLFc58rbR1WKjPntGvu0-YRNX8Rtb6Qsjg6j-jyX1QE7VaZUdvEej1RzyR6jxyWfz0rzKzk5ljpDg=w80-h106-k-no","","Makan di tempat","Bawa pulang","","· Tutup pukul 22.00","·"
"https://www.google.com/maps/place/TOKO+DAN+WARTEG+MEY+MEY/data=!4m7!3m6!1s0x2e68e7004b462239:0x981a0785803ea2cf!8m2!3d-6.8740479!4d107.6086224!16s%2Fg%2F11w_ty1c4l!19sChIJOSJGSwDnaC4Rz6I-gIUHGpg?authuser=0&hl=id&rclk=1","TOKO DAN WARTEG MEY MEY","5,0","(5)","","","Restoran","·","","Jl. Ranca Bentang II No.42","","","https://lh3.googleusercontent.com/gps-cs-s/APNQkAENgenkvO-uKgkoAq-fBWsweBmhgQpHOzRqvkhETwqLVEw6inNx-Wit1yiO02ZoRVRgVvzBpfBaPMj-2anpQ0n8pkqqW66y3wAxDKZIQrIeqG-jS4nP74GpAZ2ilwr0ciiroz9GLqru-CVt=w122-h92-k-no","","Makan di tempat","","","",""
"https://www.google.com/maps/place/Warteg+Sejati+Bahari/data=!4m7!3m6!1s0x2e68e65d8f96a923:0x1f62f130605321be!8m2!3d-6.8944464!4d107.5984557!16s%2Fg%2F11vzdv8xh0!19sChIJI6mWj13maC4RviFTYDDxYh8?authuser=0&hl=id&rclk=1","Warteg Sejati Bahari","2,8","(8)","·","Rp 1–25.000","Restoran","·","","Jl. Sederhana No.25, RW.35","","","https://lh3.googleusercontent.com/gps-cs-s/APNQkAGSJmKFYm1l-5MRhOoMkJo8QTQDU1CMYWTJX-Q5KD7S6YnBEDDDM15GDLhNrTq2KH9BARd7k794O0xz93wKbIJXBlCWSi2liJcTRwtwd5ChzeH9dZZV_bLxmftfUYOHRPgkC__H=w80-h142-k-no","https://ssl.gstatic.com/local/servicebusiness/default_user.png","""Harga terjangkau dan pilihan menunya bervariasi👍""","","","",""
"https://www.google.com/maps/place/Warteg+Bahari/data=!4m7!3m6!1s0x2e68e7006b1dbfdb:0xba8ee6d0791d5dd3!8m2!3d-6.9057749!4d107.6062244!16s%2Fg%2F11y5nby1kc!19sChIJ278dawDnaC4R010dedDmjro?authuser=0&hl=id&rclk=1","Warteg Bahari","5,0","(2)","","","Indonesia","·","","Gg. Nangkasuni No.7","","","https://lh3.googleusercontent.com/gps-cs-s/APNQkAEaP2CRXJWhPIXwjKYdiVXA3d2DzJI5FhzxBUdvgX0FM-rNX39si32vBxNkvdQzq5pQcM167EtJJQea3kxT58ETUGug37Rm5DJmGGhcvxAkj51L6si9u6e9GZQD6NwwNJdgLo0fUA=w163-h92-k-no","","Makan di tempat","Bawa pulang","","","·"
"https://www.google.com/maps/place/Warteg+Bu+Popong/data=!4m7!3m6!1s0x2e68e6fe216eccb7:0x2978f66b38725118!8m2!3d-6.8828827!4d107.6215081!16s%2Fg%2F11c718g1t4!19sChIJt8xuIf7maC4RGFFyOGv2eCk?authuser=0&hl=id&rclk=1","Warteg Bu Popong","5,0","(13)","","","Pemasok makanan dan minuman katering","·","","Jl. Tubagus Ismail VIII No.39A","","Tutup","https://streetviewpixels-pa.googleapis.com/v1/thumbnail?panoid=5ZmPcZ8mXWQDwR8Y4vNtfw&cb_client=search.gws-prod.gps&w=80&h=92&yaw=112.50382&pitch=0&thumbfov=100","https://ssl.gstatic.com/local/servicebusiness/default_user.png","""Makanannya enak dan hangat serta lezat.""","","","· Buka Sen pukul 06.00",""
"https://www.google.com/maps/place/Warteg+Mandiri+Bahari/data=!4m7!3m6!1s0x2e68e7002c7117c9:0x650ecd396db0db04!8m2!3d-6.8870788!4d107.6264517!16s%2Fg%2F11mlwt06h8!19sChIJyRdxLADnaC4RBNuwbTnNDmU?authuser=0&hl=id&rclk=1","Warteg Mandiri Bahari","4,0","(4)","","","Jawa","·","","Jl. Cibeunying Kolot No.32A","","Buka 24 jam","https://lh3.googleusercontent.com/gps-cs-s/APNQkAExfjFF8360DOv_Y6EBsuwAQseFXnmOJFSxgnRcFXY8bTEBel0Sdbiy3Q9n4iDk4Wl5BwzwfitBv5n8BW2xrW1AuIoQmRvOKpDEFAptvN6KMTKsafg835KDlLNKPwG0me9q19Yxd8ThkDht=w163-h92-k-no","","Makan di tempat","Bawa pulang","","","·"
"https://www.google.com/maps/place/Warteg+DjuandA/data=!4m7!3m6!1s0x2e68e6fcc57942b7:0x591f718451a6eb5b!8m2!3d-6.8771226!4d107.6177898!16s%2Fg%2F11vz3k6g4x!19sChIJt0J5xfzmaC4RW-umUYRxH1k?authuser=0&hl=id&rclk=1","Warteg DjuandA","4,9","(9)","·","Rp 1–25.000","Restoran","·","","·","Jl. Ir. H. Juanda No.346","","https://lh3.googleusercontent.com/gps-cs-s/APNQkAFNqQb-9dcoEzcZbhRNRYAb9EH0iOKezXFdTUqmo6vnkCabERaS1sVX0v34-O69m-bfAi4wjRDSkZsKqMsgYKqSGSzRn-pn4XMUcdfC99veMp_WKmW4L8WPkIVK3pnwwaHWGm7J37Q57R5Z=w80-h106-k-no","https://ssl.gstatic.com/local/servicebusiness/default_user.png","""banyak langganan juga dari orang-orang di sekitar","warteg","ini.""","",""
"https://www.google.com/maps/place/Warteg+99/data=!4m7!3m6!1s0x2e68e660096f3421:0x47c17987f9ea1db4!8m2!3d-6.8892804!4d107.5984871!16s%2Fg%2F11fzv0mq9j!19sChIJITRvCWDmaC4RtB3q-Yd5wUc?authuser=0&hl=id&rclk=1","Warteg 99","5,0","(1)","","","Tegal","·","","·","Jl. Sukamaju No.442","Segera tutup","https://lh3.googleusercontent.com/gps-cs-s/APNQkAF16OlzfByzrxPgaCTxQunzDDrwRFYOYEozOwg7AWrXMyj9c6XE45V0iOOfkzb_292fBmOmgDh1eEltYJHS2_LnS81-yroNSuiIx9pV3qtPe8TrzlFnGFVCOy6VBzPDTKBHkakZ=w80-h106-k-no","","Makan di tempat","Bawa pulang","","· 20.30 · Buka Sen pukul 08.00","·"
"https://www.google.com/maps/place/Warteg+Tegal+Bahari/data=!4m7!3m6!1s0x2e68e6609061eb1f:0xc5c4694590b33e68!8m2!3d-6.8908048!4d107.5970162!16s%2Fg%2F11bbwzf9cb!19sChIJH-thkGDmaC4RaD6zkEVpxMU?authuser=0&hl=id&rclk=1","Warteg Tegal Bahari","5,0","(3)","","","Tegal","·","","·","Jl. Sukajadi No.122","Buka","https://lh3.googleusercontent.com/gps-cs-s/APNQkAEjFspLkzvXOheCMpOj7Va_qsveMHXE15Ipyz6PhuxPONl8x8OT2lJHCvdBDcYoiS_kA3MRFZlCwHtKTMZGOQJBxn6jHd48ouVSZNgKGsnX9TMedOrkdusdT2Hm8R8ooBAjkcNreQ=w163-h92-k-no","","Makan di tempat","Bawa pulang","","· Tutup pukul 22.00","·"
"https://www.google.com/maps/place/Warteg+Sederhana/data=!4m7!3m6!1s0x2e68e7b3003cfd8b:0x42de439147b09c86!8m2!3d-6.8968657!4d107.6264032!16s%2Fg%2F11bbw_5cl1!19sChIJi_08ALPnaC4RhpywR5FD3kI?authuser=0&hl=id&rclk=1","Warteg Sederhana","4,5","(60)","","","Tegal","·","","·","Gg. Gagak V","Segera tutup","https://lh3.googleusercontent.com/gps-cs-s/APNQkAEvYIB0y_qQAe2UDHY7dTolwgBqN0Pd7CJEp2CM3hUoXoZ0YkvtQ7Ao2vLjOwLsYQyUhuHo7gQyfryal_gjUB5myDvaenlUMfxH-lNJcMir_0NnFhu14NnZ1p5SI7qJRdjVlUajrg=w163-h92-k-no","https://ssl.gstatic.com/local/servicebusiness/default_user.png","""Murah meriah 24 jam""","","","· 21.00 · Buka Sen pukul 07.00",""
"https://www.google.com/maps/place/Warteg+Mas+Cipto+2/data=!4m7!3m6!1s0x2e68e655a9b40471:0x9abca4624679766f!8m2!3d-6.888816!4d107.6184591!16s%2Fg%2F11rfdr1wyk!19sChIJcQS0qVXmaC4Rb3Z5RmKkvJo?authuser=0&hl=id&rclk=1","Warteg Mas Cipto 2","","","","","Tegal","·","","","","","https://streetviewpixels-pa.googleapis.com/v1/thumbnail?panoid=fW_WQ9lDuEQAJ0uzzEgk4w&cb_client=search.gws-prod.gps&w=80&h=92&yaw=278.44296&pitch=0&thumbfov=100","","Makan di tempat","Bawa pulang","","","·"
"https://www.google.com/maps/place/Warteg+Bahari+Tulen/data=!4m7!3m6!1s0x2e68e7f7bca2b3bd:0x3073f23f1a8362e4!8m2!3d-6.9200705!4d107.6123419!16s%2Fg%2F11j43dvqwq!19sChIJvbOivPfnaC4R5GKDGj_yczA?authuser=0&hl=id&rclk=1","Warteg Bahari Tulen","4,6","(235)","·","Rp 1–25.000","Tegal","·","","·","Jl. Naripan No.39","Buka 24 jam","https://lh3.googleusercontent.com/gps-cs-s/APNQkAEEQSZmQA7d4LHfF1iNEnkjI5uJOUGz8cfbmJzBdw6ftuvR99gXJFiuo90Dw8U319qla0D6PQfg4v0V3bSz3C0x6HrYH8KQ47k5cT_VWWqflbwd_6d-ayoHaIr9-JzbMMgUwWxeWg=w122-h92-k-no","https://ssl.gstatic.com/local/servicebusiness/default_user.png","""","Warteg","enak bgt rasa lauk2nya, harganya super murahh""","",""
"https://www.google.com/maps/place/Warteg+Panorama/data=!4m7!3m6!1s0x2e68e79734c72a69:0xe0f21ba904eeac04!8m2!3d-6.8925177!4d107.6197043!16s%2Fg%2F11llk5_wwj!19sChIJaSrHNJfnaC4RBKzuBKkb8uA?authuser=0&hl=id&rclk=1","Warteg Panorama","3,3","(7)","·","Rp 1–25.000","Brunch","·","","Jl. Haur Pancuh No.87a","","Segera tutup","https://lh3.googleusercontent.com/gps-cs-s/APNQkAFJ36nAytogC3q6ZiN3R7C-aNMrVzDX9odC0JieJxen9VYXen6J2kxpHz-HiZGzpClz1-Auu9AkDSOIybYnMxV94T942m-BV17nSDkVOj1TZkcLv9FPm4o1BJbKyv7-DLIVTWQf=w80-h106-k-no","https://ssl.gstatic.com/local/servicebusiness/default_user.png","""Puas, murah, mudah bisa via gofood""","","","· 20.37 · Buka Sen pukul 08.38",""
"https://www.google.com/maps/place/Warteg+Sinar+Jaya/data=!4m7!3m6!1s0x2e68e62c5ae7853f:0x32ca9492cbb511cc!8m2!3d-6.9216813!4d107.6175719!16s%2Fg%2F11bbx4yw1z!19sChIJP4XnWizmaC4RzBG1y5KUyjI?authuser=0&hl=id&rclk=1","Warteg Sinar Jaya","4,7","(577)","·","Rp 1–25.000","Tegal","·","","·","Jl. Sunda No.23","Buka 24 jam","","https://ssl.gstatic.com/local/servicebusiness/default_user.png","""","Warteg","yang sangat bersih, makanannya juga enak untuk kelas warteg mah.""","",""
"https://www.google.com/maps/place/Warteg+Bahari/data=!4m7!3m6!1s0x2e68e6346e13cd87:0x8ecfe3eee4d35761!8m2!3d-6.9120541!4d107.6173835!16s%2Fg%2F11b6hszpgf!19sChIJh80TbjTmaC4RYVfT5O7jz44?authuser=0&hl=id&rclk=1","Warteg Bahari","4,7","(54)","·","Rp 1–25.000","Tegal","·","","·","3JQ8+5XC, Jl. Banda","Segera tutup","https://lh3.googleusercontent.com/gps-cs-s/APNQkAGoCysY8jZZ5v2f-4H1WcMpo7SmYRi6LlLTeYPyQUfWl4ta0w2lnHSco2N7SNAjUMKq6nxTQRTA42fXv7PR35fPtvUlHEeQaOENr-eunhUViATenJi80TFGGp9Sg3gL-dBqGZyEPg=w80-h106-k-no","https://ssl.gstatic.com/local/servicebusiness/default_user.png","""Masakannya enak, harga murah""","","","· 21.00 · Buka Sen pukul 07.00",""
"https://www.google.com/maps/place/Warteg+Jaya+Putra+Bahari/data=!4m7!3m6!1s0x2e68e6612e629c59:0x2e2c3441588d8178!8m2!3d-6.8923452!4d107.594359!16s%2Fg%2F11s2m1xhkl!19sChIJWZxiLmHmaC4ReIGNWEE0LC4?authuser=0&hl=id&rclk=1","Warteg Jaya Putra Bahari","5,0","(1)","","","Restoran","·","","Jl. Sukagalih No.28","","","https://streetviewpixels-pa.googleapis.com/v1/thumbnail?panoid=yn166Ouj9yM_pSkjkessfQ&cb_client=search.gws-prod.gps&w=80&h=92&yaw=29.459171&pitch=0&thumbfov=100","","Makan di tempat","Bawa pulang","","","·"
"https://www.google.com/maps/place/Warteg+Braga+Jaya/data=!4m7!3m6!1s0x2e68e63aed644253:0xff4aaf4044beff3c!8m2!3d-6.9161166!4d107.6081869!16s%2Fg%2F11gf8hlv2m!19sChIJU0Jk7TrmaC4RPP--RECvSv8?authuser=0&hl=id&rclk=1","Warteg Braga Jaya","4,5","(128)","·","Rp 1–25.000","Tegal","·","","·","Jl. Suniaraja No.25","Segera tutup","https://lh3.googleusercontent.com/gps-cs-s/APNQkAHa6KUt_wn9xOqbnPCKOuSuJirbS6uX_2lHohC9d0mpLOSwvN6zKhm4iWWAy7RTZt3oST2F7g4Xn4LVXrPiJlbx3Pt1ynkN9I7yeZl7kBIyFED304rF_DtqRipnrzoIWh4pGWoI=w122-h92-k-no","https://ssl.gstatic.com/local/servicebusiness/default_user.png","""Makanan di","Warteg","ini enak, segar dan murah.""","· 21.00 · Buka Sen pukul 06.00",""
"https://www.google.com/maps/place/Warteg+berkah+ananda/data=!4m7!3m6!1s0x2e68e780a2c12a49:0xb6e674590012b8ea!8m2!3d-6.8914466!4d107.6206912!16s%2Fg%2F11qn5jkzzj!19sChIJSSrBooDnaC4R6rgSAFl05rY?authuser=0&hl=id&rclk=1","Warteg berkah ananda","","","","","Toko Makanan","·","","Jl. Sekeloa Timur No.01","","","https://streetviewpixels-pa.googleapis.com/v1/thumbnail?panoid=uhByhyo4UtirRu8Ce3AehQ&cb_client=search.gws-prod.gps&w=80&h=92&yaw=208.37134&pitch=0&thumbfov=100","","Bawa pulang","","","",""
"https://www.google.com/maps/place/Warteg+Kharisma+Bahari/data=!4m7!3m6!1s0x2e68e731c28ff30d:0xfbfa517ad43028e3!8m2!3d-6.8926011!4d107.6348027!16s%2Fg%2F11fps3jzf0!19sChIJDfOPwjHnaC4R4ygw1HpR-vs?authuser=0&hl=id&rclk=1","Warteg Kharisma Bahari","3,7","(48)","·","Rp 1–25.000","Jawa Tengah","·","","·","Jl. Cikutra Barat No.09","Buka 24 jam","https://lh3.googleusercontent.com/gps-cs-s/APNQkAEmUAWK8LzJRjVVM5xBqacKvnS9V51h_cYKYdlb6pHfOS-ayOnSYGumHWvL8qPHLA5vXCrLBUnZjm223FrdunhPcPfGVLd8kxhClp-zzgM5_B9Npjr3clZRz0P2sIU9At3spnwGc2KVnjgJ=w80-h106-k-no","https://ssl.gstatic.com/local/servicebusiness/default_user.png","""Enaknya di sini wartegnya bersih dan ga ada kang parkirnya.""","","","",""
"https://www.google.com/maps/place/Warteg+Tegal+Bahari/data=!4m7!3m6!1s0x2e68e63d0fc20775:0xf84ce186ac03b27d!8m2!3d-6.916301!4d107.5999843!16s%2Fg%2F11b60gvtx_!19sChIJdQfCDz3maC4RfbIDrIbhTPg?authuser=0&hl=id&rclk=1","Warteg Tegal Bahari","4,0","(86)","·","Rp 1–25.000","Tegal","·","","·","3HMX+FXH, Jl. Kebon Jati","Segera tutup","https://lh3.googleusercontent.com/gps-cs-s/APNQkAH4uT18ANFMh0JK2QW_pVm-D_cDOfIO4LQYyNzhj-l87bec-RXcZ4nxqEaH63nOdCCBx61WvCLkCxF9DXcoKiA3v2xq_BbXB2DAYUhLSx9bUw4C0cM13Pdgv1HtqppivfAKvLOZ=w163-h92-k-no","https://ssl.gstatic.com/local/servicebusiness/default_user.png","""Rasa masih enak ada gurih asin cocok bagi lidah orang jawa.""","","","· 21.00 · Buka Sen pukul 09.00",""
"https://www.google.com/maps/place/Warung+Nasi+Berkah+Mulia+%28d%2Fh+Warteg+Raden+Bahari%29/data=!4m7!3m6!1s0x2e68e7f9dd7c9d7f:0x8c4fa8c18e3df607!8m2!3d-6.8926613!4d107.5933497!16s%2Fg%2F11ssgh2_4h!19sChIJf5183fnnaC4RB_Y9jsGoT4w?authuser=0&hl=id&rclk=1","Warung Nasi Berkah Mulia (d/h Warteg Raden Bahari)","4,1","(10)","·","Rp 1–25.000","Restoran","·","","Jl. Sukagalih No.73","","Buka 24 jam","https://lh3.googleusercontent.com/gps-cs-s/APNQkAEQEwKem47FJ8lIsrltBLkIvqNNEZfP1YI9wuyPwWGenN-Q7FqkHPoQPV04jLa8rPmJUX7TtVnGVCaso5_bTXq9u-b_FtOZewtAiYg7GudvqoaFU8LL9XFm2P6WZ9LX57bJ8WBg=w116-h92-k-no","https://ssl.gstatic.com/local/servicebusiness/default_user.png","""Pelayanannya cepat (ala touch screen","warteg",") dan ramah-ramah.""","",""
"https://www.google.com/maps/place/Warteg+Sari+Rasa+Jaya/data=!4m7!3m6!1s0x2e68e7d4cd7e8e39:0x89ee03f71906f84c!8m2!3d-6.9093635!4d107.6093855!16s%2Fg%2F11jyj4sbzs!19sChIJOY5-zdTnaC4RTPgGGfcD7ok?authuser=0&hl=id&rclk=1","Warteg Sari Rasa Jaya","4,0","(7)","·","Rp 1–25.000","Jawa","·","","Jl. Purnawarman No.8","","Buka","https://lh3.googleusercontent.com/gps-cs-s/APNQkAElm4vZo29vurwiNrcvY2b-8zryqzQ_AodTtG-ZI_ApPUwKHDe_SC3wcpVfi6944QMviHAVV2DhBd6wDu1lRzi1lr6CV4fwKBf2p2V9eRnJFymzP0iQmdYjvivM-p7KLe4ihg4=w80-h106-k-no","","Makan di tempat","Bawa pulang","Antar tanpa bertemu","· Tutup pukul 21.30","·"
"https://www.google.com/maps/place/Warteg+Abadi/data=!4m7!3m6!1s0x2e68e68798416d41:0xa95e56a111611e08!8m2!3d-6.8867556!4d107.5837151!16s%2Fg%2F11b5z8gkjk!19sChIJQW1BmIfmaC4RCB5hEaFWXqk?authuser=0&hl=id&rclk=1","Warteg Abadi","4,5","(234)","·","Rp 1–25.000","Tegal","·","","·","Jl. Babakan Jeruk 1 No.154","Buka","https://lh3.googleusercontent.com/gps-cs-s/APNQkAFQgNdlDJkZ6jF61cuvAjMlQIJCmWIwax1mXf3iKPaEROOABXS_q-JwteDxrOEkbELtTZSA5q_ezQ47PEal6hnG9ekSCofykoOEJbssS-3mibbRgHWqRAZgD-NfNYMq3S6bUXtd=w80-h106-k-no","https://ssl.gstatic.com/local/servicebusiness/default_user.png","""Pelayanan mantap, rasa oke, harga ramah di kantong 👍👍👍""","","","· Tutup pukul 00.00",""
"https://www.google.com/maps/place/Warteg+dago+pojok/data=!4m7!3m6!1s0x2e68e700409e17ad:0xd140589a434ed5bf!8m2!3d-6.8732156!4d107.61781!16s%2Fg%2F11ymyylr2z!19sChIJrReeQADnaC4Rv9VOQ5pYQNE?authuser=0&hl=id&rclk=1","Warteg dago pojok","","","","","Rumah Makan","·","","4JG9+P47","","","https://streetviewpixels-pa.googleapis.com/v1/thumbnail?panoid=seFjuCBUg1qbMnXVD2h2Cw&cb_client=search.gws-prod.gps&w=80&h=92&yaw=35.2304&pitch=0&thumbfov=100","","Makan di tempat","Bawa pulang","","","·"
"https://www.google.com/maps/place/Warteg+jaya+bahari+%28baranang+siang%29/data=!4m7!3m6!1s0x2e68e62d72f695ef:0x3b880cdcb989d76a!8m2!3d-6.9187155!4d107.619242!16s%2Fg%2F11cjjzg43c!19sChIJ75X2ci3maC4RateJudwMiDs?authuser=0&hl=id&rclk=1","Warteg jaya bahari (baranang siang)","4,5","(477)","·","Rp 1–25.000","Tegal","·","","·","Jl. Baranang Siang No.28","Buka 24 jam","https://lh3.googleusercontent.com/gps-cs-s/APNQkAHyLFN7mI6jZW_5BrbYoImX6_4VkmIGzXoE_HNk1uSlrdI-GBwwO0rSgmSCIlSzsyZIGBLxiulYCvpE4Xab3uWZysy_mC-b8TH5pAvd_wowewNWOyTtDCLQyvqMv7LwiQu5ULw=w163-h92-k-no","https://ssl.gstatic.com/local/servicebusiness/default_user.png","""Mantep","warteg","nya, menu sangat banyak dan harga juga murah meriah.""","",""
"https://www.google.com/maps/place/Warteg+Bahari+Jaya/data=!4m7!3m6!1s0x2e68e66abb5f6e73:0x5c7de2fe716c3ab9!8m2!3d-6.9071423!4d107.5970402!16s%2Fg%2F11fyzg18_8!19sChIJc25fu2rmaC4RuTpscf7ifVw?authuser=0&hl=id&rclk=1","Warteg Bahari Jaya","4,7","(3)","","","Tegal","·","","·","3HVW+4RV","Segera tutup","https://lh3.googleusercontent.com/gps-cs-s/APNQkAH3yscXWbJV2fQj9RzqXv2Qz5RrtFINw3HWBuKF4wC5Rd8ZzGM0acdai7ISo3KN4e2r1QYizMrabWSsZ4958ZgUgO4PJ60al7NulUzEA-2gGF2jCeTN3IAj1COY5j-RuKM8Acgj=w80-h106-k-no","https://ssl.gstatic.com/local/servicebusiness/default_user.png","""Makanannya enak "" Murah.. Yg ngelayanin ramah dan si mbaknya cantik 👍😘""","","","· 21.00 · Buka Sen pukul 07.00",""
"https://www.google.com/maps/place/Warteg+Arjuna+jaya/data=!4m7!3m6!1s0x2e68e6135c85c4fb:0xb0053a2cf45ae35e!8m2!3d-6.909273!4d107.5914335!16s%2Fg%2F11c1v1060k!19sChIJ-8SFXBPmaC4RXuNa9Cw6BbA?authuser=0&hl=id&rclk=1","Warteg Arjuna jaya","4,2","(133)","·","Rp 1–25.000","Tegal","·","","·","Jl. Arjuna No.86","Buka","https://lh3.googleusercontent.com/gps-cs-s/APNQkAGORKec7Zs2CABUMkd_odCL_hUddcURTVfMC7TiGJ9YFTBY0Nfr2vJvpnxmei6mxL0Bp_757bf-5hOSsWSeiDwQGMhGuB1L8kD2WCe3u4JKclewn_cX1N4phzr7M50wT8wJvq3x=w163-h92-k-no","https://ssl.gstatic.com/local/servicebusiness/default_user.png","""","Warteg","ini menyediakan berbagai jenis makanan dengan harga terjangkau""","· Tutup pukul 22.00",""
"https://www.google.com/maps/place/WARTEG+BAHARI/data=!4m7!3m6!1s0x2e68e68d546c0dab:0xdd76fef74a20567c!8m2!3d-6.8774662!4d107.5975984!16s%2Fg%2F11whmyt3bq!19sChIJqw1sVI3maC4RfFYgSvf-dt0?authuser=0&hl=id&rclk=1","WARTEG BAHARI","3,9","(17)","·","Rp 1–25.000","Restoran","·","","Jl. Dr. Setiabudi No.108","","","https://lh3.googleusercontent.com/gps-cs-s/APNQkAG4rbF1S1L5dtohZ5-pEKaecJnhQEGzLuvvSHs_NXfXh4fTrpv0YQdVW77m6qJ2d-YzqNZXOseFgZ8-_KnXySpSoVQYlSX4HQ13gXsKG7z0DakrDYARwvLjOss120Ta_gmL6fouRLBfbCar=w163-h92-k-no","https://ssl.gstatic.com/local/servicebusiness/default_user.png","""Makananya enak , di tambah teteh nya cantik 🫢 nexttt mampir lagiiii 🙌🏻""","","","",""
"https://www.google.com/maps/place/Warteg+Baharitulen/data=!4m7!3m6!1s0x2e68e7cd48f7f5a9:0xf747eb5aab059787!8m2!3d-6.9065628!4d107.5968663!16s%2Fg%2F11rwsb9swf!19sChIJqfX3SM3naC4Rh5cFq1rrR_c?authuser=0&hl=id&rclk=1","Warteg Baharitulen","4,4","(44)","·","Rp 1–25.000","Tegal","·","","·","Jl. Semar No.1","Buka sekarang","https://lh3.googleusercontent.com/gps-cs-s/APNQkAHWNUxLd35VkeJI71AGFCCZO7BbR62gqnHnLdvfspp76wgAMtDv3yzkdVkhu6wccbBmYAxSjMOC1ASX6vM7afJBCz8RskoY5s0s13BMw0SSkgw7CvyAlULsN2WvglOWYx9rGND5=w163-h92-k-no","https://ssl.gstatic.com/local/servicebusiness/default_user.png","""Murah, enak, ramah.""","","","",""
"https://www.google.com/maps/place/WARTEG+BMJ+%28BERKAH+MULYA+JAYA%29/data=!4m7!3m6!1s0x2e68e7a901280ded:0x5febcbe2b10d972e!8m2!3d-6.8890031!4d107.630101!16s%2Fg%2F11sv2k67b1!19sChIJ7Q0oAannaC4RLpcNseLL618?authuser=0&hl=id&rclk=1","WARTEG BMJ (BERKAH MULYA JAYA)","5,0","(4)","","","Restoran","·","","Jl. Cigadung Raya Timur No.58","","Buka","https://lh3.googleusercontent.com/gps-cs-s/APNQkAFcMtCtVsJmQmlH6zKSVyMRLvU_x-iC4EaAZRcEaLtm_sH17BdfQN45fuxQg8iqi2nKRRGdkRNwj7EeSrIa2txe0rrSY5sdaKZffszMEhYwtSET57BYzvJHhqJCsoFkb2ovIsYvbP4viSH8=w80-h106-k-no","https://ssl.gstatic.com/local/servicebusiness/default_user.png","""","Warteg","paling enak, lengkap, dan murah di cikutra.""","· Tutup pukul 22.00",""
"https://www.google.com/maps/place/Warteg+mas+suhari/data=!4m7!3m6!1s0x2e68e70056685577:0xa4380edc02923357!8m2!3d-6.8853413!4d107.5964729!16s%2Fg%2F11y6n2qbst!19sChIJd1VoVgDnaC4RVzOSAtwOOKQ?authuser=0&hl=id&rclk=1","Warteg mas suhari","","","","","Dapur Umum","·","","4H7W+VH9, Jl. Sukajadi","","","https://streetviewpixels-pa.googleapis.com/v1/thumbnail?panoid=SjJjmYTrjboLbhGU-DbOFQ&cb_client=search.gws-prod.gps&w=80&h=92&yaw=194.87512&pitch=0&thumbfov=100","","","","","",""
"https://www.google.com/maps/place/Warteg+aura+bahari/data=!4m7!3m6!1s0x2e68e725e519b519:0x31006f5dce00ebd8!8m2!3d-6.8884183!4d107.5976191!16s%2Fg%2F11rfnn1d7b!19sChIJGbUZ5SXnaC4R2OsAzl1vADE?authuser=0&hl=id&rclk=1","Warteg aura bahari","4,0","(6)","","","Tegal","·","","·","Jl. Sirnamanah No.12-4","","https://lh3.googleusercontent.com/gps-cs-s/APNQkAFUnPrGBvV0i62P2IVwVG2flMwQee1v1jJAkF2jKxhZEoUJJ7Z3AckcQ4XhQcCWK7ThRUpohWhJ7XFiS2ugyLrIBL7X2_VmllXbPALNBxXZHWQXhgQcq61x960Tp2vjnJ41k16iJ4ee82vv=w80-h106-k-no","https://ssl.gstatic.com/local/servicebusiness/default_user.png","""Biasa pagi pagi cari sarapan, kebetulan ada","warteg",".""","",""
"https://www.google.com/maps/place/WARTEG/data=!4m7!3m6!1s0x2e68e71babc0777b:0xcb917d22bbac3791!8m2!3d-6.8931682!4d107.6192894!16s%2Fg%2F11fcv9gzxq!19sChIJe3fAqxvnaC4RkTesuyJ9kcs?authuser=0&hl=id&rclk=1","WARTEG","3,0","(2)","","","Jawa","·","","Jl. Haurpancuh No.1, RT.NO.139/RW.RT:04RW:02 KEL","","Buka","https://lh3.googleusercontent.com/gps-cs-s/APNQkAHpetm6ZbmIXbKJw--s2JVJxQdsmrFGZg1InLZ5OKIwp4_NIhU-nuoOeFGyk6STnvLuFDgr0y0ACmN9BvMqUT5ZYLHRydmfJ-DdNvFO9kgzF5JpBOjxEvoqINl3H2Lr-T6vNWUH=w122-h92-k-no","","Makan di tempat","Bawa pulang","Pesan antar","· Tutup pukul 00.00","·"
"https://www.google.com/maps/place/Warteg+Maemunah/data=!4m7!3m6!1s0x2e68e7752e1a1ae9:0xf4552ba0c6eb85cf!8m2!3d-6.9120277!4d107.6173794!16s%2Fg%2F11m45rk1td!19sChIJ6RoaLnXnaC4Rz4XrxqArVfQ?authuser=0&hl=id&rclk=1","Warteg Maemunah","4,9","(40)","·","Rp 1–25.000","Tegal","·","","·","Jl. Banda","Tutup","https://lh3.googleusercontent.com/gps-cs-s/APNQkAGFInFqH3IcFwMGqFmlrGskcP1s7VUH4-dN_WpXMKdFZGXyQ_xB53yNJsvATdOfbRjRfJwK-KcFvMTkRcyyUpDKQ3QEenDnFGRTxclaw2d3m3m4184jBSpFrhJnOQjmBcdHChPr8N0nQzGJ=w122-h92-k-no","https://ssl.gstatic.com/local/servicebusiness/default_user.png","""Udah review","warteg","lain2, Paling Murah se Bandung raya.""","· Buka Sen pukul 06.00",""
"https://www.google.com/maps/place/Warteg+Haur+Mekar/data=!4m7!3m6!1s0x2e68e6536602696f:0x577c9a8353735a12!8m2!3d-6.8929328!4d107.6193129!16s%2Fg%2F11nm9rbsln!19sChIJb2kCZlPmaC4RElpzU4OafFc?authuser=0&hl=id&rclk=1","Warteg Haur Mekar","","","","","Tegal","","","","","","https://streetviewpixels-pa.googleapis.com/v1/thumbnail?panoid=X46DlJjtCoRCG6RI1iQNZw&cb_client=search.gws-prod.gps&w=80&h=92&yaw=86.466034&pitch=0&thumbfov=100","","Makan di tempat","Bawa pulang","","","·"
"https://www.google.com/maps/place/WARTEG+ABAH/data=!4m7!3m6!1s0x2e68e7fec40f1d97:0x51bb9f8dc9390bf4!8m2!3d-6.8981048!4d107.623262!16s%2Fg%2F11h0v6_qn9!19sChIJlx0PxP7naC4R9As5yY2fu1E?authuser=0&hl=id&rclk=1","WARTEG ABAH","5,0","(2)","","","Tegal","·","","·","Jl. Puyuh No.1","","https://lh3.googleusercontent.com/gps-cs-s/APNQkAFxhLM6OrKPEhqmgjKJ6vme8qvUcPJSjljlpl6koL5JIY0dz6zmx1WaTmsf9HtFpzOFFvhzcRshOo0GMGySdF66FtVDAAdAIZwOhucDQV8m0lA774zW44tKAXpGCWH9TRRg1fOE=w163-h92-k-no","","Makan di tempat","Bawa pulang","","","·"
"https://www.google.com/maps/place/Warteg+Sutarno/data=!4m7!3m6!1s0x2e68e745f61f1017:0xca09b5e7bf71beb3!8m2!3d-6.8993266!4d107.6236304!16s%2Fg%2F11h4b7k8rq!19sChIJFxAf9kXnaC4Rs75xv-e1Cco?authuser=0&hl=id&rclk=1","Warteg Sutarno","5,0","(3)","","","Tegal","·","","·","4J2F+7F6","Tutup","https://lh3.googleusercontent.com/gps-cs-s/APNQkAH8fwR19Lns6DFiyut5Rl5kAiR5F5SWDJJQWZ-3Do--sj7f9gtrNlVQIT3A2hK5go8L8tOSM7w14Tg1IWxGNi1-2ou9D-GQ8aewPAD-4wNUUO-zj0vrUQ7AK-zsG5cxZtWWof6I4w=w122-h92-k-no","https://ssl.gstatic.com/local/servicebusiness/default_user.png","""makanannya enak2, dan tempatnya bersihhhh""","","","· Buka Sen pukul 09.00",""
"https://www.google.com/maps/place/Warteg+Ok/data=!4m7!3m6!1s0x2e68e63d8170dbcb:0x8b9b03d178be74b2!8m2!3d-6.9162022!4d107.598076!16s%2Fg%2F11c6084xc_!19sChIJy9twgT3maC4RsnS-eNEDm4s?authuser=0&hl=id&rclk=1","Warteg Ok","4,6","(33)","·","Rp 1–25.000","Tegal","·","","·","Jl. Pasir Kaliki No.1","Segera tutup","https://lh3.googleusercontent.com/gps-cs-s/APNQkAH4J7xwb4m4BzyD5aUaxT2qbJaOwT76cPwkIC9FyRYixljmEoPzRw0b9xOmygtnFKpeYXdpPsWqI45cGSDDxPQ2rAQSfwX2VPY-tqWeciwDcdhJbai-h91rmgZsd8V9daHoVzJhxQ=w122-h92-k-no","https://ssl.gstatic.com/local/servicebusiness/default_user.png","""Dan standar","warteg","murah lah ini""","· 21.00 · Buka Sen pukul 05.00",""
"https://www.google.com/maps/place/Warteg+sejati+Bahari/data=!4m7!3m6!1s0x2e68e77ff5f4042b:0xc63b51eb3699512c!8m2!3d-6.8971729!4d107.5971295!16s%2Fg%2F11kqln2w9x!19sChIJKwT09X_naC4RLFGZNutRO8Y?authuser=0&hl=id&rclk=1","Warteg sejati Bahari","2,6","(5)","","","Indonesia","·","","Jl. Pasir Kaliki No.237","","Tutup","https://lh3.googleusercontent.com/gps-cs-s/APNQkAF2AvVUMIHnQqCEWoOVPmWumz3vqd1CuRhYmlSqYsoGQOh5tle7m6ybmxIqRQdSKrhsERYRlUcvwkZapnbOud4Ej0Vk9pkyZY4BiL-69Y1omLptVWPOWdWeKu3RBFzfnyZXU3Xw=w80-h142-k-no","","Makan di tempat","Bawa pulang","","· Buka Sen pukul 06.00","·"
"https://www.google.com/maps/place/Warteg+Maju+Jaya/data=!4m7!3m6!1s0x2e68e7aa4ab9257b:0x5a7ecab3aac44361!8m2!3d-6.888888!4d107.6258435!16s%2Fg%2F11fzv112hv!19sChIJeyW5SqrnaC4RYUPEqrPKflo?authuser=0&hl=id&rclk=1","Warteg Maju Jaya","4,2","(18)","","","Tegal","·","","·","4J6G+C8W, Jl. Sadang Serang","Segera tutup","https://lh3.googleusercontent.com/gps-cs-s/APNQkAGxxV6xQqsU_3653KUosTmcziJUAtNm1kBTwgZ-FyxW3QtkCVCI930hEE-ijapB4htnbXuvCGQgjwlLrLxa6J6zlfvwASb6Q_5ueEzUqpRR-6EAaAJM9jUhTmm_Y7LUms3Bv2XnLuD_Tsc=w80-h142-k-no","https://ssl.gstatic.com/local/servicebusiness/default_user.png","""Rasa enak tp sayang pelayanan lambat dan ga teliti.""","","","· 21.00 · Buka Sen pukul 07.00",""
"https://www.google.com/maps/place/Warteg+Sejahtera+%26+Sejahtera+Cell/data=!4m7!3m6!1s0x2e68e70066ca1599:0xac173c8c2f251417!8m2!3d-6.8924683!4d107.6193874!16s%2Fg%2F11vjvr3p2b!19sChIJmRXKZgDnaC4RFxQlL4w8F6w?authuser=0&hl=id&rclk=1","Warteg Sejahtera & Sejahtera Cell","","","","","Indonesia","·","","Jl. Haur Pancuh No.16C","","","https://streetviewpixels-pa.googleapis.com/v1/thumbnail?panoid=DmPFs9GIEVm06hOCGJ9Asg&cb_client=search.gws-prod.gps&w=80&h=92&yaw=354.93008&pitch=0&thumbfov=100","","Makan di tempat","Bawa pulang","","","·"
"https://www.google.com/maps/place/Warteg+Mulya/data=!4m7!3m6!1s0x2e68e6bdfed65345:0xda541b8a346f9d6e!8m2!3d-6.8669692!4d107.5915625!16s%2Fg%2F11b6gbr2yt!19sChIJRVPW_r3maC4Rbp1vNIobVNo?authuser=0&hl=id&rclk=1","Warteg Mulya","4,8","(33)","·","Rp 1–25.000","Tegal","·","","·","4HMR+6J8, Jl. Gegerkalong Tengah","Buka","https://lh3.googleusercontent.com/gps-cs-s/APNQkAGUXR7ZuSz4Z_qNMrlYEcKwzQqIlNqtO0dnR7NMemg-NJgWTN-BQzQ9qduWUjXeKYOUGAs12qWDB5AbtW8XU4AMSpwtodTbvdBfC2mgNwwtzvxCOsK3lsJKDjnasTpyZhaWvSat=w163-h92-k-no","https://ssl.gstatic.com/local/servicebusiness/default_user.png","""Dulu pas kuliah kalo makan pasti kesitu meskipun kosan di ledeng""","","","· Tutup pukul 00.00",""
"https://www.google.com/maps/place/WARTEG+MUTIARA+ABADI/data=!4m7!3m6!1s0x2e68e707be29e4eb:0x6e086de9debcec06!8m2!3d-6.8930144!4d107.588697!16s%2Fg%2F11t5xzzkjj!19sChIJ6-QpvgfnaC4RBuy83ultCG4?authuser=0&hl=id&rclk=1","WARTEG MUTIARA ABADI","4,7","(29)","·","Rp 1–25.000","Indonesia","·","","·","Jl. Sukagalih No.140","Buka sekarang","https://lh3.googleusercontent.com/gps-cs-s/APNQkAG6BQV49RfzdzCS7nHBNWJ_W6rNM5-XdKjInc_JwYA59cXr1HbPCAkwe1NDMhItLuZoPQNisEw49aTUsHXLpPRIoBmNfPUciLK9fNmkG63ahOVLTxaRx3WdISrBvsi_QnNldzVxug=w122-h92-k-no","https://ssl.gstatic.com/local/servicebusiness/default_user.png","""... dan gercep, makananya cukup enak dan harga standart","warteg","""","",""
"https://www.google.com/maps/place/Warteg+Daffa/data=!4m7!3m6!1s0x2e68e665dde35b25:0xe6c024c8519c001e!8m2!3d-6.8967234!4d107.5916099!16s%2Fg%2F11b5yqnj2c!19sChIJJVvj3WXmaC4RHgCcUcgkwOY?authuser=0&hl=id&rclk=1","Warteg Daffa","4,4","(20)","","","Tegal","·","","·","Jl. Dr. Djunjunan No.88F","Buka","https://lh3.googleusercontent.com/gps-proxy/ALd4DhF6gZZJdk4RBbgbgNL5lN2uLrPHg796T97ykKnoERAgoMZdbycRhgTmjiSTJGIq7bVqDCShHQmSBXAk2gKSRDQ_Wdd65Ay0QcbqC60Z-8mtJOUIkFuwXyaHcGgHGrv7qyXqwicfsW5kr7JSac2lFctjhcKAznrVm2kc74D9VjoL2YSbv2Ji10uVocXwIsrTLt18yQ=w122-h92-k-no","https://ssl.gstatic.com/local/servicebusiness/default_user.png","""Mari kita bantu mereka dengan membeli produk mereka.☺️😍🙏""","","","· Tutup pukul 22.00",""
"https://www.google.com/maps/place/Warteg/data=!4m7!3m6!1s0x2e68e7ab10f27447:0x212dd386f6c6cbf!8m2!3d-6.9119366!4d107.6182314!16s%2Fg%2F11k02psmdv!19sChIJR3TyEKvnaC4Rv2xsbzjdEgI?authuser=0&hl=id&rclk=1","Warteg","4,9","(22)","·","Rp 1–25.000","Tegal","·","","·","No.7b/s, Jl. Lombok","","https://lh3.googleusercontent.com/gps-cs-s/APNQkAHojocdUCojdIL-f5qtB4bIR_EL8m5Blf0WJGafIoTnwyUyw4j57hZvcEs1mEsDDyZYLOI8nbKei9vXYLWOnyrI_3E3uyRxdLLkjugebPvcGEbrFNJ2pbKoLrmBv2Ztk5kM4uBA460KzxpT=w122-h92-k-no","https://ssl.gstatic.com/local/servicebusiness/default_user.png","""harga murah, kesan rumahan, enak mantap👍👍""","","","",""
"https://www.google.com/maps/place/Warteg+Pengkolan/data=!4m7!3m6!1s0x2e68e7b23c1ce277:0x5b7c396876c4c739!8m2!3d-6.8956279!4d107.6275199!16s%2Fg%2F11fjyx683y!19sChIJd-IcPLLnaC4ROcfEdmg5fFs?authuser=0&hl=id&rclk=1","Warteg Pengkolan","4,7","(11)","","","Tegal","·","","·","Jl. Gagak No.95","Buka","https://lh3.googleusercontent.com/gps-cs-s/APNQkAEu1ztnFImWLplHkr68PSWflwdxojTPvo09roiYOYckYwaqR29ZMO--FHvW-VrGvkEzlV0dkWDxlKqAmqg1mQMZ8i6H6dgaLQRdFwU7IXsdfAUNvdsdOYCfxFhoxKitP8vYtotl=w80-h142-k-no","","Makan di tempat","Bawa pulang","","· Tutup pukul 22.00","·"
"https://www.google.com/maps/place/Warteg+Bu%27e/data=!4m7!3m6!1s0x2e68e7006eff4915:0x5f3e916e4aabe05c!8m2!3d-6.8891648!4d107.5982924!16s%2Fg%2F11xt351svf!19sChIJFUn_bgDnaC4RXOCrSm6RPl8?authuser=0&hl=id&rclk=1","Warteg Bu'e","","","","","Indonesia","·","","4H6X+88M, Jl. Sukamaju","","","https://streetviewpixels-pa.googleapis.com/v1/thumbnail?panoid=YHvnDeu_8ix4vAftnKWFDw&cb_client=search.gws-prod.gps&w=80&h=92&yaw=30.29235&pitch=0&thumbfov=100","","Makan di tempat","","","",""
"https://www.google.com/maps/place/Warteg+Sejati/data=!4m7!3m6!1s0x2e68e628f80050f3:0x99cc654bdb62ff3e!8m2!3d-6.9255635!4d107.6119164!16s%2Fg%2F11g0l960bz!19sChIJ81AA-CjmaC4RPv9i20tlzJk?authuser=0&hl=id&rclk=1","Warteg Sejati","4,5","(49)","·","Rp 1–25.000","Tegal","·","","·","Jl. Lengkong Besar No.24","Segera tutup","https://lh3.googleusercontent.com/gps-cs-s/APNQkAE1-98zjkMMpW4iT7U6kvH-NddR5dQZryD5lu5NVpBGlASvyvIfPeX3VkC87vK5N_IldjPOiDd1QiuoN-V-TZMT8aKd55sbK4bFJiTzEKYHn9IiG9SqfOATmKJuJDZmCM9P2G0uXw=w122-h92-k-no","https://ssl.gstatic.com/local/servicebusiness/default_user.png","""Enak & murah 👍""","","","· 21.00 · Buka Sen pukul 07.00",""
"https://www.google.com/maps/place/Warteg+Pajajaran/data=!4m7!3m6!1s0x2e68e66b1e5baaa7:0x9cf381e06cf3705f!8m2!3d-6.906554!4d107.5947132!16s%2Fg%2F11ggr9bs4f!19sChIJp6pbHmvmaC4RX3DzbOCB85w?authuser=0&hl=id&rclk=1","Warteg Pajajaran","5,0","(7)","","","Tegal","·","","·","Jl. Pajajaran No.80 D","Tutup","https://lh3.googleusercontent.com/gps-cs-s/APNQkAHnPZiR6CY0UzKAvp2kpUFtzo9rKlv975lTxT7k3A4P7kDQ39RXC1jqcbKAYfOZ4Sx45aSafZKQRRqbKahs1UeVCxZO5iZbQW9OQjGm7PZAoMg_wnU5EHzDRN06c4cDFvDpc2Fw=w80-h106-k-no","","Makan di tempat","Bawa pulang","","· Buka Sen pukul 06.00","·"
"https://www.google.com/maps/place/Warteg+Makmur+Jaya+Gegerkalong/data=!4m7!3m6!1s0x2e68e6bc2e039949:0xce0461508481cedc!8m2!3d-6.8642148!4d107.591121!16s%2Fg%2F11c1q4gm6r!19sChIJSZkDLrzmaC4R3M6BhFBhBM4?authuser=0&hl=id&rclk=1","Warteg Makmur Jaya Gegerkalong","4,6","(10)","·","Rp 1–25.000","Tegal","·","","·","Jl. Gegerkalong Girang No.47","Buka","https://lh3.googleusercontent.com/gps-cs-s/APNQkAGDrU9shRo3NyzAq9t8RMC5dtFpeGyRQK8od51i6Qve53W0YoJi7LaN8CQXG3L6XcD2M4vOs1DMfJqSNciwM05O5HOTNwuhSGfqF_XJrEu8m1tYwVKADXyw0J0YKKRj_qqXEuds=w122-h92-k-no","https://ssl.gstatic.com/local/servicebusiness/default_user.png","""Cobain kerang & tahu belahnya, apalagi pake kangkung.""","","","· Tutup pukul 23.00",""
"https://www.google.com/maps/place/Warteg+Melania/data=!4m7!3m6!1s0x2e68e7b36dd18dd3:0xfef6dcced1240f36!8m2!3d-6.9004049!4d107.6242254!16s%2Fg%2F11g6hvph0c!19sChIJ043RbbPnaC4RNg8k0c7c9v4?authuser=0&hl=id&rclk=1","Warteg Melania","4,0","(4)","","","Tegal","·","","·","Jl. Melania No.4","Buka","https://streetviewpixels-pa.googleapis.com/v1/thumbnail?panoid=lVLoWZn0CEeqdeLf7jcIDA&cb_client=search.gws-prod.gps&w=80&h=92&yaw=94.9666&pitch=0&thumbfov=100","https://ssl.gstatic.com/local/servicebusiness/default_user.png","""enak - enak masakannya, harga cukup dan murah""","","","· Tutup pukul 21.30",""
"https://www.google.com/maps/place/Warteg+Sami+Asih/data=!4m7!3m6!1s0x2e68e7b056f64569:0x482666453f9a81f7!8m2!3d-6.8989202!4d107.6309574!16s%2Fg%2F11b60h492x!19sChIJaUX2VrDnaC4R94GaP0VmJkg?authuser=0&hl=id&rclk=1","Warteg Sami Asih","4,8","(6)","","","Tegal","·","","·","4J2J+C9P, Jl. Surapati","Segera tutup","https://lh3.googleusercontent.com/gps-proxy/ALd4DhEcthRvLrG0Dc68AliBekBvTYLOO-5PyMipGUQqrvxTSiIaEPwPXezbQgX69BfOz7NTsjRzvJTVQ2uGAvAzICGkRspybcmXRoLNC_wOf44aS6j0pfu4uEaCmv2v-ZRqKwtm8M8gU-ijA6WQ2601ChycXtKRdtYN3stEmWpQgbM4fdhM8xA1vN5bf9bLzhwQo31f2Sk=w122-h92-k-no","","Makan di tempat","Bawa pulang","","· 21.00 · Buka Sen pukul 06.00","·"
"https://www.google.com/maps/place/Warteg+Marga+Jaya/data=!4m7!3m6!1s0x2e68e6e259425445:0xd268c02025a3c158!8m2!3d-6.8747453!4d107.6190431!16s%2Fg%2F11bbx07mh4!19sChIJRVRCWeLmaC4RWMGjJSDAaNI?authuser=0&hl=id&rclk=1","Warteg Marga Jaya","4,4","(7)","·","Rp 1–25.000","Indonesia","·","","4JG9+4J3, Jl. Ir. H. Juanda","","Tutup","https://lh3.googleusercontent.com/gps-cs-s/APNQkAHTopuVgJR-rDbUbiFR1DokU2cIgID8Zn2pkPdZNLV32ir5lonT7OwJzNVh4ZOH4NiI3Iv37wAPy15uUeCDT0chxFnlfRqKsJKkp_HZA2BIRdRQKZuWI0ihCLbvAuCE2A_Km2rF=w163-h92-k-no","https://ssl.gstatic.com/local/servicebusiness/default_user.png","""Harga terjangkau, rasa sangat enak.""","","","· Buka Sen pukul 08.30",""
"https://www.google.com/maps/place/Warteg+Budi+Asih/data=!4m7!3m6!1s0x2e68e68e064eb2a3:0x7afe713db816ffdc!8m2!3d-6.8780216!4d107.5917914!16s%2Fg%2F11bbw_njpr!19sChIJo7JOBo7maC4R3P8WuD1x_no?authuser=0&hl=id&rclk=1","Warteg Budi Asih","4,3","(111)","·","Rp 1–25.000","Tegal","·","","·","Jl. Sindang Sirna No.33","Buka 24 jam","https://lh3.googleusercontent.com/gps-cs-s/APNQkAFIXWHmeAc6cqYXKPV3cHEcDawo2LPGeElK7rujGIMoxaWeBWcP_4yvzmr55zAPYlDKZQIkOhCEH-VQjOUxFLshMC9YT6Qb2qczYhc4xJ_73pOAR5VxT51VKudDxMPn593PTmM=w122-h92-k-no","https://ssl.gstatic.com/local/servicebusiness/default_user.png","""Standarnya","warteg","masuk ini.....masakan cukup enak""","",""
"https://www.google.com/maps/place/WARTEG+AROKAT/data=!4m7!3m6!1s0x2e68e66abc887b91:0x8df8aaaa9fea0e07!8m2!3d-6.9071014!4d107.5969429!16s%2Fg%2F11md0_gmgq!19sChIJkXuIvGrmaC4RBw7qn6qq-I0?authuser=0&hl=id&rclk=1","WARTEG AROKAT","3,0","(1)","","","Restoran","·","","·","3HVW+5Q4, Jl. Semar","","https://streetviewpixels-pa.googleapis.com/v1/thumbnail?panoid=RUg0Bn6NbzeoZmCasNtstw&cb_client=search.gws-prod.gps&w=80&h=92&yaw=131.44298&pitch=0&thumbfov=100","","Makan di tempat","Bawa pulang","","","·"
"https://www.google.com/maps/place/Warteg+86+%28balungbang%29/data=!4m7!3m6!1s0x2e68e749db91d3f3:0xf8a0e036732fbb5a!8m2!3d-6.8913955!4d107.6209032!16s%2Fg%2F11k5bbgtjz!19sChIJ89OR20nnaC4RWrsvczbgoPg?authuser=0&hl=id&rclk=1","Warteg 86 (balungbang)","","","","","Tegal","·","","·","4J5C+C9R, Jl. Sekeloa Timur","Tutup","https://streetviewpixels-pa.googleapis.com/v1/thumbnail?panoid=YwO_yI2D0B07RfAAyQ5B9w&cb_client=search.gws-prod.gps&w=80&h=92&yaw=354.8915&pitch=0&thumbfov=100","","Makan di tempat","Bawa pulang","","· Buka Sen pukul 08.00","·"
"https://www.google.com/maps/place/Warteg+Sami+Asih+Dua/data=!4m7!3m6!1s0x2e68e6967d049437:0x29744c86a030b17b!8m2!3d-6.8696874!4d107.5912308!16s%2Fg%2F11b6gc5w42!19sChIJN5QEfZbmaC4Re7EwoIZMdCk?authuser=0&hl=id&rclk=1","Warteg Sami Asih Dua","5,0","(2)","","","Tegal","·","","·","4HJR+4FH, Jl. Gegerkalong Tengah","Buka 24 jam","https://lh3.googleusercontent.com/gps-proxy/ALd4DhEQM1bAEnebAjAE8O6UtIUFY-7oCDKyn_CJ7AMt4__FjjLWKgqOt2a2LzEdmx55OOn8mLG0SyFwc4P9FxThGdb77GAupcy_J4F3q0pa0pul-f44OB2rkvx8q6egfFFhtchsC-9HgNtjiocbpfRX0n35kgAOGfYKP90Z2QFe6-FjPJJpp8schnTt7bzCT4XyCaNehXE=w122-h92-k-no","","Makan di tempat","Bawa pulang","","","·"
"https://www.google.com/maps/place/WARTEG+MADGA+TAVA/data=!4m7!3m6!1s0x2e68e6e2e4231973:0x9a903995c8ec4173!8m2!3d-6.8747517!4d107.6190487!16s%2Fg%2F11wxyhqzy8!19sChIJcxkj5OLmaC4Rc0HsyJU5kJo?authuser=0&hl=id&rclk=1","WARTEG MADGA TAVA","","","","","Restoran","","","","","","https://streetviewpixels-pa.googleapis.com/v1/thumbnail?panoid=Ns6-BgzG49PiOKDpe1MUUQ&cb_client=search.gws-prod.gps&w=80&h=92&yaw=76.035706&pitch=0&thumbfov=100","","Makan di tempat","Bawa pulang","","","·"
"https://www.google.com/maps/place/WARTEG+PUTRA+BAROKAH/data=!4m7!3m6!1s0x2e68e7a3c875a9ed:0x8e74a16398fbbb1b!8m2!3d-6.9240219!4d107.6043418!16s%2Fg%2F11s65prkll!19sChIJ7al1yKPnaC4RG7v7mGOhdI4?authuser=0&hl=id&rclk=1","WARTEG PUTRA BAROKAH","4,9","(37)","·","Rp 1–25.000","Tegal","·","","·","Jl. Simpang No.2BBalonggedeKec","Buka 24 jam","https://lh3.googleusercontent.com/gps-cs-s/APNQkAH_sz2XydbmjqwdKvdYA3oMafHA4L_M-vIj79jOuUF3evU3zibAFAfwBp-R5x0u0aJ9lvFamxTd6Guv2dz-26abZR1Z_o6qqVaaxwRxbW0p683ytszDCDYcMMCb1K2sQQKMJSTr1vzH6YWh=w163-h92-k-no","https://ssl.gstatic.com/local/servicebusiness/default_user.png","""Makanan enak, tempat bersih, harga relatif lebih murah dari","warteg","lain""","",""
"https://www.google.com/maps/place/WARTEG/data=!4m7!3m6!1s0x2e68e7000df616c1:0x1a5414bb32e86202!8m2!3d-6.87776!4d107.6171912!16s%2Fg%2F11xnvbrv3n!19sChIJwRb2DQDnaC4RAmLoMrsUVBo?authuser=0&hl=id&rclk=1","WARTEG","","","","","Indonesia","·","","No Jl. Ir. H. Juanda No.340","","","https://streetviewpixels-pa.googleapis.com/v1/thumbnail?panoid=bdNk2MxTAEO_5TAuyH8gbQ&cb_client=search.gws-prod.gps&w=80&h=92&yaw=134.5577&pitch=0&thumbfov=100","","Makan di tempat","","","",""
"https://www.google.com/maps/place/WARTEG+MAMA+TETA/data=!4m7!3m6!1s0x2e68e7ac01962d13:0x349ca159ff702503!8m2!3d-6.8917606!4d107.6273243!16s%2Fg%2F11vrpp30ss!19sChIJEy2WAaznaC4RAyVw_1mhnDQ?authuser=0&hl=id&rclk=1","WARTEG MAMA TETA","1,0","(4)","","","Restoran","","","","","","https://lh3.googleusercontent.com/gps-cs-s/APNQkAG9p_19VhVK8r7ZKqwGb-vdHdT0XaVIZOK6uBouUOvIl7qgGWc8g4MmIxPiY6lb0EmDlzClshRpy9G5QsKJ4NuzZJhGkaOJRxDDqnpwpzlwWJ1ZBG7Zjiki5i3ZVhPe_K584VI=w122-h92-k-no","","Makan di tempat","Bawa pulang","","","·"
"https://www.google.com/maps/place/Warteg+Budi+Asih+2/data=!4m7!3m6!1s0x2e68e69471aff6d7:0xd6e3fcd56605de58!8m2!3d-6.871799!4d107.5939243!16s%2Fg%2F11bbyd3k9q!19sChIJ1_avcZTmaC4RWN4FZtX849Y?authuser=0&hl=id&rclk=1","Warteg Budi Asih 2","4,1","(51)","·","Rp 1–25.000","Tegal","·","","·","Jl. Dr. Setiabudi No.103 B","Buka 24 jam","https://lh3.googleusercontent.com/gps-cs-s/APNQkAGE1jVn7mM5fgqHjQ-HJLnSH_Fjs2qlLn5opz9fTzWz-HDCJyRuA1OvgAFILlrxZotn-rDqh-mf7LsBFdv6y_VEj6s6--oa2twX2ZX7gZ14aGuUtL_wvt0u9hJxyjv9PJ_O9FYg=w80-h106-k-no","https://ssl.gstatic.com/local/servicebusiness/default_user.png","""Untuk yang rindu masakan","warteg",", ini rekomended.""","",""
"https://www.google.com/maps/place/Warteg+Pitulas+Bahari/data=!4m7!3m6!1s0x2e68e6be602cf6b1:0xb984bc3c999918cf!8m2!3d-6.8647729!4d107.5935879!16s%2Fg%2F11f06k7kyf!19sChIJsfYsYL7maC4RzxiZmTy8hLk?authuser=0&hl=id&rclk=1","Warteg Pitulas Bahari","2,8","(31)","·","Rp 1–25.000","Nasi","·","","Jl. Gegerkalong Girang No.11","","Buka 24 jam","https://lh3.googleusercontent.com/gps-cs-s/APNQkAES9_tqbFstC3SZxUfNlvvu9MkLb7lBuKcGGK5xQjGBzTgQ5ztvcisfiK4Y-o4oZ3YBkYPXytVMWj-DOxjWZNiI_3ddW7y0eUHbwr2hRgM8U2pYrH_RUovgP4WtGMQStx2_8q-q=w122-h92-k-no","https://ssl.gstatic.com/local/servicebusiness/default_user.png","""makanannya enakkk!!""","","","",""
"https://www.google.com/maps/place/Warteg+d%27cepot/data=!4m7!3m6!1s0x2e68e7765ce54449:0x70b07f293a9bbd2d!8m2!3d-6.8684146!4d107.6207976!16s%2Fg%2F11shd6p7bv!19sChIJSUTlXHbnaC4RLb2bOil_sHA?authuser=0&hl=id&rclk=1","Warteg d'cepot","4,9","(9)","","","Tegal","·","","·","Jl. Ir. H. Juanda No.448","","https://lh3.googleusercontent.com/gps-cs-s/APNQkAF45Kp0_Xy6CumpRcXqaeA-pQUXVQWUZdVSi7kveHumXZJbeWVxsSrlw5mOQk0RdqDpjm2YIUQtqcPjlwSNicXQKua_xQvcTkGXHx9DzhOUoR7EMaNegQnANZqJaOz8Q1v9eumKhA=w122-h92-k-no","https://ssl.gstatic.com/local/servicebusiness/default_user.png","""Paria sama pindang aq tadi

Dan karedok sama tumis tempe kacang panjang""","","","",""
"https://www.google.com/maps/place/Warteg+Podomoro/data=!4m7!3m6!1s0x2e68e7cc1449b65b:0xf28d3358a26894fc!8m2!3d-6.8738709!4d107.6184088!16s%2Fg%2F11jqfwwx73!19sChIJW7ZJFMznaC4R_JRoolgzjfI?authuser=0&hl=id&rclk=1","Warteg Podomoro","3,8","(4)","","","Tegal","·","","·","Jl. Dagopojok No.7","Segera tutup","https://streetviewpixels-pa.googleapis.com/v1/thumbnail?panoid=NwdnEuSUsJ2sxqhteGeitg&cb_client=search.gws-prod.gps&w=80&h=92&yaw=358.16568&pitch=0&thumbfov=100","","Makan di tempat","Bawa pulang","","· 21.00 · Buka Sen pukul 08.00","·"
"https://www.google.com/maps/place/Warteg+Simpang+Sudirman/data=!4m7!3m6!1s0x2e68e76ffe4f2757:0xbaf6f0027bc5735e!8m2!3d-6.9209017!4d107.6038201!16s%2Fg%2F11rhp2clmv!19sChIJVydP_m_naC4RXnPFewLw9ro?authuser=0&hl=id&rclk=1","Warteg Simpang Sudirman","5,0","(9)","·","Rp 1–25.000","Indonesia","·","","Jl. Jend. Sudirman No.5","","","https://lh3.googleusercontent.com/gps-cs-s/APNQkAHLel_quEV8Pug_CA7YqOS0_ACCWLNJbBkGd2VYiXpFdTP3I1uoy8DnDOvaUXDUNuOmf2Is3FUHvjfBPnHX6l3mzk_IaW-ZZ4EaYP6XN6a4S9nPLr9qzdvFUc_APIMaObqNy7_I=w80-h142-k-no","https://ssl.gstatic.com/local/servicebusiness/default_user.png","""Langganan kalo lagi trip kota Bandung, murah, meriah dan sehat 😍""","","","",""
"https://www.google.com/maps/place/Warteg+Bahari/data=!4m7!3m6!1s0x2e68e6c3c9b4fa85:0xf69a3a852a0f1686!8m2!3d-6.8634562!4d107.6049416!16s%2Fg%2F11b6s3x3f0!19sChIJhfq0ycPmaC4RhhYPKoU6mvY?authuser=0&hl=id&rclk=1","Warteg Bahari","5,0","(39)","","","Tegal","·","","·","Jl. Rereongan Sarupi","Buka","https://lh3.googleusercontent.com/gps-cs-s/APNQkAFcJt7Jl1sjoZEdJmeeudJEnKrft-3FFvwHVhZtxhD8RDyJGP9m6nOy7bZkFTtb26I8ASMd8leZ944R24O1v9jz5l6YMBtnIpZftyHVUlexp4BM6BZH91Qwh71Bm0U79FMJ7ikV5zCNopZH=w92-h92-k-no","https://ssl.gstatic.com/local/servicebusiness/default_user.png","""","Warteg","rasa bintang lima.""","· Tutup pukul 23.00",""
"https://www.google.com/maps/place/Warung+Makan+Gudeg+PLO/data=!4m7!3m6!1s0x2e68e69da908cbe7:0x700d3ea881247989!8m2!3d-6.8752432!4d107.5767898!16s%2Fg%2F11c6stf5gk!19sChIJ58sIqZ3maC4RiXkkgag-DXA?authuser=0&hl=id&rclk=1","Warung Makan Gudeg PLO","4,6","(280)","·","Rp 1–25.000","Nasi","·","","·","Jl. Sariasih No.96","Tutup","https://lh3.googleusercontent.com/gps-cs-s/APNQkAFT6aATVqwYz1U25fhfabnSqCc_fT36H9sp-285HCWshIAdMs64lJojardQONNIPW7POs_ZzgtZwpDlEr3nw5YOFvgf9ngtnU6aHKC3Yx-Iz5HT4epZs9yNRZNrqZZWdwnrh_zg=w80-h142-k-no","https://ssl.gstatic.com/local/servicebusiness/default_user.png","""Enak gudegnya""","","","· Buka Sen pukul 06.00",""
"https://www.google.com/maps/place/Warteg+Mamah+Aya/data=!4m7!3m6!1s0x2e68e7b309284e23:0xf02f3c00ada12565!8m2!3d-6.8814176!4d107.6314734!16s%2Fg%2F11z3p710g1!19sChIJI04oCbPnaC4RZSWhrQA8L_A?authuser=0&hl=id&rclk=1","Warteg Mamah Aya","","","","","Restoran","·","","Jl. Ligar Rimbun No.4","","Tutup","https://streetviewpixels-pa.googleapis.com/v1/thumbnail?panoid=Q8T1RTUKuKUlN1VwzzTR9w&cb_client=search.gws-prod.gps&w=80&h=92&yaw=121.44606&pitch=0&thumbfov=100","","Makan di tempat","Drive-through","Pesan antar","· Buka Sen pukul 05.30","·"
"https://www.google.com/maps/place/WARTEG+WULAN+BAHARI/data=!4m7!3m6!1s0x2e68e7af27af3cd5:0xc60e23d78e4c393b!8m2!3d-6.8922022!4d107.6305222!16s%2Fg%2F11schxvx6w!19sChIJ1TyvJ6_naC4ROzlMjtcjDsY?authuser=0&hl=id&rclk=1","WARTEG WULAN BAHARI","4,0","(2)","","","Restoran","·","","Jl. Cikutra Barat No.69","","","https://streetviewpixels-pa.googleapis.com/v1/thumbnail?panoid=HQV9tzrBah1o-62ytUzxnA&cb_client=search.gws-prod.gps&w=80&h=92&yaw=221.01865&pitch=0&thumbfov=100","https://ssl.gstatic.com/local/servicebusiness/default_user.png","""Tempatnya bersih, masakan enak, ibunya ramah""","","","",""
"https://www.google.com/maps/place/Warkop+%26+Warteg+Bukit+Indah/data=!4m7!3m6!1s0x2e68e7005213b2eb:0xa752ca85e92d9b63!8m2!3d-6.8743581!4d107.6034966!16s%2Fg%2F11vpr58zb_!19sChIJ67ITUgDnaC4RY5st6YXKUqc?authuser=0&hl=id&rclk=1","Warkop & Warteg Bukit Indah","","","","","Tegal","·","","Jl. Bukit Indah No.5","","Buka 24 jam","https://streetviewpixels-pa.googleapis.com/v1/thumbnail?panoid=45j_grnR3FtGYDcFbFfBKg&cb_client=search.gws-prod.gps&w=80&h=92&yaw=166.08281&pitch=0&thumbfov=100","","Makan di tempat","Bawa pulang","","","·"
"https://www.google.com/maps/place/Warteg+Cibadak/data=!4m7!3m6!1s0x2e68e7788c776999:0xc5a10f2499791675!8m2!3d-6.9196191!4d107.5928547!16s%2Fg%2F11p_555p11!19sChIJmWl3jHjnaC4RdRZ5mSQPocU?authuser=0&hl=id&rclk=1","Warteg Cibadak","4,7","(7)","·","Rp 1–25.000","Restoran","·","","Jl. Cibadak No.315","","Buka","https://lh3.googleusercontent.com/gps-cs-s/APNQkAF9WS9H0ON-y9dIRnIBoUGJFTfHszytHmUTks-GptaolxSUfTCa6R5GMOobjhSqyFcXgVC7bbyLvm02VFSb89cb5BXcMHW9-z43xERdACbsqPiyqflO4QtKzgMZHH4uce_FlunZ=w163-h92-k-no","https://ssl.gstatic.com/local/servicebusiness/default_user.png","""Tempatnya nyaman""","","","· Tutup pukul 23.00",""
"https://www.google.com/maps/place/Warteg+Cahaya/data=!4m7!3m6!1s0x2e68e72d7b6a57f1:0x3b2272f976546589!8m2!3d-6.8653061!4d107.5914147!16s%2Fg%2F11c5rtsrx2!19sChIJ8Vdqey3naC4RiWVUdvlyIjs?authuser=0&hl=id&rclk=1","Warteg Cahaya","4,5","(27)","","","Brunch","·","","·","Jl. Gegerkalong Tengah No.79","Tutup","https://lh3.googleusercontent.com/gps-cs-s/APNQkAGmMC1GN3kupsXTLtbnMKszGMlB3juj73FO3lo0CCw9OXSFb3Mifu7q5-P9NVbNz-63aY4xTwXcoUfdECtJqGsfpS3hkI35d0RotVLJLKESw1ndTvc-HyWMf0gBgfnozjU2BRQ8=w80-h106-k-no","","Makan di tempat","Bawa pulang","","· Buka Sen pukul 08.00","·"
"https://www.google.com/maps/place/Warteg+Alisha/data=!4m7!3m6!1s0x2e68e70603b921f7:0x39abb63a22dbae22!8m2!3d-6.8813565!4d107.6331543!16s%2Fg%2F11hczz46_8!19sChIJ9yG5AwbnaC4RIq7bIjq2qzk?authuser=0&hl=id&rclk=1","Warteg Alisha","4,6","(16)","","","Brunch","·","","·","4J9M+F72, Jl. Ligar Manah","Segera tutup","https://lh3.googleusercontent.com/gps-cs-s/APNQkAGKOh8KD8FlgqwOmXpLnM-FksW6zri3HPhQ4JVgcpMQQt-5h5dNa6-mtVzPvTs2u2us6bGOmpJL5noWz6_BmsKI0ofrTL3y9RcQh3PaA_w-4QTGR1sE5xU69HvJkfki42ezAFc=w163-h92-k-no","https://ssl.gstatic.com/local/servicebusiness/default_user.png","""Mantap sekali""","","","· 21.00 · Buka Sen pukul 07.00",""
"https://www.google.com/maps/place/WARTEG+LINGGAMAS/data=!4m7!3m6!1s0x2e68e70013c12e65:0xc3fe4968c5c7a878!8m2!3d-6.8715808!4d107.616826!16s%2Fg%2F11x7q79bfl!19sChIJZS7BEwDnaC4ReKjHxWhJ_sM?authuser=0&hl=id&rclk=1","WARTEG LINGGAMAS","","","","","Brunch","·","","4JH8+9P8, Jl. Dagopojok","","","https://streetviewpixels-pa.googleapis.com/v1/thumbnail?panoid=9y3PfUwtKsPaMAkLDkPBAg&cb_client=search.gws-prod.gps&w=80&h=92&yaw=9.066603&pitch=0&thumbfov=100","","Makan di tempat","Bawa pulang","","","·"
"https://www.google.com/maps/place/Warteg+RAWON/data=!4m7!3m6!1s0x2e68e7df85018845:0xc5cd64e62f2f5a4c!8m2!3d-6.8672398!4d107.6064712!16s%2Fg%2F11h3qqd4r4!19sChIJRYgBhd_naC4RTFovL-ZkzcU?authuser=0&hl=id&rclk=1","Warteg RAWON","4,7","(11)","","","Restoran","·","","·","Jl. Ciumbuleuit No.dekat","Tutup","https://lh3.googleusercontent.com/gps-cs-s/APNQkAGpEetGo9JEJYangYj5Vq5sLtm9c2gz3ZTYGs0DTkNcv0F6TxeBPRLErIwZC7K7tCQO0pcPPmnK1ghpFOItkCUH_rIC6nPXS0mPjroZIlDluzpu0VYdQuVS0OFlxyeXoFZVtVFd=w163-h92-k-no","","Makan di tempat","Bawa pulang","","· Buka Sen pukul 06.00","·"
"https://www.google.com/maps/place/Warteg+Ceria+Bahari/data=!4m7!3m6!1s0x2e68e77ebe051e2d:0x92b7de3d884dbef5!8m2!3d-6.9158349!4d107.6185169!16s%2Fg%2F11t0vrsbrg!19sChIJLR4Fvn7naC4R9b5NiD3et5I?authuser=0&hl=id&rclk=1","Warteg Ceria Bahari","4,3","(6)","","","Nasi","·","","Jl. Sumbawa No.02, RW.02","","Buka 24 jam","https://streetviewpixels-pa.googleapis.com/v1/thumbnail?panoid=s71t0IIaxghk86z8O8wlOg&cb_client=search.gws-prod.gps&w=80&h=92&yaw=96.29773&pitch=0&thumbfov=100","https://ssl.gstatic.com/local/servicebusiness/default_user.png","""makanannya enak, harga bersahabat""","","","",""
"https://www.google.com/maps/place/Warteg+Cemara+4/data=!4m7!3m6!1s0x2e68e7baeab5becb:0xd32f3fdb17b64ac9!8m2!3d-6.8977014!4d107.6349795!16s%2Fg%2F11bbx0lchw!19sChIJy7616rrnaC4RyUq2F9s_L9M?authuser=0&hl=id&rclk=1","Warteg Cemara 4","5,0","(4)","","","Tegal","·","","·","Hasan Mustapa, Jl. Khp Hasan Mustopa No.7","Segera tutup","https://lh3.googleusercontent.com/gps-cs-s/APNQkAFaY3TNKWDOzjrvLD2migcY93rWkwycVG5btumY5sobz8qwmeYPVPkQJ88jgIaIK1rMjvt7sMTuCE9NfEhSl1LvHZ8eLF2HMbQtcoRwNmmyEDyUDghs-6CE1kj4plUHTetMZ0U=w80-h106-k-no","","Makan di tempat","Bawa pulang","","· 21.00 · Buka Sen pukul 07.00","·"
"https://www.google.com/maps/place/Warteg+Sri+Rejeki/data=!4m7!3m6!1s0x2e68e69435fe9b55:0x7c490ce749f28d39!8m2!3d-6.8700419!4d107.5933526!16s%2Fg%2F11b5ztc6_8!19sChIJVZv-NZTmaC4ROY3ySecMSXw?authuser=0&hl=id&rclk=1","Warteg Sri Rejeki","4,4","(7)","","","Tegal","·","","·","Jl. Dr. Setiabudi No.139","Buka","https://lh3.googleusercontent.com/gps-cs-s/APNQkAEpQbenEItmTY18QZAco3isnDKLV1I6f5C-SnGT13yT9ue8wenMMjQh34EOa2VEP0BhxbPc_zTQfL_pmEBtmQTQsTAJGF7Yeix534Ktptjzs70fzN_fMAxAalzO48IisTBcUWW5=w80-h106-k-no","","Makan di tempat","Bawa pulang","","· Tutup pukul 00.00","·"
"","","","","","","","","","","","","","","","","","",""