"hfpxzc href","qBF1Pd","MW4etd","UY7F9","W4Efsd","W4Efsd 2","W4Efsd 3","W4Efsd 4","W4Efsd 5","FQ2IWe src","Jn12ke src","ah5Ghc","AJB7ye","AJB7ye 2","W4Efsd 6","M4A5Cf","ah5Ghc 2"
"","","","","","","","","","","","","","","","",""
"","","","","","","","","","","","","","","","",""
"https://www.google.com/maps/place/Kuma+Bake+and+Coffee/data=!4m7!3m6!1s0x2e7883db7dfbb269:0x9f404ade9611ad5c!8m2!3d-7.9525869!4d112.6151727!16s%2Fg%2F11qgcn3519!19sChIJabL7fduDeC4RXK0Rlt5KQJ8?authuser=0&hl=id&rclk=1","Kuma Bake and Coffee","4,9","(61)","Kedai Kopi","·","Kantin Fakultas Teknologi Pertanian Universitas Brawijaya, Jl. Veteran","Tutup","· Buka Sen pukul 08.00","https://lh3.googleusercontent.com/gps-cs-s/APNQkAE0C6Ov6ibpLxa8sPq25jtrcagGng_lTs93Gx8TZxhJNB2GtdJCEzQh6jvEwYEkTKD79efcZFrFdPSvAjeCrSmd4nKoJXm6UPU4Xx8pmYm8mUGKrqU35o7m65Dfau-YQuT1sQc=w80-h106-k-no","https://ssl.gstatic.com/local/servicebusiness/default_user.png","""RECOMENDEDDDD 5/5🌟""","","","","",""
"https://www.google.com/maps/place/Semusim+Cafe/data=!4m7!3m6!1s0x2e789d6c034f40bf:0xea6f83c59e54b7c7!8m2!3d-7.9471786!4d112.6134383!16s%2Fg%2F11j34gjxct!19sChIJv0BPA2ydeC4Rx7dUnsWDb-o?authuser=0&hl=id&rclk=1","Semusim Cafe","4,5","(1.399)","Kafe","·","·","Buka","· Tutup pukul 02.00","https://lh3.googleusercontent.com/gps-cs-s/APNQkAEcYO7CTES7iCqXHR74AQ7N7M_yXSXszUk4RG7zVJgfZMvYkCs1Quzc0gluH5ePqE_8wKEcic4Ss4FEzElRXT76DoJpBEWxgrC3G4laQcZrY5gNYQgDZO7d0UKZ7Ldau3PpDhR8sA=w122-h92-k-no","https://ssl.gstatic.com/local/servicebusiness/default_user.png","""Minumnya ice coffee cappucino sama mango creamy""","·","Rp 1–25.000","Jl. MT. Haryono No.110","",""
"https://www.google.com/maps/place/UB+Coffee+-+Coffee+%26+Eatery/data=!4m7!3m6!1s0x2e78827150fc0507:0x93d16be7c34fdb40!8m2!3d-7.9477396!4d112.6132613!16s%2Fg%2F11hcw3t1zh!19sChIJBwX8UHGCeC4RQNtPw-dr0ZM?authuser=0&hl=id&rclk=1","UB Coffee - Coffee & Eatery","4,6","(1.662)","Kafe","·","·","Tutup","· Buka Min pukul 07.00","https://lh3.googleusercontent.com/gps-cs-s/APNQkAGHf_L6cvmNWAUDPn7OXC-Y7h5Kv0K8s7IPwSvLZkz-El6-xAhC7nWhMC4078UjG5mOqphBb_BmdyHtMR_vDn_hojmEuHuWcuJNRQizhJ2ziFr_vck1lN5WFIV5z7QL6HhmnOuz=w138-h92-k-no","https://ssl.gstatic.com/local/servicebusiness/default_user.png","""Coffenya UB bagus makanan enak, harga agak pricey tp worth it.""","·","Rp 25–50 rb","Jl. MT. Haryono No.169","",""
"https://www.google.com/maps/place/Hyde+Cafe+%28Rooftop+Trix+House%29/data=!4m7!3m6!1s0x2e78830041eb6177:0x2af24cda00d8c212!8m2!3d-7.9549759!4d112.6167842!16s%2Fg%2F11y5cqfmlv!19sChIJd2HrQQCDeC4REsLYANpM8io?authuser=0&hl=id&rclk=1","Hyde Cafe (Rooftop Trix House)","4,8","(346)","Kafe","·","Jl. Terusan Cikampek No.31","Tutup","· Buka Min pukul 11.00","https://lh3.googleusercontent.com/gps-cs-s/APNQkAE8q-n_XuzmGJZ7XDWfLda4iIfbdGBI1BXKGT3L_2r1G_vI5h0QcGEhuRuEf6WB7KP6s-XEEZA9mWEMUk6ByOIgeze7NRwob5VnkImLQ3_p4GVAfDVT7Ym6eEOmNDjB6fiwvTc=w122-h92-k-no","https://ssl.gstatic.com/local/servicebusiness/default_user.png","""tempatnya enak, pelayanannya bagus, kopinya si kureng ya""","·","Rp 25–50 rb","","",""
"https://www.google.com/maps/place/Kingfolk+Cafe/data=!4m7!3m6!1s0x2e7883005cec1587:0x90f778b1e4c8323d!8m2!3d-7.9552313!4d112.6112865!16s%2Fg%2F11mys823nw!19sChIJhxXsXACDeC4RPTLI5LF495A?authuser=0&hl=id&rclk=1","Kingfolk Cafe","5,0","(27)","Kedai Kopi","·","Jl. Raya Sumbersari No.280a","Segera tutup","· 00.00 · Buka Min pukul 18.00","https://lh3.googleusercontent.com/gps-cs-s/APNQkAFsos4m40znt6yU0iNGZHrex3lTKnJmp9ThLMlT7za3mVHekwaEKU-1Z23o2cD2K2JcKVsKGgfhRLDDD1uNwr3nopiDQBULHWYi1PArsCjpRgZ_TJ2XJqujPr0Lm-hAWsfnh7PCdlfcPzL2=w80-h106-k-no","https://ssl.gstatic.com/local/servicebusiness/default_user.png","""kafenya nyaman bngttt""","·","Rp 1–25.000","","",""
"https://www.google.com/maps/place/Motiv+Coffee/data=!4m7!3m6!1s0x2e78836e43e19357:0x289bf6e1f414a93a!8m2!3d-7.9462133!4d112.6131483!16s%2Fg%2F11vb5xlxmp!19sChIJV5PhQ26DeC4ROqkU9OH2myg?authuser=0&hl=id&rclk=1","Motiv Coffee","4,7","(278)","Kedai Kopi","·","Ruko Istana Dinoyo, B-8","Tutup","· Buka Min pukul 09.00","https://lh3.googleusercontent.com/gps-cs-s/APNQkAEZWKeSLTqNcMWjsOm1gB6iye9zCp_AY_vNUjRpqAiRxM0VS7a9eiXRKMBJpDrYehIY79uq5gNKtzMIARef9xYV5dY4iecMVczrwG5PNpgh3en_rIlkTXd2m3JletBJwv06g4OXIg=w138-h92-k-no","https://ssl.gstatic.com/local/servicebusiness/default_user.png","""The staff & barista are so friendly.""","·","Rp 25–50 rb","","",""
"https://www.google.com/maps/place/KAF+Cafe/data=!4m7!3m6!1s0x2e788333398f3db3:0x282645ad24fa3992!8m2!3d-7.9450156!4d112.6115516!16s%2Fg%2F11s3_4lp5q!19sChIJsz2POTODeC4Rkjn6JK1FJig?authuser=0&hl=id&rclk=1","KAF Cafe","4,4","(725)","Kedai Kopi","·","Jl. MT. Haryono No.127","Buka","· Tutup pukul 03.00","https://lh3.googleusercontent.com/gps-cs-s/APNQkAGB9cwn4wzMaXdbsH-y9AtsqAKIHtqjMRLQ6crTZ6lOssWXewoIB-nK9zkjJ0nG39_eWlcM7RKKWyh1pzwvv14hEULdqOCc4c7k7PYIALIjMsUYTB8wjtpGSTiQfW_m9qerfoA=w80-h106-k-no","https://ssl.gstatic.com/local/servicebusiness/default_user.png","""Loving the ambience, the food, the service, and everything in KAF!!""","·","Rp 25–50 rb","","",""
"https://www.google.com/maps/place/TG+Table+Bar/data=!4m7!3m6!1s0x2e7883c86969eaf5:0x7997f4418e9973fb!8m2!3d-7.9525454!4d112.61159!16s%2Fg%2F11l59sbm1x!19sChIJ9eppaciDeC4R-3OZjkH0l3k?authuser=0&hl=id&rclk=1","TG Table Bar","5,0","(10)","Kedai Kopi","·","2JW6+XJP, Universitas Brawijaya","Buka 24 jam","","https://lh3.googleusercontent.com/gps-cs-s/APNQkAHrK9YevhYf777TeJxUsJDr0jUU3qATW2ylkJ64tsXxEY5bD59O9lWo181NR83A-aUKI2E6hPDThaQNntrk6WZXN0LErjN9Z6td-HbkfLrcL9o7jWVm3O4WdEfXpC62oOTIbhk=w80-h128-k-no","https://ssl.gstatic.com/local/servicebusiness/default_user.png","""lop banyak-banyak 🥰""","","","","",""
"https://www.google.com/maps/place/Apresio+Kopi/data=!4m7!3m6!1s0x2e788273bd5e7d47:0x72be18d36ba9d665!8m2!3d-7.945527!4d112.612347!16s%2Fg%2F11b6dq1nnp!19sChIJR31evXOCeC4RZdapa9MYvnI?authuser=0&hl=id&rclk=1","Apresio Kopi","4,6","(695)","Tempat penyangraian kopi","·","·","Buka","· Tutup pukul 02.30","https://lh3.googleusercontent.com/gps-cs-s/APNQkAGeKLT-bnMJSpm_qg73XQwjSuPkcpNjeFw4DnxSGAnNet3QYz9C5r-MkJ1HDaYePPjJ43sAdEBVi6-JWvMxHrYqnPybbLTzw8g7lOyajxcL6vvS3ukEMnJytUz9hH24gnF0cMLn=w122-h92-k-no","https://ssl.gstatic.com/local/servicebusiness/default_user.png","""Coba Iced Chocolate Latte nya, enak banget walau gapake gula.""","·","$$","Ruko Ditas, Jalan Mayjend Jl. MT. Haryono No.Kav. 11","",""
"https://www.google.com/maps/place/Ruang+Rindu+Kopi/data=!4m7!3m6!1s0x2e7881f555d898e9:0x2949aba4f47754af!8m2!3d-7.9451334!4d112.6120065!16s%2Fg%2F11f1kfq_y6!19sChIJ6ZjYVfWBeC4Rr1R39KSrSSk?authuser=0&hl=id&rclk=1","Ruang Rindu Kopi","4,5","(920)","Kedai Kopi","·","·","Segera tutup","· 00.00 · Buka Min pukul 08.00","https://lh3.googleusercontent.com/gps-cs-s/APNQkAEPxnDfTEOtffeenlCwbV0jlV1qiAsuGyMx8-8goTDP-neYvd3onuyr08wFt2sFcSg8_DlfACWdRYKtnB493hhD9Lb5uHEh4daJsIZLCMH82lwtec0_hmIZwJlURS-MhbtTa5BB=w122-h92-k-no","https://ssl.gstatic.com/local/servicebusiness/default_user.png","""aku order latte dan enak bgtt huhu.""","·","Rp 25–50 rb","Jl. MT. Haryono No.17C","",""
"https://www.google.com/maps/place/SugaRos+SoulCoffee/data=!4m7!3m6!1s0x2dd62902aaf022cd:0xb21143fe0299fffd!8m2!3d-7.9484103!4d112.6120658!16s%2Fg%2F11k7qxb0vn!19sChIJzSLwqgIp1i0R_f-ZAv5DEbI?authuser=0&hl=id&rclk=1","SugaRos SoulCoffee","4,9","(56)","Kafe","·","·","Tutup","· Buka Min pukul 08.00","https://lh3.googleusercontent.com/gps-cs-s/APNQkAFcJ_bGFF_Zzkdbhbf_WH-E3i6TnsbMd9u6CAQPWKFE1dHM91nJcm5-37blDsv3E0xLgVUutmLqzSzE4w6RUKM9-ZSuocqA0-jLEd9ZFyIYdh0hjock5AFNVcUl4bfcSVaVUSOVlA=w122-h92-k-no","https://ssl.gstatic.com/local/servicebusiness/default_user.png","""Menu minuman kopi dan non kopinya makin variatif.""","·","Rp 1–25.000","Jl. Watu Gong No.13","",""
"https://www.google.com/maps/place/Alumni+Coffee+Universitas+Brawijaya/data=!4m7!3m6!1s0x2e7883f93487e129:0x244eaec5890378a6!8m2!3d-7.9529512!4d112.6134958!16s%2Fg%2F11kbn1w44t!19sChIJKeGHNPmDeC4RpngDicWuTiQ?authuser=0&hl=id&rclk=1","Alumni Coffee Universitas Brawijaya","4,9","(17)","Kedai Kopi","·","2JW7+P9R Gedung JPC, Jl. Veteran","Tutup","· Buka Sen pukul 07.30","https://lh3.googleusercontent.com/gps-cs-s/APNQkAEPTkF6jkqMaaTMbOaOyFU9F4IHD_pPqldixD2rUzb8Dxgwn7yy4XYDFCYjK1iYIOM6s0dbc1Kn8Jv5VE5fOBarX_3YXMcGHJDQf-Z9hc5_ARjdFCuGhoRL8dUj5GSYkM6hBNmN=w80-h106-k-no","https://ssl.gstatic.com/local/servicebusiness/default_user.png","""Suasana santai di pagi hari, nyaman dengan rasa yang worth it""","·","Rp 1–25.000","","",""
"https://www.google.com/maps/place/Beens+Beverages/data=!4m7!3m6!1s0x2e7883f8e38c1681:0x5a2c85954a10d0cb!8m2!3d-7.9511517!4d112.6150507!16s%2Fg%2F11h5rkhqq6!19sChIJgRaM4_iDeC4Ry9AQSpWFLFo?authuser=0&hl=id&rclk=1","Beens Beverages","4,8","(13)","Kedai Kopi","·","Jl. MT. Haryono No.165","Tutup","· Buka Min pukul 09.00","https://lh3.googleusercontent.com/gps-cs-s/APNQkAFVQxJXCBkbc2n8AoWhtvaakQhbWqo3bNGerdtvrOKhr9tckKn9s5CI_dBJ4upPA0oYOCS-i3ubRA4G41t3iOl0aOUZEeI74M1-Izi-JvTK9ycwjv5RRzSKBXAQUzEfO5dNO4A=w80-h106-k-no","https://ssl.gstatic.com/local/servicebusiness/default_user.png","""Recomended buat mahasiswa yang mau ngopi ngopi di FEB... 🤤""","·","Rp 1–25.000","","",""
"https://www.google.com/maps/place/Kopi+Kurang+Lebih+Dinoyo/data=!4m7!3m6!1s0x2e7883d817ae3beb:0x1db8463e96f170d9!8m2!3d-7.9451425!4d112.6119259!16s%2Fg%2F11s57d2302!19sChIJ6zuuF9iDeC4R2XDxlj5GuB0?authuser=0&hl=id&rclk=1","Kopi Kurang Lebih Dinoyo","4,8","(66)","Kedai Kopi","·","Jl. MT. Haryono No.17A","Segera tutup","· 00.00 · Buka Min pukul 09.00","https://lh3.googleusercontent.com/gps-cs-s/APNQkAGbki0QWPBqRa6wP8NTmb5a0dS1UUApheh1jNLzwPO9eO3CXhHmbASZd2bVf5sAhJgDmswGoKYKNU_apYZG1QddL2BVZ1QIfuuGtGOoXREpCn8xM979vlLBA7nwpbkEG8voAFX8jA=w92-h92-k-no","https://ssl.gstatic.com/local/servicebusiness/default_user.png","""Tempatnya nyaman bgt, kopinya juga enak.""","·","Rp 25–50 rb","","",""
"https://www.google.com/maps/place/DAKSI+Coffee+1/data=!4m7!3m6!1s0x2e78827017f41a25:0xcaaaeb59bca0f09c!8m2!3d-7.951407!4d112.608802!16s%2Fg%2F11dx8j6hbf!19sChIJJRr0F3CCeC4RnPCgvFnrqso?authuser=0&hl=id&rclk=1","DAKSI Coffee 1","4,5","(211)","Kafe","·","·","Buka 24 jam","","https://lh3.googleusercontent.com/gps-cs-s/APNQkAFTjC--PthSwpsLOlbZx36ZVMpS6byU3cX9AASRdwc9RkheeXUofZEC1wXUEBkYEeJ7xquEmyRMrs0aIALUE2zZ5q-jveG-R-1OgVa0dyXGXBNGbsCJc2pZ0VaybLK5SS3tQwQE=w122-h92-k-no","https://ssl.gstatic.com/local/servicebusiness/default_user.png","""Apalagi kopinya enak banget.""","·","Rp 1–25.000","Sebelah ATM BTN UIN, masuk Gapura UIN, Jl. Gajayana No.50","",""
"https://www.google.com/maps/place/Kedai+Kartel/data=!4m7!3m6!1s0x2e7883002480149f:0xb6a3c4ca7dcb87d9!8m2!3d-7.945268!4d112.6128619!16s%2Fg%2F11y5h3x0g2!19sChIJnxSAJACDeC4R2YfLfcrEo7Y?authuser=0&hl=id&rclk=1","Kedai Kartel","4,9","(75)","Kedai Kopi","·","Ruko Ditas, Jl. MT. Haryono No.Kav. 24","Segera tutup","· 00.00 · Buka Min pukul 10.00","https://lh3.googleusercontent.com/gps-cs-s/APNQkAGWq1yxO8SMgI5Nq4iq3Ri__waPNBT90XjsaoqdyX4eHe9lQN9b0BH_FDzu4vMK7T-1Oyop5R_3VJ0HUGO4SmTjKdpo1Ufxg_RAU5FG_KEkFum7rwi3moODhZ9CSh_oFVB2O4A=w80-h141-k-no","https://ssl.gstatic.com/local/servicebusiness/default_user.png","""menunya affordable banget, lokasi strategis cocok buat nugas🫶🏻🫶🏻""","·","Rp 1–25.000","","",""
"https://www.google.com/maps/place/TANI+KOPI/data=!4m7!3m6!1s0x2e788341a48ab5c3:0xf1e5a084dbe80d96!8m2!3d-7.9549816!4d112.6116524!16s%2Fg%2F11shy2n_md!19sChIJw7WKpEGDeC4Rlg3o24Sg5fE?authuser=0&hl=id&rclk=1","TANI KOPI","4,9","(36)","Kedai Kopi","·","2JW6+2MF, Jl. Fakultas Pertanian","Tutup","· Buka Sen pukul 07.00","https://lh3.googleusercontent.com/gps-cs-s/APNQkAG9VGzAhrCCC93_vO_LI-6_RnTjbk0Dn1ycnoh9mzIqqWubTG0-ruk82XBSqrR6AG1eNtpOeGvXBHkHnIj4yySntPKYewwRZhVbdYOCqRaSv4_Fl41WB9G3dtHczyxqQVn65TSu=w80-h142-k-no","https://ssl.gstatic.com/local/servicebusiness/default_user.png","""Ada shortbread biscuit enak juga""","·","Rp 1–25.000","","",""
"https://www.google.com/maps/place/Meneer+Kardjo/data=!4m7!3m6!1s0x2e78834e087f0f6b:0xfc305b83085e9560!8m2!3d-7.9452867!4d112.6126746!16s%2Fg%2F11fwhz5m2m!19sChIJaw9_CE6DeC4RYJVeCINbMPw?authuser=0&hl=id&rclk=1","Meneer Kardjo","4,8","(21)","Kafe","·","Ruko Ditas 19, Jalan Mayjend Jl. MT. Haryono No.Kav. 25","Buka 24 jam","","https://lh3.googleusercontent.com/gps-cs-s/APNQkAE8CScDTYVfI196Tv1V_8AKGVbCg6M2T1LlsU_UUq50BEqGKf-rTST3pK6PFi_JPGsAfbKM6li2jf3wlP5qw4RSWL0uQtI8cHQvxFhMJykxyJzknre54GBGdvg3Tx0YGqfduUm7=w163-h92-k-no","","Makan di tempat","","","","·","Bawa pulang"
"https://www.google.com/maps/place/Warunk+WOW+KWB+-+Malang/data=!4m7!3m6!1s0x2e78836783115fe1:0x2b1590005e677221!8m2!3d-7.9462903!4d112.6128068!16s%2Fg%2F11swqcff0q!19sChIJ4V8Rg2eDeC4RIXJnXgCQFSs?authuser=0&hl=id&rclk=1","Warunk WOW KWB - Malang","4,0","(712)","Kafe","·","·","Buka 24 jam","","https://lh3.googleusercontent.com/gps-cs-s/APNQkAH74SUpEHNEHCmcpNOmz4TqmRFZRcHbaJWqyY3bOd4CL2FcxAk0f_niVi2d9Z_lUuk3ksTjTgS7QWf6yvmxOwAFH0bhJuIbDIqDP9IFZvwNoI8nqzdJ1I1oE15MwLJcs_OYDoysMg=w122-h92-k-no","https://ssl.gstatic.com/local/servicebusiness/default_user.png","""the food is good, the place is great, and the service is nice!!""","·","Rp 25–50 rb","Jl. MT. Haryono No.2A","",""
"https://www.google.com/maps/place/Warung+De+Cozy/data=!4m7!3m6!1s0x2e7882716e745379:0x2655b132c8a33c6f!8m2!3d-7.9481742!4d112.6117231!16s%2Fg%2F11dd_n96wk!19sChIJeVN0bnGCeC4RbzyjyDKxVSY?authuser=0&hl=id&rclk=1","Warung De Cozy","4,3","(1.170)","Restoran","·","Jl. Watu Gong No.5","Tutup","· Buka Min pukul 08.00","https://lh3.googleusercontent.com/gps-cs-s/APNQkAGGHBoYmrT7fDzOv-7Hwf9zGxK46mDnIsZSPYRApyXrWic5ccAdFc7VvtoYgmdkuh7dTdrVZPPa2fv9zMOR-Sd94wxNZKf6gWwI0f99X3KsaUsejQiwBWs6fUrXvckw-tHEsPcThg=w122-h92-k-no","https://ssl.gstatic.com/local/servicebusiness/default_user.png","""Pelanggan ada terus, tidak pernah sepi.""","·","Rp 1–25.000","","",""
"https://www.google.com/maps/place/Kopi+Hub/data=!4m7!3m6!1s0x2e788340347b05d1:0x734600cebabcb54!8m2!3d-7.9501087!4d112.6136508!16s%2Fg%2F11ldczrhw9!19sChIJ0QV7NECDeC4RVMur6wxgNAc?authuser=0&hl=id&rclk=1","Kopi Hub","4,8","(20)","Kedai Kopi","·","2JX7+XF2 Fakultas Hukum UB","Tutup","· Buka Sen pukul 07.00","https://lh3.googleusercontent.com/gps-cs-s/APNQkAGQLu0FEh8656fq8zim4O6hyGvwdnYOlY2lHIvjzoO7tUNfz6hvF3N7iApU8YWZu_N0igMES_b8AzjQ96CxY9EB-FGCFFjl66Gpw2krkcyHQTYOIve4Rx9tT8dlfhzU4nNGgd0nzUtV2Gig=w80-h106-k-no","https://ssl.gstatic.com/local/servicebusiness/default_user.png","""Kopi Iced Americano nya enak, mantap rasanya.""","·","Rp 1–25.000","","",""
"https://www.google.com/maps/place/semestrecoffee/data=!4m7!3m6!1s0x2e7883debf69cc45:0xcc59773bd0dc1c56!8m2!3d-7.9451239!4d112.6119472!16s%2Fg%2F11x332mwbn!19sChIJRcxpv96DeC4RVhzc0Dt3Wcw?authuser=0&hl=id&rclk=1","semestrecoffee","4,4","(45)","Kedai Kopi","·","Jl. MT. Haryono No.17A","Segera tutup","· 00.00 · Buka Min pukul 09.00","https://lh3.googleusercontent.com/gps-cs-s/APNQkAEV4ZKYQHXTLjWRt0hkwrHpe9jZ_kzbdnqHfQTtAYp0f6cRjeBib9cTBdh_X0R5BfHOfW8IvFIoWtWjFHfZx3GxV5hR2Gox2hXsPqPOxkvRpyOAemm1JFheWVWrN3hz1x6nyyZ-Ox2YJIn-=w80-h106-k-no","https://ssl.gstatic.com/local/servicebusiness/default_user.png","""","·","Rp 1–25.000","","","Cafe"
"https://www.google.com/maps/place/Gazebo+Corner+by+UB+Coffee/data=!4m7!3m6!1s0x2e7883dea39cd127:0xfa5ca43d27ff0cac!8m2!3d-7.9558944!4d112.6127298!16s%2Fg%2F11kb0yh0h1!19sChIJJ9Gco96DeC4RrAz_Jz2kXPo?authuser=0&hl=id&rclk=1","Gazebo Corner by UB Coffee","5,0","(3)","Kedai Kopi","·","2JV7+J3X, Jl. Universitas Brawijaya","Tutup","· Buka Sen pukul 09.00","https://lh3.googleusercontent.com/gps-cs-s/APNQkAE-IvzHySrIEnXPFhiUVklh-bFTV6SgO64f02ySLnHhfNpZbpFat4dzoys-2QiDV393E6EDLsvps2BlEQYvE7glyA2yTvRBNw9Jo_VvHFkuiH2AJGXyTFtH4D37ivwcnWy35yfy=w80-h106-k-no","https://ssl.gstatic.com/local/servicebusiness/default_user.png","""Ada","·","Rp 1–25.000","","","cafe"
"https://www.google.com/maps/place/Ngafe+aja/data=!4m7!3m6!1s0x2e7883153da50603:0xb07a18f733a1732b!8m2!3d-7.9470717!4d112.6132441!16s%2Fg%2F11s_snz029!19sChIJAwalPRWDeC4RK3OhM_cYerA?authuser=0&hl=id&rclk=1","Ngafe aja","3,9","(11)","Kedai Kopi","·","Jl. MT. Haryono No.112a","Segera tutup","· 00.00 · Buka Min pukul 11.00","https://lh3.googleusercontent.com/gps-cs-s/APNQkAFzXJG6AdTV7B_Cg8nyrBIba7Ve2HWnUViUv_AHpWeLPu3vjk68oWmLDIVFj_FwiCq_qFURVJZP50uZAH00QBMqeI6DQ3VA_0VSNeIMbGIhiLHgvGobT4_d7CXU9fmDV62UNQ_X8w=w204-h92-k-no","https://ssl.gstatic.com/local/servicebusiness/default_user.png","""Yang di atas kurang nyaman, cara masaknya bar bar,, terkesan berisik""","","","","",""
"https://www.google.com/maps/place/Toojih+Coffee/data=!4m7!3m6!1s0x2e7882721069d10b:0xc6b39428791696c6!8m2!3d-7.9468069!4d112.6087141!16s%2Fg%2F11gdm6rtdf!19sChIJC9FpEHKCeC4RxpYWeSiUs8Y?authuser=0&hl=id&rclk=1","Toojih Coffee","4,3","(16)","Kafe","·","Jl. Gajayana No.500A","Buka 24 jam","","https://lh3.googleusercontent.com/gps-cs-s/APNQkAEOKEH9evYF6K9yDouJOTS2smmMffSDskNgnleWPbaqmGhNqRAizNd7r4MbVgJLRwdtM2WSxVu6WjgRJSXvkA4MXSO7DhSw5Tub3WU1kO9ncCOEPgTfV3vTtvWTTd3eOxljMhB6og=w122-h92-k-no","","Makan di tempat","","","","·","Bawa pulang"
"https://www.google.com/maps/place/MetallicafE/data=!4m7!3m6!1s0x2e78827ae1b6180d:0x3dbec6b2098f70f9!8m2!3d-7.9549507!4d112.6096973!16s%2Fg%2F11cp7gpl91!19sChIJDRi24XqCeC4R-XCPCbLGvj0?authuser=0&hl=id&rclk=1","MetallicafE","4,6","(130)","Kafe","·","Jl. Sumbersari Gg. 4 No.215C","Tutup","· Buka Sen pukul 08.30","https://lh3.googleusercontent.com/gps-cs-s/APNQkAEStJIqz63OiHARl-ntkG8vRzF-8sUXpMMzJm5nFjjkDhf7xRVH6rgWG_sUNqfnhrSn81k5CXNshdggfg1gEx8AKIAymUyZI6Hkz0nqh9_qAYuxkGx-tUyMeQB4AZTggShpyEc=w122-h92-k-no","https://ssl.gstatic.com/local/servicebusiness/default_user.png","""bisa cashless.""","·","Rp 1–25.000","","",""
"https://www.google.com/maps/place/Pesen+Kopi/data=!4m7!3m6!1s0x2e7883e4233d6be7:0xd07732d3ac419c36!8m2!3d-7.9483734!4d112.611593!16s%2Fg%2F11gy1kc17q!19sChIJ52s9I-SDeC4RNpxBrNMyd9A?authuser=0&hl=id&rclk=1","Pesen Kopi","4,5","(503)","Kafe","·","·","Segera tutup","· 00.00 · Buka Min pukul 08.00","https://lh3.googleusercontent.com/gps-cs-s/APNQkAGOKaLqE8U0GaDrDmQSpD92Nrtrd1steMWrn5tYsm0gHyFKUyDkyVw9r9b92oVp-Wkz-9ooI0yBaptQFfYbv6VizcfTZlkrXIegcAksyryV8r8NV8N0JAu7ttwf2B6Qxova5JU=w80-h106-k-no","https://ssl.gstatic.com/local/servicebusiness/default_user.png","""Tempatnya nyaman banget, kopinya enak dan harga masih ramah di kantong.""","·","Rp 1–25.000","Jl. Watu Gong No.20","",""
"https://www.google.com/maps/place/MedCafe+by+Cafetaria+Jaya/data=!4m7!3m6!1s0x2e7883b3f25c0397:0xe690801c1f6ecfa2!8m2!3d-7.9548642!4d112.613317!16s%2Fg%2F11ln4n0fbp!19sChIJlwNc8rODeC4Ros9uHxyAkOY?authuser=0&hl=id&rclk=1","MedCafe by Cafetaria Jaya","4,4","(58)","Restoran","·","Jl. Universitas Brawijaya","Tutup","· Buka Sen pukul 07.00","https://lh3.googleusercontent.com/gps-cs-s/APNQkAFUllWM6qVHdHMZIWF2oo-E6Kgq07kTi2jkR8lNfO6JxNRWjhxeP1NidmdM2niMKCLThyRWvSGxOyoAjX4R0gARswJwByvgmPib9U_tz_4SrdzbwTrzhj34vQR-8O2i_C67KIw=w80-h106-k-no","https://ssl.gstatic.com/local/servicebusiness/default_user.png","""Naai kendar dan kopi tubruknya mantap.""","·","Rp 25–50 rb","","",""
"https://www.google.com/maps/place/LUMOS/data=!4m7!3m6!1s0x2e7883f7ac7a2a9f:0x6428329d1c9a116a!8m2!3d-7.9456596!4d112.6095217!16s%2Fg%2F11gy24r66j!19sChIJnyp6rPeDeC4RahGaHJ0yKGQ?authuser=0&hl=id&rclk=1","LUMOS","4,8","(72)","Kafe","·","Jl. Gajayana No.572E","Tutup","· Buka Min pukul 12.00","https://lh3.googleusercontent.com/gps-cs-s/APNQkAHHiltIGwSuslPJarCRCH2QYLVIG851gbDBWINxPhez4QgKIFm0vfleiQHssPCxHBb_srv7w_mKVhvLDVvB5vRJklPVSF3Pw5IQ_OczdTdRTfsokZ5rcfzfKBA-TvXgl-q2btNOZg=w122-h92-k-no","","Makan di tempat","·","$","","·","Bawa pulang"
"https://www.google.com/maps/place/Nesh+Cafe+%26+Flafia+Florist/data=!4m7!3m6!1s0x2e7883006139eaa5:0x452747dfdc715619!8m2!3d-7.9454773!4d112.6124286!16s%2Fg%2F11mcbpf6_m!19sChIJpeo5YQCDeC4RGVZx3N9HJ0U?authuser=0&hl=id&rclk=1","Nesh Cafe & Flafia Florist","5,0","(9)","Kedai Kopi","·","Ruko Ditas, Kavling 17","Segera tutup","· 00.00 · Buka Min pukul 08.00","https://lh3.googleusercontent.com/gps-cs-s/APNQkAE6aYHNDIvdUlMWoMOh38TNV9lCAHfGhKtCYKNyEFLMuG9P9d6KlV8GhSAZlpp92GAI20prLIBO8h39r7afbLxgN8Su_jFOCNPHOPfaemMUefQwGSsV3wMgIjSQGxV6Xmdfq7q2R1yvzJbi=w80-h106-k-no","https://ssl.gstatic.com/local/servicebusiness/default_user.png","""tempatnya nyaman bisa buat foto foto dan pelayanannya ramah.""","·","Rp 1–25.000","","",""
"https://www.google.com/maps/place/Roast+Bro/data=!4m7!3m6!1s0x2e7882716b815fd1:0x3c4882efe57ae7bf!8m2!3d-7.9484103!4d112.6120658!16s%2Fg%2F11ggr7f57l!19sChIJ0V-Ba3GCeC4Rv-d65e-CSDw?authuser=0&hl=id&rclk=1","Roast Bro","5,0","(6)","Kafe","·","·","Buka","· Tutup Min pukul 09.00","https://lh3.googleusercontent.com/gps-cs-s/APNQkAEiSfWyiOvwW3zG3ssCNvTQcbC9vt_o67cfGrE7y8kcQ0axcSqyfvOfVbBCoo5PutFp26J2PtD1ftm-UqXmQUreODi4bcU-R32V5ooyVpCg4P1uJnd2x37v3IEtOSL_GzTZWWv1=w80-h142-k-no","","Makan di tempat","","","Jl. Watu Gong No.13","·","Bawa pulang"
"https://www.google.com/maps/place/Cafe+Elektro/data=!4m7!3m6!1s0x2e7883003eeddd67:0x518b1e60db9e592d!8m2!3d-7.9511974!4d112.612384!16s%2Fg%2F11xvpvj8fb!19sChIJZ93tPgCDeC4RLVme22Aei1E?authuser=0&hl=id&rclk=1","Cafe Elektro","5,0","(2)","Kafe","·","2JX6+FWW, Jl. MIPA Brawijaya","Tutup","· Buka Sen pukul 08.00","https://lh3.googleusercontent.com/gps-cs-s/APNQkAGsgCdCgYJn286qXvf5rtBV9N3b9Hf8L8DUOgx3YyCawQdkQElcfE5b5H_Uu83XhpAZbZOcruuUjhu-se-F-sDrcJmIPrNyJgYCyUE4QaoV3_Ms5tduH0SxgYiNM7ma8ZCfuTe3NUNgzUU=w80-h106-k-no","https://ssl.gstatic.com/local/servicebusiness/default_user.png","""peh pokoknya muantap""","","","","",""
"https://www.google.com/maps/place/DONKEY+DONUT%27S+BAKESHOPE+%26+CAFE/data=!4m7!3m6!1s0x2e78839ead0f5771:0xd225a2ad85d27320!8m2!3d-7.9521236!4d112.6099915!16s%2Fg%2F11s4tnm_tf!19sChIJcVcPrZ6DeC4RIHPSha2iJdI?authuser=0&hl=id&rclk=1","DONKEY DONUT'S BAKESHOPE & CAFE","5,0","(1)","Kafe seni","·","Jl. Kerto Waluyo No.8","Tutup","· Buka Min pukul 10.00","https://lh3.googleusercontent.com/gps-cs-s/APNQkAHKJT2zmwGh75perEpu1BXK4JHSc1r4iz-AUOJ4YwM4lc0N0xa3MeoSLebXaVytWbm1SpMIBVaZM0Fgj0o1MnIuO7AwpN4J-GMvaN4EU_olxkuADk-yT4pa1hVnxrggNgDmUQMuxQ=w163-h92-k-no","","Makan di tempat","","","","·","Ambil di tepi jalan"
"https://www.google.com/maps/place/Kisakopi+by+aslirasa/data=!4m7!3m6!1s0x2e7883003b3e77a3:0x30c4f588bcd50679!8m2!3d-7.9462121!4d112.6109865!16s%2Fg%2F11lmhl99s6!19sChIJo3c-OwCDeC4ReQbVvIj1xDA?authuser=0&hl=id&rclk=1","Kisakopi by aslirasa","5,0","(1)","Kedai Kopi","·","Jl. Kerto Raharjo No.26B","Buka 24 jam","","https://lh3.googleusercontent.com/gps-cs-s/APNQkAHPPB3AHoXHbZbMx87veFbMApDj36Yxsd6oT7cJc3B_sFDNeA36GyggHTe0LRAD3-6P3dQ969y2XyioKuhLpfqFjwipDmdvULrlROXdYnJZ5kN5L_7gV_2FmurB2-WSxY-RhmqF=w80-h142-k-no","","Makan di tempat","","","","·","Drive-through"
"https://www.google.com/maps/place/Take+Kopi/data=!4m7!3m6!1s0x2e788320b7fee1d7:0x6ac01a58bad3d2af!8m2!3d-7.9559135!4d112.6148358!16s%2Fg%2F11n454xzlt!19sChIJ1-H-tyCDeC4Rr9LTulgawGo?authuser=0&hl=id&rclk=1","Take Kopi","5,0","(6)","Kedai Kopi","·","Jl. Veteran","Tutup","· Buka Min pukul 09.00","https://lh3.googleusercontent.com/gps-cs-s/APNQkAG2LkHlkQhQb3R1P348AeId-iJXQ77Alfkd1bUa84GzpodPNtjyAXiZ5QqpRD07Uk6TLWZcbVIh2dxa8MGIikJ0asSZ2UKnIzUho1Z70h26KG0mSeZuC60QIqusqBXfLLAMJ5lx7evFVswm=w163-h92-k-no","https://ssl.gstatic.com/local/servicebusiness/default_user.png","""americano nya enak bangett""","","","","",""
"https://www.google.com/maps/place/KOPI+RACUT/data=!4m7!3m6!1s0x2e7883003e37552f:0x3caf6d57d1ad3b22!8m2!3d-7.9561441!4d112.6163262!16s%2Fg%2F11xgtbkz88!19sChIJL1U3PgCDeC4RIjut0Vdtrzw?authuser=0&hl=id&rclk=1","KOPI RACUT","5,0","(10)","Bar Kopi Espresso","·","2JV8+FGX","Buka","· Tutup pukul 02.00","https://lh3.googleusercontent.com/gps-cs-s/APNQkAGVhKgv6dqNd9ZFOSyaI8B0nSAhF6eywyxmcafbPaduN6W0TRZ--B8Smbs_2ByXrxXSiA87lePKRKJsQy7VDEKfZ-tntVN0-CbOpqA0UWuA--hzXNkPcwMllsz4Sqd77NRbR2tMPfhFxaI6=w80-h106-k-no","https://ssl.gstatic.com/local/servicebusiness/default_user.png","""Kopinya enak, pelayanan cepat dan ramah""","·","Rp 1–25.000","","",""
"https://www.google.com/maps/place/Boothchin+coffee+sumbersari/data=!4m7!3m6!1s0x2e7883c13dcfddd3:0x129ed562188887f7!8m2!3d-7.9546362!4d112.6108017!16s%2Fg%2F11ts2km2qs!19sChIJ093PPcGDeC4R94eIGGLVnhI?authuser=0&hl=id&rclk=1","Boothchin coffee sumbersari","5,0","(1)","Kedai Kopi","·","Jl. Sumbersari Gg. 4 No.253","","","https://lh3.googleusercontent.com/gps-cs-s/APNQkAHsDp_elmIlbh1juUAIv-FHD6W0aOAnFdApiczDQYuVLjdgqEE3dk-LtNUu7C1aGiNIfYcStFYdmVlyktHkLF-g9S-XqejulHwt53jEft6oFUCykVpTKpIx-LA96zjXYmBauRcZ=w92-h92-k-no","","Makan di tempat","","","","·","Bawa pulang"
"https://www.google.com/maps/place/CIKOP+GAJAYANA/data=!4m7!3m6!1s0x2e78830047c1c151:0x3007f0f90e9c6d24!8m2!3d-7.9467859!4d112.6090264!16s%2Fg%2F11xp86lfqg!19sChIJUcHBRwCDeC4RJG2cDvnwBzA?authuser=0&hl=id&rclk=1","CIKOP GAJAYANA","4,1","(151)","Kedai Kopi","·","Jl. Gajayana No.5","Tutup","· Buka Min pukul 08.00","https://lh3.googleusercontent.com/gps-cs-s/APNQkAFq28x1qtieCMPGwvLnhywTnXRof-LMuBCMYBiafN8k6B92qgU3qQGEIRhGSZE-DQltokhLNpNFqxb8JDwyk_9QzOL3_u27bZunWRqgQRQIw9Z5XQY14-1ZbWHyjIiXgCNXgNpJ23SHjXd9=w80-h106-k-no","https://ssl.gstatic.com/local/servicebusiness/default_user.png","""Untuk nugas sih ok banget wifi kenceng plus buka 24 jam.""","·","Rp 1–25.000","","",""
"https://www.google.com/maps/place/Gazco+Cafe/data=!4m7!3m6!1s0x2e788352508d11c1:0x288dd12522950c5d!8m2!3d-7.9557354!4d112.6125814!16s%2Fg%2F11jzdzykhm!19sChIJwRGNUFKDeC4RXQyVIiXRjSg?authuser=0&hl=id&rclk=1","Gazco Cafe","4,0","(2)","Bar","·","Gazebo Raden Wijaya Universitas Brawijaya, Kompleks","Tutup","· Buka Sen pukul 08.00","https://lh3.googleusercontent.com/gps-cs-s/APNQkAFN3LWTywi0QoTeJBS9kdtbmm4bcB0lbSJHxh3J_GBq4WLTMguZ6jN3LpBRbBBTzd4QLwulRWuorO0uPYvdUAmyfgAoa7gOBxXzISnRnb9HnPCrvJWyXtlpWb5t98IhjfoYTHI=w80-h106-k-no","https://ssl.gstatic.com/local/servicebusiness/default_user.png","""Tapi ternyata sangat jauh rasanya.""","","","","",""
"https://www.google.com/maps/place/Couple+Coffee/data=!4m7!3m6!1s0x2e7883779d69d675:0x36fe1dd38485cf15!8m2!3d-7.9456465!4d112.6113466!16s%2Fg%2F11j1j8l112!19sChIJddZpnXeDeC4RFc-FhNMd_jY?authuser=0&hl=id&rclk=1","Couple Coffee","4,3","(3)","Kafe","·","Jl. Kerto Raharjo No.8d","Tutup","· Buka Sen pukul 09.00","https://lh3.googleusercontent.com/gps-cs-s/APNQkAFThF3mEhyqPQvBDASDP4vJxquJRKAT1cOuWuWuJiX26gXwp2gqLMfQwwD7N0vggXVlAK1fezfELp9Jz0Mm-fp3H5JZJwmwCBV46disVJ730XIIUL6ul0fHTHK249-gVjmg6zTo=w80-h142-k-no","","Makan di tempat","","","","·","Bawa pulang"
"https://www.google.com/maps/place/rasan+rasan/data=!4m7!3m6!1s0x2e788385e15604f5:0x3e68c1de4a95c911!8m2!3d-7.9460403!4d112.6081208!16s%2Fg%2F11fjxfk5bf!19sChIJ9QRW4YWDeC4REcmVSt7BaD4?authuser=0&hl=id&rclk=1","rasan rasan","4,5","(59)","Kafe","·","Jl. Simpang Gajayana No.577F kav. 6","Segera tutup","· 00.00 · Buka Min pukul 14.00","https://lh3.googleusercontent.com/gps-cs-s/APNQkAE1DJl6d9fO-8YJYNe_W-Gg-DSRLxIcfWMwq9FyqOwVO30DTDNGhhAAtxjfAwjYCaUdTCzuQPlkUz0hJN5ph84K5Di6peHcUImXiz2DIwjSZtjqoZSr2orQkBGciVg91jatItyHtg=w122-h92-k-no","https://ssl.gstatic.com/local/servicebusiness/default_user.png","""Enak, porsinya juga pass es jeruknya manis seger""","","","","",""
"https://www.google.com/maps/place/Smile+Addict/data=!4m7!3m6!1s0x2e78827a8e7c2ccd:0xc2e7e51fa339a06d!8m2!3d-7.9530602!4d112.6101466!16s%2Fg%2F11f0_gv408!19sChIJzSx8jnqCeC4RbaA5ox_l58I?authuser=0&hl=id&rclk=1","Smile Addict","4,6","(108)","Restoran","·","·","Tutup","· Buka Min pukul 16.00","https://lh3.googleusercontent.com/gps-cs-s/APNQkAEg8UN5YPhLujG3WJmDn71lcP7D6vOzLAZ6h6roqhpxV_LsKCL6MBOtMYNM9eZtZO9m8ascXlSoQDwNcRapioivXdDu2OyOQXcn2211FK5__QMG2PLBeyd7k5EtveJxL4CsVBwcRQ=w122-h92-k-no","","Makan di tempat","","","2JW6+Q3C","·","Bawa pulang"
"https://www.google.com/maps/place/Gerasan+%22Omah+Kopi%22/data=!4m7!3m6!1s0x2e78827208ce0669:0xaf55f6fbdba2c558!8m2!3d-7.9468325!4d112.6082346!16s%2Fg%2F11g6mh44mc!19sChIJaQbOCHKCeC4RWMWi2_v2Va8?authuser=0&hl=id&rclk=1","Gerasan ""Omah Kopi""","4,0","(52)","Kafe","·","·","Buka","· Tutup pukul 01.00","https://lh3.googleusercontent.com/gps-cs-s/APNQkAFH-82rnc0_N4sOcdFoH-htetuyDO7zYgb_Qa8U_BTiLXjNv-8rAQECY1wMT_AL2lG9h6e7qHdxl1aYLsOIqf1NTEqK3ph_CmAigICHaU0T42vBx0iGjpZgm8kBPYrrtVVXAQo=w80-h106-k-no","","Makan di tempat","·","$","3J35+779, Jl. Simpang Gajayana","·","Bawa pulang"
"https://www.google.com/maps/place/Depot+Pak+No+CL+-+UB/data=!4m7!3m6!1s0x2e7883227d7925ed:0xe1662f04af70882b!8m2!3d-7.9528508!4d112.616794!16s%2Fg%2F11gm8bfmjq!19sChIJ7SV5fSKDeC4RK4hwrwQvZuE?authuser=0&hl=id&rclk=1","Depot Pak No CL - UB","4,8","(5)","Kafe","·","Jalan GOR Pertamina Universitas Brawijaya, Kantin Cl UB kav. 1, Kelurahan Penanggungan, Kecamatan Klojen","Tutup","· Buka Min pukul 06.00","https://lh3.googleusercontent.com/gps-cs-s/APNQkAG0VqyM9hz3NLPfS8psPvz7aK4MwjWac8jNxCbrvE2eWh4V_eehokNZoXF39EbY9KwfLhFnSdNekNUgOe3ePwSD3wUxBHNmu49loUgTV8kG3bBq7YPIvSBWD8t-L5U6nv0i5ZRr=w163-h92-k-no","","Makan di tempat","","","","·","Bawa pulang"
"https://www.google.com/maps/place/Bakso+Rawun+24/data=!4m7!3m6!1s0x2e78836b5e8eb2e1:0xd25a936796a8f62a!8m2!3d-7.9564576!4d112.61378!16s%2Fg%2F11tnlgp154!19sChIJ4bKOXmuDeC4RKvaolmeTWtI?authuser=0&hl=id&rclk=1","Bakso Rawun 24","4,4","(29)","Kedai Kopi","·","·","Tutup","· Buka Min pukul 07.00","https://lh3.googleusercontent.com/gps-cs-s/APNQkAEJyZg4aWFUKfqD8VCsnOVwcdyc-iyOAwN1y7zBBb0qSkpMpe-GFd0K9bcEclQ7Fni4m4VmoR5OSAzP2W42h-9SHdNYA3k-9IZDJNoqDDZzuzwdb4A_b9aDkL76lNaMnzraaHOHoA=w80-h109-k-no","https://ssl.gstatic.com/local/servicebusiness/default_user.png","""Tempat nyaman dan kopi enak.""","·","Rp 1–25.000","Jl. Veteran No.18","",""
"https://www.google.com/maps/place/COFFEETHERAPY/data=!4m7!3m6!1s0x2e788363315e77f9:0x69a71a1652e717ed!8m2!3d-7.9463621!4d112.6105999!16s%2Fg%2F11hd9p1_7r!19sChIJ-XdeMWODeC4R7RfnUhYap2k?authuser=0&hl=id&rclk=1","COFFEETHERAPY","5,0","(1)","Kedai Kopi","·","Jl. Kerto Rahayu No.35","Tutup","· Buka Min pukul 09.00","https://streetviewpixels-pa.googleapis.com/v1/thumbnail?panoid=tom5U4qsykFcSYjFW5ITVw&cb_client=search.gws-prod.gps&w=80&h=92&yaw=8.668826&pitch=0&thumbfov=100","","Makan di tempat","","","","·","Bawa pulang"
"https://www.google.com/maps/place/Amstirdam+UB/data=!4m7!3m6!1s0x2e7883007dc74d5d:0x561bd976fbb985c8!8m2!3d-7.9513308!4d112.6110168!16s%2Fg%2F11vr3gn_by!19sChIJXU3HfQCDeC4RyIW5-3bZG1Y?authuser=0&hl=id&rclk=1","Amstirdam UB","5,0","(6)","Kafe","·","2JX6+FC6","Tutup","· Buka Sen pukul 06.30","https://lh3.googleusercontent.com/gps-cs-s/APNQkAF740EqTvB031bbZzqkr-c16F8rRMZWXfqsK4wQYLo555Ye2lhMRbkUbjvljhJhiIb0NBr2FRH9fXwhus8iMItdOQorTi5Rx3-gfocOTFw-_orLBLaWZDGykRx7fRVkWNsErLJY4w=w122-h92-k-no","https://ssl.gstatic.com/local/servicebusiness/default_user.png","""Baristae ngajeni dan kejawen""","·","Rp 1–25.000","","",""
"https://www.google.com/maps/place/Dream+Cafe/data=!4m7!3m6!1s0x2e78827911a96cb1:0xe6fcb68d8c2d43aa!8m2!3d-7.9554909!4d112.6159251!16s%2Fg%2F1w0mf166!19sChIJsWypEXmCeC4RqkMtjI22_OY?authuser=0&hl=id&rclk=1","Dream Cafe","4,0","(3)","Kafe","·","JL. Veteran 2 Malang Town Square Bl GS/50 Ground 65145","Tutup","· Buka Min pukul 09.00","https://lh3.googleusercontent.com/gps-cs-s/APNQkAG_npKoC1a7EIwIV5rWhDcTGLrcf_GySNXlgdF_1mOkVqRR6oFAdbIDWDZHRULXtNKwnSRA_1um1-VZqYuD9mMH11P3VjSIXj5x8RrJAXCliEsRrM3BpmeX5Z5v80juHWGzrpE6=w80-h177-k-no","","Makan di tempat","","","","·","Bawa pulang"
"https://www.google.com/maps/place/Orlin+Internet+Cafe+%26+gaming/data=!4m7!3m6!1s0x2e788300e1a03ce1:0xa989a8d41da89e76!8m2!3d-7.9530683!4d112.6101155!16s%2Fg%2F11krhff3zn!19sChIJ4Tyg4QCDeC4Rdp6oHdSoiak?authuser=0&hl=id&rclk=1","Orlin Internet Cafe & gaming","4,8","(453)","Warnet","·","·","Buka 24 jam","","https://lh3.googleusercontent.com/gps-cs-s/APNQkAF6JqlQtr_lXP169sh79X2c7yi1PfBMpGTR1o9941r46BZf_bzjaiCw-7pSYCDzEt3HP_z5VzX02RyAWiiSVCvov-5_MrTXH9AxsAlyNgRyM2prxvB4tRFmsErtpx2LzmXX3bOU9zPeD6w=w122-h92-k-no","https://ssl.gstatic.com/local/servicebusiness/default_user.png","""secara keseluruhan, ini enak banget ges tempatnya.""","","","Ruko Sumbersari, Jl. Raya Sumbersari No.89 No.91 Kav 2","",""
"https://www.google.com/maps/place/Cafe+WiFi.id+Corner+Sumbersari/data=!4m7!3m6!1s0x2e78827af6d3cf0f:0xd9fe115abeb7eb0f!8m2!3d-7.955641!4d112.6114925!16s%2Fg%2F11d_wx13w8!19sChIJD8_T9nqCeC4RD-u3vloR_tk?authuser=0&hl=id&rclk=1","Cafe WiFi.id Corner Sumbersari","4,6","(16)","Kafe","·","Jl. Raya Sumbersari No.287A","Tutup","· Buka Min pukul 06.00","https://lh3.googleusercontent.com/gps-cs-s/APNQkAHBwgZnRHpiXl2ZNq-LDwQuuAV1gkBzvwuuRBKz-hJNdn-Kwvck-ind6yi952UE4Oj6CBWEJ-dtEEK3ZySgq1FECm-3HMMCY1ZY6VkNOaWkoZOfKctceYwo7pDfe2djYqKTcUhr0w=w122-h92-k-no","https://ssl.gstatic.com/local/servicebusiness/default_user.png","""Dekat tiang PLN""","","","","",""
"https://www.google.com/maps/place/Dentspoon+Cafe,+FKG+UB/data=!4m7!3m6!1s0x2e7883007dc42581:0xd9bb979d7a1029a4!8m2!3d-7.9553147!4d112.6146969!16s%2Fg%2F11z6p23kg6!19sChIJgSXEfQCDeC4RpCkQep2Xu9k?authuser=0&hl=id&rclk=1","Dentspoon Cafe, FKG UB","","","Kedai Kopi","·","2JV7+QVH","Tutup","· Buka Sen pukul 08.00","https://lh3.googleusercontent.com/gps-cs-s/APNQkAEclywyI_C-SrzSPg2whpSc_cEn1H9UCj6nCjrJlVyLXrd9EGoIW4pqAm2XWwVhfyXGg263vDj2sgFsgd9Pgv08-HqZXaDHu34sNvFH8NECl4FU2tm5v1PATzRDPs0wOl6fX787dKIpWoY=w80-h106-k-no","","","","","","",""
"https://www.google.com/maps/place/Payung+Teduh+DT/data=!4m7!3m6!1s0x2e78834b74b8b411:0xe201e56503227528!8m2!3d-7.9450529!4d112.6113314!16s%2Fg%2F11hzywbk4k!19sChIJEbS4dEuDeC4RKHUiA2XlAeI?authuser=0&hl=id&rclk=1","Payung Teduh DT","4,8","(6)","Kafe","","","Buka 24 jam","","https://lh3.googleusercontent.com/gps-cs-s/APNQkAGAeQTNq5vWYteWp6GykZBrkcEZUijTRwa1EmyOJstsq3t1nOFlT-Nfx43cvQZ8mAxEL0rwThULHFcreIMG84ks4MKzgZwOdVQ3gH2jdWNOgiHKl_-Y-KU6ALS2nMHBruiiIbxgeA=w80-h106-k-no","https://ssl.gstatic.com/local/servicebusiness/default_user.png","""Ingat saat kruntelan bersama""","","","","",""
"https://www.google.com/maps/place/WBM+%28Warkop+Bli+Made%29/data=!4m7!3m6!1s0x2e7883001228cebd:0x953a9c01b7fea319!8m2!3d-7.9455387!4d112.6114377!16s%2Fg%2F11mzzx5jf8!19sChIJvc4oEgCDeC4RGaP-twGcOpU?authuser=0&hl=id&rclk=1","WBM (Warkop Bli Made)","5,0","(3)","Kedai Kopi","·","Jl. Kertoraharjo I No.14","Segera tutup","· 00.00 · Buka Sen pukul 00.00","https://lh3.googleusercontent.com/gps-cs-s/APNQkAEePQBDklsI47cN5hj3Qm6AaIE_3DnbKkeKAShMwgs9nBgK1BPVdxJ8hwevaxM3_ARc1rExp1bkmCKkeJfmg74wgWK3Wn32JobXZJnYKULvG6C3hAY3TVmDvFfeMG0bENzLUNOs6w0Ht4-n=w163-h92-k-no","https://ssl.gstatic.com/local/servicebusiness/default_user.png","""lokasi cocok buat nugas sama nongkrong apalagi 24 jam""","","","","",""
"https://www.google.com/maps/place/Classkoff/data=!4m7!3m6!1s0x2e7882716b815fd1:0x52c5786f9f9d8b89!8m2!3d-7.9484103!4d112.6120658!16s%2Fg%2F11fyzbl9g9!19sChIJ0V-Ba3GCeC4RiYudn294xVI?authuser=0&hl=id&rclk=1","Classkoff","4,0","(1)","Kafe","·","Jl. Watu Gong No.13","Tutup","· Buka Min pukul 11.00","https://lh3.googleusercontent.com/gps-cs-s/APNQkAHSHJF6aKLEhDF5fTlP8x5Wg9MGMa6IvhulSP3_FQi_lQJtF9KowqXa79_AMKA-WN8VRoKXcBjPaifoc3PVZglIcWBOlmn7W-tq_irSTv1zMudPb-58vkkCkZ3fOjPnEj8eA7Xqhg=w80-h106-k-no","","Makan di tempat","","","","·","Bawa pulang"
"https://www.google.com/maps/place/Panggung+Cafe/data=!4m7!3m6!1s0x2e788271e86058df:0x75b6be4182b648c2!8m2!3d-7.9485546!4d112.6087499!16s%2Fg%2F11b6cqj41k!19sChIJ31hg6HGCeC4Rwki2gkG-tnU?authuser=0&hl=id&rclk=1","Panggung Cafe","3,7","(10)","Kedai Kopi","·","Jl. Gajayana No.18","Segera tutup","· 00.00 · Buka Min pukul 16.00","https://lh3.googleusercontent.com/gps-cs-s/APNQkAGbPRoq2FDSeufJt1bG9g6oMUVGSCuMvaR2aR81t8brtz5WP2m7zxpwFIxZfwL-9FUX9jmdszdu7o6MONxPcFe89v6zoUhrHwwSoJ7y9q_hOWfelg-0xonSmZLSrcvxmhDM5smH0Q=w187-h92-k-no","","Makan di tempat","","","","·","Bawa pulang"
"https://www.google.com/maps/place/Hacco+Indonesia/data=!4m7!3m6!1s0x2e7883eadff19f5d:0x424138b7d5928bc9!8m2!3d-7.9571472!4d112.6091868!16s%2Fg%2F11rk05bjy9!19sChIJXZ_x3-qDeC4RyYuS1bc4QUI?authuser=0&hl=id&rclk=1","Hacco Indonesia","5,0","(2)","Kafe","·","Jl. Sigura - Gura V No.8","Segera tutup","· 00.00 · Buka Min pukul 16.00","https://lh3.googleusercontent.com/gps-cs-s/APNQkAEZFOTtWp9zY_IbNawWsBkoxmSpE8OGjS7WOavo_Mc2z2ZuAXt6COJESLwKer3YDstW4MHHnR9RWsKnv6cRPQxZiym0FjHKOpKICy6me-I6pPdqpFPR4Dff3wpcFRUqQ74KzUzF=w122-h92-k-no","","Makan di tempat","","","","·","Bawa pulang"
"https://www.google.com/maps/place/Kopi+Zona+Damai/data=!4m7!3m6!1s0x2e788300068a6369:0x5dedc09e7c3e77b0!8m2!3d-7.9455805!4d112.6091274!16s%2Fg%2F11wn7qd2xl!19sChIJaWOKBgCDeC4RsHc-fJ7A7V0?authuser=0&hl=id&rclk=1","Kopi Zona Damai","4,0","(4)","Kafe","·","Jl. Gajayana Gg. 5 No.588","Tutup","· Buka Sen pukul 18.00","https://lh3.googleusercontent.com/gps-cs-s/APNQkAHTavD1e31MaZ1-VmMbeovrjXexp-h5bAIB2bEYhugLcV1jzMfn41y5m2iynBfC0QhCo__dzJy3KDSysGoedALnVOXbmSL1haBo9luWW4SL3H99So0CH-stqClbe3GsfoyPAXRh=w80-h106-k-no","https://ssl.gstatic.com/local/servicebusiness/default_user.png","""Ngafe yg murmer, enakk""","","","","",""
"https://www.google.com/maps/place/Kedai+Kopi+My+Umi+Coffee/data=!4m7!3m6!1s0x2e78827267fac2b9:0xf9ab66f01a82a3a1!8m2!3d-7.945456!4d112.6094023!16s%2Fg%2F11k5t6cntz!19sChIJucL6Z3KCeC4RoaOCGvBmq_k?authuser=0&hl=id&rclk=1","Kedai Kopi My Umi Coffee","5,0","(1)","Kafe","","","","","https://streetviewpixels-pa.googleapis.com/v1/thumbnail?panoid=uyyU9-qiC1wjkYfISqnwJQ&cb_client=search.gws-prod.gps&w=80&h=92&yaw=330.81305&pitch=0&thumbfov=100","https://ssl.gstatic.com/local/servicebusiness/default_user.png","""Ramah dan nyaman""","","","","",""
"https://www.google.com/maps/place/SARJANA/data=!4m7!3m6!1s0x2e78837aefc15865:0x5c50c96c0cc8df07!8m2!3d-7.950681!4d112.608994!16s%2Fg%2F11t7csjjzs!19sChIJZVjB73qDeC4RB9_IDGzJUFw?authuser=0&hl=id&rclk=1","SARJANA","3,8","(5)","Kedai Kopi","·","Depan Gerbang Uin) Malang, Jl. Gajayana No.107","Segera tutup","· 00.00 · Buka Min pukul 11.00","https://lh3.googleusercontent.com/gps-cs-s/APNQkAH_KAaJQINPoH9G1usQdvoLLX9ZB1B5GWzPKlJ8RV7CukL2_xaj3f6wLQpXLtXaZX_9YSNpcZUxr4QepPcKIVk29BAPJv3RW9WZqN4kRHYDtWgKcfHJkuQRKd9sN-2b2CBxTc3x=w80-h106-k-no","https://ssl.gstatic.com/local/servicebusiness/default_user.png","""Tempat nyaman, tenang dan kopinya enak banget pas di lidah""","","","","",""
"https://www.google.com/maps/place/Cafe+tigasatu/data=!4m7!3m6!1s0x2e78831213fd0997:0xd455198ce4b32594!8m2!3d-7.9568228!4d112.6130474!16s%2Fg%2F11fmrmcs4s!19sChIJlwn9ExKDeC4RlCWz5IwZVdQ?authuser=0&hl=id&rclk=1","Cafe tigasatu","","","Kafe","·","2JV7+76F","Segera tutup","· 00.00 · Buka Min pukul 19.00","https://lh3.googleusercontent.com/gps-cs-s/APNQkAHTonLwV8urJfBfx4VvJB7BCl1lpBJQBWHEBqqvxVvEwcVl_72NJf9DFCWcmZ8aHYXq658ydd7gtFIib5SmrULDFl-0pgW6cR4eD_Q3r7_5X75qbu1DPlDXirUgIc8ckIcVRPaR=w163-h92-k-no","","Makan di tempat","","","","·","Bawa pulang"
"https://www.google.com/maps/place/Geprek+Waronk+Kampus/data=!4m7!3m6!1s0x2e7883e1c7405ef5:0xe0ae885d3721352c!8m2!3d-7.9466264!4d112.6089399!16s%2Fg%2F11gmcxtfyr!19sChIJ9V5Ax-GDeC4RLDUhN12IruA?authuser=0&hl=id&rclk=1","Geprek Waronk Kampus","4,6","(152)","Kafe","·","·","Segera tutup","· 00.00 · Buka Min pukul 09.00","https://lh3.googleusercontent.com/gps-cs-s/APNQkAH0zMyhErToOnHWmjqagPne9rPjRlf2GPbN4SGkn7yCaQouKTz7wQqdJKjLbtZXdwdI1psSIAO3xRqNUfzaAvhQfKCibpbUGZrqgSNCfqJ-IpMbvYQ_VIo1CDo8sWrCw1h6kav3=w137-h92-k-no","","Makan di tempat","·","$","Jl. Gajayana No.574 A","·","Bawa pulang"
"https://www.google.com/maps/place/Kedai+Kopi+Rantau/data=!4m7!3m6!1s0x2e7883a6889e57b9:0xb5a531bf85f8901f!8m2!3d-7.9484041!4d112.6119605!16s%2Fg%2F11t0t7009b!19sChIJuVeeiKaDeC4RH5D4hb8xpbU?authuser=0&hl=id&rclk=1","Kedai Kopi Rantau","5,0","(4)","Kedai Kopi","·","3J26+JQJ, Jl. Watu Gong No.13","Tutup","· Buka Sen pukul 11.00","https://lh3.googleusercontent.com/gps-cs-s/APNQkAF0oEf-trJCvTqfXkPdjSozsmTHx1zipLdnMj37XjMS4zkJkXdNnY79eBKrMjq4ut3lthvTrRTO9vH_NzzOLOQlk95BT11TwXph7GPaHnlNjhVcVjB159TU8OXRMPIeBK27QupH=w80-h142-k-no","https://ssl.gstatic.com/local/servicebusiness/default_user.png","""Rasanya dapet banget""","","","","",""
"https://www.google.com/maps/place/Jajanan+Sabi+Abis/data=!4m7!3m6!1s0x2e788300342a1d09:0x4905051e56292797!8m2!3d-7.9521728!4d112.6085698!16s%2Fg%2F11w7frmy5v!19sChIJCR0qNACDeC4RlycpVh4FBUk?authuser=0&hl=id&rclk=1","Jajanan Sabi Abis","5,0","(2)","Kedai Kopi","·","Jl. Sumbersari Gg. IA No. 56, Ketawanggede","Buka","· Tutup Min pukul 08.00","https://lh3.googleusercontent.com/gps-cs-s/APNQkAE0hWHeimPZ3JrYw5xEMIxzI-djXY1I4LBX8fu0R56yP2di4-umCorxLAQ7MRv-237uKN3uhrpCz1ybYEdEbmR7Qa1W-FENuKt_Cz5L9QfhpDM5K48ppF8s6RxCmtzZl0LOSiya=w122-h92-k-no","https://ssl.gstatic.com/local/servicebusiness/default_user.png","""Sueeeger siang-siang panas, minum es teh iki mantap poool""","","","","",""
"https://www.google.com/maps/place/STMJ+Gendhis/data=!4m7!3m6!1s0x2e78827aa1b6d829:0xda360d0e1a826b89!8m2!3d-7.9527903!4d112.6091681!16s%2Fg%2F11f2drzt1x!19sChIJKdi2oXqCeC4RiWuCGg4NNto?authuser=0&hl=id&rclk=1","STMJ Gendhis","4,9","(10)","Kafe","·","2JW5+VMM","Segera tutup","· 23.59 · Buka Sen pukul 18.00","https://lh3.googleusercontent.com/gps-cs-s/APNQkAG6Wq5_1szQeiCFeQTymm9IVIEAkAKnmhBnyIZHN5I3UP-Lf9_tYp2eWtwf2u-pkhRkUECUfNYOTOzsciX_oNHZFaTchdPIcf-KqJK6pg8Tvkss4YNpO1jJ8DNNQZEVK8ul7vQi5Q=w80-h106-k-no","https://ssl.gstatic.com/local/servicebusiness/default_user.png","""mantaplah susu madu nya.""","·","Rp 1–25.000","","",""
"https://www.google.com/maps/place/Pujasera+Orange/data=!4m7!3m6!1s0x2e78832e211d6871:0x49c4965a0a49994d!8m2!3d-7.9570041!4d112.6124422!16s%2Fg%2F11fs_2wyjr!19sChIJcWgdIS6DeC4RTZlJClqWxEk?authuser=0&hl=id&rclk=1","Pujasera Orange","4,7","(7)","Kafe","","","Tutup","· Buka Min pukul 09.00","https://lh3.googleusercontent.com/gps-cs-s/APNQkAEE1Ye3-4qFwFNEt5G7KuyLcj-Vf7J0gS2DhrIndFmIQVSdHR1ggtoq4beGnVUYBe_u9vKlrPLcDfXgwfqdN92bg3Ri5OCqlwaCWQwtkXoDT4C3Bci1lVVHPJ5aE6HGTM9_N-8xMQ=w204-h92-k-no","https://ssl.gstatic.com/local/servicebusiness/default_user.png","""Tempat nyaman...parkiran aman...pokoknya mantul gaes""","","","","",""
"https://www.google.com/maps/place/Go+Kopi+Veteran/data=!4m7!3m6!1s0x2e78830000979e71:0xcc0c19c4c5fe0f96!8m2!3d-7.9558141!4d112.6155804!16s%2Fg%2F11ybrj5ghn!19sChIJcZ6XAACDeC4Rlg_-xcQZDMw?authuser=0&hl=id&rclk=1","Go Kopi Veteran","5,0","(1)","Kedai Kopi","·","Jl. Veteran No.15","Tutup","· Buka Min pukul 07.00","https://streetviewpixels-pa.googleapis.com/v1/thumbnail?panoid=WDxfz3X12_DL1MtUEb2zMg&cb_client=search.gws-prod.gps&w=80&h=92&yaw=37.628574&pitch=0&thumbfov=100","","Makan di tempat","","","","",""
"https://www.google.com/maps/place/D%27SINI+CAFE/data=!4m7!3m6!1s0x2e78833ee5420f89:0x570a9b82f3859dff!8m2!3d-7.951616!4d112.6089844!16s%2Fg%2F11vwdy18qp!19sChIJiQ9C5T6DeC4R_52F84KbClc?authuser=0&hl=id&rclk=1","D'SINI CAFE","","","Restoran","·","Jl. Kerto Aji No.03","Tutup","· Buka Sen pukul 07.00","https://streetviewpixels-pa.googleapis.com/v1/thumbnail?panoid=EZIxEPxbrWNtWNFOWMWTYw&cb_client=search.gws-prod.gps&w=80&h=92&yaw=263.75876&pitch=0&thumbfov=100","","Makan di tempat","","","","·","Ambil di tepi jalan"
"https://www.google.com/maps/place/Kedai+kopi+niskala/data=!4m7!3m6!1s0x2e78830016312c09:0xd11c017698ef5f48!8m2!3d-7.9459256!4d112.6080696!16s%2Fg%2F11vy26jkqh!19sChIJCSwxFgCDeC4RSF_vmHYBHNE?authuser=0&hl=id&rclk=1","Kedai kopi niskala","5,0","(4)","Kedai Kopi","·","3J35+J6G, Jl. Simpang Gajayana","Buka 24 jam","","https://lh3.googleusercontent.com/gps-cs-s/APNQkAHQ0sEe-Ih0O_mNzMB2J7x4V8KR8rkGmwPe7_WkJyEokMOmvge_OKtMdINsiFY3s94QMP1II_SPfwC-m_D7Fmca1GluuabPi4Jj1ICr6E9BuDQmZbROjrEmpM40TAwWK27xFAIi=w80-h106-k-no","https://ssl.gstatic.com/local/servicebusiness/default_user.png","""Awas barista'nya guy !!""","","","","",""
"https://www.google.com/maps/place/nazaes+cafe/data=!4m7!3m6!1s0x2e7883c1df4cd87d:0xc2bdd0792b0b6a56!8m2!3d-7.9467859!4d112.6098148!16s%2Fg%2F11vhk47_4b!19sChIJfdhM38GDeC4RVmoLK3nQvcI?authuser=0&hl=id&rclk=1","nazaes cafe","","","Kafe seni","·","Jl. Kerto Asri","Tutup","· Buka Sab pukul 08.00","https://streetviewpixels-pa.googleapis.com/v1/thumbnail?panoid=d2IOafwc0UW1DJrQIz-EAg&cb_client=search.gws-prod.gps&w=80&h=92&yaw=80.14496&pitch=0&thumbfov=100","","Makan di tempat","","","","·","Bawa pulang"
"https://www.google.com/maps/place/Kopi+dari+Mars/data=!4m7!3m6!1s0x2e7883f6f9f540d9:0x8f00567cf0adb7ed!8m2!3d-7.9568259!4d112.6130615!16s%2Fg%2F11fsz22vf5!19sChIJ2UD1-faDeC4R7bet8HxWAI8?authuser=0&hl=id&rclk=1","Kopi dari Mars","5,0","(1)","Restoran","·","Jl. Bendungan Sutami No.1","Tutup","· Buka Min pukul 10.00","https://lh3.googleusercontent.com/gps-cs-s/APNQkAH8V7PAXJ7i8svYkJ3U6iGAMAiuqDrLRWopwnOy4LakjiC2YWO9qxwnKRSwOuOS4OyXIXGaKRBTWzpiklpL6qfQBBELH-6942OIDJpRLquF5PH55MhV9rAtCFsFtDAOSW0th_ULJQ=w80-h106-k-no","","Makan di tempat","","","","·","Bawa pulang"
"https://www.google.com/maps/place/K2+Cafe+SMKN+2+Malang/data=!4m7!3m6!1s0x2e7883cd36987407:0xa4831390dd2641b5!8m2!3d-7.9563314!4d112.6146818!16s%2Fg%2F11g0hv_0fx!19sChIJB3SYNs2DeC4RtUEm3ZATg6Q?authuser=0&hl=id&rclk=1","K2 Cafe SMKN 2 Malang","3,7","(9)","Kafe","·","·","Tutup","· Buka Min pukul 13.00","https://lh3.googleusercontent.com/gps-cs-s/APNQkAF7rg65wUefSBoZ6asGuYK-iEGAJjs0trAGcH_pQxBm0Ra82ZnxDqBvui4EJYHxtbTlneA4RdayFPTED7yLjOmerD3CQ--1CoBd_bXGyK-aiugFyBO7aEUsyaxyTQtCnqNMHVNA=w163-h92-k-no","","Makan di tempat","","","Jl. Veteran No.17","·","Bawa pulang"
"https://www.google.com/maps/place/Vanilla+Cafe+%26+Sushi/data=!4m7!3m6!1s0x2e78827a8e5f8ac5:0x7bf20291b74c52a9!8m2!3d-7.953368!4d112.6103489!16s%2Fg%2F11dxfpy_94!19sChIJxYpfjnqCeC4RqVJMt5EC8ns?authuser=0&hl=id&rclk=1","Vanilla Cafe & Sushi","4,5","(4)","Kafe","·","Jl. Raya Sumbersari No.sumbersari no 89","Tutup","· Buka Min pukul 10.00","https://lh3.googleusercontent.com/gps-cs-s/APNQkAHcfbjSGLy-8RbxEAEmo2yP0g_yFg1lixPh2AdN-Jftn8Qmb3Gw8MO6ddzIWp2pkGnCNjIXIR9uw9q8kfz8EMnKSIdVSwWux7segcjQnYXiEPDYYBiBsOpZhTgnqQ4FSUMQjAFcTQ=w122-h92-k-no","","Makan di tempat","","","","·","Bawa pulang"
"https://www.google.com/maps/place/Warung+RASSTA/data=!4m7!3m6!1s0x2e7883c605186edf:0xe40b20b4dfa394c3!8m2!3d-7.9513541!4d112.6094239!16s%2Fg%2F11gmfycj7m!19sChIJ324YBcaDeC4Rw5Sj37QgC-Q?authuser=0&hl=id&rclk=1","Warung RASSTA","5,0","(9)","Kafe","·","Jl. Kerto Aji","Segera tutup","· 00.00 · Buka Min pukul 07.00","https://lh3.googleusercontent.com/gps-cs-s/APNQkAGmGlwnuJKHPU9OIEUURJTyDkJQfxQ8d5o5yhaPVBHlo6HOElzpoXpdocaqN7Qv88eYpp9X29ayNyzSoOD6HGEE6Qwd4g3_AuIbv7dDMkHPu-2KBS-oGVC9HsPVW7kzoXZW-r6k=w122-h92-k-no","","Makan di tempat","","","","·","Bawa pulang"
"https://www.google.com/maps/place/Kedai+Kopi+Medan/data=!4m7!3m6!1s0x2e7882705d2a5dd5:0x4a3eb0a61908e38a!8m2!3d-7.9520491!4d112.6103914!16s%2Fg%2F1pzwdpz77!19sChIJ1V0qXXCCeC4RiuMIGaawPko?authuser=0&hl=id&rclk=1","Kedai Kopi Medan","4,4","(5)","Kafe","·","Jl. Kertosari No.17","Tutup","· Buka Min pukul 06.00","https://streetviewpixels-pa.googleapis.com/v1/thumbnail?panoid=MSapy_jIup6LOp6HjkamWA&cb_client=search.gws-prod.gps&w=80&h=92&yaw=100.527954&pitch=0&thumbfov=100","","Makan di tempat","","","","·","Bawa pulang"
"https://www.google.com/maps/place/Kismo+Coffee+House/data=!4m7!3m6!1s0x2e78839ae714a4d1:0x664e1ed2aa658127!8m2!3d-7.9298338!4d112.6034905!16s%2Fg%2F11s7ph5k0v!19sChIJ0aQU55qDeC4RJ4FlqtIeTmY?authuser=0&hl=id&rclk=1","Kismo Coffee House","4,8","(359)","Kedai Kopi","·","Jl. Baiduri Sepah No.4","Tutup","· Buka Min pukul 07.00","https://lh3.googleusercontent.com/gps-cs-s/APNQkAE4ao0EmM4M0mIvQ0n6Hg7Yhx6R6OyMH1dASpPKsw84Ue_Uf7Rn2kcPbc6MVu3kD2CkLw_yuH17z03RkDEeUbV8gOvcMC44nmGI8KEne3nH_BCnq_c4hYTicpp7UBj0sAA4gag=w143-h92-k-no","https://ssl.gstatic.com/local/servicebusiness/default_user.png","""Minuman = kopi filter, geisha blossom, iced matcha, dan lychee tea.""","·","Rp 50–75 rb","","",""
"https://www.google.com/maps/place/GOLDEN+HERITAGE+KOFFIE/data=!4m7!3m6!1s0x2e788286302118ad:0xed04943eced9e3dd!8m2!3d-7.9657391!4d112.6087291!16s%2Fg%2F11cknw1njq!19sChIJrRghMIaCeC4R3ePZzj6UBO0?authuser=0&hl=id&rclk=1","GOLDEN HERITAGE KOFFIE","4,6","(1.903)","Kedai Kopi","·","·","Tutup","· Buka Min pukul 08.00","https://lh3.googleusercontent.com/gps-cs-s/APNQkAFGKcwMu5GZEyIiEH11Z-ap1C-0MWMRB__xyii_EIRWzNG37BLg8quzCCUUAc_BiUOq65ozJcS-IppXOnNEUUzRYDyYBiG9PJTnrTISxFzk46r-vW-a4sSpjsMjPeO1fZCQg_liSQ=w80-h120-k-no","https://ssl.gstatic.com/local/servicebusiness/default_user.png","""Atmosphere nya dapat buat yg mau menikmati kopi atau apapun yg dipesan.""","·","Rp 25–50 rb","Jl. Raya Tidar No.36","",""
"https://www.google.com/maps/place/MERDEKA+CREATIVE+SPACE/data=!4m7!3m6!1s0x2e788274355b7c1b:0x7b313f7a83868642!8m2!3d-7.9457994!4d112.6168166!16s%2Fg%2F11krpcxd24!19sChIJG3xbNXSCeC4RQoaGg3o_MXs?authuser=0&hl=id&rclk=1","MERDEKA CREATIVE SPACE","","","Kafe","","","","","https://lh3.googleusercontent.com/gps-cs-s/APNQkAGhDM3xkNRpod8jSgtHQYEsaVBPPrRQkXm7nBiioP4PdGO276dH9y6kHnknEHf-sxecvCJzBHKF7rSPeKkCgvHBc0XMieUrlpfUMLuDKvP6qvoVU2BMSy-MkIqGibA2iv14aYyAPvrYQ46R=w80-h106-k-no","","Makan di tempat","","","","·","Bawa pulang"
"https://www.google.com/maps/place/Java+Dancer+Coffee+-+Jakarta/data=!4m7!3m6!1s0x2dd6282a73ec2dab:0x171fdc2ba06c0ee9!8m2!3d-7.9654235!4d112.6204469!16s%2Fg%2F11clgksyvr!19sChIJqy3scyoo1i0R6Q5soCvcHxc?authuser=0&hl=id&rclk=1","Java Dancer Coffee - Jakarta","4,5","(4.650)","Kedai Kopi","·","Jl. Jakarta No.59","Segera tutup","· 00.00 · Buka Min pukul 08.00","https://lh3.googleusercontent.com/gps-cs-s/APNQkAEZqXFVRYdgBY0J_R7DLAElsz24FOWjXrcgzewFTlOG8YrBDIIWe1bkPx1t3juK5ez2F1331sL7OVMPH0qtVcNjU3rnLx0DYEki5tdo4fJKhimLR2R5J0_UQW4dYPWE4qPwFFTElA=w163-h92-k-no","https://ssl.gstatic.com/local/servicebusiness/default_user.png","""The food and drinks are delicious, and the prices are quite reasonable.""","·","$$","Rumah kopi lokal daerah Malang","",""
"https://www.google.com/maps/place/Warung+Tresno/data=!4m7!3m6!1s0x2e7883917e9ebd0b:0xd1aa390d6522f917!8m2!3d-7.9556979!4d112.6084071!16s%2Fg%2F11kqwlr3r4!19sChIJC72efpGDeC4RF_kiZQ05qtE?authuser=0&hl=id&rclk=1","Warung Tresno","5,0","(1)","Kedai Kopi","·","Jl. Sigura - Gura VI No.21","Tutup","· Buka Min pukul 07.00","https://lh3.googleusercontent.com/gps-cs-s/APNQkAELZZNUMl0rj-bZMf7wq3cOFTBrCNszJiJ75sjF89sV3p4kxv581bdl6irxupEvDUf4rEsAYnL2_tb66H4sG_JkZJAU_6ES63i21cC1aLnj1VR_IuEyPj4q-BT2SQnbYt27hwHNSg=w163-h92-k-no","https://ssl.gstatic.com/local/servicebusiness/default_user.png","""Next coba menu yg lainnya, kyk Rawon, pecel, nasi campur, dll.""","","","","",""
"https://www.google.com/maps/place/Warung+KOPI+Mbak+Dewi/data=!4m7!3m6!1s0x2e7883c90026e049:0xe3212f7e68c44e57!8m2!3d-7.9495612!4d112.6153823!16s%2Fg%2F11gj0wl0jk!19sChIJSeAmAMmDeC4RV07EaH4vIeM?authuser=0&hl=id&rclk=1","Warung KOPI Mbak Dewi","5,0","(2)","Kafe","·","Jl. MT. Haryono No.60","Tutup","· Buka Sen pukul 07.30","https://lh3.googleusercontent.com/gps-cs-s/APNQkAHsPDhfScExHZ7u4dXebMdbXaez1vtXBapITY3PU5RqoVj3CfHL0xYltdVBAbC9i4Znmc2dXTS3T5zEqrED1fJO3h55vgONeHLnJKlEWoiaspsScMvCoLjJWyKSjwN8z1TP3kqMDw=w80-h106-k-no","","Makan di tempat","","","","·","Bawa pulang"
"https://www.google.com/maps/place/MALANGESIA+CAFE/data=!4m7!3m6!1s0x2e788352b8d12993:0xa642f5650c30ed16!8m2!3d-7.9541804!4d112.615896!16s%2Fg%2F11j61f6nvn!19sChIJkynRuFKDeC4RFu0wDGX1QqY?authuser=0&hl=id&rclk=1","MALANGESIA CAFE","","","Kafe","·","2JW8+89C","","","https://maps.gstatic.com/tactile/pane/result-no-thumbnail-2x.png","","Makan di tempat","","","","·","Bawa pulang"
"https://www.google.com/maps/place/Aril+Risol/data=!4m7!3m6!1s0x2e78827ac2953795:0x57daaaf9fff5bf60!8m2!3d-7.9543809!4d112.6093026!16s%2Fg%2F11c1qc2y0n!19sChIJlTeVwnqCeC4RYL_1__mq2lc?authuser=0&hl=id&rclk=1","Aril Risol","4,4","(5)","Kafe","·","Jl. Sumbersari III No.202","Buka","· Tutup Min pukul 10.00","https://lh3.googleusercontent.com/gps-cs-s/APNQkAEClCxvcw6Y7n6BKN9eoGMabllwtrtqxCbhIqmcqKEhpyp_ozD36OHF4p1WIy6CQhZHvjV-uTUozzpzaBBowAbYjURp4ejtfkg-bL0tsMnrdW3veR4k_iaVvh6mYLsLCH91RrcD=w80-h106-k-no","","Makan di tempat","","","","·","Bawa pulang"
"https://www.google.com/maps/place/Kantin+ANiS/data=!4m7!3m6!1s0x2e78830000280355:0x864d68361d064c0b!8m2!3d-7.949541!4d112.6117547!16s%2Fg%2F11yh3tpg17!19sChIJVQMoAACDeC4RC0wGHTZoTYY?authuser=0&hl=id&rclk=1","Kantin ANiS","5,0","(2)","Kedai Kopi","·","3J26+5MV Universitas Brawijaya, Jl. Watumujur","Buka","· Tutup pukul 04.00","https://lh3.googleusercontent.com/gps-cs-s/APNQkAHP8jglD98h-IQOZgqS7u3JWTYaZTELZdkGPXcwHv2dw92s2XiMe95lEL7yE8sT0h-ldPSm_b-mSefLZdKSjcEZCbw-_fciTgDd5TWElONlSdRhbP3WS1cLb98HW0C9Fql3UOEk-dAwEh21=w80-h173-k-no","","Makan di tempat","","","","",""
"https://www.google.com/maps/place/B%27Zo+Laundry+%26+Cafe+Turki/data=!4m7!3m6!1s0x2e7883000662bf59:0x7df4b034954ad14f!8m2!3d-7.9490859!4d112.608765!16s%2Fg%2F11ml3_zy7g!19sChIJWb9iBgCDeC4RT9FKlTSw9H0?authuser=0&hl=id&rclk=1","B'Zo Laundry & Cafe Turki","4,8","(25)","Binatu Cucian Kering","·","Jl. Gajayana No.23 A","Segera tutup","· 00.00 · Buka Min pukul 07.00","https://lh3.googleusercontent.com/gps-cs-s/APNQkAGyeOREMyMyJQWb0qoYgfQWgXt6fgjSqdUKGGA5Fzej9f3Xw1vPT38zl3-nB7023mYhn_zzkafe-3ibGA9jPqgbo1uFFXM6uV7jtsdj8S__73r_fO6Hle_G7VX9yYjQI4PSsQby1qeGInJw=w153-h92-k-no","https://ssl.gstatic.com/local/servicebusiness/default_user.png","""Suasananya juga terasa nyaman karena pelayanannya yang tulus.""","","","","",""
"https://www.google.com/maps/place/gingsul+kopi+%26+kudapan/data=!4m7!3m6!1s0x2dd629005407dfab:0x57e04cb2e9dc96fa!8m2!3d-7.9644883!4d112.624798!16s%2Fg%2F11y5q38ll4!19sChIJq98HVAAp1i0R-pbc6bJM4Fc?authuser=0&hl=id&rclk=1","gingsul kopi & kudapan","4,8","(724)","Kedai Kopi","·","Jl. Besar Ijen No.79","Tutup","· Buka Min pukul 09.00","https://lh3.googleusercontent.com/gps-cs-s/APNQkAHTaBSftuGLbL62yMMl9XNJZzkKY1DAfvp-34SJBA0yl8jyy3m7xjPohkhOd7FvPFT2f8_IeGzE8tt-D4TqEgRUE-lqmeDXMdhpZKZFRVceLYbyOAKUKq2Jpgh8--y1DFko7n8H_S4_c7VW=w80-h142-k-no","https://ssl.gstatic.com/local/servicebusiness/default_user.png","""enakkk bangett tempat nya nyaman cocok buat nugas""","·","Rp 25–50 rb","","",""
"https://www.google.com/maps/place/Es.Mbarang/data=!4m7!3m6!1s0x2e78834ab9a6cf49:0x9638a058c3a6e4f6!8m2!3d-7.9547043!4d112.6111066!16s%2Fg%2F11tbvn73kr!19sChIJSc-muUqDeC4R9uSmw1igOJY?authuser=0&hl=id&rclk=1","Es.Mbarang","5,0","(1)","Kafe","·","Jl. Raya Sumbersari No.254b","Tutup","· Buka Min pukul 14.30","https://lh3.googleusercontent.com/gps-cs-s/APNQkAFe9YF0Hl2yJpMXJE7jSj-LwBjZGMq1gfI0vGVTJWFnO467nKmSHjN-SfYt8G66nwYPJ5UmEv1otBewrD73T1Bcsp6f8N2Uolqh2oZgbNHLuQqSs5TmqySfOnEOJ46pQvIfZp9R=w80-h106-k-no","https://ssl.gstatic.com/local/servicebusiness/default_user.png","""Lalapan nya Enak juga Cwi mie juga makyus""","","","","",""
"https://www.google.com/maps/place/Fahreza+Capucino+Cincau/data=!4m7!3m6!1s0x2e78827307c35d93:0xc3b0bacb1fd805a2!8m2!3d-7.9451573!4d112.611647!16s%2Fg%2F11f4_y1fxw!19sChIJk13DB3OCeC4RogXYH8u6sMM?authuser=0&hl=id&rclk=1","Fahreza Capucino Cincau","","","Kedai Kopi","·","Jl. MT. Haryono No.126 A","Tutup","· Buka Min pukul 08.00","https://streetviewpixels-pa.googleapis.com/v1/thumbnail?panoid=BLB5eq4FJvrHV1agn6T35g&cb_client=search.gws-prod.gps&w=80&h=92&yaw=259.41193&pitch=0&thumbfov=100","","Makan di tempat","","","","·","Bawa pulang"
"https://www.google.com/maps/place/McDonald%27s+MT+Haryono+Malang/data=!4m7!3m6!1s0x2e78834cc396c2d3:0x9f93d96f1f5f53b2!8m2!3d-7.9468541!4d112.6127958!16s%2Fg%2F11g1lw1vfg!19sChIJ08KWw0yDeC4RslNfH2_Zk58?authuser=0&hl=id&rclk=1","McDonald's MT Haryono Malang","4,5","(6.483)","Makanan Siap Saji","·","·","Buka 24 jam","","https://lh3.googleusercontent.com/gps-cs-s/APNQkAE5mPvdytqGHv7naIdoayVpr321NkuvWAl4HNrBACYsjzKHZ1Aq9YHX7KRL0cC2xtOyS0BKv99l4iSmq9BWM8oc_QssfreboHd03vUapALeNwB6tCF1Ne7UTNdN_hV5yYS8KPttQA=w163-h92-k-no","https://ssl.gstatic.com/local/servicebusiness/default_user.png","""Suasana adem cocok buat ngopi pagi2""","·","Rp 25–50 rb","Jl. MT. Haryono No.115","",""
"https://www.google.com/maps/place/Union+Cafeteria/data=!4m7!3m6!1s0x2e7883b5dbdf52e1:0xc8fbce64688792e5!8m2!3d-7.9561824!4d112.6146929!16s%2Fg%2F11stpwljcp!19sChIJ4VLf27WDeC4R5ZKHaGTO-8g?authuser=0&hl=id&rclk=1","Union Cafeteria","","","Kafe","·","Jl. Veteran","","","https://streetviewpixels-pa.googleapis.com/v1/thumbnail?panoid=-tnlRuorwYRkQi7WLZG9og&cb_client=search.gws-prod.gps&w=80&h=92&yaw=81.00248&pitch=0&thumbfov=100","","Makan di tempat","","","","·","Bawa pulang"
"https://www.google.com/maps/place/ma%27Kah/data=!4m7!3m6!1s0x2e78834903951e31:0x28c08eef7e55b743!8m2!3d-7.9563396!4d112.6146853!16s%2Fg%2F11pcs6d0b4!19sChIJMR6VA0mDeC4RQ7dVfu-OwCg?authuser=0&hl=id&rclk=1","ma'Kah","","","Kafe","·","Jl. Veteran No.17","Tutup","· Buka Min pukul 08.00","https://streetviewpixels-pa.googleapis.com/v1/thumbnail?panoid=-tnlRuorwYRkQi7WLZG9og&cb_client=search.gws-prod.gps&w=80&h=92&yaw=177.925&pitch=0&thumbfov=100","","Makan di tempat","","","","·","Bawa pulang"
"https://www.google.com/maps/place/AYO+MAKAN+-+Sego+Sambel+%26+Ayam+Goreng/data=!4m7!3m6!1s0x2e7883262117406d:0xbf2d515e817c844e!8m2!3d-7.9530841!4d112.6100979!16s%2Fg%2F11th_ymmxm!19sChIJbUAXISaDeC4RToR8gV5RLb8?authuser=0&hl=id&rclk=1","AYO MAKAN - Sego Sambel & Ayam Goreng","4,9","(328)","Rumah Makan","·","·","Tutup","· Buka Min pukul 08.00","https://lh3.googleusercontent.com/gps-cs-s/APNQkAGPp8sVa2k71EGaEuHwIk_EgnNt-InxVWYsuFl3f8gb41f845aESXxBY6x8v4EMvOyGMjzTRYJfOd41xWsfTs2pzgDpQlh8sGk7mI06lMUIT4Qw_HUg9woZ-hH5ewdvqOa0AEm99Hsmuauk=w80-h106-k-no","https://ssl.gstatic.com/local/servicebusiness/default_user.png","""Pedasy mantul bikin nagih,,,
Rekomended,,,""","·","Rp 1–25.000","Jl. Raya Sumbersari","",""
"https://www.google.com/maps/place/De%27warkop/data=!4m7!3m6!1s0x2e788273ee711d3b:0xcb8bd7831027232b!8m2!3d-7.9464357!4d112.6130844!16s%2Fg%2F11g6jsb2b6!19sChIJOx1x7nOCeC4RKyMnEIPXi8s?authuser=0&hl=id&rclk=1","De'warkop","4,7","(6)","Restoran","·","Ruko Istana Dinoyo, Jl. MT. Haryono Blok D3","Tutup","· Buka Sen pukul 08.00","https://lh3.googleusercontent.com/gps-cs-s/APNQkAGNgTGl8cKwhf4E83VHgNMv6xLU7PVBVNf6Fd5TG3ccqg2hncRmHBkQ1su7Xp8fRv3F4YuPQo_HZE5aexe4bU2akQGhUy-Fcv-YPgrNpPk5RUBo0Sy45WIVa4hOPc35JwI9Obfh=w122-h92-k-no","","Makan di tempat","","","","·","Bawa pulang"
"https://www.google.com/maps/place/Kampoeng+Roti/data=!4m7!3m6!1s0x2e788273e97eb139:0xa85d2d6bcc2ec14c!8m2!3d-7.9461745!4d112.6121793!16s%2Fg%2F11cnbct132!19sChIJObF-6XOCeC4RTMEuzGstXag?authuser=0&hl=id&rclk=1","Kampoeng Roti","4,6","(1.312)","Kafe","·","·","Tutup","· Buka Min pukul 06.00","https://lh3.googleusercontent.com/gps-cs-s/APNQkAEVmkc1J8dCL9vlkkMu9_dlkAKgDK7MZR-Fzr-1nHELeoWjOpNE8FnxzBz-kO4TSbcGJ67UJMyu0qUaea1560-FoCm-xMR24xuTIf841OqsMRmJX5I0vadOP3IjwcGMbM8xNajw=w163-h92-k-no","https://ssl.gstatic.com/local/servicebusiness/default_user.png","""Ganti nama jadi mao bakery.""","·","Rp 1–25.000","Ruko Doni, Jl. MT. Haryono No.73 Kavling no 5","",""
"https://www.google.com/maps/place/House+Of+Noodles+%28HONE%29/data=!4m7!3m6!1s0x2e7883c7ec4a6645:0x1c4e68c9760da646!8m2!3d-7.9497181!4d112.6168185!16s%2Fg%2F11r7hndq4n!19sChIJRWZK7MeDeC4RRqYNdsloThw?authuser=0&hl=id&rclk=1","House Of Noodles (HONE)","","","Kafe","·","Jalan Cengger Ayam I No.33a","Segera tutup","· 00.00 · Buka Min pukul 13.00","https://maps.gstatic.com/tactile/pane/result-no-thumbnail-2x.png","","Makan di tempat","","","","·","Bawa pulang"
"https://www.google.com/maps/place/OURA+-+Coffee+%26+Dining/data=!4m7!3m6!1s0x2dd629a804667379:0xfe0a12d748bd4c0f!8m2!3d-7.9678288!4d112.6217853!16s%2Fg%2F11gjs1l7yy!19sChIJeXNmBKgp1i0RD0y9SNcSCv4?authuser=0&hl=id&rclk=1","OURA - Coffee & Dining","4,7","(3.875)","Kafe","·","·","Tutup","· Buka Min pukul 08.00","https://lh3.googleusercontent.com/gps-cs-s/APNQkAEuhu9nISkvzibclOe5z0p9DEcUMSQUL7WpEDVHyh8HNUsdlBOsWn0CXAcCGzGmOJtPSbLjlGQfMMS4SGmRwBiNRFWrasJIY_dlVfg-kVDUs2X35ZvdVMAiAFAYvzYOYS3aH6uT-ITo_sT1=w163-h92-k-no","https://ssl.gstatic.com/local/servicebusiness/default_user.png","""Cocok sekali buat kopi pagi sebelum aktifitas dan sangat cozy buat WFc""","·","$$","Jl. Pahlawan Trip No.A11","",""
"https://www.google.com/maps/place/Warkop+87/data=!4m7!3m6!1s0x2e7883b901cf80e9:0xaedfaa24300cc79a!8m2!3d-7.9489423!4d112.6114898!16s%2Fg%2F11fj2r52qq!19sChIJ6YDPAbmDeC4RmscMMCSq364?authuser=0&hl=id&rclk=1","Warkop 87","4,4","(5)","Kedai Kopi","·","3J26+CHH, Jl. Watumujur","Segera tutup","· 00.00 · Buka Min pukul 09.00","https://lh3.googleusercontent.com/gps-cs-s/APNQkAHZ1TQaVXXyZYcRS_PbuuYniyNK8PKNwBcKf3lkx8_POAbtLLHiT0Ae-kzuLe9KAX87J9fHHocvPwV0iuJlbdQyOxVbFlSHjW3GPuiZjpi8kHQfKqKdjQABNdBJHq_7W2AXTSw5=w100-h92-k-no","https://ssl.gstatic.com/local/servicebusiness/default_user.png","""𝙋𝙚𝙣𝙟𝙪𝙖𝙡 𝙣𝙮𝙖 𝙡𝙪𝙘𝙪😂""","","","","",""
"https://www.google.com/maps/place/Warkop+Simbah/data=!4m7!3m6!1s0x2e788375abc9a42d:0xe1e585b21c718e63!8m2!3d-7.9504069!4d112.6113905!16s%2Fg%2F11kb92rpld!19sChIJLaTJq3WDeC4RY45xHLKF5eE?authuser=0&hl=id&rclk=1","Warkop Simbah","5,0","(1)","Kedai Kopi","·","·","","","https://lh3.googleusercontent.com/gps-cs-s/APNQkAGPMEKSQbktDPpjr_d9HJVO4sdIoeLe6UkMOoGcyJTT93QCTBSrTG5JwcW02pVNXuO0M3GhGiwztD17aMJZzrCd4uZS_wTCguZ4Q0XH6QzvYwHxrkjWPnYuoig2i6Vox1VgVGBX=w163-h92-k-no","https://ssl.gstatic.com/local/servicebusiness/default_user.png","""Harganya juga relatif terjangkau.""","","","Jl. Watumujur II No.18","",""
"https://www.google.com/maps/place/Xinona+boba/data=!4m7!3m6!1s0x2e788305aa93fc2f:0xb621d9d2f0185d7f!8m2!3d-7.948968!4d112.609218!16s%2Fg%2F11fsm_q3md!19sChIJL_yTqgWDeC4Rf10Y8NLZIbY?authuser=0&hl=id&rclk=1","Xinona boba","5,0","(1)","Kafe","·","Jl. Kerto Pamuji No.6","Tutup","· Buka Min pukul 08.30","https://lh3.googleusercontent.com/gps-cs-s/APNQkAEAmA5MSeBFI3cD8fi6LYyChH2lKiTZH3zfYqd2qXhzuFSjaXrHJ_tebme-U7qB5FcWBA2z-HUHfqugfPtbISsD1UM_Mh1hqCGfoVBt9WdC65vbhXE4HT-Qbt0Vxm-AO65QNqwkWQ=w92-h92-k-no","","Makan di tempat","","","","·","Bawa pulang"
"https://www.google.com/maps/place/Pavel+Kofie/data=!4m7!3m6!1s0x2e7883cad6968f17:0x5eac803d4b0f3fa5!8m2!3d-7.9463293!4d112.6130755!16s%2Fg%2F11v1b5kpjg!19sChIJF4-W1sqDeC4RpT8PSz2ArF4?authuser=0&hl=id&rclk=1","Pavel Kofie","5,0","(50)","Kedai Kopi","·","Ruko Istana Dinoyo, Jl. Mayjen Hariyono Jl. MT. Haryono No.D5","","","https://lh3.googleusercontent.com/gps-cs-s/APNQkAH2Tdhgr_8pkDuBgtGJPHP8nztAl6P3zXLTv3Mef8TApnoaqYaODb8oDtlIaRhWTUSTNC6UA5gK04F9HV-LpIsJP66wXyLrnCZf6ryfqMOIXj1Og12af6RJMPucXoMODGlyZBs2AQ=w80-h106-k-no","https://ssl.gstatic.com/local/servicebusiness/default_user.png","""Tempat nya enak, ramah, kopi dan makanan nya enak ❤️.""","·","Rp 25–50 rb","","",""
"https://www.google.com/maps/place/Malbourne+Coffee+Co/data=!4m7!3m6!1s0x2dd62939e7e67eeb:0x721845ece40c0395!8m2!3d-7.9498201!4d112.6388059!16s%2Fg%2F11h60fctqp!19sChIJ637m5zkp1i0RlQMM5OxFGHI?authuser=0&hl=id&rclk=1","Malbourne Coffee Co","4,8","(720)","Kafe","·","Jl. Bantaran No.2D","Tutup","· Buka Min pukul 08.00","https://lh3.googleusercontent.com/gps-cs-s/APNQkAHDppbblyH7mBkwx-z_L0lyhT0ExpEaKHuNj8WHHw1z2Cago7qvZbXpajaL3eH-V6euSJXH6umybTeRXWQYDAhxAljd-bxmy5oUGyrMCe2A75T4r5a0-GDLRp-Qe2Di-bK8hNqRF1A_lto=w80-h106-k-no","https://ssl.gstatic.com/local/servicebusiness/default_user.png","""good food, good coffee, good ambience, good job malbourne⭐️⭐️⭐️⭐️⭐️""","·","Rp 25–50 rb","","",""
"https://www.google.com/maps/place/The+Arbanat+Kitchen+Cafe+Lounge/data=!4m7!3m6!1s0x2e78828ff02a1493:0x122f370bc58dee11!8m2!3d-7.9721959!4d112.6071336!16s%2Fg%2F11fx8bslc9!19sChIJkxQq8I-CeC4REe6NxQs3LxI?authuser=0&hl=id&rclk=1","The Arbanat Kitchen Cafe Lounge","4,5","(2.796)","Kafe","·","Jl. Terusan Dieng No.4-6","Tutup","· Buka Min pukul 07.20","https://lh3.googleusercontent.com/gps-cs-s/APNQkAEkg_yVqjmpPdkj1ns7iWqvWkHmegKzDxKvm0OoyK-vnYScVDKBpKQ0jAIwOWpGevvo7bOt5jHjITyWb_9dei02wQj7d0-SnDF1Mg2qz7EF5OJschrQj4ykwIACmZNKRFc2VdtB=w122-h92-k-no","https://ssl.gstatic.com/local/servicebusiness/default_user.png","""Vibesnya modern dan cozy parah, tiap sudutnya instagramable.""","·","Rp 50–75 rb","","",""
"https://www.google.com/maps/place/Madame+Wang+Secret+Garden/data=!4m7!3m6!1s0x2e78829d5ad12dcd:0x2dcac58d4596eeab!8m2!3d-7.9728399!4d112.6189956!16s%2Fg%2F11b7lhrbw1!19sChIJzS3RWp2CeC4Rq-6WRY3Fyi0?authuser=0&hl=id&rclk=1","Madame Wang Secret Garden","4,5","(3.693)","Indonesia","·","Jl. Telomoyo No.12","Tutup","· Buka Min pukul 10.00","https://lh3.googleusercontent.com/gps-cs-s/APNQkAF_BMes0-g8CcF5wVa5rwtKWj9IyXQIeXKqKKrd1Qzs2PMDeD2QqEGwkZvxq0YTC9DLwLQDn-53mEAlWRQ1FfcF0N2dSmOWeFiffTQfl788B5kVTha_hw1NRvqYhCfChJfHxM-MNg=w122-h92-k-no","https://ssl.gstatic.com/local/servicebusiness/default_user.png","""Oreo milk, matcha, candy lychee dan aneka kopi.""","·","Rp 25–50 rb","Resto vegetarian yang tenang plus kebun","",""
"https://www.google.com/maps/place/Kopi+Hitam+Madu4D/data=!4m7!3m6!1s0x2e78834f90857a19:0x71f26e29f0b4a6fa!8m2!3d-7.9481249!4d112.6090507!16s%2Fg%2F11j59qmbzl!19sChIJGXqFkE-DeC4R-qa08Clu8nE?authuser=0&hl=id&rclk=1","Kopi Hitam Madu4D","","","Kedai Kopi","·","Jl. Kertosentono No.6","","","https://streetviewpixels-pa.googleapis.com/v1/thumbnail?panoid=OQG0uw_TYOpWw0F1xmxFZg&cb_client=search.gws-prod.gps&w=80&h=92&yaw=156.05391&pitch=0&thumbfov=100","","Makan di tempat","","","","·","Bawa pulang"
"https://www.google.com/maps/place/Kue+CINGKIR/data=!4m7!3m6!1s0x2e7882724fd6596b:0x6e99f3bc7539af25!8m2!3d-7.9455479!4d112.6103812!16s%2Fg%2F11cshwlchq!19sChIJa1nWT3KCeC4RJa85dbzzmW4?authuser=0&hl=id&rclk=1","Kue CINGKIR","4,5","(28)","Restoran","·","Jl. Watu Gilang No.19","Tutup","· Buka Min pukul 09.00","https://lh3.googleusercontent.com/gps-cs-s/APNQkAF97o2LZI1YM6Z-4Nnkh6zK6xCEeU5trd2fEmAoYy-fdYb7mtCclReDmONTEATcYTxksRi0M6Cx-7dap0IG4iStyrHfIwk3kqmU63CAM21dfEQyatMu_Wbn13Js0zl0O9vjjmso4PWwggBf=w91-h92-k-no","https://ssl.gstatic.com/local/servicebusiness/default_user.png","""Rata-rata harganya 4 k ke atas .""","","","","",""
"https://www.google.com/maps/place/WARKOP+DEWOK/data=!4m7!3m6!1s0x2e7883b0a09cdb03:0xd129a5d36dc188a2!8m2!3d-7.9508831!4d112.6099535!16s%2Fg%2F11y4fzwr60!19sChIJA9ucoLCDeC4RoojBbdOlKdE?authuser=0&hl=id&rclk=1","WARKOP DEWOK","5,0","(1)","Kedai Kopi","·","Jl. Kertosentono No.23","Tutup","· Buka Min pukul 10.00","https://streetviewpixels-pa.googleapis.com/v1/thumbnail?panoid=Nh5Zp9k8oyo2pJWyxKKXJQ&cb_client=search.gws-prod.gps&w=80&h=92&yaw=348.7013&pitch=0&thumbfov=100","","Makan di tempat","","","","·","Ambil di tepi jalan"
"https://www.google.com/maps/place/Angkringan+26/data=!4m7!3m6!1s0x2e78832b6395a8ef:0x71d714f1b4d49885!8m2!3d-7.9513691!4d112.6089054!16s%2Fg%2F11t2cn1krx!19sChIJ76iVYyuDeC4RhZjUtPEU13E?authuser=0&hl=id&rclk=1","Angkringan 26","5,0","(1)","Kedai Kopi","·","Jl. Gajayana No.50","","","https://streetviewpixels-pa.googleapis.com/v1/thumbnail?panoid=foZCm-KK8Ijo7h-mXwsxrw&cb_client=search.gws-prod.gps&w=80&h=92&yaw=250.70872&pitch=0&thumbfov=100","https://ssl.gstatic.com/local/servicebusiness/default_user.png","""Angkringan merebak di kota malang""","","","","",""
"https://www.google.com/maps/place/Singkong+keju+mamprang/data=!4m7!3m6!1s0x2e7883a6da5d8107:0xb7382a13820c818c!8m2!3d-7.9453972!4d112.6094234!16s%2Fg%2F11g1hk36xx!19sChIJB4Fd2qaDeC4RjIEMghMqOLc?authuser=0&hl=id&rclk=1","Singkong keju mamprang","4,3","(3)","Kafe","·","3J35+RQV, Jl. Gajayana","Tutup","· Buka Min pukul 14.00","https://lh3.googleusercontent.com/gps-cs-s/APNQkAGoTFUK2o59hesQ0JSi3p9Kma7oTEgFz_nXeiaaWGikPH7Q3WsO3hdZZ7DNdFIfblA-SZj1k29ldYRMWUsyxHE97wxPnJaVnAe6UyTHuhWAknGnJYX6PFk-3C60lWk5Hdwq5Srq=w80-h106-k-no","https://ssl.gstatic.com/local/servicebusiness/default_user.png","""Enak porsi banyak""","","","","",""
"https://www.google.com/maps/place/Sanyada+Coffe+%26+Eatery/data=!4m7!3m6!1s0x2dd629c5a8a698f5:0x43b42cd5e9408e85!8m2!3d-7.9491833!4d112.6164059!16s%2Fg%2F11yc8rpqv8!19sChIJ9ZimqMUp1i0RhY5A6dUstEM?authuser=0&hl=id&rclk=1","Sanyada Coffe & Eatery","5,0","(1)","Kafe","·","·","","","https://lh3.googleusercontent.com/gps-cs-s/APNQkAHSDdkJbE0Kqo15bO270PLHLb2CReqJQBd5nhClkRtqtTxx4EXRVDWGiinHCwmzDUUlEdFXkll3nJEJXRxp7i7-Y34xeqFUvEZTYB66093a_WZYJjaaGzS0gCXt2pKbOMp51fy6NJ2CMzbo=w122-h92-k-no","https://ssl.gstatic.com/local/servicebusiness/default_user.png","""Menu caffe  enak & sesuai price👍""","","","Jl. Soekarno Hatta No.2","",""
"https://www.google.com/maps/place/Kos+UB+sinar+brawijaya/data=!4m7!3m6!1s0x2e788354f97808f7:0x17911e1e80256d21!8m2!3d-7.9469908!4d112.6132707!16s%2Fg%2F11cs4ygmvy!19sChIJ9wh4-VSDeC4RIW0lgB4ekRc?authuser=0&hl=id&rclk=1","Kos UB sinar brawijaya","4,7","(44)","Hotel","·","Jl. MT. Haryono No.112 a","","","https://lh3.googleusercontent.com/gps-cs-s/APNQkAF2xP6MMLzrZeel-P7zDHaqmE_Sxe4iUwojv4OwbyMrHHngg0k48VpiXV4nL2k1uY8KaxedS9QCROuvwPUjXcaFecq3MHxVZyUTkyuNqyNn1XGhxzF3YoifymvpcTo_0UqYr0KU5I5g8nc=w80-h106-k-no","https://ssl.gstatic.com/local/servicebusiness/default_user.png","""BENER BENER WORTH IT BANGET.""","","","","",""
"https://www.google.com/maps/place/Vosco+Coffee/data=!4m7!3m6!1s0x2dd629e9f7764b69:0xc573913af2f2e029!8m2!3d-7.940185!4d112.637716!16s%2Fg%2F11b6v9q4sc!19sChIJaUt29-kp1i0RKeDy8jqRc8U?authuser=0&hl=id&rclk=1","Vosco Coffee","4,5","(2.074)","Kedai Kopi","·","·","Tutup","· Buka Min pukul 10.00","https://lh3.googleusercontent.com/gps-cs-s/APNQkAE3ynvu7Gp4p-eg9B2jpMxlPJyGQS62HIp5BzT6H4kxjZOWqOTqrNW6FKBRIyUzsGQD5sWE3X7wX2yZC5OMp_ntnKfbO0mk7xtGRqe31qz6DfjxDA0opV-P3WlckSzIYtIjwNbv=w122-h92-k-no","https://ssl.gstatic.com/local/servicebusiness/default_user.png","""Tempatnya cozy banget, kopi dan makanannya enak.""","·","Rp 50–75 rb","Jl. Borobudur No.27A","",""
"https://www.google.com/maps/place/Simpang+Luwe+Cafe+%26+Resto/data=!4m7!3m6!1s0x2dd62833b21684c7:0x22d5ed427e469a64!8m2!3d-7.9644613!4d112.6352943!16s%2Fg%2F1pxq5_5b6!19sChIJx4QWsjMo1i0RZJpGfkLt1SI?authuser=0&hl=id&rclk=1","Simpang Luwe Cafe & Resto","4,4","(2.656)","Jawa","·","Jl. Letjen Sutoyo No.2","Segera tutup","· 00.00 · Buka Min pukul 11.00","https://lh3.googleusercontent.com/gps-cs-s/APNQkAEwxODwef52nRZ_42dntpv5YA2Oo5DO0nr-AdAJI84o6TPfKa11G7xZjeZzYmSJTTwYLyemdXVN7XURg0T4baO9L994Ot_jYsPVWhh3j9wdptvnCf9rsJNWjW5-PHV3cX0jSkgz=w122-h92-k-no","https://ssl.gstatic.com/local/servicebusiness/default_user.png","""Hemmm... Rasa cappuccino g sesuai tempatnya yg asri""","·","Rp 25–50 rb","Kafe yang menyajikan konsep menu unik","",""
"https://www.google.com/maps/place/Teh+Poci/data=!4m7!3m6!1s0x2e78839ac55e6df1:0x407a8b70b73b6c58!8m2!3d-7.9464921!4d112.6107041!16s%2Fg%2F11fk1nwyp4!19sChIJ8W1exZqDeC4RWGw7t3CLekA?authuser=0&hl=id&rclk=1","Teh Poci","3,8","(13)","Kafe","·","·","Tutup","· Buka Min pukul 09.00","https://lh3.googleusercontent.com/gps-cs-s/APNQkAEMYBb01AhdoKgn3pYjlVkvOZLqH2XKUMtmzwRVGW4160rTCjD9Fti8lBlSsdd4Dt8fMcj6C2Fe4Fu2j-EYPXUWruamXI9Q6QGLWhd0vYlpw_tS6OZ9LFPJkN2p20Ndeg_DORPR2A=w80-h106-k-no","https://ssl.gstatic.com/local/servicebusiness/default_user.png","""Jadi ga usah ragu, mampir saja ya kawan2""","·","Rp 1–25.000","Jl. Kerto Raharjo No.42b","",""
"https://www.google.com/maps/place/Rumah+Diva/data=!4m7!3m6!1s0x2e7883ee95531a9d:0xb844d708d00b3aee!8m2!3d-7.9543305!4d112.6102865!16s%2Fg%2F11t4m6kbh1!19sChIJnRpTle6DeC4R7joL0AjXRLg?authuser=0&hl=id&rclk=1","Rumah Diva","","","Kedai Kopi","·","Jl. Raya Sumbersari Gg. III No.230","","","https://streetviewpixels-pa.googleapis.com/v1/thumbnail?panoid=WQBMMEQ9buagJn7PAvrV0A&cb_client=search.gws-prod.gps&w=80&h=92&yaw=125.72148&pitch=0&thumbfov=100","","Makan di tempat","","","","·","Bawa pulang"
"https://www.google.com/maps/place/Omah+jus+bu+sanik/data=!4m7!3m6!1s0x2e788273a22c8323:0xba9bbe31e31fc714!8m2!3d-7.9450859!4d112.6122294!16s%2Fg%2F11hblbs843!19sChIJI4MsonOCeC4RFMcf4zG-m7o?authuser=0&hl=id&rclk=1","Omah jus bu sanik","","","Kafe","·","3J36+XV9, Jl. Kertosentono","Tutup","· Buka Min pukul 08.00","https://lh3.googleusercontent.com/gps-cs-s/APNQkAHXb2GkUhcluz6pScGnliEPnyX9igtawGhHRokwmVRcWc1g63IrAftXvbzuVbsfzIA9lBg6HMqFzgeW44bZ2ke2uA7sK9Q3yHuC_MrZ_MMj7GxXkkOajQDwX0OYnHZw_ukW5HwU=w162-h92-k-no","","Makan di tempat","","","","·","Bawa pulang"
"https://www.google.com/maps/place/Ud+Dorang+%28+Usahan+Dagang+Dodolan+Sembarang+Kuliner+%29/data=!4m7!3m6!1s0x2e78830020aea299:0xd7e6a6550ae16f3d!8m2!3d-7.9553706!4d112.6164919!16s%2Fg%2F11ldysbgj1!19sChIJmaKuIACDeC4RPW_hClWm5tc?authuser=0&hl=id&rclk=1","Ud Dorang ( Usahan Dagang Dodolan Sembarang Kuliner )","","","Kedai Kopi","·","Jl.Cipayung No.9","Tutup","· Buka Sen pukul 09.03","https://lh3.googleusercontent.com/gps-cs-s/APNQkAGEaP1Sge5_92GIp2lGN91pqgnfDA7gvF5zH4yVNhyXa5jO9_bk6i8dO_AMcMvMNyD0bliNmlWWGi9AWRaDlUpga2qtsxmcA9-NBDICGKI4SX9A__cmG8Oo888JH5Ea5x0PMYU9=w95-h92-k-no","","Makan di tempat","","","","·","Bawa pulang"
"https://www.google.com/maps/place/BENEFIT+COFFEE+Malang+Jalan+Cimahi,+Sebelah+Transmart+Malang/data=!4m7!3m6!1s0x2e78834967f30b9d:0xdf160f373b9005ad!8m2!3d-7.9558343!4d112.6167029!16s%2Fg%2F11t16r5zz4!19sChIJnQvzZ0mDeC4RrQWQOzcPFt8?authuser=0&hl=id&rclk=1","BENEFIT COFFEE Malang Jalan Cimahi, Sebelah Transmart Malang","","","Kedai Kopi","·","Jl. Cimahi No.6","","","https://lh3.googleusercontent.com/gps-cs-s/APNQkAFOwK1rJ4fS7iNl8bQ1Fs8hWj4npO1BsEPZ9rMr6gpErnewHKlhjf0PPewXTSsScMnqPKWyN5ejpUJ1DEWxFS_S6WQBlWdijNxMWb0HZtino18oUfQYCseYau-EjxnL2Od2mzd2=w163-h92-k-no","","","","","","",""
"https://www.google.com/maps/place/ngopi+bang/data=!4m7!3m6!1s0x2e78831feaa51289:0xab6c99698434f3a5!8m2!3d-7.9559642!4d112.6093282!16s%2Fg%2F11vztx5c_w!19sChIJiRKl6h-DeC4RpfM0hGmZbKs?authuser=0&hl=id&rclk=1","ngopi bang","","","Bar Kopi Espresso","","","","","https://streetviewpixels-pa.googleapis.com/v1/thumbnail?panoid=M4kkrK04rKlc0WSzI9xbMQ&cb_client=search.gws-prod.gps&w=80&h=92&yaw=101.69921&pitch=0&thumbfov=100","","Makan di tempat","","","","·","Bawa pulang"
"https://www.google.com/maps/place/NK+Cafe/data=!4m7!3m6!1s0x2e7881c383e28109:0x4a031d50a397bd8!8m2!3d-7.9143686!4d112.6079681!16s%2Fg%2F11jxsfs3k1!19sChIJCYHig8OBeC4R2Hs5CtUxoAQ?authuser=0&hl=id&rclk=1","NK Cafe","4,5","(8.969)","Kafe","·","Jl. Raya Kasin","Tutup","· Buka Min pukul 06.30","https://lh3.googleusercontent.com/gps-cs-s/APNQkAHUtUmgx1rkEfSdBaIIudtrpgB09kC6gBRKRV3tuFx0T9asnnKEIZKBL4cfxDu-_mEPVpBGbGwqiN0o2md_5Wzlyud8zALeRWizR-TyrmnDfWAMRvrFgVVKxjPAZuLPN28Z7FeVsBvIWbLM=w80-h106-k-no","https://ssl.gstatic.com/local/servicebusiness/default_user.png","""Tempatnya cozy dan instagramable, bersih dan good service.""","·","Rp 25–50 rb","","",""
"https://www.google.com/maps/place/Monster+Ice+Blend+Malang/data=!4m7!3m6!1s0x2e7882722efc3807:0xfde80da2bbbde6fd!8m2!3d-7.9469206!4d112.6104017!16s%2Fg%2F11clzv51b4!19sChIJBzj8LnKCeC4R_ea9u6IN6P0?authuser=0&hl=id&rclk=1","Monster Ice Blend Malang","4,3","(3)","Kafe","·","Jl. Kerto Raharjo No.83","","","https://lh3.googleusercontent.com/gps-cs-s/APNQkAGZjqe7-mwxfkI2nY7JSBG9BK6hAMhgjBF7DvTXNNxzbAuHHZLLlbmZ3fQYhO9OOGAzDecZIvfYjg3PXrI_wKVGQ_Xaxj0RxhDvNdnA92jJKbVNtn5wCpxAunrWo-HySNh_yNDC=w92-h92-k-no","","","","","","",""
"https://www.google.com/maps/place/COFFEE+HUNTER+INDONESIA/data=!4m7!3m6!1s0x2dd6299eb5afb821:0x8b32ac16a7567e93!8m2!3d-7.9399588!4d112.6920548!16s%2Fg%2F11mprlyqzd!19sChIJIbivtZ4p1i0Rk35WpxasMos?authuser=0&hl=id&rclk=1","COFFEE HUNTER INDONESIA","4,9","(25)","Kafe","·","Graha Gardenia Jl. Saptoraya No.B 11","Tutup","· Buka Min pukul 14.00","https://lh3.googleusercontent.com/gps-cs-s/APNQkAHPxBbQHuSWeUnsf3ztnqPyqYVQALiuEaD6SLcXGvJIek89cVQefw32zLCFEq7nmkalc5bFvOnkOog1g3JvR9mej0RcRI3--H-e95O5KhSGF0RiNzSV1aQtB6oAlG-sMByNJ_4k=w122-h92-k-no","https://ssl.gstatic.com/local/servicebusiness/default_user.png","""Recomend to any other""","·","Rp 1–25.000","","",""
"","","","","","","","","","","","","","","","",""