"hfpxzc href","qBF1Pd","MW4etd","UY7F9","AJB7ye","AJB7ye 2","W4Efsd","W4Efsd 2","W4Efsd 3","W4Efsd 4","W4Efsd 5","FQ2IWe src","Jn12ke src","ah5Ghc","M4A5Cf","ah5Ghc 2","e4rVHe"
"","","","","","","","","","","","","","","","",""
"","","","","","","","","","","","","","","","",""
"https://www.google.com/maps/place/Kedai+Kartel/data=!4m7!3m6!1s0x2e7883002480149f:0xb6a3c4ca7dcb87d9!8m2!3d-7.945268!4d112.6128619!16s%2Fg%2F11y5h3x0g2!19sChIJnxSAJACDeC4R2YfLfcrEo7Y?authuser=0&hl=id&rclk=1","Kedai Kartel","4,9","(75)","·","Rp 1–25.000","Kedai Kopi","·","Ruko Ditas, Jl. MT. Haryono No.Kav. 24","Segera tutup","· 00.00 · Buka Min pukul 10.00","https://lh3.googleusercontent.com/gps-cs-s/APNQkAEhxIXlFlKCgLXX76N4XOpApo6tGA3IIE-ZMaAAbq8-E8uHpPhEtZbsPbhDteWW7xI8Y5ljgbwXZLwz-9xjxsDB7bouqNW3im9h7fMLSB5T5jJzEo4iePPIBJdZ9cznHfZSY_Y0J9AQtQ-N=w80-h106-k-no","https://ssl.gstatic.com/local/servicebusiness/default_user.png","""menunya affordable banget, lokasi strategis cocok buat nugas🫶🏻🫶🏻""","","",""
"https://www.google.com/maps/place/KIDANGMAS/data=!4m7!3m6!1s0x2e7883003b992047:0xcf2030129a78e226!8m2!3d-7.956532!4d112.6132683!16s%2Fg%2F11mt7g6622!19sChIJRyCZOwCDeC4RJuJ4mhIwIM8?authuser=0&hl=id&rclk=1","KIDANGMAS","4,9","(16)","·","Rp 1–25.000","Kedai Kopi","·","Jl. Veteran No.21","Buka 24 jam","","https://lh3.googleusercontent.com/gps-cs-s/APNQkAGrEevrESqyJBFuUqU_9jMNvKGGRiDoeerQ5bipMJfeAuBkYjuw44VTsk9aGdSDygevGNVy17Pz1vrj2ihTJzG4uK-4SMHeVjxHq2DeriIpDMfwXiKeaRFUaYjMcQYfclyQoQPyUkLjeQhQ=w80-h106-k-no","https://ssl.gstatic.com/local/servicebusiness/default_user.png","""tempatnya nyaman, banyak colokan, enak buat nongki 24 jam, mantappp""","","",""
"https://www.google.com/maps/place/KAF+Cafe/data=!4m7!3m6!1s0x2e788333398f3db3:0x282645ad24fa3992!8m2!3d-7.9450156!4d112.6115516!16s%2Fg%2F11s3_4lp5q!19sChIJsz2POTODeC4Rkjn6JK1FJig?authuser=0&hl=id&rclk=1","KAF Cafe","4,4","(725)","·","Rp 25–50 rb","Kedai Kopi","·","Jl. MT. Haryono No.127","Buka","· Tutup pukul 03.00","https://lh3.googleusercontent.com/gps-cs-s/APNQkAGB9cwn4wzMaXdbsH-y9AtsqAKIHtqjMRLQ6crTZ6lOssWXewoIB-nK9zkjJ0nG39_eWlcM7RKKWyh1pzwvv14hEULdqOCc4c7k7PYIALIjMsUYTB8wjtpGSTiQfW_m9qerfoA=w80-h106-k-no","https://ssl.gstatic.com/local/servicebusiness/default_user.png","""Makanannya enak enak harganya murah.""","","",""
"https://www.google.com/maps/place/Smoking+Area+Kimia/data=!4m7!3m6!1s0x2e78830032147365:0x7b05d028675e1bd7!8m2!3d-7.9517381!4d112.6118536!16s%2Fg%2F11y5q2j0c2!19sChIJZXMUMgCDeC4R1xteZyjQBXs?authuser=0&hl=id&rclk=1","Smoking Area Kimia","4,9","(10)","","","Kedai Kopi","·","2JX6+8MQ","Buka 24 jam","","https://lh3.googleusercontent.com/gps-cs-s/APNQkAF7FuAcpFBbOvEdQALN3Q9hq_BV0qe3wxe7DEhYJmevFo2O1XG94-jCaD4AlgSmFPQGUTNBjwO3Pf17XLWaIlh7hNjEcQGGoFDdvMos5gu31KljjqCmzWO8PZHpYFtWLR8sfOQJMw=w80-h142-k-no","https://ssl.gstatic.com/local/servicebusiness/default_user.png","""tempat recommended untuk diskusi dan nongki""","","",""
"https://www.google.com/maps/place/Kedai+Kopi+Kecil+%28jl+raya+sumbersai%29/data=!4m7!3m6!1s0x2e7883501206f3eb:0x216b20dd6ec31484!8m2!3d-7.9535573!4d112.6101766!16s%2Fg%2F11g1j7787d!19sChIJ6_MGElCDeC4RhBTDbt0gayE?authuser=0&hl=id&rclk=1","Kedai Kopi Kecil (jl raya sumbersai)","5,0","(1)","","","Kedai Kopi","·","Jl. Raya Sumbersari No.79a","Buka 24 jam","","https://lh3.googleusercontent.com/gps-cs-s/APNQkAGxYNZXsvBT3ZgstQ1TRPgVJEsq2d7JXoWnaGZ-txg07GR2_5gRT9e1_5CamJrpMrUjx-SIRg2S6NudZ0C1DkIDKp1ro1D-zrqVx9-0zLCtpQRcBzDqGfzCNG5HnfzmC9quKzb_-w=w80-h106-k-no","","Makan di tempat","·","Bawa pulang",""
"https://www.google.com/maps/place/Kedai+nirwana/data=!4m7!3m6!1s0x2e7883005af06491:0xd14f7cb0ffa00c22!8m2!3d-7.952222!4d112.6098697!16s%2Fg%2F11y0b7_hvx!19sChIJkWTwWgCDeC4RIgyg_7B8T9E?authuser=0&hl=id&rclk=1","Kedai nirwana","5,0","(7)","","","Kedai Kopi","·","Jl. Kerto Waluyo No.2x5","Buka 24 jam","","https://lh3.googleusercontent.com/gps-cs-s/APNQkAFwSIOr5cVkeU2t6j6C2DTj8RBh3OmMvWwbxbvGskhxHZaTve-QEJBsxJmH7Wg16uu6Qk4kX-GqrQ25Q6jpfS4JSHcuqLawW3khsougUhQxUrl2NKLxMzXCzp_9bpAhlZgZC2whDWYKX-c=w122-h92-k-no","https://ssl.gstatic.com/local/servicebusiness/default_user.png","""","","Kedai",""
"https://www.google.com/maps/place/Kisakopi+by+aslirasa/data=!4m7!3m6!1s0x2e7883003b3e77a3:0x30c4f588bcd50679!8m2!3d-7.9462121!4d112.6109865!16s%2Fg%2F11lmhl99s6!19sChIJo3c-OwCDeC4ReQbVvIj1xDA?authuser=0&hl=id&rclk=1","Kisakopi by aslirasa","5,0","(1)","","","Kedai Kopi","·","Jl. Kerto Raharjo No.26B","Buka 24 jam","","https://lh3.googleusercontent.com/gps-cs-s/APNQkAGxqqjNxSH5vsdpIpMtVlCLgB6krIZyNRrpB_4_yK_n0sAf3YD3bQvoiEhHriizl4cK1o5c8Xhmhzm0sBlJMtk9pOvb8J2AukYmSeALm7ifeJ4NsGRfJGagilKQsG7byiY-7i5C=w80-h123-k-no","","Makan di tempat","·","Drive-through",""
"https://www.google.com/maps/place/TG+Table+Bar/data=!4m7!3m6!1s0x2e7883c86969eaf5:0x7997f4418e9973fb!8m2!3d-7.9525454!4d112.61159!16s%2Fg%2F11l59sbm1x!19sChIJ9eppaciDeC4R-3OZjkH0l3k?authuser=0&hl=id&rclk=1","TG Table Bar","5,0","(10)","","","Kedai Kopi","·","2JW6+XJP, Universitas Brawijaya","Buka 24 jam","","https://lh3.googleusercontent.com/gps-cs-s/APNQkAHrK9YevhYf777TeJxUsJDr0jUU3qATW2ylkJ64tsXxEY5bD59O9lWo181NR83A-aUKI2E6hPDThaQNntrk6WZXN0LErjN9Z6td-HbkfLrcL9o7jWVm3O4WdEfXpC62oOTIbhk=w80-h128-k-no","https://ssl.gstatic.com/local/servicebusiness/default_user.png","""Tempatnya nyaman banget, bisa untuk semua nya""","","",""
"https://www.google.com/maps/place/Kopi+Ada+Rasa/data=!4m7!3m6!1s0x2e7883c9cdc2205d:0x4f531f9492292da1!8m2!3d-7.9452534!4d112.6160599!16s%2Fg%2F11h55nfc4w!19sChIJXSDCzcmDeC4RoS0pkpQfU08?authuser=0&hl=id&rclk=1","Kopi Ada Rasa","5,0","(20)","","","Kedai Kopi","·","Jl. Semanggi Bar. No.5","Tutup","· Buka Min pukul 12.00","https://lh3.googleusercontent.com/gps-cs-s/APNQkAGrP6XSPpTQoSxIBnjmbiSJHJl_rDKam3CEWvjd5KDD3o0zdCCV9JFv_AsLeIJsE792rGVOsVFbDOWYU-sW_AYFS8_CdPSzX0M07bcFhQOoBmu4HesZOvwrlSi1TnayH3oLcMIaAw=w122-h92-k-no","","Makan di tempat","·","Bawa pulang",""
"https://www.google.com/maps/place/Kopi+Kurang+Lebih+Dinoyo/data=!4m7!3m6!1s0x2e7883d817ae3beb:0x1db8463e96f170d9!8m2!3d-7.9451425!4d112.6119259!16s%2Fg%2F11s57d2302!19sChIJ6zuuF9iDeC4R2XDxlj5GuB0?authuser=0&hl=id&rclk=1","Kopi Kurang Lebih Dinoyo","4,8","(66)","·","Rp 25–50 rb","Kedai Kopi","·","Jl. MT. Haryono No.17A","Segera tutup","· 00.00 · Buka Min pukul 09.00","https://lh3.googleusercontent.com/gps-cs-s/APNQkAHs_JjRsEYjShBaufm15MIJxtDwBkn9LmIWEVmyKeJxFi0VV4HF_z2eFE4BRbuMtZrp167XSwtldvEhPe-5ad7_ivjj1yGvtCDvbIqjG7URRKL4zJvz4siCOHoca9sZdv68-R47=w92-h92-k-no","https://ssl.gstatic.com/local/servicebusiness/default_user.png","""Menu kopinya rekomended banget ga bikin asam lambung walaupun strong.""","","",""
"https://www.google.com/maps/place/Gerasan+%22Omah+Kopi%22/data=!4m7!3m6!1s0x2e78827208ce0669:0xaf55f6fbdba2c558!8m2!3d-7.9468325!4d112.6082346!16s%2Fg%2F11g6mh44mc!19sChIJaQbOCHKCeC4RWMWi2_v2Va8?authuser=0&hl=id&rclk=1","Gerasan ""Omah Kopi""","4,0","(52)","·","$","Kedai Kopi","·","·","Buka","· Tutup pukul 01.00","https://lh3.googleusercontent.com/gps-cs-s/APNQkAFH-82rnc0_N4sOcdFoH-htetuyDO7zYgb_Qa8U_BTiLXjNv-8rAQECY1wMT_AL2lG9h6e7qHdxl1aYLsOIqf1NTEqK3ph_CmAigICHaU0T42vBx0iGjpZgm8kBPYrrtVVXAQo=w80-h106-k-no","","Makan di tempat","·","Bawa pulang",""
"https://www.google.com/maps/place/Kopiniboss/data=!4m7!3m6!1s0x2dd6291c5255b82f:0x329e75a630799609!8m2!3d-7.95585!4d112.6144948!16s%2Fg%2F11t4dwj_41!19sChIJL7hVUhwp1i0RCZZ5MKZ1njI?authuser=0&hl=id&rclk=1","Kopiniboss","4,9","(18)","·","Rp 1–25.000","Kedai Kopi","·","Jl. Veteran","Tutup","· Buka Min pukul 17.00","https://lh3.googleusercontent.com/gps-cs-s/APNQkAGKn3JKY0T8s4StY7RuiLO1XtXtJiCNyg8eHIL6i_M-KcrhcvTf7F9IW5YxCOPQmfGzy92y_aQxv6vtSfAxwR5Z1fH28f5W5Av5ZfdM1Pn1Mzd1fRzRwKgc129HS23m_3Jk6yA=w80-h106-k-no","https://ssl.gstatic.com/local/servicebusiness/default_user.png","""Harga oke banget terjangkau, buat nongkrong juga enak ambience nya.""","","",""
"https://www.google.com/maps/place/Warkop+Agam+Dinoyo/data=!4m7!3m6!1s0x2e78830050d6d26b:0xff48573deb1bf101!8m2!3d-7.9466329!4d112.6130302!16s%2Fg%2F11x6jmh73r!19sChIJa9LWUACDeC4RAfEb6z1XSP8?authuser=0&hl=id&rclk=1","Warkop Agam Dinoyo","4,9","(292)","·","Rp 1–25.000","Kedai Kopi","·","·","Buka 24 jam","","https://lh3.googleusercontent.com/gps-cs-s/APNQkAGyOdccoeo1xP29ODyxlz1Ex92fd9icOv3EE3oE5IRjr-yJik3CLLoAWoCEXsL-ZOfW5d8628aTu9eAZJHRE61hRas8mRZUbebFfgwslMDUAOx01JfzHJiYT3Kc_VUh6RKkC4KHOSpXqPAh=w80-h106-k-no","https://ssl.gstatic.com/local/servicebusiness/default_user.png","""Makanannya enak banget, porsinya pas, tempatnya bersih dan nyaman.""","","",""
"https://www.google.com/maps/place/Kedai+999/data=!4m7!3m6!1s0x2e78827ab8e4e98b:0xcc0e35abc43b2e0c!8m2!3d-7.9536309!4d112.6090178!16s%2Fg%2F11gbxcrrkk!19sChIJi-nkuHqCeC4RDC47xKs1Dsw?authuser=0&hl=id&rclk=1","Kedai 999","4,6","(215)","·","$","Sarapan","·","·","Tutup","· Buka Min pukul 06.00","https://lh3.googleusercontent.com/gps-cs-s/APNQkAGUjHlnMHWckkzHa9ngquxJmmG0WUwsncpaDpxlhU-cnw0oObX6MGHYHclARQg4hb_Xhuz_JYleUcDoWHuMVah8MaL93b8H4Sp2tpMUHs2nuEWmdjpGk8Hvr7-faqvaql8yj5Kqsw=w122-h92-k-no","https://ssl.gstatic.com/local/servicebusiness/default_user.png","""Menu variatif dengan nasi, air mineral, dan teh lemon sepuasnya.""","","",""
"https://www.google.com/maps/place/Ngafe+aja/data=!4m7!3m6!1s0x2e7883153da50603:0xb07a18f733a1732b!8m2!3d-7.9470717!4d112.6132441!16s%2Fg%2F11s_snz029!19sChIJAwalPRWDeC4RK3OhM_cYerA?authuser=0&hl=id&rclk=1","Ngafe aja","3,9","(11)","","","Kedai Kopi","·","Jl. MT. Haryono No.112a","Segera tutup","· 00.00 · Buka Min pukul 11.00","https://lh3.googleusercontent.com/gps-cs-s/APNQkAFzXJG6AdTV7B_Cg8nyrBIba7Ve2HWnUViUv_AHpWeLPu3vjk68oWmLDIVFj_FwiCq_qFURVJZP50uZAH00QBMqeI6DQ3VA_0VSNeIMbGIhiLHgvGobT4_d7CXU9fmDV62UNQ_X8w=w204-h92-k-no","https://ssl.gstatic.com/local/servicebusiness/default_user.png","""Chineese foodnya juga enak banget, kebetulan dapat harga promo""","","",""
"https://www.google.com/maps/place/KEDAI+SAMBA/data=!4m7!3m6!1s0x2e78827112130e8b:0x5bc21ae36d51c044!8m2!3d-7.9487681!4d112.6117056!16s%2Fg%2F11g9k0fmjq!19sChIJiw4TEnGCeC4RRMBRbeMawls?authuser=0&hl=id&rclk=1","KEDAI SAMBA","4,7","(34)","","","Rumah Makan","·","·","Tutup","· Buka Sen pukul 07.00","https://lh3.googleusercontent.com/gps-cs-s/APNQkAE7RNBupumSJjhbGlw-0WojvR3vph5XO8yDvFD7qv_U3d7Se7DpwJ5GI4yZqKa-d8j3xPJ9G3DxlQuM4vFPSQv1CACrUuGv1iXZ1Yw2-_umHcqSAIs3Hfp7O6hAWS5qciJ12_r-=w97-h92-k-no","https://ssl.gstatic.com/local/servicebusiness/default_user.png","""Enak, murah dan pilihan lauk banyak.. sambal nya mantap 😄""","","",""
"https://www.google.com/maps/place/Kedai+Ra-Me+23/data=!4m7!3m6!1s0x2e78831deba5ede7:0x81bd84feb18a3dfc!8m2!3d-7.9497666!4d112.6113596!16s%2Fg%2F11z5vy38w0!19sChIJ5-2l6x2DeC4R_D2Ksf6EvYE?authuser=0&hl=id&rclk=1","Kedai Ra-Me 23","5,0","(19)","·","Rp 1–25.000","Toko Makanan","·","Jl. Watumujur II No.6","Tutup","· Buka Sen pukul 09.00","https://lh3.googleusercontent.com/gps-cs-s/APNQkAEwiGZ26mDTU9nagWFmehMQGj4j8Mw8XkCnVFx89zTt1Yo50X6a64Y4goJpoXXgVCamqARktPOwOAs-FMtiJcnyaOvrt00U3S9-s2fc5-vkck75i8Vx0J_s0avMolHtozHsjt483DQ__6CL=w122-h92-k-no","https://ssl.gstatic.com/local/servicebusiness/default_user.png","""Selain itu ada juga soto ayam dan daging.""","","",""
"https://www.google.com/maps/place/Kedai+kopi+niskala/data=!4m7!3m6!1s0x2e78830016312c09:0xd11c017698ef5f48!8m2!3d-7.9459256!4d112.6080696!16s%2Fg%2F11vy26jkqh!19sChIJCSwxFgCDeC4RSF_vmHYBHNE?authuser=0&hl=id&rclk=1","Kedai kopi niskala","5,0","(4)","","","Kedai Kopi","·","3J35+J6G, Jl. Simpang Gajayana","Buka 24 jam","","https://lh3.googleusercontent.com/gps-cs-s/APNQkAHQ0sEe-Ih0O_mNzMB2J7x4V8KR8rkGmwPe7_WkJyEokMOmvge_OKtMdINsiFY3s94QMP1II_SPfwC-m_D7Fmca1GluuabPi4Jj1ICr6E9BuDQmZbROjrEmpM40TAwWK27xFAIi=w80-h106-k-no","https://ssl.gstatic.com/local/servicebusiness/default_user.png","""Yang jual ganteng""","","",""
"https://www.google.com/maps/place/semestrecoffee/data=!4m7!3m6!1s0x2e7883debf69cc45:0xcc59773bd0dc1c56!8m2!3d-7.9451239!4d112.6119472!16s%2Fg%2F11x332mwbn!19sChIJRcxpv96DeC4RVhzc0Dt3Wcw?authuser=0&hl=id&rclk=1","semestrecoffee","4,4","(45)","·","Rp 1–25.000","Kedai Kopi","·","Jl. MT. Haryono No.17A","Segera tutup","· 00.00 · Buka Min pukul 09.00","https://lh3.googleusercontent.com/gps-cs-s/APNQkAEMNiA4X_b2glxMBnp-c39ZeKIoqszonNUCDbXBh8VxWSHWiMJbAhZ1pwSr5hhA9tWSutGQc_DWcyvZ67GmKINbipYbGJ6KZa0ujEhKXOI-z94rNGqIdsru-lHjgJBohJgWRxfh=w92-h92-k-no","https://ssl.gstatic.com/local/servicebusiness/default_user.png","""Menunya Ok, enak dengan harga yang standart, pastrynya juga enak, murah.""","","",""
"https://www.google.com/maps/place/Kedai+Kopi+My+Umi+Coffee/data=!4m7!3m6!1s0x2e78827267fac2b9:0xf9ab66f01a82a3a1!8m2!3d-7.945456!4d112.6094023!16s%2Fg%2F11k5t6cntz!19sChIJucL6Z3KCeC4RoaOCGvBmq_k?authuser=0&hl=id&rclk=1","Kedai Kopi My Umi Coffee","5,0","(1)","","","Kafe","","","","","https://streetviewpixels-pa.googleapis.com/v1/thumbnail?panoid=uyyU9-qiC1wjkYfISqnwJQ&cb_client=search.gws-prod.gps&w=80&h=92&yaw=330.81305&pitch=0&thumbfov=100","https://ssl.gstatic.com/local/servicebusiness/default_user.png","""Ramah dan nyaman""","","",""
"https://www.google.com/maps/place/Apresio+Kopi/data=!4m7!3m6!1s0x2e788273bd5e7d47:0x72be18d36ba9d665!8m2!3d-7.945527!4d112.612347!16s%2Fg%2F11b6dq1nnp!19sChIJR31evXOCeC4RZdapa9MYvnI?authuser=0&hl=id&rclk=1","Apresio Kopi","4,6","(695)","·","$$","Kedai Kopi","·","·","Buka","· Tutup pukul 02.30","https://lh3.googleusercontent.com/gps-cs-s/APNQkAGeKLT-bnMJSpm_qg73XQwjSuPkcpNjeFw4DnxSGAnNet3QYz9C5r-MkJ1HDaYePPjJ43sAdEBVi6-JWvMxHrYqnPybbLTzw8g7lOyajxcL6vvS3ukEMnJytUz9hH24gnF0cMLn=w122-h92-k-no","https://ssl.gstatic.com/local/servicebusiness/default_user.png","""Kopinya enak, banyak pilihan menu, harga terjangkau, dan ada WiFi.""","","",""
"https://www.google.com/maps/place/KOPI+RACUT/data=!4m7!3m6!1s0x2e7883003e37552f:0x3caf6d57d1ad3b22!8m2!3d-7.9561441!4d112.6163262!16s%2Fg%2F11xgtbkz88!19sChIJL1U3PgCDeC4RIjut0Vdtrzw?authuser=0&hl=id&rclk=1","KOPI RACUT","5,0","(10)","·","Rp 1–25.000","Bar Kopi Espresso","·","2JV8+FGX","Buka","· Tutup pukul 02.00","https://lh3.googleusercontent.com/gps-cs-s/APNQkAGVhKgv6dqNd9ZFOSyaI8B0nSAhF6eywyxmcafbPaduN6W0TRZ--B8Smbs_2ByXrxXSiA87lePKRKJsQy7VDEKfZ-tntVN0-CbOpqA0UWuA--hzXNkPcwMllsz4Sqd77NRbR2tMPfhFxaI6=w80-h106-k-no","https://ssl.gstatic.com/local/servicebusiness/default_user.png","""rekomendasi buat nongkrong malam hari + menu enak enak.""","","",""
"https://www.google.com/maps/place/Kedai+Nasi+Medan/data=!4m7!3m6!1s0x2e7882707bba2f53:0x59ee3774a970086b!8m2!3d-7.9520773!4d112.6104224!16s%2Fg%2F11c6d_6w52!19sChIJUy-6e3CCeC4RawhwqXQ37lk?authuser=0&hl=id&rclk=1","Kedai Nasi Medan","4,6","(33)","","","Restoran","·","Jl. Kertosari No.17","Tutup","· Buka Min pukul 06.00","https://lh3.googleusercontent.com/gps-cs-s/APNQkAEhq3FkMc-ER8qsAHdVzXVL65Ai5RWAoDuZ1hxWuamkddGjbW5jPossviTYLEnSMgaB-JNLDjzQHvnYTjk8AhoKyuZdSU4snf6UFNv6MB_gem83LZVCokrBK2fgBfgNBu7LtrK3YA=w163-h92-k-no","https://ssl.gstatic.com/local/servicebusiness/default_user.png","""Selalu rindu masakan ibuk""","","",""
"https://www.google.com/maps/place/Tongkrongan+kopi_cup_malang/data=!4m7!3m6!1s0x2e7883de51e9a37f:0xeadaafccbaa05efa!8m2!3d-7.9558762!4d112.6152941!16s%2Fg%2F11vf6yb18p!19sChIJf6PpUd6DeC4R-l6gusyv2uo?authuser=0&hl=id&rclk=1","Tongkrongan kopi_cup_malang","5,0","(1)","","","Kedai Kopi","·","Jl. Veteran No.15","","","https://streetviewpixels-pa.googleapis.com/v1/thumbnail?panoid=0CRG2haUwirlr9lQiTuwSA&cb_client=search.gws-prod.gps&w=80&h=92&yaw=95.87925&pitch=0&thumbfov=100","https://ssl.gstatic.com/local/servicebusiness/default_user.png","""Selalu mampir ya""","","",""
"https://www.google.com/maps/place/Jajanan+Sabi+Abis/data=!4m7!3m6!1s0x2e788300342a1d09:0x4905051e56292797!8m2!3d-7.9521728!4d112.6085698!16s%2Fg%2F11w7frmy5v!19sChIJCR0qNACDeC4RlycpVh4FBUk?authuser=0&hl=id&rclk=1","Jajanan Sabi Abis","5,0","(2)","","","Kedai Kopi","·","Jl. Sumbersari Gg. IA No. 56, Ketawanggede","Buka","· Tutup Min pukul 08.00","https://lh3.googleusercontent.com/gps-cs-s/APNQkAE0hWHeimPZ3JrYw5xEMIxzI-djXY1I4LBX8fu0R56yP2di4-umCorxLAQ7MRv-237uKN3uhrpCz1ybYEdEbmR7Qa1W-FENuKt_Cz5L9QfhpDM5K48ppF8s6RxCmtzZl0LOSiya=w122-h92-k-no","https://ssl.gstatic.com/local/servicebusiness/default_user.png","""Sueeeger siang-siang panas, minum es teh iki mantap poool""","","",""
"https://www.google.com/maps/place/Wenhua+Coffee+Shop/data=!4m7!3m6!1s0x2e7883ce64d652a3:0x8cd7d0d4d0cf6c26!8m2!3d-7.9526614!4d112.6122604!16s%2Fg%2F11wbtjnsvs!19sChIJo1LWZM6DeC4RJmzP0NTQ14w?authuser=0&hl=id&rclk=1","Wenhua Coffee Shop","5,0","(29)","·","Rp 1–25.000","Kedai Kopi","·","Fakultas Ilmu Budaya, Jl. Veteran Jl. Universitas Brawijaya No.2","Tutup","· Buka Sen pukul 08.00","https://lh3.googleusercontent.com/gps-cs-s/APNQkAHk6ciYj5uFxqulK7vecIWX5rSeYJNqy1LqrfGrLEExFO8k51NdRw57UNjYOxSlghYC0PCmc8TsV4na-haPHT77VFOIaGgcHsICPnFdzHVF7QbHfO5k7hhA5JkgZslgtvuaRp5r=w92-h92-k-no","https://ssl.gstatic.com/local/servicebusiness/default_user.png","""enak, murah, pelayanan cepat dan oke""","","",""
"https://www.google.com/maps/place/Kedai+Nescaf%C3%A9+Dinoyo/data=!4m7!3m6!1s0x2e7883004ccf87bb:0x7c85031f4837005a!8m2!3d-7.9459417!4d112.6094103!16s%2Fg%2F11yzm63wrv!19sChIJu4fPTACDeC4RWgA3SB8DhXw?authuser=0&hl=id&rclk=1","Kedai Nescafé Dinoyo","1,0","(1)","","","Kedai Kopi","·","Jl. Gajayana No.572B","","","https://streetviewpixels-pa.googleapis.com/v1/thumbnail?panoid=pMoWSM5ObiC1ayiSnxJgFQ&cb_client=search.gws-prod.gps&w=80&h=92&yaw=91.87002&pitch=0&thumbfov=100","","","","",""
"https://www.google.com/maps/place/Kedai+makmur/data=!4m7!3m6!1s0x2e7883003b4fb89f:0xf37a4c1deb7ab1b7!8m2!3d-7.9475732!4d112.6123397!16s%2Fg%2F11z9qnlchm!19sChIJn7hPOwCDeC4Rt7F66x1MevM?authuser=0&hl=id&rclk=1","Kedai makmur","","","","","Kedai Kopi","·","3J26+XWG, Jl. Watugong","","","https://maps.gstatic.com/tactile/pane/result-no-thumbnail-2x.png","","","","","Tidak ada ulasan"
"https://www.google.com/maps/place/Kedai+Sanama+MT+Haryono/data=!4m7!3m6!1s0x2e78838fdcfb820f:0xb79976e7f3614cad!8m2!3d-7.9452498!4d112.6128784!16s%2Fg%2F11ybdc_bg7!19sChIJD4L73I-DeC4RrUxh8-d2mbc?authuser=0&hl=id&rclk=1","Kedai Sanama MT Haryono","5,0","(4)","","","Nasi","·","Ruko Ditas, Jl. MT. Haryono kav.28","","","https://lh3.googleusercontent.com/gps-cs-s/APNQkAEBccdOrcIbjN-lgqE1udtcXLdpL6EXUkmWC09dADKwCgGv0KgD_7zk-RS-cjRu30dUe8xGj16aaf7YQo7cGzN33SuM0bC9mnxJMO1EQhv2pyou4ob7wCFOF4a_AakghKCLnS0q=w138-h92-k-no","https://ssl.gstatic.com/local/servicebusiness/default_user.png","""Jangan Ragu Buat Kesini.""","","",""
"https://www.google.com/maps/place/Kedai+De+Panji/data=!4m7!3m6!1s0x2e788273d20956d3:0xd7c1a82e0286c21a!8m2!3d-7.9463202!4d112.6101414!16s%2Fg%2F1pzsj7t__!19sChIJ01YJ0nOCeC4RGsKGAi6owdc?authuser=0&hl=id&rclk=1","Kedai De Panji","4,0","(3)","","","Indonesia","·","Jl. Kerto Rahayu No.21","","","https://lh3.googleusercontent.com/gps-cs-s/APNQkAHJNNbm1dxzEqLBJlIVEaPHcGkhl-PR4fF_TCh2297BnRpHb60lLAkzEWJR3cjGOe_oe98ES2YAkRhkQtxC3OoigPvgFtOHCjntk-T5d1ZGZuMB8qylA8jX8htSXM0zkqOrM-nSBA=w163-h92-k-no","","Makan di tempat","·","Bawa pulang",""
"https://www.google.com/maps/place/TANI+KOPI/data=!4m7!3m6!1s0x2e788341a48ab5c3:0xf1e5a084dbe80d96!8m2!3d-7.9549816!4d112.6116524!16s%2Fg%2F11shy2n_md!19sChIJw7WKpEGDeC4Rlg3o24Sg5fE?authuser=0&hl=id&rclk=1","TANI KOPI","4,9","(36)","·","Rp 1–25.000","Kedai Kopi","·","2JW6+2MF, Jl. Fakultas Pertanian","Tutup","· Buka Sen pukul 07.00","https://lh3.googleusercontent.com/gps-cs-s/APNQkAEnH9eUPKzqQkFm9hhl0otGSThos58gDL2dRtvV6DupbLfDybHxrvFG2bDFjeDWAQDvTSFvLQancB_2odsiCvYWDZQv7JxkkyyXzalCM99VO8HWWknguT9L-7y9NQ122cLViFtwfF1_xEI3=w163-h92-k-no","https://ssl.gstatic.com/local/servicebusiness/default_user.png","""nasi kebulinya mantab taste rempah berasa banget""","","",""
"https://www.google.com/maps/place/Take+Kopi/data=!4m7!3m6!1s0x2e788320b7fee1d7:0x6ac01a58bad3d2af!8m2!3d-7.9559135!4d112.6148358!16s%2Fg%2F11n454xzlt!19sChIJ1-H-tyCDeC4Rr9LTulgawGo?authuser=0&hl=id&rclk=1","Take Kopi","5,0","(6)","","","Kedai Kopi","·","Jl. Veteran","Tutup","· Buka Min pukul 09.00","https://lh3.googleusercontent.com/gps-cs-s/APNQkAHvXvZBPSkMUAMkvs-11tdQWO96W3nH6GEYCesJd4X3QTqfIHB6O3iA9ZLCEamgcbySxBFCIzT9xpfv4352gUJ1NObUaIOlYb8SBUpnnrBKJ2rspA2umLxWW3mYhdrTMaq6N5WjSVdAVdrb=w80-h106-k-no","https://ssl.gstatic.com/local/servicebusiness/default_user.png","""Kopinya enak, harganya murah tapi rasa boleh di adu
Jangan lupa mampir""","","",""
"https://www.google.com/maps/place/Kopi+Hub/data=!4m7!3m6!1s0x2e788340347b05d1:0x734600cebabcb54!8m2!3d-7.9501087!4d112.6136508!16s%2Fg%2F11ldczrhw9!19sChIJ0QV7NECDeC4RVMur6wxgNAc?authuser=0&hl=id&rclk=1","Kopi Hub","4,8","(20)","·","Rp 1–25.000","Kedai Kopi","·","2JX7+XF2 Fakultas Hukum UB","Tutup","· Buka Sen pukul 07.00","https://lh3.googleusercontent.com/gps-cs-s/APNQkAGQLu0FEh8656fq8zim4O6hyGvwdnYOlY2lHIvjzoO7tUNfz6hvF3N7iApU8YWZu_N0igMES_b8AzjQ96CxY9EB-FGCFFjl66Gpw2krkcyHQTYOIve4Rx9tT8dlfhzU4nNGgd0nzUtV2Gig=w80-h106-k-no","https://ssl.gstatic.com/local/servicebusiness/default_user.png","""Harga affordable untuk kantong Mahasiswa.""","","",""
"https://www.google.com/maps/place/Kedai+Mao/data=!4m7!3m6!1s0x2e788322d776b581:0x76237431ac09ce79!8m2!3d-7.9452803!4d112.612683!16s%2Fg%2F11jlhyxxgx!19sChIJgbV21yKDeC4Rec4JrDF0I3Y?authuser=0&hl=id&rclk=1","Kedai Mao","4,6","(12)","","","Restoran","·","Ruko Ditas","Tutup","· Buka Min pukul 13.00","https://lh3.googleusercontent.com/gps-cs-s/APNQkAGDjZzFwaIq82U7LoZj3pohBIZmu_wr9Ffcrml5O4bx111clg_jsvxTqYYWls9cV-_57z7VQERSsDDJGayi6gWy8Eg7ytv_226spJXf690sJF7NUtNGg_TLKXK8PvtBEgbpKotU=w122-h92-k-no","https://ssl.gstatic.com/local/servicebusiness/default_user.png","""Segi rasa enak banget, always be my comfort food tiap ke malang.""","","",""
"https://www.google.com/maps/place/Kedai+singorejo2/data=!4m7!3m6!1s0x2e7883bb2e712ea9:0x9adaffb7b5c758b8!8m2!3d-7.9521662!4d112.6100067!16s%2Fg%2F11m_45pdm9!19sChIJqS5xLruDeC4RuFjHtbf_2po?authuser=0&hl=id&rclk=1","Kedai singorejo2","","","","","Kafe","·","Jl. Kerto Waluyo No.8","Segera tutup","· 00.00 · Buka Min pukul 15.00","https://lh3.googleusercontent.com/gps-cs-s/APNQkAFruYMlTIaikZqM2HNXzbfZPf_OPer1_mOu2-6rIBEunfg4hjaktTzQGMcBhn3IK7WL52WxKR87ZG9FULvYBUXWFPVl8MLQ_gAmoN3TlsgPGhAQqglJ0z69FvosqXNKGcBXwogq=w92-h92-k-no","","Makan di tempat","·","Bawa pulang","Tidak ada ulasan"
"https://www.google.com/maps/place/Kedai+OEMMOE/data=!4m7!3m6!1s0x2e78827ac465df8b:0xc5a779d41c0f2717!8m2!3d-7.9534536!4d112.6095964!16s%2Fg%2F11f00nw54q!19sChIJi99lxHqCeC4RFycPHNR5p8U?authuser=0&hl=id&rclk=1","Kedai OEMMOE","4,8","(23)","","","Restoran","·","Jl. Sumbersari Gg. II No.103","Tutup","· Buka Min pukul 11.00","https://lh3.googleusercontent.com/gps-cs-s/APNQkAHxK-0NpJKWhv7wAfAXVVFU68DPsVy6BOoDWx1RuMugmw875_bwsQSqvs8qHi2r6dIVM6YdCCpTie9BEZ4EGHcAb8wirxBeP1sJGfyqT_FgrrfHNDBktKXiJN03-3VC6HaZ11ZduQ=w122-h92-k-no","","Makan di tempat","·","Bawa pulang",""
"https://www.google.com/maps/place/Panggung+Cafe/data=!4m7!3m6!1s0x2e788271e86058df:0x75b6be4182b648c2!8m2!3d-7.9485546!4d112.6087499!16s%2Fg%2F11b6cqj41k!19sChIJ31hg6HGCeC4Rwki2gkG-tnU?authuser=0&hl=id&rclk=1","Panggung Cafe","3,7","(10)","","","Kedai Kopi","·","Jl. Gajayana No.18","Segera tutup","· 00.00 · Buka Min pukul 16.00","https://lh3.googleusercontent.com/gps-cs-s/APNQkAGAt7iV8Cp8KHWejEiqk6t6KDvoT60rMVXn39Sfg9l3wTZrWlOUyxyVEaO_5qD2L4TTZ9hU8f0V81Xm8vuo_pVVQHaw5OAKXHccbN81gVOD8KapvMuird9H4DX3uqjuhzTQrnA=w122-h92-k-no","","Makan di tempat","·","Bawa pulang",""
"https://www.google.com/maps/place/Coffee+Santri/data=!4m7!3m6!1s0x2e78827a8e242715:0x85e4da3cafd195ec!8m2!3d-7.953314!4d112.6102447!16s%2Fg%2F11f0_bjcrq!19sChIJFSckjnqCeC4R7JXRrzza5IU?authuser=0&hl=id&rclk=1","Coffee Santri","","","","","Kedai Kopi","·","Jl. Raya Sumbersari No.88","Segera tutup","· 00.00 · Buka Min pukul 12.00","https://streetviewpixels-pa.googleapis.com/v1/thumbnail?panoid=TzE_Zv1XbFn-KYHKkkAL1w&cb_client=search.gws-prod.gps&w=80&h=92&yaw=57.006393&pitch=0&thumbfov=100","","Makan di tempat","·","Bawa pulang","Tidak ada ulasan"
"https://www.google.com/maps/place/Balijakopikoe/data=!4m7!3m6!1s0x2e78830010d428af:0xe59aa34357476157!8m2!3d-7.9534897!4d112.6149954!16s%2Fg%2F11nbfk1_y3!19sChIJryjUEACDeC4RV2FHV0OjmuU?authuser=0&hl=id&rclk=1","Balijakopikoe","5,0","(1)","","","Kedai Kopi","·","2JW7+JX5, Jl. Veteran","Tutup","· Buka Sen pukul 08.00","https://lh3.googleusercontent.com/gps-cs-s/APNQkAGyZQcy4ifrn-XfSyxaeIB8T7eJvLMyGEmM3jjZUAXqHvJ7MOV1RuewO68X1o_S6nd_l5iymLQGejcDW-ez8C3F2_7a_-0tKPsPYaxarA661ya65cUEAWb_rQKCuoTagb2pW1U4VP8mfann=w80-h106-k-no","","","","",""
"https://www.google.com/maps/place/Kedai+Kopi+Medan/data=!4m7!3m6!1s0x2e7882705d2a5dd5:0x4a3eb0a61908e38a!8m2!3d-7.9520491!4d112.6103914!16s%2Fg%2F1pzwdpz77!19sChIJ1V0qXXCCeC4RiuMIGaawPko?authuser=0&hl=id&rclk=1","Kedai Kopi Medan","4,4","(5)","","","Kedai Kopi","·","Jl. Kertosari No.17","Tutup","· Buka Min pukul 06.00","https://streetviewpixels-pa.googleapis.com/v1/thumbnail?panoid=MSapy_jIup6LOp6HjkamWA&cb_client=search.gws-prod.gps&w=80&h=92&yaw=100.527954&pitch=0&thumbfov=100","","Makan di tempat","·","Bawa pulang",""
"https://www.google.com/maps/place/Kedai+JiMat/data=!4m7!3m6!1s0x2e7883ea1bbbe169:0x49e9a9c9af5376ad!8m2!3d-7.9567507!4d112.6087657!16s%2Fg%2F11gm9fw3y1!19sChIJaeG7G-qDeC4RrXZTr8mp6Uk?authuser=0&hl=id&rclk=1","Kedai JiMat","4,8","(5)","","","Restoran","·","Jl. Sigura - Gura V No.23B","Tutup","· Buka Min pukul 06.00","https://lh3.googleusercontent.com/gps-cs-s/APNQkAGDUFE3d2lWYVYToi3mAmFiUOa1BEvCftOIJ2TEQB6QYLfZJAQ5Dq4-JJQUIol0Wn6xb-ilLLCIClIcvAQIF5wnO57gxCpO0w0WMQPyggGnzpHDZBBF7nWPyJfKWMD7RyRmNQVm=w122-h92-k-no","","Makan di tempat","·","Bawa pulang",""
"https://www.google.com/maps/place/Nesh+Cafe+%26+Flafia+Florist/data=!4m7!3m6!1s0x2e7883006139eaa5:0x452747dfdc715619!8m2!3d-7.9454773!4d112.6124286!16s%2Fg%2F11mcbpf6_m!19sChIJpeo5YQCDeC4RGVZx3N9HJ0U?authuser=0&hl=id&rclk=1","Nesh Cafe & Flafia Florist","5,0","(9)","·","Rp 1–25.000","Kedai Kopi","·","Ruko Ditas, Kavling 17","Segera tutup","· 00.00 · Buka Min pukul 08.00","https://lh3.googleusercontent.com/gps-cs-s/APNQkAHvF8kqv2wPRpI2NbNo3W-gjGtoPUjCRtZwWW18r-uU1r8iyxaD2HxUzu-tUhP8P-haRIWBOq1I-j7CNqW0mFBlLqXykfKqpxeZAr1KSCw7L2AjVIcT72TeYGvgWnVyfM2fQvoetPQAVgKK=w80-h106-k-no","https://ssl.gstatic.com/local/servicebusiness/default_user.png","""matcha nya enak banget, croisant coklat ga eneg jd pas banget.""","","",""
"https://www.google.com/maps/place/Kedai+Manjurr!/data=!4m7!3m6!1s0x2dd62900097d34f7:0xc31f67f8651e3c74!8m2!3d-7.9642958!4d112.6259864!16s%2Fg%2F11xdm72dz2!19sChIJ9zR9CQAp1i0RdDweZfhnH8M?authuser=0&hl=id&rclk=1","Kedai Manjurr!","4,8","(306)","·","Rp 25–50 rb","Kafe","·","Jl. T.G.P. No.5","Segera tutup","· 00.00 · Buka Min pukul 07.00","https://lh3.googleusercontent.com/gps-cs-s/APNQkAFhejqRR_DfCKvZqVGDtATuB7kCJmOZy5WZDal_lJDJ0gXuJ4i886VZbhh1fk55Ly7-eI6ijtASafBfnCRmuSMtYlDmXhrexQAwLzcsX5-sZAwJxLePe0j090DNNpugkNpncNziBdpA_mb-=w80-h106-k-no","https://ssl.gstatic.com/local/servicebusiness/default_user.png","""Makanan super enak, pelayanan ramah, harga terjangkau, tempat very cozy""","","",""
"https://www.google.com/maps/place/Kopi+Chat+Borobudur/data=!4m7!3m6!1s0x2dd629d827eca231:0xe72d7be496a30fd3!8m2!3d-7.946708!4d112.6088239!16s%2Fg%2F11fmpkqrb0!19sChIJMaLsJ9gp1i0R0w-jluR7Lec?authuser=0&hl=id&rclk=1","Kopi Chat Borobudur","4,0","(5)","","","Kedai Kopi","·","Jl. Gajayana No.574 A-E","Buka","· Tutup Min pukul 09.00","https://lh3.googleusercontent.com/gps-cs-s/APNQkAElp44ow3paIWdbTN7oOOrlclKd9b_gaZkUfwaNX3N8ZaRJwX85mStk47Pjo_w35bOrMXZaKDPjDcseHS9jKPxbAlo4nsIeJWGccVwNfVTzXUoOkymDE14GtbuphUU8Gj3Ky8l4=w138-h92-k-no","","Makan di tempat","·","Bawa pulang",""
"https://www.google.com/maps/place/Bakso+Rawun+24/data=!4m7!3m6!1s0x2e78836b5e8eb2e1:0xd25a936796a8f62a!8m2!3d-7.9564576!4d112.61378!16s%2Fg%2F11tnlgp154!19sChIJ4bKOXmuDeC4RKvaolmeTWtI?authuser=0&hl=id&rclk=1","Bakso Rawun 24","4,4","(29)","·","Rp 1–25.000","Kedai Kopi","·","·","Tutup","· Buka Min pukul 07.00","https://lh3.googleusercontent.com/gps-cs-s/APNQkAEapiOljowPgtr7ggKUfP2SO0uwTgVVVlIMGzL39I0fSGqbRO1oGUg4RdboHCJHXy1SmYuOfzrl_0lORY2_1xL35yjmfqOE_iF8zky1b0ajA2UDqSdfmY15w7woXuyt4yzNk2F0=w122-h92-k-no","https://ssl.gstatic.com/local/servicebusiness/default_user.png","""enak bgt ambience nya, makanan juga enak, top!!""","","",""
"https://www.google.com/maps/place/TITIK+SAMA/data=!4m7!3m6!1s0x2e78835607d5e627:0x2dafa5aeea746292!8m2!3d-7.9488445!4d112.6087824!16s%2Fg%2F11v1b46d9z!19sChIJJ-bVB1aDeC4RkmJ06q6lry0?authuser=0&hl=id&rclk=1","TITIK SAMA","5,0","(2)","","","Kedai Kopi","·","Jl. Gajayana No.18D","Tutup","· Buka Min pukul 10.00","https://lh3.googleusercontent.com/gps-cs-s/APNQkAE0AzPCYaZsJFDC_29O0P-O9UCL5h87CehtW26dLx-oApcz-I6cfJ1Lg3BkDhf2BnCjkKOPmuQPGeRGdmjzi9Mio6cQ-iOU9u873umWGDc1eNyUpUWFs9kqW9BDATOe9wrNc8t5=w163-h92-k-no","https://ssl.gstatic.com/local/servicebusiness/default_user.png","""Mantap Bagus Tempatnya""","","",""
"https://www.google.com/maps/place/Alumni+Coffee+Universitas+Brawijaya/data=!4m7!3m6!1s0x2e7883f93487e129:0x244eaec5890378a6!8m2!3d-7.9529512!4d112.6134958!16s%2Fg%2F11kbn1w44t!19sChIJKeGHNPmDeC4RpngDicWuTiQ?authuser=0&hl=id&rclk=1","Alumni Coffee Universitas Brawijaya","4,9","(17)","·","Rp 1–25.000","Kedai Kopi","·","2JW7+P9R Gedung JPC, Jl. Veteran","Tutup","· Buka Sen pukul 07.30","https://lh3.googleusercontent.com/gps-cs-s/APNQkAEPTkF6jkqMaaTMbOaOyFU9F4IHD_pPqldixD2rUzb8Dxgwn7yy4XYDFCYjK1iYIOM6s0dbc1Kn8Jv5VE5fOBarX_3YXMcGHJDQf-Z9hc5_ARjdFCuGhoRL8dUj5GSYkM6hBNmN=w80-h106-k-no","https://ssl.gstatic.com/local/servicebusiness/default_user.png","""Makanan dan minuman nya enak sekua apalgi barista nya ganteng2 🤩""","","",""
"https://www.google.com/maps/place/Kedai+Jajanan+Omahan/data=!4m7!3m6!1s0x2e788300597db847:0xecee3294c3d89fe7!8m2!3d-7.9451227!4d112.6158398!16s%2Fg%2F11yyzh84sy!19sChIJR7h9WQCDeC4R55_Yw5Qy7uw?authuser=0&hl=id&rclk=1","Kedai Jajanan Omahan","5,0","(4)","","","Brunch","·","Jl. Semanggi Bar. No.2B, RT.01","Tutup","· Buka Min pukul 08.00","https://lh3.googleusercontent.com/gps-cs-s/APNQkAEL5nDso2F7fI15dTG_YfNjxhp7vcXpMpj6DcZQPwZK2CHkm0w7p55_MlFF8rTMJIj9jbhPg5mvc2eyjPjj_8Li_2CsFxw_fVg1EGURQsqTrvpRk9mmpnMuIODikMtjBrGlTSg5a5_prfIz=w184-h92-k-no","https://ssl.gstatic.com/local/servicebusiness/default_user.png","""Terimakasih sukses slalu""","","",""
"https://www.google.com/maps/place/Kedai+Mahasiswa/data=!4m7!3m6!1s0x2e7883003de958df:0xd11171babe66b6fc!8m2!3d-7.9456368!4d112.6166078!16s%2Fg%2F11y99563c1!19sChIJ31jpPQCDeC4R_LZmvrpxEdE?authuser=0&hl=id&rclk=1","Kedai Mahasiswa","5,0","(2)","","","Dapur Umum","·","Jl. Semanggi Bar. No.17RT 02, RW.03","Tutup","· Buka Sen pukul 08.30","https://lh3.googleusercontent.com/gps-cs-s/APNQkAGtZP30Ip8IuGpzFJ4rml8yI9G7xdao_FW8fJjSJqTGX9F2FwITAGBRWhF4qOvrVtgg3XWUb998002I4Y5_951elLt8PUfkPCDSCUdXp20ZvRom17oBANlnlqCLMGpzTsgVhhVnxg=w80-h142-k-no","https://ssl.gstatic.com/local/servicebusiness/default_user.png","""Makman enak dan murah meriah""","","",""
"https://www.google.com/maps/place/Kantin+ANiS/data=!4m7!3m6!1s0x2e78830000280355:0x864d68361d064c0b!8m2!3d-7.949541!4d112.6117547!16s%2Fg%2F11yh3tpg17!19sChIJVQMoAACDeC4RC0wGHTZoTYY?authuser=0&hl=id&rclk=1","Kantin ANiS","5,0","(2)","","","Kedai Kopi","·","3J26+5MV Universitas Brawijaya, Jl. Watumujur","Buka","· Tutup pukul 04.00","https://lh3.googleusercontent.com/gps-cs-s/APNQkAHP8jglD98h-IQOZgqS7u3JWTYaZTELZdkGPXcwHv2dw92s2XiMe95lEL7yE8sT0h-ldPSm_b-mSefLZdKSjcEZCbw-_fciTgDd5TWElONlSdRhbP3WS1cLb98HW0C9Fql3UOEk-dAwEh21=w80-h173-k-no","","Makan di tempat","","",""
"https://www.google.com/maps/place/Kedai+Rizkyantra/data=!4m7!3m6!1s0x2e788346b3de9ea5:0x1970b40028238049!8m2!3d-7.9473834!4d112.6122962!16s%2Fg%2F11tg2bn3f1!19sChIJpZ7es0aDeC4RSYAjKAC0cBk?authuser=0&hl=id&rclk=1","Kedai Rizkyantra","5,0","(1)","","","Nasi","·","Jl. Watu Gong No.4","Tutup","· Buka Sen pukul 08.00","https://lh3.googleusercontent.com/gps-cs-s/APNQkAEB5bcyC07_XnoLC8DbL7Htjdh1H5H2zb5epEYX0Nj_SK0n29mS22a-CJSf15f_VL-n4xkoIBdgzJ9uhmzJdf5qnASghrBS2xIpyFdRiUAazaBnlBPV7m_-CyzCjzfn5WTFDikg=w122-h92-k-no","https://ssl.gstatic.com/local/servicebusiness/default_user.png","""makanan nya murah dan porsinya banyak.""","","",""
"https://www.google.com/maps/place/WBM+%28Warkop+Bli+Made%29/data=!4m7!3m6!1s0x2e7883001228cebd:0x953a9c01b7fea319!8m2!3d-7.9455387!4d112.6114377!16s%2Fg%2F11mzzx5jf8!19sChIJvc4oEgCDeC4RGaP-twGcOpU?authuser=0&hl=id&rclk=1","WBM (Warkop Bli Made)","5,0","(3)","","","Kedai Kopi","·","Jl. Kertoraharjo I No.14","Segera tutup","· 00.00 · Buka Sen pukul 00.00","https://lh3.googleusercontent.com/gps-cs-s/APNQkAEePQBDklsI47cN5hj3Qm6AaIE_3DnbKkeKAShMwgs9nBgK1BPVdxJ8hwevaxM3_ARc1rExp1bkmCKkeJfmg74wgWK3Wn32JobXZJnYKULvG6C3hAY3TVmDvFfeMG0bENzLUNOs6w0Ht4-n=w163-h92-k-no","https://ssl.gstatic.com/local/servicebusiness/default_user.png","""lokasi cocok buat nugas sama nongkrong apalagi 24 jam""","","",""
"https://www.google.com/maps/place/Kedai+Teh+Kelana/data=!4m7!3m6!1s0x2dd6290035c9b111:0x6fae8eb8c54893dd!8m2!3d-7.9537553!4d112.6105324!16s%2Fg%2F11y84g35lw!19sChIJEbHJNQAp1i0R3ZNIxbiOrm8?authuser=0&hl=id&rclk=1","Kedai Teh Kelana","5,0","(3)","·","Rp 1–25.000","Brunch","·","Jl. Raya Sumbersari No.82a","Tutup","· Buka Min pukul 16.00","https://lh3.googleusercontent.com/gps-cs-s/APNQkAFA9PJCjqi7ZROq7tEldQmMgU-utSstt-3aXxRK_F0iaUtQPhXPj4Lp7BpMZ8JfOXVbQZB3RHNhN2F1SUJfptH0pBwoy-3jomzsW9qg58F571bLDHBq2SCHpvnxvM56pdWELi39Xsj7WxnX=w122-h92-k-no","https://ssl.gstatic.com/local/servicebusiness/default_user.png","""Es tehnya juara 👍🏻""","","",""
"https://www.google.com/maps/place/Kedai+Kopi+Rantau/data=!4m7!3m6!1s0x2e7883a6889e57b9:0xb5a531bf85f8901f!8m2!3d-7.9484041!4d112.6119605!16s%2Fg%2F11t0t7009b!19sChIJuVeeiKaDeC4RH5D4hb8xpbU?authuser=0&hl=id&rclk=1","Kedai Kopi Rantau","5,0","(4)","","","Kedai Kopi","·","3J26+JQJ, Jl. Watu Gong No.13","Tutup","· Buka Sen pukul 11.00","https://lh3.googleusercontent.com/gps-cs-s/APNQkAElcMuEYicG2SvJ7H18lUQuQk07mgs1fGlvZsXPHBTfxYxXDnPy_RESrccfI3rlYu1oOM6IW-xjNiojQvPqHNYhW7ezjGOCBV22qPUCqm5FsmJMavQVJPVFsJqkoi1oFy7tmjE=w80-h106-k-no","https://ssl.gstatic.com/local/servicebusiness/default_user.png","""Minumannya enak.""","","",""
"https://www.google.com/maps/place/CIKOP+GAJAYANA/data=!4m7!3m6!1s0x2e78830047c1c151:0x3007f0f90e9c6d24!8m2!3d-7.9467859!4d112.6090264!16s%2Fg%2F11xp86lfqg!19sChIJUcHBRwCDeC4RJG2cDvnwBzA?authuser=0&hl=id&rclk=1","CIKOP GAJAYANA","4,1","(151)","·","Rp 1–25.000","Kedai Kopi","·","Jl. Gajayana No.5","Tutup","· Buka Min pukul 08.00","https://lh3.googleusercontent.com/gps-cs-s/APNQkAFh4Y1U92YABjgFX2CK37A0FBsbZS83TOvxCU75Um1hGTfaVzxr8cD4AZQOELfVWftFKorGbX1eoS6cpq4trxhEA5_xcCfXoWQRgYqYnIWC1sZgWPBUNdRhBgoR9AnhyfLUuS6VKj41iQeM=w80-h142-k-no","https://ssl.gstatic.com/local/servicebusiness/default_user.png","""tempatnya cozy, harga terjangkau, dan makanannya enak.""","","",""
"https://www.google.com/maps/place/Kedai+Pakde/data=!4m7!3m6!1s0x2e788273dc353c2d:0xc261c6e5eca7daa2!8m2!3d-7.9469316!4d112.6122476!16s%2Fg%2F11gdrxdb2g!19sChIJLTw13HOCeC4Rotqn7OXGYcI?authuser=0&hl=id&rclk=1","Kedai Pakde","4,7","(6)","","","Restoran","·","Jl. Watugong II No.19","Tutup","· Buka Min pukul 10.00","https://lh3.googleusercontent.com/gps-cs-s/APNQkAEsqmmXI_wQcZxuR_KBGABcVKfjwjm5DtD0NYqnZEqtdISmeHb8FGs2gYoqgaYXNzii5M38sCtBhBT9hNvBq2p2c6lXeiLNGjT0aEdGWZVJwonC8cvmvAHx0MIUMCkHFwpf394X=w80-h142-k-no","","Makan di tempat","·","Bawa pulang",""
"https://www.google.com/maps/place/Kedai+Sambel+Kobong/data=!4m7!3m6!1s0x2e78831b4fc33bb9:0x17911194deb0c286!8m2!3d-7.9508433!4d112.6090901!16s%2Fg%2F11sf9tj2lw!19sChIJuTvDTxuDeC4RhsKw3pQRkRc?authuser=0&hl=id&rclk=1","Kedai Sambel Kobong","5,0","(7)","·","Rp 1–25.000","Brunch","·","Ruko Gajayana - Rabbani, Jl. Kerto Leksono No.1","","","https://lh3.googleusercontent.com/gps-cs-s/APNQkAFs7s2mTHxcsi26c2MPswKw2Jv3tRTMSaMMfKqKL0RFOvUB2pvW_Zf4TReVxh1BY8uT4wmJLzAnfbvU-8Pwpb5ZD_byXwjS2IpooUPkjPYoXZGv_OIyM_jjfEOms1IF5EWCKxc4fg=w80-h106-k-no","https://ssl.gstatic.com/local/servicebusiness/default_user.png","""Rasanya enak, tempatnya rapi dan bersih, harganya juga murah.""","","",""
"https://www.google.com/maps/place/Kedai+Makan+Mentari+Pagi/data=!4m7!3m6!1s0x2e7883b28c19f755:0xb0d5db9704d504b1!8m2!3d-7.9558561!4d112.6124215!16s%2Fg%2F11vktsc3zk!19sChIJVfcZjLKDeC4RsQTVBJfb1bA?authuser=0&hl=id&rclk=1","Kedai Makan Mentari Pagi","","","","","Brunch","·","Universitas Brawijaya, Jl. Veteran","","","https://streetviewpixels-pa.googleapis.com/v1/thumbnail?panoid=nUPf9GW2GzSRPt11Vo1eWg&cb_client=search.gws-prod.gps&w=80&h=92&yaw=161.01009&pitch=0&thumbfov=100","","Makan di tempat","·","Bawa pulang","Tidak ada ulasan"
"https://www.google.com/maps/place/Kedai+Hijau+Jaya+%26+Serene/data=!4m7!3m6!1s0x2e7883a74fe2d8ab:0xb8ad3adcb2bbd1e7!8m2!3d-7.9547043!4d112.6111066!16s%2Fg%2F11jg2cgtk7!19sChIJq9jiT6eDeC4R59G7stw6rbg?authuser=0&hl=id&rclk=1","Kedai Hijau Jaya & Serene","4,3","(9)","·","Rp 1–25.000","Indonesia","·","Jl. Raya Sumbersari No.254 B","Tutup","· Buka Min pukul 10.00","https://lh3.googleusercontent.com/gps-cs-s/APNQkAFDo-2oCK4rJ_PSkhn_wVJIpcONPN5R-Rj28Plpc8emwwCJqkwhCUt5OfTcGy3CO_tBlxh2NLC0KHihkCB792UnoIHDiKWAZVOXb9tF70u9dKtWb2PYq-9KdnfSLnC23K9cW959qw=w80-h142-k-no","https://ssl.gstatic.com/local/servicebusiness/default_user.png","""Rasanya enak, harga terjangkau, bisa di antar utk area sekitarnya""","","",""
"https://www.google.com/maps/place/Warung+Rica+-+Rica/data=!4m7!3m6!1s0x2e78827aefecf593:0x87dcae89562ef93!8m2!3d-7.9543278!4d112.6102167!16s%2Fg%2F11b6bv6bgj!19sChIJk_Xs73qCeC4Rk-9ilejKfQg?authuser=0&hl=id&rclk=1","Warung Rica - Rica","4,5","(115)","·","Rp 1–25.000","Brunch","·","·","Tutup","· Buka Min pukul 08.00","https://lh3.googleusercontent.com/gps-proxy/ALd4DhFIyJfY33kpLabWsddiD_v32FuOdx19DexVqC4UG--zsxSCzJ-7UDNwMq4X3vZKosU4mCbYdJTXXpWzJ8Z0Uaa4UrubiXOQanN9w_gZ1p7AIWsBOwN7_sCj3SD2djK-vO5ukuRQSynT3Z6KuOpH7LAl3yGRM1Z-D5pWOwTIaDoYa2i6Jfc_xILGpPYlg-QAnpIgSw=w122-h92-k-no","https://ssl.gstatic.com/local/servicebusiness/default_user.png","""buncis, suwir, dan pangsit enak dan murah, pilihan baru buat makan siang""","","",""
"https://www.google.com/maps/place/Angkringan+yukk+pituu/data=!4m7!3m6!1s0x2e78832613df54cd:0xef74a1a309e97546!8m2!3d-7.9459417!4d112.6094103!16s%2Fg%2F11v10ksd12!19sChIJzVTfEyaDeC4RRnXpCaOhdO8?authuser=0&hl=id&rclk=1","Angkringan yukk pituu","5,0","(32)","·","Rp 25–50 rb","Kedai Kopi","·","Jl. Gajayana No.572b","","","https://lh3.googleusercontent.com/gps-cs-s/APNQkAHWpnd0Sg_tZmkubWtT00G9kszRAnxZ5gNS8VCUEyAzfeKNFHjiwqk2jG87vtQMoCQr61jIw95VOYhDO_K12-YTvKzGJf4xj3rJreaHfrKDazRV0rYEWQkwqclBACpCs_fMUBz7rw=w122-h92-k-no","https://ssl.gstatic.com/local/servicebusiness/default_user.png","""Makananya enak banget rekomen buat santai sama temen"" Sambil ngobrol""","","",""
"https://www.google.com/maps/place/Warung+Rica+-+Rica/data=!4m7!3m6!1s0x2e78827aefecf593:0x87dcae89562ef93!8m2!3d-7.9543278!4d112.6102167!16s%2Fg%2F11b6bv6bgj!19sChIJk_Xs73qCeC4Rk-9ilejKfQg?authuser=0&hl=id&rclk=1","Warung Rica - Rica","4,5","(115)","·","Rp 1–25.000","Brunch","·","·","Tutup","· Buka Min pukul 08.00","https://lh3.googleusercontent.com/gps-proxy/ALd4DhFIyJfY33kpLabWsddiD_v32FuOdx19DexVqC4UG--zsxSCzJ-7UDNwMq4X3vZKosU4mCbYdJTXXpWzJ8Z0Uaa4UrubiXOQanN9w_gZ1p7AIWsBOwN7_sCj3SD2djK-vO5ukuRQSynT3Z6KuOpH7LAl3yGRM1Z-D5pWOwTIaDoYa2i6Jfc_xILGpPYlg-QAnpIgSw=w122-h92-k-no","https://ssl.gstatic.com/local/servicebusiness/default_user.png","""buncis, suwir, dan pangsit enak dan murah, pilihan baru buat makan siang""","","",""
"https://www.google.com/maps/place/DEPOT+%22OZ%22/data=!4m7!3m6!1s0x2e7883c964c30d95:0x98b4d4694cce1e3d!8m2!3d-7.9557285!4d112.6117602!16s%2Fg%2F11ghqc6sj1!19sChIJlQ3DZMmDeC4RPR7OTGnUtJg?authuser=0&hl=id&rclk=1","DEPOT ""OZ""","4,0","(24)","·","Rp 1–25.000","Brunch","·","·","Tutup","· Buka Sen pukul 08.00","https://lh3.googleusercontent.com/gps-cs-s/APNQkAHHI1m15vdiDYYRvLMVK5twTlk5jGwWKGzCJPPt161In6DqEtLElzVvvIvzvbLskR7KlsTE6_2YYngzCmbB9jzI2oFlf1IJ4hbci-Y_zg8iLQ3SPbnZHQ-D8BD29Rfyqau520ET=w80-h106-k-no","https://ssl.gstatic.com/local/servicebusiness/default_user.png","""Langganan waktu ngekos, makanan enak dan murah""","","",""
"https://www.google.com/maps/place/Lesehan+Bambu1/data=!4m7!3m6!1s0x2e78827bf49b7259:0x38fbd2f10fb2071b!8m2!3d-7.957122!4d112.6125086!16s%2Fg%2F1hm1zkzff!19sChIJWXKb9HuCeC4RGweyD_HS-zg?authuser=0&hl=id&rclk=1","Lesehan Bambu1","4,3","(1.544)","·","Rp 1–25.000","Hidangan Laut","·","·","Tutup","· Buka Min pukul 09.00","https://lh3.googleusercontent.com/gps-cs-s/APNQkAGZqY4hU5iTVI5mn8nMrSFh0FZytEe6yLmMhvZGKmyoAEum-sI_uea3YUVGw4WdtPryimad8yJRGzji96Xj9aDIsafBpTtXbpITC8smdyBPJJWRu5VO_u2g7nfvm-GNlXDjsAxfeQ=w122-h92-k-no","https://ssl.gstatic.com/local/servicebusiness/default_user.png","""Rasanya enak, sambelnya pedas, harganya murah dan porsinya besarrr.""","","",""
"https://www.google.com/maps/place/Harmoko+Street+Coffee/data=!4m7!3m6!1s0x2e788396448e0cf1:0xf0b9b47146360f4d!8m2!3d-7.9524817!4d112.6162989!16s%2Fg%2F11y8pd3bdf!19sChIJ8QyORJaDeC4RTQ82RnG0ufA?authuser=0&hl=id&rclk=1","Harmoko Street Coffee","5,0","(1)","","","Kedai Kopi","·","Jl. Veteran No.10-11","Tutup","· Buka Sen pukul 09.30","https://maps.gstatic.com/tactile/pane/result-no-thumbnail-2x.png","","Makan di tempat","·","Bawa pulang",""
"https://www.google.com/maps/place/Go+Kopi+Veteran/data=!4m7!3m6!1s0x2e78830000979e71:0xcc0c19c4c5fe0f96!8m2!3d-7.9558141!4d112.6155804!16s%2Fg%2F11ybrj5ghn!19sChIJcZ6XAACDeC4Rlg_-xcQZDMw?authuser=0&hl=id&rclk=1","Go Kopi Veteran","5,0","(1)","","","Kedai Kopi","·","Jl. Veteran No.15","Tutup","· Buka Min pukul 07.00","https://streetviewpixels-pa.googleapis.com/v1/thumbnail?panoid=WDxfz3X12_DL1MtUEb2zMg&cb_client=search.gws-prod.gps&w=80&h=92&yaw=37.628574&pitch=0&thumbfov=100","","Makan di tempat","","",""
"https://www.google.com/maps/place/Pecel+%26+STMJ+Sumbersari/data=!4m7!3m6!1s0x2e78827bf146b7ab:0x4aba96a7ca0fcb44!8m2!3d-7.9570708!4d112.612862!16s%2Fg%2F11b6br_hj2!19sChIJq7dG8XuCeC4RRMsPyqeWuko?authuser=0&hl=id&rclk=1","Pecel & STMJ Sumbersari","4,7","(35)","","","Kedai Kopi","·","·","Segera tutup","· 00.00 · Buka Min pukul 06.30","https://lh3.googleusercontent.com/gps-cs-s/APNQkAGxsbBq9zE85IeUGon_6SLK_8LI71cc0BLA_gKkZmM_eZEXsnuk7xAdaDius7WTF0WP_x1FOacDZWfmTE6TaudVOLOBYVBE8aFndUGHZDu-SNZboV2HAS-3vcx7Yb_iYWM_Jrd5vw=w122-h92-k-no","https://ssl.gstatic.com/local/servicebusiness/default_user.png","""Ada menu aneka pecel, biasa, campur dan pecel rawon.""","","",""
"https://www.google.com/maps/place/Gayatri+%28Kedai+Kopi+dan+Cafetaria%29/data=!4m7!3m6!1s0x2e78838388c8ce37:0xfc2242b19ffd8f91!8m2!3d-7.9536573!4d112.6161719!16s%2Fg%2F11twqlhz9c!19sChIJN87IiIODeC4RkY_9n7FCIvw?authuser=0&hl=id&rclk=1","Gayatri (Kedai Kopi dan Cafetaria)","4,9","(19)","·","Rp 1–25.000","Kafe","·","Griya Brawijaya Jl. Veteran","Tutup","· Buka Sen pukul 07.00","https://lh3.googleusercontent.com/gps-cs-s/APNQkAHPgc1nA9Ftd7zk-m-O5wwTVaqvlCqux_khTu3dzBCYSk11vt4yPo8s_04mA1bhdpD2ZRdLZfT3QYKrJQMh2P8p5R8AqRQJDvyiH7DiU4xvUW7wXIWnj-kzI4wwBJBrpqW5It9O=w163-h92-k-no","https://ssl.gstatic.com/local/servicebusiness/default_user.png","""bakmienya enakk bangett ambiencenya juga enakk""","","",""
"https://www.google.com/maps/place/Warkop+Lowak/data=!4m7!3m6!1s0x2e7882720b3f5ad1:0x370bd9c1d266fa77!8m2!3d-7.9461166!4d112.6081336!16s%2Fg%2F11dfjpxb6f!19sChIJ0Vo_C3KCeC4Rd_pm0sHZCzc?authuser=0&hl=id&rclk=1","Warkop Lowak","4,7","(23)","·","$$","Kedai Kopi","·","Ruko, Jl. Simpang Gajayana Kav.5","Segera tutup","· 00.00 · Buka Min pukul 13.00","https://lh3.googleusercontent.com/gps-cs-s/APNQkAGu308uHNQqp-wcfZWQK_hOPaXuWz-Qgc98CFCDb6T9PzuhONa-LDdkjdnq-NduB6jFO7VA2yAt6ePTOGraKxoxKya0yaWAuxhLr5M92iVo4kWqoa4F4qRRc9CR7hApyX2vzccfyQ=w80-h106-k-no","","Makan di tempat","·","Bawa pulang",""
"https://www.google.com/maps/place/Ben+Kopitiam/data=!4m7!3m6!1s0x2e7883000fa3d1f1:0xb78297e1450234f7!8m2!3d-7.9463363!4d112.6081822!16s%2Fg%2F11x03mpf0l!19sChIJ8dGjDwCDeC4R9zQCReGXgrc?authuser=0&hl=id&rclk=1","Ben Kopitiam","4,0","(1)","","","Kedai Kopi","·","Jl. Simpang Gajayana No.575","Tutup","· Buka Min pukul 08.00","https://streetviewpixels-pa.googleapis.com/v1/thumbnail?panoid=HrlL-1J5I_9c2lWCh8fktA&cb_client=search.gws-prod.gps&w=80&h=92&yaw=41.63448&pitch=0&thumbfov=100","","Makan di tempat","","",""
"https://www.google.com/maps/place/Teman+minum/data=!4m7!3m6!1s0x2e7883233d8699eb:0x682696bd477e657!8m2!3d-7.9500448!4d112.6088279!16s%2Fg%2F11q8zzpk4f!19sChIJ65mGPSODeC4RV-Z31GtpggY?authuser=0&hl=id&rclk=1","Teman minum","5,0","(1)","","","Kedai Kopi","·","Jl. Gajayana No.672B","Tutup","· Buka Sen pukul 11.00","https://lh3.googleusercontent.com/gps-cs-s/APNQkAEpdgj0uQNE6QJsZ0JM7wjRTllzdsY4wuGiEwfaiRsO7_SMLrqxltFAlKSAWBxkBNrnqNvQGJ-PLbatAqni0j3biy1colxrzpxZS8tEXxqmxOXyv99pG-rYi4UBigOMVkU99jam=w80-h106-k-no","","Makan di tempat","·","Bawa pulang",""
"https://www.google.com/maps/place/Kedai+Lava+Food+and+Drink/data=!4m7!3m6!1s0x2e7883fce40ad6cd:0x86a642b194409948!8m2!3d-7.9461421!4d112.6109769!16s%2Fg%2F11j538cc7r!19sChIJzdYK5PyDeC4RSJlAlLFCpoY?authuser=0&hl=id&rclk=1","Kedai Lava Food and Drink","4,0","(1)","","","Bar Minuman Koktail","·","pujasera umik, Jl. Kerto Raharjo No.28","Tutup","· Buka Min pukul 10.30","https://streetviewpixels-pa.googleapis.com/v1/thumbnail?panoid=HqHxUUwVu22BEyOI-v25eg&cb_client=search.gws-prod.gps&w=80&h=92&yaw=256.31616&pitch=0&thumbfov=100","","Makan di tempat","·","Bawa pulang",""
"https://www.google.com/maps/place/Kopi+Semesta+1/data=!4m7!3m6!1s0x2e78830073f80419:0xf725471582029a00!8m2!3d-7.9558865!4d112.6150198!16s%2Fg%2F11wvd8cnr7!19sChIJGQT4cwCDeC4RAJoCghVHJfc?authuser=0&hl=id&rclk=1","Kopi Semesta 1","4,2","(5)","","","Kedai Kopi","·","2JV7+MW2, Jl. Veteran","Tutup","· Buka Min pukul 11.00","https://lh3.googleusercontent.com/gps-cs-s/APNQkAGzBVuIJA4UP943VfWJYrrnqcHxunf6EUpRLwttMRI8QD1qYj9HOmAb-IsIfHzCZKZbjxm2u5An1nQWR7TqQD_qmqfu7uwXA5_YTHXXsjAE_9yR619ZSCUcBimTzeDshs_nF0Jn=w122-h92-k-no","https://ssl.gstatic.com/local/servicebusiness/default_user.png","""Belain ke daerah veteran cuma buat beli kopi semesta.""","","",""
"https://www.google.com/maps/place/Nasgor+dan+kopi+UB/data=!4m7!3m6!1s0x2e7883000b6c02dd:0x700792e99d7352ac!8m2!3d-7.9496278!4d112.6152599!16s%2Fg%2F11z50srsfw!19sChIJ3QJsCwCDeC4RrFJznemSB3A?authuser=0&hl=id&rclk=1","Nasgor dan kopi UB","","","","","Kedai Kopi","·","3J28+44R, Jl. MT. Haryono","Tutup","· Buka Min pukul 14.00","https://lh3.googleusercontent.com/gps-cs-s/APNQkAGsHwmbjnM9meWli_Atu5Q43JCehnDcPzJJSa36Pvbc9LWzOZUHg8s7CVvjQdmqXW5qd6ceHHmZsQZFHpeO83-goUeA7P2-0hqABvN8qcVLay1IDc5mpoYPPvCsWexutOvop3JGXeEsN5uy=w80-h106-k-no","","","","","Tidak ada ulasan"
"https://www.google.com/maps/place/Amerco+Coffee/data=!4m7!3m6!1s0x2e78830005deac69:0x6bff18ae7b676d13!8m2!3d-7.9559047!4d112.6147312!16s%2Fg%2F11vpnqdy8w!19sChIJaazeBQCDeC4RE21ne64Y_2s?authuser=0&hl=id&rclk=1","Amerco Coffee","","","","","Kedai Kopi","·","2JV7+JVQ, Jl. Veteran","","","https://streetviewpixels-pa.googleapis.com/v1/thumbnail?panoid=vo5-pUhOi_7z4zeA363NVQ&cb_client=search.gws-prod.gps&w=80&h=92&yaw=3.8146288&pitch=0&thumbfov=100","","Makan di tempat","","","Tidak ada ulasan"
"https://www.google.com/maps/place/Warung+Tresno/data=!4m7!3m6!1s0x2e7883917e9ebd0b:0xd1aa390d6522f917!8m2!3d-7.9556979!4d112.6084071!16s%2Fg%2F11kqwlr3r4!19sChIJC72efpGDeC4RF_kiZQ05qtE?authuser=0&hl=id&rclk=1","Warung Tresno","5,0","(1)","","","Kedai Kopi","·","Jl. Sigura - Gura VI No.21","Tutup","· Buka Min pukul 07.00","https://lh3.googleusercontent.com/gps-cs-s/APNQkAELZZNUMl0rj-bZMf7wq3cOFTBrCNszJiJ75sjF89sV3p4kxv581bdl6irxupEvDUf4rEsAYnL2_tb66H4sG_JkZJAU_6ES63i21cC1aLnj1VR_IuEyPj4q-BT2SQnbYt27hwHNSg=w163-h92-k-no","https://ssl.gstatic.com/local/servicebusiness/default_user.png","""Next coba menu yg lainnya, kyk Rawon, pecel, nasi campur, dll.""","","",""
"https://www.google.com/maps/place/Kedai+Baitkar+07/data=!4m7!3m6!1s0x2e788279ccff235f:0xe738fcd5191c9d0a!8m2!3d-7.952925!4d112.6167671!16s%2Fg%2F11fyzfbwm1!19sChIJXyP_zHmCeC4RCp0cGdX8OOc?authuser=0&hl=id&rclk=1","Kedai Baitkar 07","4,8","(4)","","","Restoran makanan pedesaan","·","Jalan Gor Pertamina Universitas Brawijaya, Kantin CL UB Kav. 7, Kelurahan Penanggungan, Kecamatan Klojen","Tutup","· Buka Sen pukul 08.00","https://lh3.googleusercontent.com/gps-cs-s/APNQkAFehHLlSBxCbXMaNazxMWUA0Z0c4uyHfJZf5CggrdsDxXzsBy6eqN6slPUetpWjXdd2ppaB02x490SY0vm7FGerPtdj0_jz_GadRnwDZ4ByLRncCu4CzqG07p4NlNjxa2F-VYpj=w96-h92-k-no","","Makan di tempat","·","Bawa pulang",""
"https://www.google.com/maps/place/O%27tella+Drink+Gajayana/data=!4m7!3m6!1s0x2e7883002ae6787d:0x114f0bd7d3a99a49!8m2!3d-7.9475872!4d112.6088877!16s%2Fg%2F11vplll83h!19sChIJfXjmKgCDeC4RSZqp09cLTxE?authuser=0&hl=id&rclk=1","O'tella Drink Gajayana","5,0","(1)","","","Kedai Kopi","·","Jl. Gajayana No.14","Tutup","· Buka Sen pukul 10.00","https://streetviewpixels-pa.googleapis.com/v1/thumbnail?panoid=HygTAbKF0flLOh9gEU8uog&cb_client=search.gws-prod.gps&w=80&h=92&yaw=79.27754&pitch=0&thumbfov=100","","Makan di tempat","·","Bawa pulang",""
"https://www.google.com/maps/place/COFFEETHERAPY/data=!4m7!3m6!1s0x2e788363315e77f9:0x69a71a1652e717ed!8m2!3d-7.9463621!4d112.6105999!16s%2Fg%2F11hd9p1_7r!19sChIJ-XdeMWODeC4R7RfnUhYap2k?authuser=0&hl=id&rclk=1","COFFEETHERAPY","5,0","(1)","","","Kedai Kopi","·","Jl. Kerto Rahayu No.35","Tutup","· Buka Min pukul 09.00","https://streetviewpixels-pa.googleapis.com/v1/thumbnail?panoid=tom5U4qsykFcSYjFW5ITVw&cb_client=search.gws-prod.gps&w=80&h=92&yaw=8.668826&pitch=0&thumbfov=100","","Makan di tempat","·","Bawa pulang",""
"https://www.google.com/maps/place/Kedai+Baren/data=!4m7!3m6!1s0x2e7883007387563b:0x22daaf0d5301cfeb!8m2!3d-7.9454813!4d112.6162653!16s%2Fg%2F11vzchhzz0!19sChIJO1aHcwCDeC4R688BUw2v2iI?authuser=0&hl=id&rclk=1","Kedai Baren","","","","","Restoran","·","Jl. Semanggi Bar. No.8b","","","https://streetviewpixels-pa.googleapis.com/v1/thumbnail?panoid=6TzRTg-mxFx-zfvKl534XQ&cb_client=search.gws-prod.gps&w=80&h=92&yaw=199.47252&pitch=0&thumbfov=100","","Makan di tempat","·","Bawa pulang","Tidak ada ulasan"
"https://www.google.com/maps/place/KEDAI+CALLISTA/data=!4m7!3m6!1s0x2e7883003bd438e3:0x1671032f04c5e40b!8m2!3d-7.9527775!4d112.6093045!16s%2Fg%2F11zjw_3jtj!19sChIJ4zjUOwCDeC4RC-TFBC8DcRY?authuser=0&hl=id&rclk=1","KEDAI CALLISTA","","","","","Restoran","·","Jl. Sumber Sari Gg. 1 b No.20","","","https://maps.gstatic.com/tactile/pane/result-no-thumbnail-2x.png","","Makan di tempat","·","Bawa pulang","Tidak ada ulasan"
"https://www.google.com/maps/place/KEDAI+DJAWA+KETAWANGGEDE/data=!4m7!3m6!1s0x2e7883003397b421:0x611869de48d6d1de!8m2!3d-7.9488419!4d112.6106815!16s%2Fg%2F11xw9p00rs!19sChIJIbSXMwCDeC4R3tHWSN5pGGE?authuser=0&hl=id&rclk=1","KEDAI DJAWA KETAWANGGEDE","","","","","Turki","·","Jl. Kertosentono No.70","","","https://lh3.googleusercontent.com/gps-cs-s/APNQkAEJc84dD-nZr4ecTK1tBPhDiYlPvH2a2KWTVpmwl9nCjWDUUFOVXXpQ1I9xf1drjBy7dUINZflWozozc91HTWuEGGrec_wEvYYYmTsC-NnkwasNqTP0ySbgOa6K2bMqMbfIHzKs3raXKR9K=w122-h92-k-no","","Makan di tempat","","","Tidak ada ulasan"
"https://www.google.com/maps/place/Warkop+87/data=!4m7!3m6!1s0x2e7883b901cf80e9:0xaedfaa24300cc79a!8m2!3d-7.9489423!4d112.6114898!16s%2Fg%2F11fj2r52qq!19sChIJ6YDPAbmDeC4RmscMMCSq364?authuser=0&hl=id&rclk=1","Warkop 87","4,4","(5)","","","Kedai Kopi","·","3J26+CHH, Jl. Watumujur","Segera tutup","· 00.00 · Buka Min pukul 09.00","https://lh3.googleusercontent.com/gps-cs-s/APNQkAEVhKmFtcxW0wK7DCpY4SgX_GRpCYqOqhhWPaovPA7zkLUbYWqt4P8zQ4mdpxKDy5y89wk_eI37tMY8Fmed22UDUMgQrgDSfOhggVnNg3Gm9p85O0-zCnuRlTvNMrr6LgTf3YbW8g=w163-h92-k-no","https://ssl.gstatic.com/local/servicebusiness/default_user.png","""𝙋𝙚𝙣𝙟𝙪𝙖𝙡 𝙣𝙮𝙖 𝙡𝙪𝙘𝙪😂""","","",""
"https://www.google.com/maps/place/Kedai+Dewa/data=!4m7!3m6!1s0x2e78827be5e53625:0x6cb3360f4b07cc0a!8m2!3d-7.9567211!4d112.6133003!16s%2Fg%2F11gh025cv5!19sChIJJTbl5XuCeC4RCswHSw82s2w?authuser=0&hl=id&rclk=1","Kedai Dewa","","","","","Rumah Makan","·","Jl. Veteran No.23","Tutup","· Buka Min pukul 06.00","https://streetviewpixels-pa.googleapis.com/v1/thumbnail?panoid=3R0vKDDaTtTsBCFo4919vg&cb_client=search.gws-prod.gps&w=80&h=92&yaw=125.91291&pitch=0&thumbfov=100","","Makan di tempat","·","Bawa pulang","Tidak ada ulasan"
"https://www.google.com/maps/place/KOPI+ANGKRINGAN+ASMARA/data=!4m7!3m6!1s0x2e7883005e320f7f:0x9eba673ab6ef473!8m2!3d-7.9467567!4d112.6081658!16s%2Fg%2F11ys7sfzxj!19sChIJfw8yXgCDeC4Rc_Ruq3Om6wk?authuser=0&hl=id&rclk=1","KOPI ANGKRINGAN ASMARA","","","","","Kedai Kopi","","","Buka","· Tutup pukul 03.20","https://lh3.googleusercontent.com/gps-cs-s/APNQkAF8P8IxdksiXfCdKYZjdKNzoGYsGbWe0dAgjz7HdVDYCfc4AiYHcKzr6E-L4WEm8YKOU5uzJRq34vHvRVrxNTKui486k2VDmd7oYky2TidLhUYLVuGy6VPZzQFr41yInr_LKeK0j9QHIU77=w80-h106-k-no","","Makan di tempat","·","Bawa pulang","Tidak ada ulasan"
"https://www.google.com/maps/place/Warkop+Simbah/data=!4m7!3m6!1s0x2e788375abc9a42d:0xe1e585b21c718e63!8m2!3d-7.9504069!4d112.6113905!16s%2Fg%2F11kb92rpld!19sChIJLaTJq3WDeC4RY45xHLKF5eE?authuser=0&hl=id&rclk=1","Warkop Simbah","5,0","(1)","","","Kedai Kopi","·","·","","","https://lh3.googleusercontent.com/gps-cs-s/APNQkAGPMEKSQbktDPpjr_d9HJVO4sdIoeLe6UkMOoGcyJTT93QCTBSrTG5JwcW02pVNXuO0M3GhGiwztD17aMJZzrCd4uZS_wTCguZ4Q0XH6QzvYwHxrkjWPnYuoig2i6Vox1VgVGBX=w163-h92-k-no","https://ssl.gstatic.com/local/servicebusiness/default_user.png","""Harganya juga relatif terjangkau.""","","",""
"https://www.google.com/maps/place/Healthy+Juice/data=!4m7!3m6!1s0x2e78827baf0c9b29:0x9f4f563610942e64!8m2!3d-7.9555087!4d112.6118192!16s%2Fg%2F1hm3d5y5b!19sChIJKZsMr3uCeC4RZC6UEDZWT58?authuser=0&hl=id&rclk=1","Healthy Juice","4,8","(185)","·","Rp 1–25.000","Kafe","·","·","Tutup","· Buka Min pukul 10.00","https://lh3.googleusercontent.com/gps-cs-s/APNQkAFMBF5pnt57UBPi_sYenFsdk76Lat43wng0kcN00lDDWgwzODt7OSZroVMwzBWXyq4TTfhiBR1dTSpvJfOGNFTkryDO-8PXPWQOC45izk7Ani8XQLtTUixslKKaAkoYgZf_ePyc=w153-h92-k-no","https://ssl.gstatic.com/local/servicebusiness/default_user.png","""Tempatnya juga luas dan bersih, ada tempat untuk dine in.""","","",""
"https://www.google.com/maps/place/Sop+Ayam+Klaten+Dinoyo/data=!4m7!3m6!1s0x2e788273aa309773:0x525ee7cec4f5b091!8m2!3d-7.9449278!4d112.6112712!16s%2Fg%2F11b6dfw_6b!19sChIJc5cwqnOCeC4RkbD1xM7nXlI?authuser=0&hl=id&rclk=1","Sop Ayam Klaten Dinoyo","4,5","(4.334)","·","Rp 1–25.000","Sup","·","·","Tutup","· Buka Min pukul 07.00","https://lh3.googleusercontent.com/gps-cs-s/APNQkAF5pD1gBPqSX1_Ah_GhFMzfLnbChv_1UJUr8DTxHesZJOwW99gIHs4EdiRMnwnJI4wrNIVB1cU-AoWC3BwfIp5f9q4HB3w8s0XKJMUVHthOtxoQ6TO-b-Ytwd0-SWhYEw-7V-tH9A=w122-h92-k-no","https://ssl.gstatic.com/local/servicebusiness/default_user.png","""Sopnya enak dan seger perkedel sm tempenya jg enak berasa bumbunya""","","",""
"https://www.google.com/maps/place/Kedai+Sam+Ojir/data=!4m7!3m6!1s0x2e7883a337963681:0x9b6b201ee16fcd80!8m2!3d-7.9463515!4d112.6081828!16s%2Fg%2F11l5mqsgrc!19sChIJgTaWN6ODeC4RgM1v4R4ga5s?authuser=0&hl=id&rclk=1","Kedai Sam Ojir","","","","","Kedai Kopi","·","Jl. Simpang Gajayana No.575b","","","https://streetviewpixels-pa.googleapis.com/v1/thumbnail?panoid=nzlP8FUTQCSruLRoAVs0fg&cb_client=search.gws-prod.gps&w=80&h=92&yaw=355.5633&pitch=0&thumbfov=100","","Makan di tempat","·","Bawa pulang","Tidak ada ulasan"
"https://www.google.com/maps/place/Kedai+Es+Nyonya/data=!4m7!3m6!1s0x2e7883abf7da2c41:0x974c43f509ffd527!8m2!3d-7.9507246!4d112.610113!16s%2Fg%2F11qnb76rq3!19sChIJQSza96uDeC4RJ9X_CfVDTJc?authuser=0&hl=id&rclk=1","Kedai Es Nyonya","5,0","(1)","","","Restoran","·","Jl. Kerto Leksono No.35","Tutup","· Buka Min pukul 09.00","https://lh3.googleusercontent.com/gps-cs-s/APNQkAGmyG7lvSGAD-886QZzhxnB-FNAvzDtL5X4WwMq1hfHOQ3tBvZu8O-A3xyMxjd91-VHTkD72UDizyuBLmf1oBmFBNeV_1awvB-6KuINqeeNTh3Kk9RfzNoIwJI4dvKfzJYHTCXlRg=w92-h92-k-no","","Makan di tempat","·","Bawa pulang",""
"https://www.google.com/maps/place/Warung+KOPI+Mbak+Dewi/data=!4m7!3m6!1s0x2e7883c90026e049:0xe3212f7e68c44e57!8m2!3d-7.9495612!4d112.6153823!16s%2Fg%2F11gj0wl0jk!19sChIJSeAmAMmDeC4RV07EaH4vIeM?authuser=0&hl=id&rclk=1","Warung KOPI Mbak Dewi","5,0","(2)","","","Kedai Kopi","·","Jl. MT. Haryono No.60","Tutup","· Buka Sen pukul 07.30","https://lh3.googleusercontent.com/gps-cs-s/APNQkAHsPDhfScExHZ7u4dXebMdbXaez1vtXBapITY3PU5RqoVj3CfHL0xYltdVBAbC9i4Znmc2dXTS3T5zEqrED1fJO3h55vgONeHLnJKlEWoiaspsScMvCoLjJWyKSjwN8z1TP3kqMDw=w80-h106-k-no","","Makan di tempat","·","Bawa pulang",""
"https://www.google.com/maps/place/Kopi+Hitam+Madu4D/data=!4m7!3m6!1s0x2e78834f90857a19:0x71f26e29f0b4a6fa!8m2!3d-7.9481249!4d112.6090507!16s%2Fg%2F11j59qmbzl!19sChIJGXqFkE-DeC4R-qa08Clu8nE?authuser=0&hl=id&rclk=1","Kopi Hitam Madu4D","","","","","Kedai Kopi","·","Jl. Kertosentono No.6","","","https://streetviewpixels-pa.googleapis.com/v1/thumbnail?panoid=OQG0uw_TYOpWw0F1xmxFZg&cb_client=search.gws-prod.gps&w=80&h=92&yaw=156.05391&pitch=0&thumbfov=100","","Makan di tempat","·","Bawa pulang","Tidak ada ulasan"
"https://www.google.com/maps/place/Kedai+Jus+94/data=!4m7!3m6!1s0x2e7882710b9ca145:0xcb21d277361437ec!8m2!3d-7.9488649!4d112.6111175!16s%2Fg%2F11b6cgdc9g!19sChIJRaGcC3GCeC4R7DcUNnfSIcs?authuser=0&hl=id&rclk=1","Kedai Jus 94","4,2","(10)","","","Jus","·","·","Tutup","· Buka Min pukul 08.00","https://lh3.googleusercontent.com/gps-cs-s/APNQkAE6gz5_DzJBA-9aEVhPWrUCgl74giu-AQ1Dzn6XUy_2WS5juIjfoT4EvSdezA2O1Ax8UzHGzEqlvf1za9dK4LLRVDc8dk8bKaUQaEnHuKyOyqTMaNNbWq8_7d-GEXSeyZw8BLsu1w=w122-h92-k-no","https://ssl.gstatic.com/local/servicebusiness/default_user.png","""Jusnya enak banget 😍😍😍""","","",""
"https://www.google.com/maps/place/Warung+Nasi+Asri/data=!4m7!3m6!1s0x2e7882717dcdba3d:0xd599bd032d691d37!8m2!3d-7.9475484!4d112.6114326!16s%2Fg%2F11b6wqp6jv!19sChIJPbrNfXGCeC4RNx1pLQO9mdU?authuser=0&hl=id&rclk=1","Warung Nasi Asri","4,3","(35)","·","$","Nasi","·","·","Tutup","· Buka Min pukul 07.00","https://lh3.googleusercontent.com/gps-proxy/ALd4DhEyW--6AXyuIGyYPhjfEw4aXs6sPWLfTwnzv2_3ntpJ75Usq3qk5yN1r_mxUW8YLpiEx0Y7VA4NJvlEVqiD8tdQB5ei0hefgRWzrpOq34v0kMz5mZ6OskAydE9g_SaCT1bvayxf0Z05ehOGjK4xlrfE5d3k-dXF3NV_rpOpGgwUe3KSO1utRr_5U0kBP7mqIJXBPjs=w122-h92-k-no","","Makan di tempat","·","Bawa pulang",""
"https://www.google.com/maps/place/Fahreza+Capucino+Cincau/data=!4m7!3m6!1s0x2e78827307c35d93:0xc3b0bacb1fd805a2!8m2!3d-7.9451573!4d112.611647!16s%2Fg%2F11f4_y1fxw!19sChIJk13DB3OCeC4RogXYH8u6sMM?authuser=0&hl=id&rclk=1","Fahreza Capucino Cincau","","","","","Kedai Kopi","·","Jl. MT. Haryono No.126 A","Tutup","· Buka Min pukul 08.00","https://streetviewpixels-pa.googleapis.com/v1/thumbnail?panoid=BLB5eq4FJvrHV1agn6T35g&cb_client=search.gws-prod.gps&w=80&h=92&yaw=259.41193&pitch=0&thumbfov=100","","Makan di tempat","·","Bawa pulang","Tidak ada ulasan"
"https://www.google.com/maps/place/Warung+Sumber+Rejeki/data=!4m7!3m6!1s0x2e78827af00bdf13:0x54c9f1d96f0a14d0!8m2!3d-7.954401!4d112.610251!16s%2Fg%2F11b6cq2tzw!19sChIJE98L8HqCeC4R0BQKb9nxyVQ?authuser=0&hl=id&rclk=1","Warung Sumber Rejeki","4,1","(16)","","","Brunch","·","Jl. Sumbersari III No.240","Tutup","· Buka Sen pukul 08.00","https://lh3.googleusercontent.com/gps-proxy/ALd4DhEiG7NimbjEkx5-Ndow6C3TlgJNy5LZ0qh2KEsC_K2Kpd3IJqHgQZMRYBaYyPoqrzi9mdyCJFwNoRVP3xV9RHFfcduP-91EwC_wHVDlqzPoqcHw-cRvvUup_jsEH23PPZ7Hu7N4BpiXQZLBwD3cMSffvcwole2JS1oMnMnOc6efbEA68C3kxK246C7nmrMKxtVVAw=w122-h92-k-no","","Makan di tempat","·","Bawa pulang",""
"https://www.google.com/maps/place/Kedai+Dapoer+Ummi/data=!4m7!3m6!1s0x2e78830072d491bd:0x95701f9329ed34e8!8m2!3d-7.9539509!4d112.6136683!16s%2Fg%2F11l_8yk28j!19sChIJvZHUcgCDeC4R6DTtKZMfcJU?authuser=0&hl=id&rclk=1","Kedai Dapoer Ummi","","","","","Brunch","·","2JW7+CF7, A","","","https://streetviewpixels-pa.googleapis.com/v1/thumbnail?panoid=UUHM_KkYbkqqmEXhpWm0Nw&cb_client=search.gws-prod.gps&w=80&h=92&yaw=296.09058&pitch=0&thumbfov=100","","Makan di tempat","·","Bawa pulang","Tidak ada ulasan"
"https://www.google.com/maps/place/Kantin+Fakultas+Pertanian/data=!4m7!3m6!1s0x2e78827a61d2e44f:0x7e8647d2dc06b6da!8m2!3d-7.9536996!4d112.6115019!16s%2Fg%2F11bwkg0q7p!19sChIJT-TSYXqCeC4R2rYG3NJHhn4?authuser=0&hl=id&rclk=1","Kantin Fakultas Pertanian","4,2","(62)","","","Brunch","·","2JW6+GJC, Jl. Fakultas Pertanian","Tutup","· Buka Sen pukul 06.30","https://lh3.googleusercontent.com/gps-cs-s/APNQkAFDCatsgf5a09SBwtujJWSDPIH578fDs1zS1Fw34wxoaGwiNvfIJxFHxYAM_TX5ZIFYRNEpLAnHPEGJ41WVBj2cHLS4lx_TfDXAqvqOUMEo_9NTZr5C3S_Idrak3BAALcQswRV7=w163-h92-k-no","https://ssl.gstatic.com/local/servicebusiness/default_user.png","""Pelayanan sangat lama ,suasana bagus adem nyaman,""","","",""
"https://www.google.com/maps/place/KEDAI+ZEN/data=!4m7!3m6!1s0x2e78830001cb738d:0xa7015a011cdf013!8m2!3d-7.945468!4d112.6091096!16s%2Fg%2F11z4dmcdgh!19sChIJjXPLAQCDeC4RE_DNEaAVcAo?authuser=0&hl=id&rclk=1","KEDAI ZEN","","","","","Kedai Hidangan Penutup","·","3J35+RJ9, Jl. Gajayana Gg. 5","Tutup","· Buka Min pukul 08.00","https://streetviewpixels-pa.googleapis.com/v1/thumbnail?panoid=ZyvAENqL5VPkIsvWVMVoHQ&cb_client=search.gws-prod.gps&w=80&h=92&yaw=295.08682&pitch=0&thumbfov=100","","","","","Tidak ada ulasan"
"https://www.google.com/maps/place/Elemen+Rotikaya+%26+Salad/data=!4m7!3m6!1s0x2e788391cb6b5d55:0x34c39df6a5849780!8m2!3d-7.9492469!4d112.6114716!16s%2Fg%2F11fk1r82ph!19sChIJVV1ry5GDeC4RgJeEpfadwzQ?authuser=0&hl=id&rclk=1","Elemen Rotikaya & Salad","","","","","Salad","·","3J26+8H5, Jl. Watumujur","Tutup","· Buka Min pukul 09.00","https://lh3.googleusercontent.com/gps-cs-s/APNQkAHH4nGhD8O5GqgF0FU4t2BtYfmjHFiUa7ZJJ6CSTY_t725khTe0Nfu7DgBc-A85vqCJztc8nh9Cl9Pu63BweqbfrW768SsMFlNeXcyiv7D3bAouWmzRr3Uy5R_g-zlc1CtbRsrG=w122-h92-k-no","","Bawa pulang","·","Pesan antar","Tidak ada ulasan"
"https://www.google.com/maps/place/Warung+buk+yayuk+Malang+Jawa+timur/data=!4m7!3m6!1s0x2e7883c05b2e2929:0x916982fc0b8629d2!8m2!3d-7.9554689!4d112.6110062!16s%2Fg%2F11hdg2wrfy!19sChIJKSkuW8CDeC4R0imGC_yCaZE?authuser=0&hl=id&rclk=1","Warung buk yayuk Malang Jawa timur","5,0","(2)","","","Brunch","·","Jl. Sumbersari Gg. 4 No.283","Tutup","· Buka Sen pukul 06.24","https://lh3.googleusercontent.com/gps-cs-s/APNQkAEXcJcSuBExPv5brE_UYSOubYiDOpBRM2NdoFs3BQwE1fb_Vds51JWh3MV9kkhxDVmlFVWF6cNH9cyaHH_MJxPlr0GD7nA7LohBTaJi12nYYU4E0jAgjDlJRRTfLqDZLeSD_1nmmA=w80-h142-k-no","","Makan di tempat","·","Bawa pulang",""
"https://www.google.com/maps/place/Rombong+kopi+UB/data=!4m7!3m6!1s0x2e7883006160df89:0x115f1c6d206f83b6!8m2!3d-7.9561824!4d112.6146929!16s%2Fg%2F11wj8v7p4j!19sChIJid9gYQCDeC4RtoNvIG0cXxE?authuser=0&hl=id&rclk=1","Rombong kopi UB","","","","","Kedai Kopi","·","2JV7+GVG, Jl. Veteran","","","https://lh3.googleusercontent.com/gps-cs-s/APNQkAHqJ-RK37v8qepTZwWW1xjX9LoSFl8tsme6HEypXlH6RM9naXwzirpe0zdtrIq9tm8Q3AkLzGvOucP7Fk6zoD5U80UnQKrIzwAxHAQKiU2Nm9wJCRk1p00EuO8xoDEX9d9oLpbm=w80-h106-k-no","","Makan di tempat","","","Tidak ada ulasan"
"https://www.google.com/maps/place/Angkringan+26/data=!4m7!3m6!1s0x2e78832b6395a8ef:0x71d714f1b4d49885!8m2!3d-7.9513691!4d112.6089054!16s%2Fg%2F11t2cn1krx!19sChIJ76iVYyuDeC4RhZjUtPEU13E?authuser=0&hl=id&rclk=1","Angkringan 26","5,0","(1)","","","Kedai Kopi","·","Jl. Gajayana No.50","","","https://streetviewpixels-pa.googleapis.com/v1/thumbnail?panoid=foZCm-KK8Ijo7h-mXwsxrw&cb_client=search.gws-prod.gps&w=80&h=92&yaw=250.70872&pitch=0&thumbfov=100","https://ssl.gstatic.com/local/servicebusiness/default_user.png","""Angkringan merebak di kota malang""","","",""
"https://www.google.com/maps/place/Ud+Dorang+%28+Usahan+Dagang+Dodolan+Sembarang+Kuliner+%29/data=!4m7!3m6!1s0x2e78830020aea299:0xd7e6a6550ae16f3d!8m2!3d-7.9553706!4d112.6164919!16s%2Fg%2F11ldysbgj1!19sChIJmaKuIACDeC4RPW_hClWm5tc?authuser=0&hl=id&rclk=1","Ud Dorang ( Usahan Dagang Dodolan Sembarang Kuliner )","","","","","Kedai Kopi","·","Jl.Cipayung No.9","Tutup","· Buka Sen pukul 09.03","https://lh3.googleusercontent.com/gps-cs-s/APNQkAGEaP1Sge5_92GIp2lGN91pqgnfDA7gvF5zH4yVNhyXa5jO9_bk6i8dO_AMcMvMNyD0bliNmlWWGi9AWRaDlUpga2qtsxmcA9-NBDICGKI4SX9A__cmG8Oo888JH5Ea5x0PMYU9=w95-h92-k-no","","Makan di tempat","·","Bawa pulang","Tidak ada ulasan"
"https://www.google.com/maps/place/Waffle+n+Coffee/data=!4m7!3m6!1s0x2e788277e0e8a10f:0x3e3eb1a90dcea018!8m2!3d-7.9570227!4d112.6122992!16s%2Fg%2F11dfwz78k3!19sChIJD6Ho4HeCeC4RGKDODamxPj4?authuser=0&hl=id&rclk=1","Waffle n Coffee","5,0","(1)","","","Kedai Kopi","·","·","Tutup","· Buka Sen pukul 12.00","https://lh3.googleusercontent.com/gps-cs-s/APNQkAFEWIld-EhKhKTXhL3b_nYgup4UaWRzHXoBjLRlfLYKwftn_kyFY-ZjfxnAjvJXlcdFr0ZbAEcjHX93lt869IH0DTxLhnq5B59cUke6tkKxf5TqrfMHQQqOR4DvbwdTd6EnGyfS=w163-h92-k-no","","Makan di tempat","·","Bawa pulang",""
"https://www.google.com/maps/place/Wong+Potato/data=!4m7!3m6!1s0x2e7883003e428a51:0x79325def267bf033!8m2!3d-7.955844!4d112.616663!16s%2Fg%2F11w96zm8dk!19sChIJUYpCPgCDeC4RM_B7Ju9dMnk?authuser=0&hl=id&rclk=1","Wong Potato","","","","","Kedai Kopi","·","Jl. Cimahi No.6","","","https://streetviewpixels-pa.googleapis.com/v1/thumbnail?panoid=QBzw7pGBpACSYN4w0EkBLA&cb_client=search.gws-prod.gps&w=80&h=92&yaw=86.85173&pitch=0&thumbfov=100","","Makan di tempat","·","Bawa pulang","Tidak ada ulasan"
"https://www.google.com/maps/place/Kedai+Pisang+Papa/data=!4m7!3m6!1s0x2dd627923de6f9a3:0x9d99d19720045a3d!8m2!3d-7.9448437!4d112.6119071!16s%2Fg%2F11ht67_dx3!19sChIJo_nmPZIn1i0RPVoEIJfRmZ0?authuser=0&hl=id&rclk=1","Kedai Pisang Papa","","","","","Brunch","·","Jl. MT. Haryono","Buka 24 jam","","https://lh3.googleusercontent.com/gps-cs-s/APNQkAGMmrS4mE38gVEeO731OuCW25AF6nggHS9M3_r_0im8Sk28_YQzb9Adv4E_I33OrF6osmIuH9V8wc_SGz51gkEfDbTMtM2OnvqBZIW6hVtM48PdAVMszzeAq3JBKrZaIaCUtc6N=w92-h92-k-no","","Makan di tempat","·","Bawa pulang","Tidak ada ulasan"
"https://www.google.com/maps/place/Permata+Juice/data=!4m7!3m6!1s0x2e78827ac4909393:0x4cc0dd6f492f0947!8m2!3d-7.95438!4d112.609012!16s%2Fg%2F11b6bf5k4z!19sChIJk5OQxHqCeC4RRwkvSW_dwEw?authuser=0&hl=id&rclk=1","Permata Juice","4,6","(69)","·","$","Jus","·","Jl. Sumbersari III No.48","Tutup","· Buka Min pukul 07.00","https://lh3.googleusercontent.com/gps-cs-s/APNQkAEo4ueonNpqtRQF_L5XeyRcK0Qnjca8cTGQLrrdO3uHMMu0ZeYYvmhth2iL8xbUPZXbhY9U-8-120Y188DDHScAjGQZ1b3bowvn8eHJVWpXWcvWB0h6DQU1NSxWJ-EniHWWEoVrvg=w163-h92-k-no","https://ssl.gstatic.com/local/servicebusiness/default_user.png","""Lokasinya apa masih tetap ya ?""","","",""
"https://www.google.com/maps/place/Tahu+Petis/data=!4m7!3m6!1s0x2e788300718640a1:0x914467a7602db20c!8m2!3d-7.9489868!4d112.6087715!16s%2Fg%2F11vzby7lgs!19sChIJoUCGcQCDeC4RDLItYKdnRJE?authuser=0&hl=id&rclk=1","Tahu Petis","","","","","Kedai Kopi","·","Jl. Gajayana No.23","Buka 24 jam","","https://streetviewpixels-pa.googleapis.com/v1/thumbnail?panoid=6Gh-c83-Wx06aSBXh9H1Zg&cb_client=search.gws-prod.gps&w=80&h=92&yaw=251.73528&pitch=0&thumbfov=100","","Makan di tempat","·","Bawa pulang","Tidak ada ulasan"
"https://www.google.com/maps/place/Kedai+Gado/data=!4m7!3m6!1s0x2e78831261543109:0x2cff7bf7b5d6f7a7!8m2!3d-7.9466577!4d112.6107073!16s%2Fg%2F11h1r3drcd!19sChIJCTFUYRKDeC4Rp_fWtfd7_yw?authuser=0&hl=id&rclk=1","Kedai Gado","","","","","Salad","·","Jl. Kerto Rahayu No.42","","","https://lh3.googleusercontent.com/gps-cs-s/APNQkAEo3GvbWM4Ad9QdWEbJB6OO216wXF5bPd1mR5aUH3AEUbZuuM9jcPTquzyLpO8itxvVEcNo48VrYiuLFp_O41SwVuQqCWyLGv7mMGuIn940izurKXPSy11QpwWe4mdukBRIbBBg=w80-h106-k-no","","Makan di tempat","·","Bawa pulang","Tidak ada ulasan"
"https://www.google.com/maps/place/WARKOP+DEWOK/data=!4m7!3m6!1s0x2e7883b0a09cdb03:0xd129a5d36dc188a2!8m2!3d-7.9508831!4d112.6099535!16s%2Fg%2F11y4fzwr60!19sChIJA9ucoLCDeC4RoojBbdOlKdE?authuser=0&hl=id&rclk=1","WARKOP DEWOK","5,0","(1)","","","Kedai Kopi","·","Jl. Kertosentono No.23","Tutup","· Buka Min pukul 10.00","https://streetviewpixels-pa.googleapis.com/v1/thumbnail?panoid=Nh5Zp9k8oyo2pJWyxKKXJQ&cb_client=search.gws-prod.gps&w=80&h=92&yaw=348.7013&pitch=0&thumbfov=100","","Makan di tempat","·","Ambil di tepi jalan",""
"https://www.google.com/maps/place/Kedai+Mamati+%28Pangsit,+Wonton+%26+Mie+Wonton%29/data=!4m7!3m6!1s0x2e7883002fffb8a5:0x51113a4226f9c9e2!8m2!3d-7.9537173!4d112.6104612!16s%2Fg%2F11y78twc86!19sChIJpbj_LwCDeC4R4sn5JkI6EVE?authuser=0&hl=id&rclk=1","Kedai Mamati (Pangsit, Wonton & Mie Wonton)","3,0","(2)","","","Restoran","·","Jl. Raya Sumbersari No.82A","Tutup","· Buka Sen pukul 10.00","https://streetviewpixels-pa.googleapis.com/v1/thumbnail?panoid=4YKBinACFSXPNCvSPtd-Ng&cb_client=search.gws-prod.gps&w=80&h=92&yaw=69.81126&pitch=0&thumbfov=100","","Makan di tempat","·","Bawa pulang",""
"https://www.google.com/maps/place/ngopi+bang/data=!4m7!3m6!1s0x2e78831feaa51289:0xab6c99698434f3a5!8m2!3d-7.9559642!4d112.6093282!16s%2Fg%2F11vztx5c_w!19sChIJiRKl6h-DeC4RpfM0hGmZbKs?authuser=0&hl=id&rclk=1","ngopi bang","","","","","Bar Kopi Espresso","","","","","https://streetviewpixels-pa.googleapis.com/v1/thumbnail?panoid=M4kkrK04rKlc0WSzI9xbMQ&cb_client=search.gws-prod.gps&w=80&h=92&yaw=101.69921&pitch=0&thumbfov=100","","Makan di tempat","·","Bawa pulang","Tidak ada ulasan"
"https://www.google.com/maps/place/Kedai+Anak+Kost/data=!4m7!3m6!1s0x2e788270ff0a0975:0x1a879aa7169211ea!8m2!3d-7.9500754!4d112.611038!16s%2Fg%2F11f5dbqky3!19sChIJdQkK_3CCeC4R6hGSFqeahxo?authuser=0&hl=id&rclk=1","Kedai Anak Kost","5,0","(1)","","","Rumah Makan","·","Jl. Watumujur I No.9","Tutup","· Buka Min pukul 10.00","https://lh3.googleusercontent.com/gps-cs-s/APNQkAEG_jFSwgYpWF7bnOXhpi9iC7gGxAwJmGpeEl9vtoeYp_-wVRiFQmZH_Z77QdZ3Pr80vqI4num6SoVJ4m0GPWEXtlo8E12fsn2rHmIPTILOj9v9uV66lK96oel3z3t6M35qc_cv8g=w80-h106-k-no","","Makan di tempat","·","Bawa pulang",""
"https://www.google.com/maps/place/Es+Teler+Durian+Tirto+2/data=!4m7!3m6!1s0x2e7883006f4eaa25:0x77e276deee51d87d!8m2!3d-7.946927!4d112.6104896!16s%2Fg%2F11w9w1b2zt!19sChIJJapObwCDeC4RfdhR7t524nc?authuser=0&hl=id&rclk=1","Es Teler Durian Tirto 2","4,6","(9)","","","Kedai Kopi","·","Jl. Kerto Raharjo No.56","Tutup","· Buka Min pukul 12.00","https://lh3.googleusercontent.com/gps-cs-s/APNQkAG_WXPCyBlCQ2fj7-H6AzGTsE2QOUqN-6bmJ1Ri9cJHFghoUOU3f19dkwBJyro5GRx6E_9UYe4hgLX68bePVJp0XdXpBQxpdXxSCyScVa_SZlnCx9y8oMVfhYW2FHa7JRyxQXE=w162-h92-k-no","https://ssl.gstatic.com/local/servicebusiness/default_user.png","""Menu favorit es teler durian, pancake durian, daaann DIMSUM MENTAI!""","","",""
"https://www.google.com/maps/place/Warung+Nasi+gito/data=!4m7!3m6!1s0x2e78830078607d85:0x506bbc85d1f5a016!8m2!3d-7.9506656!4d112.616276!16s%2Fg%2F11wtth40qs!19sChIJhX1geACDeC4RFqD10YW8a1A?authuser=0&hl=id&rclk=1","Warung Nasi gito","","","","","Kedai Kopi","·","2JX8+PGJ, Jl. Mayjend Panjaitan","","","https://streetviewpixels-pa.googleapis.com/v1/thumbnail?panoid=oMUYDJnzEHde7HwN6XjbeQ&cb_client=search.gws-prod.gps&w=80&h=92&yaw=132.11134&pitch=0&thumbfov=100","","Makan di tempat","","","Tidak ada ulasan"
"https://www.google.com/maps/place/Rumah+Diva/data=!4m7!3m6!1s0x2e7883ee95531a9d:0xb844d708d00b3aee!8m2!3d-7.9543305!4d112.6102865!16s%2Fg%2F11t4m6kbh1!19sChIJnRpTle6DeC4R7joL0AjXRLg?authuser=0&hl=id&rclk=1","Rumah Diva","","","","","Kedai Kopi","·","Jl. Raya Sumbersari Gg. III No.230","","","https://streetviewpixels-pa.googleapis.com/v1/thumbnail?panoid=WQBMMEQ9buagJn7PAvrV0A&cb_client=search.gws-prod.gps&w=80&h=92&yaw=125.72148&pitch=0&thumbfov=100","","Makan di tempat","·","Bawa pulang","Tidak ada ulasan"
"https://www.google.com/maps/place/Warkop+Bu+Nur/data=!4m7!3m6!1s0x2e78832d5274ccb9:0x9d64aa9fe8de7f69!8m2!3d-7.956894!4d112.6092622!16s%2Fg%2F11g1v8cdtd!19sChIJucx0Ui2DeC4RaX_e6J-qZJ0?authuser=0&hl=id&rclk=1","Warkop Bu Nur","5,0","(2)","","","Kedai Kopi","·","Jl. Sigura - Gura V No.20","Tutup","· Buka Sen pukul 06.00","https://lh3.googleusercontent.com/gps-cs-s/APNQkAGfTIXXnnv12q8z2b7-8EngM55rFP88w4F4Ijpr4btRK7ERnB2NqYpZmtAqmihFSRjHzNZnTYv02j0ZYx89KnsTxD63cqYC6nIoWhBoCyYpOZeWHRGE_wQ5mhBavOdgigTLrjxgdg=w163-h92-k-no","https://ssl.gstatic.com/local/servicebusiness/default_user.png","""Ngamok an.. hhhhhh....""","","",""
"https://www.google.com/maps/place/MIEKITA/data=!4m7!3m6!1s0x2e78835d2407ae2b:0x451c4ed6756dba51!8m2!3d-7.9536634!4d112.6085363!16s%2Fg%2F11gyyk8ttb!19sChIJK64HJF2DeC4RUbptddZOHEU?authuser=0&hl=id&rclk=1","MIEKITA","5,0","(19)","","","Makanan Siap Saji","·","Jl. Sumbersari Gg. II No.51","Tutup","· Buka Min pukul 10.00","https://lh3.googleusercontent.com/gps-cs-s/APNQkAEaux023-DOkPvo68rG7UD-oTS7JspYRdDn9YbiiSvbe-lDJPyM7hq18Xs2MJWOqyr0xbwZccN2pwF98uCWo6mt2kccseS9FYLaPiK1aCH0te1aD5fItbzO37E5aCWuadCH_FA=w163-h92-k-no","","Makan di tempat","·","Bawa pulang",""
"https://www.google.com/maps/place/Kedai+Aulia/data=!4m7!3m6!1s0x2e78830074d623e3:0x1a949eecdda8769b!8m2!3d-7.9471226!4d112.6087906!16s%2Fg%2F11lcnccs69!19sChIJ4yPWdACDeC4Rm3ao3eyelBo?authuser=0&hl=id&rclk=1","Kedai Aulia","","","","","Broker Makanan","·","3J35+5G3, Jl. Gajayana","Tutup","· Buka Min pukul 09.00","https://streetviewpixels-pa.googleapis.com/v1/thumbnail?panoid=mTJJR2-uZaomckVEEGCrtg&cb_client=search.gws-prod.gps&w=80&h=92&yaw=288.9273&pitch=0&thumbfov=100","","","","","Tidak ada ulasan"
"","","","","","","","","","","","","","","","",""