"hfpxzc href","qBF1Pd","MW4etd","UY7F9","AJB7ye","AJB7ye 2","W4Efsd","W4Efsd 2","doJOZc","W4Efsd 3","W4Efsd 4","W4Efsd 5","FQ2IWe src","Jn12ke src","ah5Ghc","W4Efsd 6","ah5Ghc 2"
"","","","","","","","","","","","","","","","",""
"","","","","","","","","","","","","","","","",""
"https://www.google.com/maps/place/Tenggang+Rasa+sijurik/data=!4m7!3m6!1s0x2e78827193042d8d:0x301ff37bbeb1bc1a!8m2!3d-7.9482562!4d112.6096724!16s%2Fg%2F11b6chnnz3!19sChIJjS0Ek3GCeC4RGryxvnvzHzA?authuser=0&hl=id&rclk=1","Tenggang Rasa sijurik","4,5","(463)","·","Rp 1–25.000","Jawa","·","","·","Jl. Kerto Raharjo No.79","Buka 24 jam","https://lh3.googleusercontent.com/gps-cs-s/APNQkAHletGSJEbXrtM9CIXszNAPFZ3ofpaM6DxDSwBBo-hqJDPl1TLwAkjZ849QYVqlzF779m5I5GYO8hC04OmO-y9whg83X4Tkh_SQ2JSo3dG2LBc5RN9lvg5Xi798j_QtA09XWwQ=w122-h92-k-no","https://ssl.gstatic.com/local/servicebusiness/default_user.png","""Makanannya murah dan pemiliknya enak banget diajak ngobrol.""","",""
"https://www.google.com/maps/place/WARUNG+LPI+,+Catering+murah+malang/data=!4m7!3m6!1s0x2e7883ca2333be79:0x3282ed8bb6a267e9!8m2!3d-7.9487187!4d112.6106684!16s%2Fg%2F11j2xgpkcr!19sChIJeb4zI8qDeC4R6WeitovtgjI?authuser=0&hl=id&rclk=1","WARUNG LPI , Catering murah malang","4,8","(53)","·","Rp 1–25.000","Makanan Sehat","·","","Jl. Kertosentono No.97","","Buka 24 jam","https://lh3.googleusercontent.com/gps-cs-s/APNQkAGzh1XxieNLY6ibj8Jvmj_Kzp08EnG772VNOdNABujCipi8mjoB_3armg52PNfiA6qtuIezDoDl2Ptu70ZrKe3OfuANv8XvC5L_UncvAzDms50wkDfucBZf0q0ykQXkg8WhqQ8u=w80-h106-k-no","https://ssl.gstatic.com/local/servicebusiness/default_user.png","""Makanannya uwenak, ayam krispi, ayam goreng, sambel, lalapan, dll.""","",""
"https://www.google.com/maps/place/WARUNG+SOPO+NYONO/data=!4m7!3m6!1s0x2e7882722bf2ea5b:0x33656f647ab4ef0!8m2!3d-7.9472039!4d112.6106857!16s%2Fg%2F11b6wqdq49!19sChIJW-ryK3KCeC4R8E6rR_ZWNgM?authuser=0&hl=id&rclk=1","WARUNG SOPO NYONO","4,7","(95)","·","Rp 1–25.000","Ayam","·","","·","Jl. Kerto Asri No.mor 77","Segera tutup","https://lh3.googleusercontent.com/gps-cs-s/APNQkAH1urVbWzPEglU2VPc7R5dFsiS-yb4TqPzRSrODOhOhFMWwzwViAiW_jjZQ-JkTJb605glQ492UgutoGfa9klmoLky2ZNVdAgDh7MIoRgyYCcOSI_gkyLdklbaDwOI5UtYvABkJVQ=w163-h92-k-no","https://ssl.gstatic.com/local/servicebusiness/default_user.png","""Cukup enak ayam crispy my gurih dan menu sangat bervariasiii""","· 00.00 · Buka Min pukul 08.00",""
"https://www.google.com/maps/place/AYO+MAKAN+-+Sego+Sambel+%26+Ayam+Goreng/data=!4m7!3m6!1s0x2e7883262117406d:0xbf2d515e817c844e!8m2!3d-7.9530841!4d112.6100979!16s%2Fg%2F11th_ymmxm!19sChIJbUAXISaDeC4RToR8gV5RLb8?authuser=0&hl=id&rclk=1","AYO MAKAN - Sego Sambel & Ayam Goreng","4,9","(328)","·","Rp 1–25.000","Rumah Makan","·","","·","Jl. Raya Sumbersari","Tutup","https://lh3.googleusercontent.com/gps-cs-s/APNQkAHGfjfTK2CC6IePN09wd_tD2nN1eWDLK2HFsL1_GDnRR6G-oTEAoMb8yAPiu3UUG9WNpASb1nCY6jrdtQ3HSRwH3c9NyGMSiGCHFs9tFIkuElDKWVqKuU3qsLlGeVqCVHvLa0z8=w92-h92-k-no","https://ssl.gstatic.com/local/servicebusiness/default_user.png","""","· Buka Min pukul 08.00","Makanan"
"https://www.google.com/maps/place/Warung+Pudji+Mulyo/data=!4m7!3m6!1s0x2e7882723525e7d5:0xb7849386e212c877!8m2!3d-7.9463499!4d112.6109167!16s%2Fg%2F1pzw605jk!19sChIJ1eclNXKCeC4Rd8gS4oaThLc?authuser=0&hl=id&rclk=1","Warung Pudji Mulyo","4,5","(2.665)","·","Rp 1–25.000","Jawa","·","","·","Jl. Kerto Raharjo No.43","Segera tutup","https://lh3.googleusercontent.com/gps-cs-s/APNQkAHK2gtWBY8K2l0AnCAAkhxQ7r9a4hKK1G8WvwZqNIP7R6hzYVdvIGZD7N4uEyAenTaNii6gUtBClJA1bWlB1L7y7Hg3S8l-dR_HYyXYOf0Hi9rnaa8Q8MnQckrzIjWj06TVJdnF=w129-h92-k-no","https://ssl.gstatic.com/local/servicebusiness/default_user.png","""Makanannya beragam sekali dan rasanya lumayan enak dan cocok utk sy""","· 00.00 · Buka Min pukul 06.00",""
"https://www.google.com/maps/place/Warung+Prasmanan+Mama/data=!4m7!3m6!1s0x2e788275acc43a53:0xd71ac9d3ec94c95f!8m2!3d-7.9448848!4d112.616698!16s%2Fg%2F11b6gnsrl_!19sChIJUzrErHWCeC4RX8mU7NPJGtc?authuser=0&hl=id&rclk=1","Warung Prasmanan Mama","4,5","(312)","·","Rp 1–25.000","Prasmanan","·","","·","Jl. Senggani No.26","Tutup","https://lh3.googleusercontent.com/gps-cs-s/APNQkAGKZyKyPeF3kAAiSEUd3KJnKAsRH-om8zRT6kvvpDdOQnBrOwx2RQko1RkG9hVLIu-FNsdw5tZTplzFjGi1onhmrs0CDVz-YsXdAwGNOrnUerMprxQhm4DmyCZddp_frAeWY_NMjQ=w122-h92-k-no","https://ssl.gstatic.com/local/servicebusiness/default_user.png","""Murah, nasi ambil sendiri,  sayur ambil sendiri.""","· Buka Sen pukul 07.00",""
"https://www.google.com/maps/place/Warung+Dkeprek/data=!4m7!3m6!1s0x2e7882710c21c383:0x642287bdef90aad5!8m2!3d-7.9489346!4d112.6114503!16s%2Fg%2F11b6cmk5f8!19sChIJg8MhDHGCeC4R1aqQ772HImQ?authuser=0&hl=id&rclk=1","Warung Dkeprek","4,5","(1.185)","·","Rp 1–25.000","Rumah Makan","·","","·","Jl. Kertosentono No.96B","Tutup","https://lh3.googleusercontent.com/gps-cs-s/APNQkAGUL5F2bFQ1B7jxeJK0HtvfbjcD-Qvr0yKbS-E1QufDsshxCiQpJ95oEBHEW4j0i-kiKU6729CGImDBEJLwzeTbjqLCTqKO4inadA3w_yGXyaSqGcdDIa_gTHbc8IFlyaduVXIn=w184-h92-k-no","https://ssl.gstatic.com/local/servicebusiness/default_user.png","""Kuliner enak dan murah dekat kampus Brawijaya, variasi menu banyak juga""","· Buka Min pukul 09.00",""
"https://www.google.com/maps/place/Warung+Nasi+Bu+Pah/data=!4m7!3m6!1s0x2e788271f1a4b0e1:0x67ad07652b9a200c!8m2!3d-7.9479565!4d112.6088939!16s%2Fg%2F11b6cm8knw!19sChIJ4bCk8XGCeC4RDCCaK2UHrWc?authuser=0&hl=id&rclk=1","Warung Nasi Bu Pah","4,8","(134)","·","Rp 1–25.000","Jawa","·","","·","Jl. Kertosentono No.11","Tutup","https://lh3.googleusercontent.com/gps-cs-s/APNQkAEe8RE2LCQhEF5BFFfG4aZN2YcdrYfrYI-nEQ2aIIS1ZuyV1kLK4Z-EEPR5nbHogkzfnP2FOv857DkBFJCfzCl_h-w4WCN0pxSB2T6IHSxfcTT7iW2R2Zm4t17FVIfcv0Z9kozO=w122-h92-k-no","https://ssl.gstatic.com/local/servicebusiness/default_user.png","""","· Buka Min pukul 09.00","makanan"
"https://www.google.com/maps/place/Lesehan+Bambu1/data=!4m7!3m6!1s0x2e78827bf49b7259:0x38fbd2f10fb2071b!8m2!3d-7.957122!4d112.6125086!16s%2Fg%2F1hm1zkzff!19sChIJWXKb9HuCeC4RGweyD_HS-zg?authuser=0&hl=id&rclk=1","Lesehan Bambu1","4,3","(1.544)","·","Rp 1–25.000","Hidangan Laut","·","","·","Jl. Sigura-Gura Barat No.2A","Tutup","https://lh3.googleusercontent.com/gps-cs-s/APNQkAF4IDQMXrx_JWHHJ8ex6ZCYwmBgKxD8HBNSb2NwdyNAqufDSP82t-fn0sDkIcVQ93V5tZLqqW3fPvPCdWVcvRu3DekUmGQ0A7r6LB1s8dLXotnXITq1f58lelso_86P4LTMY5QDjg=w122-h92-k-no","https://ssl.gstatic.com/local/servicebusiness/default_user.png","""Ayam bakarnya enak, harga terjangkau, kekurangannya hanya di kang park.""","· Buka Min pukul 09.00",""
"https://www.google.com/maps/place/Warung+24+Jam/data=!4m7!3m6!1s0x2e788271b93cc041:0x5d2a49b2f7f24377!8m2!3d-7.9492307!4d112.6097585!16s%2Fg%2F11b6bss6zf!19sChIJQcA8uXGCeC4Rd0Py97JJKl0?authuser=0&hl=id&rclk=1","Warung 24 Jam","4,3","(41)","","","Rumah Makan","·","","Jl. Kerto Pamuji No.24B","","Buka 24 jam","https://streetviewpixels-pa.googleapis.com/v1/thumbnail?panoid=5QTVTBtERk12_Refq4xyEg&cb_client=search.gws-prod.gps&w=80&h=92&yaw=191.11885&pitch=0&thumbfov=100","https://ssl.gstatic.com/local/servicebusiness/default_user.png","""Alhamdulillah,  nyaman, ber AC, ramah""","",""
"https://www.google.com/maps/place/Warung+ERD+masakan+jawa+makanan+jadul/data=!4m7!3m6!1s0x2e7883fa3c82a1d9:0xa1960bf097364be0!8m2!3d-7.9476108!4d112.6115212!16s%2Fg%2F11n6wxjbyw!19sChIJ2aGCPPqDeC4R4Es2l_ALlqE?authuser=0&hl=id&rclk=1","Warung ERD masakan jawa makanan jadul","4,9","(41)","","","Indonesia","·","","Jl. Watugong II No.36","","Tutup","https://lh3.googleusercontent.com/gps-cs-s/APNQkAE901iONk_d-AF62goSrvWL-lZgeod-b5Nhw7mKT_eCF_02mQRGNws4mUN7WLyrE7i_64RsucZRuHEaGrW_KOwew7D2E0QO2NZ7O8oKt83UHurJxoPv33PkslBnMw1edWgwVW8=w92-h92-k-no","https://ssl.gstatic.com/local/servicebusiness/default_user.png","""","· Buka Min pukul 07.00","Makanan"
"https://www.google.com/maps/place/Warung+Nasi+A2+Dan+Season+Juice/data=!4m7!3m6!1s0x2e7882744b949065:0xd706b518972d0edb!8m2!3d-7.9458742!4d112.61666!16s%2Fg%2F11b6gk_pr6!19sChIJZZCUS3SCeC4R2w4tlxi1Btc?authuser=0&hl=id&rclk=1","Warung Nasi A2 Dan Season Juice","4,9","(14)","","","Nasi","·","","·","Jl. Semanggi Bar. No.19","Tutup","https://lh3.googleusercontent.com/gps-cs-s/APNQkAGybUAAzFDWIgFbAeuro-7NHfVyDhTU7wO39waYbfnOGdCcSRg5q5c2fDjYu8OkbJWZVbjL52sO1IgtE_DiRu82_9zljkeRTLTu35nL22xoJ333mlS9CploplZ1GZcXCKI1Fq1O=w163-h92-k-no","https://ssl.gstatic.com/local/servicebusiness/default_user.png","""","· Buka Min pukul 07.30","makanan"
"https://www.google.com/maps/place/Ayam+Uleg+Cak+Abit+-+Sumbersari/data=!4m7!3m6!1s0x2e78834636ddd455:0x91a9645dd62088ad!8m2!3d-7.951605!4d112.6089668!16s%2Fg%2F11xzj_0fjm!19sChIJVdTdNkaDeC4RrYgg1l1kqZE?authuser=0&hl=id&rclk=1","Ayam Uleg Cak Abit - Sumbersari","4,6","(53)","","","Ayam Penyet","·","","Jl. Raya Sumbersari No.83","","Buka 24 jam","https://lh3.googleusercontent.com/gps-cs-s/APNQkAEoD-lKUTbNaWYgqrp6trrzHMHq62QQIcGhtCFmZ06dcLW9_dQjW-ukN8_d6UhXmQnMlv9oBP3ToeO0jjfaXlbnLKe7WSNRLQ8jLkSi3XQym8vyqAQWwNMoRAbFRaXzGhnkLWmRDlZysm4=w80-h105-k-no","https://ssl.gstatic.com/local/servicebusiness/default_user.png","""enak banget makanannnya, harganya murah cocok buat anak kost""","",""
"https://www.google.com/maps/place/Warung+Nasi+Rizky/data=!4m7!3m6!1s0x2e788276cf7bb7c3:0xd2ee4f73e08a088a!8m2!3d-7.9489256!4d112.6146398!16s%2Fg%2F11b6dph6f1!19sChIJw7d7z3aCeC4RigiK4HNP7tI?authuser=0&hl=id&rclk=1","Warung Nasi Rizky","4,7","(19)","","","Jawa Timur","·","","·","Jl. Mayjen Hariyono Jl. MT. Haryono No.70","Tutup","https://lh3.googleusercontent.com/gps-proxy/ALd4DhHkv8QiLKEoWgJp8pii92UFTckczF-A8CLNVmGRqLn7dRbe-PEUm0gOlAevpWscT4nNYS1lR6Nz_n_AivUu9abYBOXlrDyoB_EI4wfopS36z4ZH_ifboQFVTemZxQLhvKXEtKAv0waO3nTl926VbiPPThoRc6PpNYJ1MetmjDqQYlrx2M2Xt3-rhyBtUZ5CE-CtwkE=w122-h92-k-no","https://ssl.gstatic.com/local/servicebusiness/default_user.png","""murah dan enak""","· Buka Sen pukul 08.00",""
"https://www.google.com/maps/place/Warung+%22Restu+Ibu%22/data=!4m7!3m6!1s0x2e7882702d6de1e1:0xffb5fbf87041da53!8m2!3d-7.9501571!4d112.608613!16s%2Fg%2F11b6c9h55p!19sChIJ4eFtLXCCeC4RU9pBcPj7tf8?authuser=0&hl=id&rclk=1","Warung ""Restu Ibu""","4,9","(38)","·","$","Rumah Makan","·","","Jl. Sunan Ampel I No.1A","","Tutup","https://lh3.googleusercontent.com/gps-cs-s/APNQkAEI9ylZNUTVlebTQ417raS4fRGVkOhPk2yCCtdXybvHgWDPDIbnw0ZIRiuwu5BDtOfUWS-hEhflcgmqp2M-ZS0pjaU8JtB-CaFO2LzEfz7OmkFbU5-qwKjyv9gjkDJB4hRWUMlm5g=w80-h106-k-no","https://ssl.gstatic.com/local/servicebusiness/default_user.png","""Menu Nasi Martabak Sambel the best sejak 20 Tahun""","· Buka Min pukul 06.00",""
"https://www.google.com/maps/place/Warung+Rica+-+Rica/data=!4m7!3m6!1s0x2e78827aefecf593:0x87dcae89562ef93!8m2!3d-7.9543278!4d112.6102167!16s%2Fg%2F11b6bv6bgj!19sChIJk_Xs73qCeC4Rk-9ilejKfQg?authuser=0&hl=id&rclk=1","Warung Rica - Rica","4,5","(115)","·","Rp 1–25.000","Brunch","·","","·","Gg. III No.234","Tutup","https://lh3.googleusercontent.com/gps-cs-s/APNQkAHvlQbu5S8RJVs00M_-pYwjWQb5wc7n0s8tIhnbCWJuiSRhCC_xLdAie0hY7APvP7n_016oHddo9RLo7x6kSq6GPA6hdBeXWJIWdvWE2h1L7AoZDY6PSf88LHGpi7Gz7s6wBHtR=w122-h92-k-no","https://ssl.gstatic.com/local/servicebusiness/default_user.png","""buncis, suwir, dan pangsit enak dan murah, pilihan baru buat makan siang""","· Buka Min pukul 08.00",""
"https://www.google.com/maps/place/Warung+Rahul+CL-UB/data=!4m7!3m6!1s0x2e788279cc5dcf7f:0xe4b828c3a7fd49e7!8m2!3d-7.9530069!4d112.6166721!16s%2Fg%2F11f0_gjf68!19sChIJf89dzHmCeC4R50n9p8MouOQ?authuser=0&hl=id&rclk=1","Warung Rahul CL-UB","4,5","(39)","·","Rp 1–25.000","Restoran makanan pedesaan","·","","2JW8+QMV Kantin Creative Land Universitas Brawijaya, Jalan GOR Pertamina","","Tutup","https://lh3.googleusercontent.com/gps-cs-s/APNQkAGS3cUhCdPA3Aolw3WmvDXseybPrmi-M3Fp24sIa4ETNanbukjGZp0kssiul1RNPB3E6CusO3pj0zKVfFEI86HDBiapmEhltKnVbq_jlPP4u_8C-gT3oTfWwK-bZ08thJAZOlbb=w122-h92-k-no","https://ssl.gstatic.com/local/servicebusiness/default_user.png","""","· Buka Sen pukul 08.00","MAKANAN"
"https://www.google.com/maps/place/Depot+Mie+Sahadja+Sigura-gura/data=!4m7!3m6!1s0x2e7883397f4b95f3:0xe18d05a168f7c38a!8m2!3d-7.9567303!4d112.6087097!16s%2Fg%2F11v3gmqt5c!19sChIJ85VLfzmDeC4RisP3aKEFjeE?authuser=0&hl=id&rclk=1","Depot Mie Sahadja Sigura-gura","4,7","(725)","·","Rp 25–50 rb","Mi","·","","·","Jl. Bend. Sigura - Gura V","Tutup","https://lh3.googleusercontent.com/gps-cs-s/APNQkAER8mHR6dDhWd3neim47b7I2gDVnVUbQqQTVb_SvkWXNYE_MsrWwteQovkCmxnSsYXqNmKAkaWgpuYObEhTD1FZmhF6Umef6DqeXBKcH_HCB6t4rbTLFd4Hp3s0Qu0xbPZjqbNnEkkRRRrp=w122-h92-k-no","https://ssl.gstatic.com/local/servicebusiness/default_user.png","""","· Buka Min pukul 12.00","Makanan"
"https://www.google.com/maps/place/Kedai+Nasi+Medan/data=!4m7!3m6!1s0x2e7882707bba2f53:0x59ee3774a970086b!8m2!3d-7.9520773!4d112.6104224!16s%2Fg%2F11c6d_6w52!19sChIJUy-6e3CCeC4RawhwqXQ37lk?authuser=0&hl=id&rclk=1","Kedai Nasi Medan","4,6","(33)","","","Restoran","·","","Jl. Kertosari No.17","","Tutup","https://lh3.googleusercontent.com/gps-cs-s/APNQkAEhq3FkMc-ER8qsAHdVzXVL65Ai5RWAoDuZ1hxWuamkddGjbW5jPossviTYLEnSMgaB-JNLDjzQHvnYTjk8AhoKyuZdSU4snf6UFNv6MB_gem83LZVCokrBK2fgBfgNBu7LtrK3YA=w163-h92-k-no","https://ssl.gstatic.com/local/servicebusiness/default_user.png","""Selalu rindu masakan ibuk""","· Buka Min pukul 06.00",""
"https://www.google.com/maps/place/Aneka+Lalapan+Warung+Bu+Leha+%28Kantin+Juwita%29/data=!4m7!3m6!1s0x2e788337b605385d:0xf3397deeb93ea7f2!8m2!3d-7.9474625!4d112.6123007!16s%2Fg%2F11jz65dwgj!19sChIJXTgFtjeDeC4R8qc-ue59OfM?authuser=0&hl=id&rclk=1","Aneka Lalapan Warung Bu Leha (Kantin Juwita)","5,0","(1)","","","Makanan Sehat","·","","Jl. Watu Gong No.4","","Tutup","https://lh3.googleusercontent.com/gps-cs-s/APNQkAEnBaVipfRju2g-o_ej4DuO7O_QnCbQWJtshm9kQNcEOdDR6Aryvjv7qqLZwi3O1HM07h0EqZG6Bf7pWpMRPfxS78fJxdmCqWugadA7vzUus-XikCSHY16xfmZzIGas9rxeucU=w92-h92-k-no","","Makan di tempat","· Buka Min pukul 09.00","Bawa pulang"
"https://www.google.com/maps/place/Pakistan+Resto/data=!4m7!3m6!1s0x2e788300626c2055:0x23d800bc3087e246!8m2!3d-7.9525931!4d112.6096463!16s%2Fg%2F11y8zvztf0!19sChIJVSBsYgCDeC4RRuKHMLwA2CM?authuser=0&hl=id&rclk=1","Pakistan Resto","4,3","(106)","·","Rp 25–50 rb","Pakistan","·","","Jl. Raya Sumbersari No.95","","Tutup","https://lh3.googleusercontent.com/gps-cs-s/APNQkAG-Cl7bipvxj-JDd-zfRLlECsDQEQW4F_soggQbmb1A6-vHbzi6pbj8pll2vRngkJePlPR6Jmwf8BeaOi_OnenRPYjhl8ruDF0e_VK2HUecVOE8h2Pgi6iKUvFZZNccdRwYHJQy=w163-h92-k-no","https://ssl.gstatic.com/local/servicebusiness/default_user.png","""Kebab nya full daging, pani puri nya juga enak 👍🏻""","· Buka Min pukul 10.00",""
"https://www.google.com/maps/place/Kedai+999/data=!4m7!3m6!1s0x2e78827ab8e4e98b:0xcc0e35abc43b2e0c!8m2!3d-7.9536309!4d112.6090178!16s%2Fg%2F11gbxcrrkk!19sChIJi-nkuHqCeC4RDC47xKs1Dsw?authuser=0&hl=id&rclk=1","Kedai 999","4,6","(215)","·","$","Sarapan","·","","·","Jl. Sumbersari Gg. II No.128","Tutup","https://lh3.googleusercontent.com/gps-cs-s/APNQkAFkiXBtUcoHKEB4FTB6YZ1IKpGPrgGlL2hNhrISCCLWPzKZI6UqGsNgeUaZcmcdvH_xjrpBykMFJ8LVnWE40eRaCW7u0y-GfxT58LwSdwP0ADcJFndf4xO134jMxRi1ocMrGvTQTw=w122-h92-k-no","https://ssl.gstatic.com/local/servicebusiness/default_user.png","""Menu variatif dengan nasi, air mineral, dan teh lemon sepuasnya.""","· Buka Min pukul 06.00",""
"https://www.google.com/maps/place/Kedai+Nasi+Medan/data=!4m7!3m6!1s0x2e7882707bba2f53:0x59ee3774a970086b!8m2!3d-7.9520773!4d112.6104224!16s%2Fg%2F11c6d_6w52!19sChIJUy-6e3CCeC4RawhwqXQ37lk?authuser=0&hl=id&rclk=1","Kedai Nasi Medan","4,6","(33)","","","Restoran","·","","Jl. Kertosari No.17","","Tutup","https://lh3.googleusercontent.com/gps-cs-s/APNQkAEhq3FkMc-ER8qsAHdVzXVL65Ai5RWAoDuZ1hxWuamkddGjbW5jPossviTYLEnSMgaB-JNLDjzQHvnYTjk8AhoKyuZdSU4snf6UFNv6MB_gem83LZVCokrBK2fgBfgNBu7LtrK3YA=w163-h92-k-no","https://ssl.gstatic.com/local/servicebusiness/default_user.png","""Selalu rindu masakan ibuk""","· Buka Min pukul 06.00",""
"https://www.google.com/maps/place/Wonton+oma/data=!4m7!3m6!1s0x2e7883eba42c100f:0xc676a1b27c864fde!8m2!3d-7.9509743!4d112.6103334!16s%2Fg%2F11scjpxjqr!19sChIJDxAspOuDeC4R3k-GfLKhdsY?authuser=0&hl=id&rclk=1","Wonton oma","3,8","(122)","·","Rp 1–25.000","China","·","","·","Jl. Kerto Leksono No.59a","","https://lh3.googleusercontent.com/gps-cs-s/APNQkAFwhuHws8mnbB_c4yX4Y2WYbH8GLemnxjjez2X5jcrdAT9BYL8cg5QLLJ5Gh3h6K3ueMlPsM6XdYgywIWVbs9RQjdKMYCa9jjh2mD1x20K3h6ESPbGuWHjyZIh8mhH6Cp3xxoK5=w80-h142-k-no","https://ssl.gstatic.com/local/servicebusiness/default_user.png","""Enak banget, pedes gurih nampol banget, pelayanannya cepat, bersih juga.""","",""
"https://www.google.com/maps/place/Warung+Rama/data=!4m7!3m6!1s0x2e788273cbeb96a5:0xad3a9fd8bde952a3!8m2!3d-7.9463758!4d112.6111699!16s%2Fg%2F11f00jh4j4!19sChIJpZbry3OCeC4Ro1LpvdifOq0?authuser=0&hl=id&rclk=1","Warung Rama","4,9","(28)","·","Rp 1–25.000","Rumah Makan","·","","Jl. Kerto Raharjo Dalam No.3","","Tutup","https://lh3.googleusercontent.com/gps-cs-s/APNQkAE4olg_IBk21O-Q5xsYSH8UgxV9XHChhknsqyl5_yj8DkHaBRDFf7_xwdf94U7PUsHa_aJkAXG5vn9OJmikO_F1mo3Rj5-ksvgGbq6LgN0KUX0qTxfvCVFiyHlSb4V19V9D3IPY=w80-h106-k-no","https://ssl.gstatic.com/local/servicebusiness/default_user.png","""Pilihan makan terbaik di daerah Kerto sejak 2011 🙌🏼""","· Buka Min pukul 06.00",""
"https://www.google.com/maps/place/Warung+Lesehan+Aysah/data=!4m7!3m6!1s0x2e78827b22526177:0xc58e53670b9dab0!8m2!3d-7.9552884!4d112.6090439!16s%2Fg%2F11c5h282mh!19sChIJd2FSInuCeC4RsNq5cDblWAw?authuser=0&hl=id&rclk=1","Warung Lesehan Aysah","4,4","(142)","·","Rp 1–25.000","Jawa","·","","·","Jl. Sigura - Gura No.V No.36","Tutup","https://lh3.googleusercontent.com/gps-cs-s/APNQkAElzKAtJv_uqhm3QnClt0HRS30GGwU15XSy1_7LmPDPcJs5hGc6ZsquROQlDCpyf7234nldYNBYmcS2SW5ZcPTTpUqKhBzbzl91UYINl1G3bPxxo_D4EupkBbqrO4GfrzI2vmos=w80-h106-k-no","https://ssl.gstatic.com/local/servicebusiness/default_user.png","""Harganya murah cuma 18k rasa enak udah plus minuman jugaa.""","· Buka Min pukul 08.00",""
"https://www.google.com/maps/place/NAJWA+FOOD/data=!4m7!3m6!1s0x2e78834ba237c5ab:0x5b127b448ff3b1be!8m2!3d-7.9449226!4d112.6167873!16s%2Fg%2F11kghrxtj_!19sChIJq8U3okuDeC4RvrHzj0R7Els?authuser=0&hl=id&rclk=1","NAJWA FOOD","3,9","(29)","","","Toko Makanan","·","","JL. Senggani no:30 dalam, masuk gang, Jl. Senggani No.30","","Buka 24 jam","https://lh3.googleusercontent.com/gps-cs-s/APNQkAE23Xw8LBwfuXVb3hmk5aTcXO0980aeZYLTTBTP7ZlSkRMfSaf8JJxfx8955zMOc24KW-i2SMHqcnskEJtUy8RxQl7YAbmm8jyT9aByFd2-TJRHHRRJLL9pfDKcTm4FjuyN6FJ9=w80-h106-k-no","","Makan di tempat","","Drive-through"
"https://www.google.com/maps/place/Kantin+Akademik+Halalan+Thoyyiban/data=!4m7!3m6!1s0x2e78827a1a132af3:0x95122de8827d9b6c!8m2!3d-7.9534549!4d112.6132553!16s%2Fg%2F11f312xq5v!19sChIJ8yoTGnqCeC4RbJt9gugtEpU?authuser=0&hl=id&rclk=1","Kantin Akademik Halalan Thoyyiban","4,4","(679)","·","Rp 1–25.000","Halal","·","","2JW7+H69 Gedung JPC, Jl. Veteran Jl. Kampus Universitas Brawijaya","","Tutup","https://lh3.googleusercontent.com/gps-cs-s/APNQkAEZ9iJQ3fo-649n8xZTvVfe7vtqG4C4Ks116tYBimDI8Ci0a2KcVWbAfwKnPzjxQAnzWjaPUf4CBnMWFo8kVAfhe9vyZ7NHxQoTrwyDwEqvtLyBkV8qWdx8VUBXXeUTyq0pYukp=w138-h92-k-no","https://ssl.gstatic.com/local/servicebusiness/default_user.png","""","· Buka Sen pukul 08.00","Makanan"
"https://www.google.com/maps/place/Kantin+FEB+UB/data=!4m7!3m6!1s0x2e78831ba0a3fa09:0x664280bd865cc338!8m2!3d-7.950809!4d112.6140279!16s%2Fg%2F11fjy4gvlw!19sChIJCfqjoBuDeC4ROMNchr2AQmY?authuser=0&hl=id&rclk=1","Kantin FEB UB","4,7","(17)","·","Rp 1–25.000","Restoran","·","","2JX7+MJC, Jl. Veteran","","","https://lh3.googleusercontent.com/gps-cs-s/APNQkAHDVmIy3IpaB3o0MwweA-AmczL1FTqVnhB5DNLVWimdoK_PhLS_ldt3V1OvFZqp5Ls05Ru6YVMD-rCxHLLfscMqMEnf2x9FneVQqEcGgc41HO3h422sbxsGI24d3KN_t1r91sam=w80-h142-k-no","https://ssl.gstatic.com/local/servicebusiness/default_user.png","""harga","","makanan"
"https://www.google.com/maps/place/Kober+Mie+Malang+-+Suhat/data=!4m7!3m6!1s0x2e788276f51b07df:0xb078df5955307912!8m2!3d-7.9484568!4d112.6167529!16s%2Fg%2F11bwnbv50h!19sChIJ3wcb9XaCeC4REnkwVVnfeLA?authuser=0&hl=id&rclk=1","Kober Mie Malang - Suhat","4,3","(8.348)","·","Rp 1–25.000","Mi","·","","·","Jl. Soekarno Hatta No.1-2","Segera tutup","https://lh3.googleusercontent.com/gps-cs-s/APNQkAEfCwsFO7sWjQkfisGoWQPwG16AVSusiKrvubDU86Sm7GatfPludHMDv6ryXon027AbZUhgaqpC_8zVR231KScEaH8QI0ovhhzXxNX4NCfFxlVE172iW2xLUeiWvxk0QL8jRFAg=w138-h92-k-no","https://ssl.gstatic.com/local/servicebusiness/default_user.png","""Dimsum udang keju dan lumpia udangnya terbaik, full udang.""","· 00.00 · Buka Min pukul 10.00",""
"https://www.google.com/maps/place/Sop+Ayam+Klaten+Dinoyo/data=!4m7!3m6!1s0x2e788273aa309773:0x525ee7cec4f5b091!8m2!3d-7.9449278!4d112.6112712!16s%2Fg%2F11b6dfw_6b!19sChIJc5cwqnOCeC4RkbD1xM7nXlI?authuser=0&hl=id&rclk=1","Sop Ayam Klaten Dinoyo","4,5","(4.334)","·","Rp 1–25.000","Sup","·","","·","Jl. MT. Haryono No.27","Tutup","https://lh3.googleusercontent.com/gps-cs-s/APNQkAGcu2QMoMjSoqGdfmAVy5xrqQkMwJ0jHiPE4CgekaCzaavpzj61A59vq70HABdGgjNJvJ1RrdIe6lTUG3q-Cdkc6hA3FZIdFfqtcDBUlNII2oiFybbdeRsUGfnfcqGIkJmv560dOw=w122-h92-k-no","https://ssl.gstatic.com/local/servicebusiness/default_user.png","""Kuah sop enak, nasi jg pulen, ayam nya empuk, sesuai dengan harga nya""","· Buka Min pukul 07.00",""
"https://www.google.com/maps/place/Warunk+WOW+KWB+-+Malang/data=!4m7!3m6!1s0x2e78836783115fe1:0x2b1590005e677221!8m2!3d-7.9462903!4d112.6128068!16s%2Fg%2F11swqcff0q!19sChIJ4V8Rg2eDeC4RIXJnXgCQFSs?authuser=0&hl=id&rclk=1","Warunk WOW KWB - Malang","4,0","(712)","·","Rp 25–50 rb","Kafe","·","","·","Jl. MT. Haryono No.2A","Buka 24 jam","https://lh3.googleusercontent.com/gps-cs-s/APNQkAGJl69pze5c2h0C3IlrdoZRqJRSQeK7ZkysFCQ-UrPkaBqhhTJV6Dloh1AVeEV8F30tHOTlT8Kv0m3FGWGW5cEkOebUtcbsAtqlC1BnkEP6J6YpRArvO1U2pQIFEXlPG34GkvvAdw=w122-h92-k-no","https://ssl.gstatic.com/local/servicebusiness/default_user.png","""Ajib enak menunya unik"" harganya agak pricey aja sih""","",""
"https://www.google.com/maps/place/Sego+Resek/data=!4m7!3m6!1s0x2e78831f4e08c739:0x129f74aa90668e72!8m2!3d-7.9490425!4d112.6094248!16s%2Fg%2F11srpvdyv_!19sChIJOccITh-DeC4Rco5mkKp0nxI?authuser=0&hl=id&rclk=1","Sego Resek","4,1","(29)","·","Rp 1–25.000","Restoran","·","","Jl. Kerto Pamuji No.18","","Tutup","https://lh3.googleusercontent.com/gps-cs-s/APNQkAF1RIUkOmqDWq1nbupM6bvo5e6EZC4BZN9ww70iQeSjOvnNnJ8eWYUfWc6QUxiHsG7tE0l5RJzjJ-qNJRmlxHsT36tsmPWaRCIpVrbXxn-220UzkjakgJtThlncnyLG_veK_Jhs=w80-h106-k-no","https://ssl.gstatic.com/local/servicebusiness/default_user.png","""Sambalnya enak dan pedas juga.""","· Buka Min pukul 08.00",""
"https://www.google.com/maps/place/McDonald%27s+MT+Haryono+Malang/data=!4m7!3m6!1s0x2e78834cc396c2d3:0x9f93d96f1f5f53b2!8m2!3d-7.9468541!4d112.6127958!16s%2Fg%2F11g1lw1vfg!19sChIJ08KWw0yDeC4RslNfH2_Zk58?authuser=0&hl=id&rclk=1","McDonald's MT Haryono Malang","4,5","(6.483)","·","Rp 25–50 rb","Makanan Siap Saji","·","","·","Jl. MT. Haryono No.115","Buka 24 jam","https://lh3.googleusercontent.com/gps-cs-s/APNQkAF-KEW0GCZ-TxmvJRuRfdXOFFi_D_afyQ9GT7gRQzb_jj1FjL_FGsz1Ewdzle4L8X5WKa5NNhi13rMNAJnwJRfs078eFgdCbjz-38HRt5w7BtXyC_vO3nDdAhU8Q_aVMDv5JIwR0YySHzHA=w80-h106-k-no","https://ssl.gstatic.com/local/servicebusiness/default_user.png","""","","Makanan"
"https://www.google.com/maps/place/NASI+PADANG+MURAH/data=!4m7!3m6!1s0x2e788273958c4383:0x2448c4893c991a90!8m2!3d-7.9458302!4d112.6124258!16s%2Fg%2F11b6dg5wh3!19sChIJg0OMlXOCeC4RkBqZPInESCQ?authuser=0&hl=id&rclk=1","NASI PADANG MURAH","4,5","(1.281)","·","Rp 1–25.000","Padang","·","","·","Jl. MT. Haryono No.7-1","Tutup","https://lh3.googleusercontent.com/gps-cs-s/APNQkAHRnuxvuVoAdF2lD0hbKbuDOQxBFZiBqYllTNr7w-ig2-yr_WGABAP8pGRwaOfxAfKdxDXrlFk23lDk1xEHYVmRVzxosfoJQdWf7oagcy1Q1FmaXkqs-vEjTkCwlRAfMIAO7ZYM=w199-h92-k-no","https://ssl.gstatic.com/local/servicebusiness/default_user.png","""","· Buka Min pukul 08.30","Makanan"
"https://www.google.com/maps/place/Pangsit+Mie+Pak+Sumarto/data=!4m7!3m6!1s0x2e788271537b7cd5:0x80798ee2ba1a4436!8m2!3d-7.9470618!4d112.6131822!16s%2Fg%2F11b6dp40vn!19sChIJ1Xx7U3GCeC4RNkQauuKOeYA?authuser=0&hl=id&rclk=1","Pangsit Mie Pak Sumarto","4,5","(134)","·","Rp 1–25.000","Mi","·","","·","Jl. Mayjen Hariyono Jl. MT. Haryono No.100","Tutup","https://lh3.googleusercontent.com/gps-cs-s/APNQkAHFbonWAw4m5DSpGW0wVdfR-XbLlkRJ_Joi-Nx7Ahny92dbC92t_uA1IZ2uVQOhlc1-Cuo756C0yj34R5_hZNjZMGcpiasKU-IM27ggDp_nPIK6Nq1XitamKg91hBEKElpheAk=w163-h92-k-no","https://ssl.gstatic.com/local/servicebusiness/default_user.png","""Harganya murah mulai 12rb, mie nya enak banget pol kuahnya seger.""","· Buka Sen pukul 09.00",""
"https://www.google.com/maps/place/Nasi+Martabak/data=!4m7!3m6!1s0x2e788273d9cd568f:0x70e2e31229829f5c!8m2!3d-7.9466452!4d112.6106166!16s%2Fg%2F11cs1s5vlf!19sChIJj1bN2XOCeC4RXJ-CKRLj4nA?authuser=0&hl=id&rclk=1","Nasi Martabak","4,5","(273)","·","Rp 1–25.000","Martabak","·","","·","Jl. Kerto Rahayu No.71","Tutup","https://lh3.googleusercontent.com/gps-cs-s/APNQkAF-7OZHVihFEdrtGvCPYSx7LNfvTCnGH6T4a4vFIk5txqt0A1cDB1VSHmRCkYmmPt2L65Ie1qnWmuAJnP1kpzgRj0JQ-qNOPRu-2mgMIo_d0EhlxI_orxMsg70JnkP1JSxE7BA=w80-h106-k-no","https://ssl.gstatic.com/local/servicebusiness/default_user.png","""","· Buka Min pukul 07.30","Makanan"
"https://www.google.com/maps/place/rasan+rasan/data=!4m7!3m6!1s0x2e788385e15604f5:0x3e68c1de4a95c911!8m2!3d-7.9460403!4d112.6081208!16s%2Fg%2F11fjxfk5bf!19sChIJ9QRW4YWDeC4REcmVSt7BaD4?authuser=0&hl=id&rclk=1","rasan rasan","4,5","(59)","","","Kafe","·","","Jl. Simpang Gajayana No.577F kav. 6","","Segera tutup","https://lh3.googleusercontent.com/gps-cs-s/APNQkAGZbkJ0Zwuj4_Lbcnti1hlcR-EYEG5JBZaOlrES_TZ0v2IpIAS7QdaFfRC03mUsiWvIWiVWEa8rXilUO0awrfF_6Tte0DoRU7bJ8-SG2oddbEwdU0117Ma1iNrPDMEFtdCfIB0sEA=w80-h106-k-no","https://ssl.gstatic.com/local/servicebusiness/default_user.png","""Enak, porsinya juga pass es jeruknya manis seger""","· 00.00 · Buka Min pukul 14.00",""
"https://www.google.com/maps/place/Sosis,+dimsum,+spageti+faramida/data=!4m7!3m6!1s0x2e7883e2a4d6f289:0x10a53f8f131572e3!8m2!3d-7.9455803!4d112.6105256!16s%2Fg%2F11ghf6kqd_!19sChIJifLWpOKDeC4R43IVE48_pRA?authuser=0&hl=id&rclk=1","Sosis, dimsum, spageti faramida","4,5","(24)","","","Toko Makanan","·","","Jl. Watu Gilang No.18A","","","https://lh3.googleusercontent.com/gps-cs-s/APNQkAFs2PGx0JMH6MaLd7kR5Qiuolz53HLsvkj9P8TmtOMG-QrASllV4LkGa6Q5usI7-EhzPcyRhmHINC9zPZX3MsECZoNKLou9TALPAoKc4Y0ZWC_CbnGJdVC8yP8s1pPCZ8-fqJEQcRiR3nyU=w92-h92-k-no","https://ssl.gstatic.com/local/servicebusiness/default_user.png","""spegeti nya lezatos""","",""
"https://www.google.com/maps/place/UB+Coffee+-+Coffee+%26+Eatery/data=!4m7!3m6!1s0x2e78827150fc0507:0x93d16be7c34fdb40!8m2!3d-7.9477396!4d112.6132613!16s%2Fg%2F11hcw3t1zh!19sChIJBwX8UHGCeC4RQNtPw-dr0ZM?authuser=0&hl=id&rclk=1","UB Coffee - Coffee & Eatery","4,6","(1.662)","·","Rp 25–50 rb","Restoran","·","","·","Jl. MT. Haryono No.169","Tutup","https://lh3.googleusercontent.com/gps-cs-s/APNQkAEiCIfz1lfLO4BmyyvYujpiLtKLoATVmmH8Ev1jolqzAMldO9etoSBbw3epOj-2wE_RSZ1parBqWmesIwr6DdOHdP5na352Z9LhtK4MEV4TA0ZseJMM4nbjdcIRAICRrFGx2B7wIg=w122-h92-k-no","https://ssl.gstatic.com/local/servicebusiness/default_user.png","""Coffenya UB bagus","· Buka Min pukul 07.00","makanan"
"https://www.google.com/maps/place/MIEKITA/data=!4m7!3m6!1s0x2e78835d2407ae2b:0x451c4ed6756dba51!8m2!3d-7.9536634!4d112.6085363!16s%2Fg%2F11gyyk8ttb!19sChIJK64HJF2DeC4RUbptddZOHEU?authuser=0&hl=id&rclk=1","MIEKITA","5,0","(19)","","","Makanan Siap Saji","·","","Jl. Sumbersari Gg. II No.51","","Tutup","https://lh3.googleusercontent.com/gps-cs-s/APNQkAESopFrOlydMFbFyV5z2tbzgvPEgKvFT_n38gleMwbUOKLcHMbvVnhXGO5495rjPdwyLmrsk6PsTPhKNDFxALnwSI4qTQ0iAs4MtCgzC62zQml6qBtdrxI51bHaMY8eKMUWM-Wnag=w80-h142-k-no","","Makan di tempat","· Buka Min pukul 10.00","Bawa pulang"
"https://www.google.com/maps/place/MedCafe+by+Cafetaria+Jaya/data=!4m7!3m6!1s0x2e7883b3f25c0397:0xe690801c1f6ecfa2!8m2!3d-7.9548642!4d112.613317!16s%2Fg%2F11ln4n0fbp!19sChIJlwNc8rODeC4Ros9uHxyAkOY?authuser=0&hl=id&rclk=1","MedCafe by Cafetaria Jaya","4,4","(58)","·","Rp 25–50 rb","Restoran","·","","Jl. Universitas Brawijaya","","Tutup","https://lh3.googleusercontent.com/gps-cs-s/APNQkAEBlFKOaQKw_UHbq8gwKRcQ5eGikR4a5KROZq7KeYf2LMfmYxFR7IIpdinPFnrO2PqbwU41z4A1ZoG2HlFmaXlv0KechJMBTMlkLcqnTd0tjCuzFwtvQS4iM7hjCCS6QMCtjrLV6w=w80-h106-k-no","https://ssl.gstatic.com/local/servicebusiness/default_user.png","""tempat nya oke, bagus,","· Buka Sen pukul 07.00","makanan"
"https://www.google.com/maps/place/Kantin+CL+%28Creative+Land%29+UB/data=!4m7!3m6!1s0x2e788279cdc02b93:0xb0b6a1e7d2d046f4!8m2!3d-7.9529251!4d112.6167666!16s%2Fg%2F11c5_3tgjl!19sChIJkyvAzXmCeC4R9EbQ0uehtrA?authuser=0&hl=id&rclk=1","Kantin CL (Creative Land) UB","4,5","(604)","·","Rp 1–25.000","Kafetaria","","","","","Tutup","https://lh3.googleusercontent.com/gps-cs-s/APNQkAElduQkd6GeCx_vc6vKzjWKkiApH_X1qAMj3tQzaGiyGgTVDljZCG1VVkfQc7j9Z2uOc_fpfzQJa4ImPcReWoYSI9Ax4Kc3Vpif7PUA6a-oGRXi-0RYeDpHDgNXM2FLdVeBu3w=w80-h106-k-no","https://ssl.gstatic.com/local/servicebusiness/default_user.png","""Makanannya enak enakk, pelayanannya cepat dan banyak variasinya.""","· Buka Min pukul 06.00",""
"https://www.google.com/maps/place/Smile+Addict/data=!4m7!3m6!1s0x2e78827a8e7c2ccd:0xc2e7e51fa339a06d!8m2!3d-7.9530602!4d112.6101466!16s%2Fg%2F11f0_gv408!19sChIJzSx8jnqCeC4RbaA5ox_l58I?authuser=0&hl=id&rclk=1","Smile Addict","4,6","(108)","","","Restoran","·","","·","2JW6+Q3C","Tutup","https://lh3.googleusercontent.com/gps-cs-s/APNQkAGDQwdYJe1Tq7svFO3OaDcZsle1KgejfZzDqCG-b60GXUV9jrrmWVwBsbQMgcLFOJrc0SOZwfMoMvN4xLQvVTU4HJbzMlvf8WPWIka7CPM3UxYud0WxScg2wgZqwpmFWKoySMC-Fw=w122-h92-k-no","","Makan di tempat","· Buka Min pukul 16.00","Bawa pulang"
"https://www.google.com/maps/place/Myongdong+Korean+Streetfood/data=!4m7!3m6!1s0x2e788318e1e088fd:0x2b0a8f33e2b2b93e!8m2!3d-7.953206!4d112.609973!16s%2Fg%2F11sb3njn1p!19sChIJ_Yjg4RiDeC4RPrmy4jOPCis?authuser=0&hl=id&rclk=1","Myongdong Korean Streetfood","5,0","(1)","","","Korea","·","","Jl. Raya Sumbersari No.70","","Tutup","https://lh3.googleusercontent.com/gps-cs-s/APNQkAFRE-KZNU1aXC_T8YwvOIvnBwH5ZI-sx1ihpilGoNZchayaDeZleES_3StB3fnM6ykCwA74kcHLR9fYaXF3MCNtHq5Em5XECJf89JGexvK06S9VU-e5g8gdmB2x5YhT99bHAzYf=w92-h92-k-no","","Makan di tempat","· Buka Min pukul 16.00","Drive-through"
"https://www.google.com/maps/place/DODOLAN+chicken+steak%26kofie/data=!4m7!3m6!1s0x2e7883002c21606b:0x533f5f1a68990725!8m2!3d-7.947789!4d112.613831!16s%2Fg%2F11yc52nsqp!19sChIJa2AhLACDeC4RJQeZaBpfP1M?authuser=0&hl=id&rclk=1","DODOLAN chicken steak&kofie","4,5","(8)","·","Rp 1–25.000","Makanan Kecil","·","","Jl. MT. Haryono No.98","","","https://lh3.googleusercontent.com/gps-cs-s/APNQkAGEvBbOIQSt5tmnXA9goTI-55Koj_PuizDXqoy-6faQ6WxEl2ked0a582u0xinQiM2ibFaEdglq5Ti2B8Kh-x2oMLIqTHNlU-8RBXJdc25V7HRp832Pz58MYVVZZMy2JXhXW6DGFXGehEeP=w80-h142-k-no","https://ssl.gstatic.com/local/servicebusiness/default_user.png","""Chicken steak ekonomis, harga bersahabat, rasa tidak mengecewakan.""","",""
"https://www.google.com/maps/place/Semusim+Cafe/data=!4m7!3m6!1s0x2e789d6c034f40bf:0xea6f83c59e54b7c7!8m2!3d-7.9471786!4d112.6134383!16s%2Fg%2F11j34gjxct!19sChIJv0BPA2ydeC4Rx7dUnsWDb-o?authuser=0&hl=id&rclk=1","Semusim Cafe","4,5","(1.399)","·","Rp 1–25.000","Kafe","·","","·","Jl. MT. Haryono No.110","Buka","https://lh3.googleusercontent.com/gps-cs-s/APNQkAHeUmiSzJ8BQztLl8mWRWTBs0I9OwIFNTheNTsu-JLBsGoUR9B7nv_Y0qcTEnTJwRvPbNClHhCWmCglONxsy1lO9GWG6_t6wE3_5iiQNS3zLkz_vMiFmMDfqz7gYe-9nT3BxPm8=w92-h92-k-no","https://ssl.gstatic.com/local/servicebusiness/default_user.png","""cafenya bagus dan aesthetic, makanannya lengkap dan enak, murah juga.""","· Tutup pukul 02.00",""
"https://www.google.com/maps/place/Kedai+JiMat/data=!4m7!3m6!1s0x2e7883ea1bbbe169:0x49e9a9c9af5376ad!8m2!3d-7.9567507!4d112.6087657!16s%2Fg%2F11gm9fw3y1!19sChIJaeG7G-qDeC4RrXZTr8mp6Uk?authuser=0&hl=id&rclk=1","Kedai JiMat","4,8","(5)","","","Restoran","·","","Jl. Sigura - Gura V No.23B","","Tutup","https://lh3.googleusercontent.com/gps-cs-s/APNQkAH_pOo0aDFRWQ4pcYypA-KyrW9CREjPVoOlv9n3N7DK74dlluWmNyTO6ieHjaxbG7E0cf62au9hXQG8Lc1iw-d-k5xm0QrgOGgB6xol9SRZ_mgljDyImly6Lv_VLWVZVNBUbRhw6Q=w80-h106-k-no","","Makan di tempat","· Buka Min pukul 06.00","Bawa pulang"
"https://www.google.com/maps/place/Nasi+Goreng+Ninggal+Roso+Malang/data=!4m7!3m6!1s0x2e78838f22afba21:0xe90b87df39dfbb63!8m2!3d-7.9461453!4d112.6109723!16s%2Fg%2F11w2dj3fyy!19sChIJIbqvIo-DeC4RY7vfOd-HC-k?authuser=0&hl=id&rclk=1","Nasi Goreng Ninggal Roso Malang","4,4","(7)","","","Makanan Kecil","·","","Jl. Kerto Raharjo No.28","","Tutup","https://lh3.googleusercontent.com/gps-cs-s/APNQkAGdv_Q5diPyz287WbHFWSrfGasrvFZGWstSAJAFsa05TfWrxOI2YhNBFAZbxV9vSHe1om_SuMMLscQuUkxjyKB_canh04lZYr7xU6-uJmVvg93zyz3B7ump8puud5ZO6PvsgrC-PQ=w122-h92-k-no","https://ssl.gstatic.com/local/servicebusiness/default_user.png","""Bestt,","· Buka Min pukul 10.00","makanan"
"https://www.google.com/maps/place/Resto+Sido+Tentrem/data=!4m7!3m6!1s0x2e78834998f3dcbb:0xfedc0a0122f7c51f!8m2!3d-7.9493533!4d112.6165631!16s%2Fg%2F11j5sxmb24!19sChIJu9zzmEmDeC4RH8X3IgEK3P4?authuser=0&hl=id&rclk=1","Resto Sido Tentrem","4,4","(5)","","","Restoran","·","","·","Jl. Soekarno Hatta No.2","Tutup","https://lh3.googleusercontent.com/gps-cs-s/APNQkAHD9WDQ_Aw5DDMJbf08rz918HUNVYIH5Edw0FTxz8ImZa3aD0VaQvYsJfl76DzTWazIb5h4LKfnjgXhGdcZkv95K9UI7Wi0cqY05jqOwu7-fiht2ShKDtq89Za9xD8HX9U0hAQ=w204-h92-k-no","https://ssl.gstatic.com/local/servicebusiness/default_user.png","""pecinta ayam, 2x pesen ayam geprek delivery.""","· Buka Min pukul 09.00",""
"https://www.google.com/maps/place/Sonokembang+Catering+Malang/data=!4m7!3m6!1s0x2e78827c9eb5d3a1:0x1a7b6b1a517d71cb!8m2!3d-7.9554834!4d112.608957!16s%2Fg%2F11c1_vhnvl!19sChIJodO1nnyCeC4Ry3F9URprexo?authuser=0&hl=id&rclk=1","Sonokembang Catering Malang","4,8","(682)","","","Katering","·","","·","Jl. Bend. Sigura - Gura V No.32","Tutup","https://lh3.googleusercontent.com/gps-cs-s/APNQkAF9Dum4gG1s0P5rDl-DmK_uuGOeylt1pkp9ofetpZ-sutewfQeQWSXUXMTWTaJcYaE1Ufm6o1dLT-i_aawUTUnRqa33_z5SCFsGrF81gC1wnOg47MP8HhnjaTlNXjR2gayxn1iAWg=w80-h106-k-no","https://ssl.gstatic.com/local/servicebusiness/default_user.png","""Rasa makanannya enak,pelayanannya bagus,patut dicoba lagi tahun depan""","· Buka Min pukul 08.00",""
"https://www.google.com/maps/place/KAF+Cafe/data=!4m7!3m6!1s0x2e788333398f3db3:0x282645ad24fa3992!8m2!3d-7.9450156!4d112.6115516!16s%2Fg%2F11s3_4lp5q!19sChIJsz2POTODeC4Rkjn6JK1FJig?authuser=0&hl=id&rclk=1","KAF Cafe","4,4","(725)","·","Rp 25–50 rb","Kedai Kopi","·","","Jl. MT. Haryono No.127","","Buka","https://lh3.googleusercontent.com/gps-cs-s/APNQkAHjnNKkLL_RjCVbTEip8Osjd8Z45k1tqEXXxXSgjtf9oIhqsJWiF72o6Vvw7nfRqe_uNX1iG3ZSVUwxQR23EWWSbyVeAj5ROD7Y9tWvPj4bKjdCLu4PUHIu1WCRrOm6tlM_M7E=w163-h92-k-no","https://ssl.gstatic.com/local/servicebusiness/default_user.png","""","· Tutup pukul 03.00","makanan"
"https://www.google.com/maps/place/Sindibad+Arab+Taste+In+Every+Bite/data=!4m7!3m6!1s0x2e7883b2bf4f0a17:0x16cacca773fc0029!8m2!3d-7.9546386!4d112.6110595!16s%2Fg%2F11fj0ttp_v!19sChIJFwpPv7KDeC4RKQD8c6fMyhY?authuser=0&hl=id&rclk=1","Sindibad Arab Taste In Every Bite","5,0","(1)","","","Ayam","·","","Jl. Raya Sumbersari No.254","","Tutup","https://lh3.googleusercontent.com/gps-cs-s/APNQkAEb1xDpj-4unH8lC0ozCR78b0yLNLoMuK6v1fehgcGR4hoNpUWrL8sjkcANzidZ_seqPHt3nvO6ym1RW24pQmUk5UxfhtuFpvO6R1cX33e35FddFJXVdDlVn04GOa5UZEBcrswJ=w122-h92-k-no","","Bawa pulang","· Buka Min pukul 13.00",""
"https://www.google.com/maps/place/Warung+Gratis+Sedekah+Subuh/data=!4m7!3m6!1s0x2e7883d5726044e3:0x70816a24d409d3ce!8m2!3d-7.9451573!4d112.611647!16s%2Fg%2F11rmv937n2!19sChIJ40RgctWDeC4RztMJ1CRqgXA?authuser=0&hl=id&rclk=1","Warung Gratis Sedekah Subuh","5,0","(34)","","","Lembaga Agama","·","","Jl. MT. Haryono No.126A","","Tutup","https://lh3.googleusercontent.com/gps-cs-s/APNQkAFAtmZS8sEYw_5eFygoEpWbcHXdtk_AgXfmQXJIkHEGw_ru9t2GJcJ5V7cpPFmHPkOFqPZ2feO4XO8Q8l9zxQrHk7YHKjBt-byR6ofcV3z7CKhpL8z_9ZZEblobZW9nkRMVM_CJ=w80-h142-k-no","https://ssl.gstatic.com/local/servicebusiness/default_user.png","""Semoga semakin barokah""","· Buka Sen pukul 10.00",""
"https://www.google.com/maps/place/PEMPEK+CEK+EKA+MALANG/data=!4m7!3m6!1s0x2e78830062f544fb:0x93cc9a029f743282!8m2!3d-7.9451025!4d112.6112702!16s%2Fg%2F11lcqvf4h3!19sChIJ-0T1YgCDeC4RgjJ0nwKazJM?authuser=0&hl=id&rclk=1","PEMPEK CEK EKA MALANG","4,4","(74)","·","Rp 1–25.000","Pempek","·","","Jl. MT. Haryono, RT.04/RW.01","","Tutup","https://lh3.googleusercontent.com/gps-cs-s/APNQkAGR-OebeIFka2Ua37HqqsdfedLeATR8Pws1RwLyWF1gcl_WjT0XHqBjVTJPb6NRUAJ07p-072MgD7XDXIosQamzanE7n3mLz73ofN3LnrPWkBmXhRYtdq1nrcSepnmJrp2GS4F9=w80-h106-k-no","https://ssl.gstatic.com/local/servicebusiness/default_user.png","""ini pempek yg murce banget, dari segi","· Buka Min pukul 17.30","makanan"
"https://www.google.com/maps/place/Fresh+Market+Mlijohub+Fakultas+Pertanian+Universitas+Brawijaya/data=!4m7!3m6!1s0x2dd62966552ba0dd:0x31fcd5e49feaf6c7!8m2!3d-7.955045!4d112.6116951!16s%2Fg%2F11h_ybf4ff!19sChIJ3aArVWYp1i0Rx_bqn-TV_DE?authuser=0&hl=id&rclk=1","Fresh Market Mlijohub Fakultas Pertanian Universitas Brawijaya","5,0","(51)","","","Grosir Sayur dan Buah","·","","Universitas Brawijaya, Jl. Fakultas Pertanian","","Tutup","https://lh3.googleusercontent.com/gps-cs-s/APNQkAFm7_8AW_vh-TjkDbaMXRd7AmVuBy5-cs81H9_EKB0g3NcYrlP0YRAUIeTY9LlbCQY4MY6Mhn-MdiN5UShZZ2DiiWNugzkl8J5Lt3Qo7_p2Urhy_aAc7oanZclDj0vtybKqQVA0o7dPyDYt=w80-h106-k-no","https://ssl.gstatic.com/local/servicebusiness/default_user.png","""sayur sayur fresh dan instan banget, masak jadi satset 👍🏻""","· Buka Sen pukul 07.00",""
"https://www.google.com/maps/place/Kantin+Griya+Universitas+Brawijaya/data=!4m7!3m6!1s0x2e788279bac5bdfb:0xbecb3254cd4134f4!8m2!3d-7.9538506!4d112.61609!16s%2Fg%2F11fzdzzjd7!19sChIJ-73FunmCeC4R9DRBzVQyy74?authuser=0&hl=id&rclk=1","Kantin Griya Universitas Brawijaya","4,4","(68)","·","Rp 1–25.000","Pujasera","·","","2JW8+FC4","","Tutup","https://lh3.googleusercontent.com/gps-cs-s/APNQkAH3yK9u5wDTW2Sj0bwoM5z10PZ-hwbIEO33Pbml9w4L6JG_s-TR7HSV0T-czbBmGygI40QIT8mHWYJRz2y2XBpc8s6u9XPkyk5x4kfK-vvk8K682JiS1oE8M9bgJ-MUQckQBd34=w80-h106-k-no","https://ssl.gstatic.com/local/servicebusiness/default_user.png","""Saya pesen tahu telurnya dong dan enak sekali bikin kenyang harga 10 k.""","· Buka Min pukul 06.00",""
"https://www.google.com/maps/place/Warkop+Agam+Dinoyo/data=!4m7!3m6!1s0x2e78830050d6d26b:0xff48573deb1bf101!8m2!3d-7.9466329!4d112.6130302!16s%2Fg%2F11x6jmh73r!19sChIJa9LWUACDeC4RAfEb6z1XSP8?authuser=0&hl=id&rclk=1","Warkop Agam Dinoyo","4,9","(292)","·","Rp 1–25.000","Kedai Kopi","·","","·","Ruko Istana Dinoyo, Jl. MT. Haryono Kav A-3","Buka 24 jam","https://lh3.googleusercontent.com/gps-cs-s/APNQkAG0gFOcHBRKCEeRtu9oyiVb7iqTxsgqGWDzd0nH2Pjw9RbA0bbAJBofuhvAQdaEiDSoFZ3F-GmOcbY8Qn98y-9x9aTqr1lzo-G4B1OoIdyLXoTXcVZEJUSQPFa-vwuF1zKgmbKkfAOoL7NU=w163-h92-k-no","https://ssl.gstatic.com/local/servicebusiness/default_user.png","""Makanannya enak banget, porsinya pas, tempatnya bersih dan nyaman.""","",""
"https://www.google.com/maps/place/Kaf%27s+Dorayaki/data=!4m7!3m6!1s0x2e788271f6120d65:0xd288f184f8f436a5!8m2!3d-7.9474414!4d112.6090527!16s%2Fg%2F1hm1smvhc!19sChIJZQ0S9nGCeC4RpTb0-ITxiNI?authuser=0&hl=id&rclk=1","Kaf's Dorayaki","4,7","(53)","·","$","Toko Makanan","·","","·","Jl. Gajayana No.14","Tutup","https://lh3.googleusercontent.com/gps-cs-s/APNQkAGO9lZDzKoY37o-HjXXpJoJcoa65pAmBK63sdgeN7_UEltBvS8IP_qBi7398cM6D0pbEVLg-RTjLWuUCz7zshtLB4qWLsH2Vz6anYvzPMYuSW6uyztadxjTuo0g1ik2ytLt8hKJ=w122-h92-k-no","https://ssl.gstatic.com/local/servicebusiness/default_user.png","""makanannya enak bangeett, harga juga sangatt terjangkauu.""","· Buka Min pukul 16.00",""
"https://www.google.com/maps/place/Hyde+Cafe+%28Rooftop+Trix+House%29/data=!4m7!3m6!1s0x2e78830041eb6177:0x2af24cda00d8c212!8m2!3d-7.9549759!4d112.6167842!16s%2Fg%2F11y5cqfmlv!19sChIJd2HrQQCDeC4REsLYANpM8io?authuser=0&hl=id&rclk=1","Hyde Cafe (Rooftop Trix House)","4,8","(346)","·","Rp 25–50 rb","Kafe","·","","Jl. Terusan Cikampek No.31","","Tutup","https://lh3.googleusercontent.com/gps-cs-s/APNQkAGnPanNVU0agr4CeUzjWkyacSLAs6nxlusGKg2onhliSL1VgzE7q3G-0RVn-amlxgS9cMv6SqYDOjXxRP2PxlthY1OlUVNCP0WYwhVk4Jk9WLT1kPxshCylVvnsXoiguVn_XZ4JYxYULlI=w80-h106-k-no","https://ssl.gstatic.com/local/servicebusiness/default_user.png","""makanannya enak, ambience enak, minuman nyaa juga enak.""","· Buka Min pukul 11.00",""
"https://www.google.com/maps/place/Hyde+Cafe+%28Rooftop+Trix+House%29/data=!4m7!3m6!1s0x2e78830041eb6177:0x2af24cda00d8c212!8m2!3d-7.9549759!4d112.6167842!16s%2Fg%2F11y5cqfmlv!19sChIJd2HrQQCDeC4REsLYANpM8io?authuser=0&hl=id&rclk=1","Hyde Cafe (Rooftop Trix House)","4,8","(346)","·","Rp 25–50 rb","Kafe","·","","Jl. Terusan Cikampek No.31","","Tutup","https://lh3.googleusercontent.com/gps-cs-s/APNQkAGnPanNVU0agr4CeUzjWkyacSLAs6nxlusGKg2onhliSL1VgzE7q3G-0RVn-amlxgS9cMv6SqYDOjXxRP2PxlthY1OlUVNCP0WYwhVk4Jk9WLT1kPxshCylVvnsXoiguVn_XZ4JYxYULlI=w80-h106-k-no","https://ssl.gstatic.com/local/servicebusiness/default_user.png","""makanannya enak, ambience enak, minuman nyaa juga enak.""","· Buka Min pukul 11.00",""
"https://www.google.com/maps/place/Mie+Solo/data=!4m7!3m6!1s0x2e788271c0a98a71:0xad16b309946c4cb1!8m2!3d-7.9490662!4d112.6094208!16s%2Fg%2F11b6bw1g2y!19sChIJcYqpwHGCeC4RsUxslAmzFq0?authuser=0&hl=id&rclk=1","Mie Solo","4,1","(41)","","","Mi","·","","·","Jl. Kerto Pamuji No.14","Tutup","https://lh3.googleusercontent.com/gps-cs-s/APNQkAEQqgfi1VktedhDzGPZxZ_qIm_rz7B-Z0c9unv0Aw-aeFSKaENEYBtZLm5D95k6htl5Uuzg-NCaIRbiw2vb75-wwFZo_jdNa9atjgkDxvATntL3wPceDZDkR0U01Y-dt0Ic_0phTA=w80-h92-k-no","https://ssl.gstatic.com/local/servicebusiness/default_user.png","""Biasanya kalo makan disini denger pengunjung pada mesen ayam geprek.""","· Buka Min pukul 12.00",""
"https://www.google.com/maps/place/Ayam+Geprek+Jombang/data=!4m7!3m6!1s0x2e788393d87e8f37:0xe344a0b318a22446!8m2!3d-7.9537185!4d112.6089258!16s%2Fg%2F11r9s5__98!19sChIJN49-2JODeC4RRiSiGLOgROM?authuser=0&hl=id&rclk=1","Ayam Geprek Jombang","4,6","(10)","","","Ayam","·","","Jl. Sumbersari Gg. IIIB No.156","","Tutup","https://lh3.googleusercontent.com/gps-cs-s/APNQkAFRqnJm4L9VWkiJZLUWYcD-M02SLH7VphKNQEVKTTFyMiJTGaIVaACzjGnj4L8ICuR8fqP_neKz-Svr0w_Z549SP4Vv-1m4WEao7mrn9Up07q0UTf3F790H3g7kF-ioJLNjpvk0=w153-h92-k-no","https://ssl.gstatic.com/local/servicebusiness/default_user.png","""Rasa khas dan pelayanan juara.""","· Buka Min pukul 06.00",""
"https://www.google.com/maps/place/Lawson+-+Sumbersari/data=!4m7!3m6!1s0x2e7883cd44fb6adb:0xb07cda9566fd9cd8!8m2!3d-7.9534658!4d112.6104007!16s%2Fg%2F11vlh5lzp3!19sChIJ22r7RM2DeC4R2Jz9ZpXafLA?authuser=0&hl=id&rclk=1","Lawson - Sumbersari","4,0","(106)","","","Minimarket","·","","2JW6+J56, Jl. Raya Sumbersari","","Buka 24 jam","https://lh3.googleusercontent.com/gps-cs-s/APNQkAFXUnVdcFXD0NBIGhdy97Yoc0imlxrOdnYc6lIBYb5-hjAo6uqcahUW4cCJkUM3D43w3QukRaFIowOy8pYl4FJ4E6wDuZtwtpFz9oXtUdiuy6j6Ld_ji0rWvY6EbaHKn1ymY8Ck_qhdR_FN=w80-h142-k-no","https://ssl.gstatic.com/local/servicebusiness/default_user.png","""Odeng & Spicy Karaage tetap jadi favorit.""","",""
"https://www.google.com/maps/place/Ruang+Rindu+Kopi/data=!4m7!3m6!1s0x2e7881f555d898e9:0x2949aba4f47754af!8m2!3d-7.9451334!4d112.6120065!16s%2Fg%2F11f1kfq_y6!19sChIJ6ZjYVfWBeC4Rr1R39KSrSSk?authuser=0&hl=id&rclk=1","Ruang Rindu Kopi","4,5","(920)","·","Rp 25–50 rb","Kedai Kopi","·","","·","Jl. MT. Haryono No.17C","Segera tutup","https://lh3.googleusercontent.com/gps-cs-s/APNQkAE3ZAIdnoS_Ynm4TCTGR569tzIaWdsODVTcieqEyzVx5huXyrZspBY9M2ou2c3ilYabfKj8tchPTwjOTUS9CyKxhZLPaVS4pxr5slGP3sH_3vJm2mvSK3woAdJnnR_yE8Wp0gY=w122-h92-k-no","https://ssl.gstatic.com/local/servicebusiness/default_user.png","""Menu favorit yaitu es kopi rindu sama chicken rice bowl nya!✨""","· 00.00 · Buka Min pukul 08.00",""
"https://www.google.com/maps/place/Apresio+Kopi/data=!4m7!3m6!1s0x2e788273bd5e7d47:0x72be18d36ba9d665!8m2!3d-7.945527!4d112.612347!16s%2Fg%2F11b6dq1nnp!19sChIJR31evXOCeC4RZdapa9MYvnI?authuser=0&hl=id&rclk=1","Apresio Kopi","4,6","(695)","·","$$","Tempat penyangraian kopi","·","","·","Ruko Ditas, Jalan Mayjend Jl. MT. Haryono No.Kav. 11","Buka","https://lh3.googleusercontent.com/gps-cs-s/APNQkAG8ADMBjgD2krzs_oxEa2_1-nCfeesuNsPgZKqjg7IEV9APeLDejPl7qvmnREpW5PSqUmcBF5TF0VAm283zBACu-bleJZ_ZFITQYimStM85XP5LGhIn3Bf5MAzR6IVASR8uJg5m=w122-h92-k-no","https://ssl.gstatic.com/local/servicebusiness/default_user.png","""Kopinya enak, banyak pilihan menu, harga terjangkau, dan ada WiFi.""","· Tutup pukul 02.30",""
"https://www.google.com/maps/place/Toko+Laa+Tahzan+Malang/data=!4m7!3m6!1s0x2e78834a7e33e18b:0xd57fa3f82c051078!8m2!3d-7.9516413!4d112.609007!16s%2Fg%2F11jp0v1786!19sChIJi-EzfkqDeC4ReBAFLPijf9U?authuser=0&hl=id&rclk=1","Toko Laa Tahzan Malang","4,6","(192)","","","Toko Swalayan","·","","·","Jl. Raya Sumbersari No.85","Tutup","https://lh3.googleusercontent.com/gps-cs-s/APNQkAG8Tc62oWO9cnKlWGUfqmsXA_qpRVVvsgwnp6AfCz4pAzJbim_HyxdD1MsnZNu7WMTp5-F2fzCLShYbyGSpmWEWi4M8kH0-JImJqNxdtHYrLlavELgH0BWUkUX88Vf_nE1_RgUY=w80-h142-k-no","https://ssl.gstatic.com/local/servicebusiness/default_user.png","""La tahzan is the best 👍🏻 murah meriah""","· Buka Min pukul 06.00",""
"https://www.google.com/maps/place/Ice+Cream+Belepotan+Polinema+%28Cabang+UB%29+ft+DnD+Snack/data=!4m7!3m6!1s0x2e7883da5e87035d:0x332fa900a21794a1!8m2!3d-7.945611!4d112.6164885!16s%2Fg%2F11l5qxm_g9!19sChIJXQOHXtqDeC4RoZQXogCpLzM?authuser=0&hl=id&rclk=1","Ice Cream Belepotan Polinema (Cabang UB) ft DnD Snack","4,7","(3)","","","Es Krim","·","","Jl. Semanggi Bar. No.17a","","Tutup","https://lh3.googleusercontent.com/gps-cs-s/APNQkAHkucMWOIUZaNDFXOPpJ-MKwC2HkBEPDSWZKwqVmGT7-lpm1OKbg174jZpZ6F_ZzwOVfW64PumeaAMdXEkOIbd_ZbGEm4i-9Vzz1g8bqBvUfuW8-DYICgy1m3_vERxqbBSeUE95QQ=w115-h92-k-no","https://ssl.gstatic.com/local/servicebusiness/default_user.png","""Boleh juga nih....... Es krim + roti enak juga""","· Buka Sen pukul 08.00",""
"https://www.google.com/maps/place/Seblak+Mamamia/data=!4m7!3m6!1s0x2e78827192b497db:0xdaab650f2e2abf1c!8m2!3d-7.9481603!4d112.6094418!16s%2Fg%2F11f24wyjsb!19sChIJ25e0knGCeC4RHL8qLg9lq9o?authuser=0&hl=id&rclk=1","Seblak Mamamia","4,1","(40)","","","Seblak","·","","·","Jl. Kertosentono No.16","Tutup","https://lh3.googleusercontent.com/gps-cs-s/APNQkAGpIMBShlEBuxT-ZeAanm8TQ0wPeRgz2Q49RJoeBbXZwrPy0SJxq630rxvyazo_wHBUE2ttDGlH3KPKgzUC3Znw2wTTGtl5m05YfcyWUUBYoaRs7ApPviWh-ZbS0bhtgHInN3oa=w163-h92-k-no","","Makan di tempat","· Buka Min pukul 10.00","Bawa pulang"
"https://www.google.com/maps/place/Agen+Frozen+Food+%22Beemde%22/data=!4m7!3m6!1s0x2e788271c4ffefef:0xcd495f2239536d10!8m2!3d-7.9492481!4d112.608957!16s%2Fg%2F11f06m5fsb!19sChIJ7-__xHGCeC4REG1TOSJfSc0?authuser=0&hl=id&rclk=1","Agen Frozen Food ""Beemde""","4,7","(93)","","","Toko Makanan","·","","Jl. Gajayana No.24A","","Tutup","https://lh3.googleusercontent.com/gps-cs-s/APNQkAH9mLbKK2Fd7zY6SHOH9kFnrXth9GvHsm2A7fubUjzhfckpEsiudqFtwUwpQKpgj12u_W2x9AuXu_3r8SMHlvNu-qREGzAW78dXR83MoEXj-VnMU89TJ249NVkhaAbyrjNMyl0M-Q=w122-h92-k-no","https://ssl.gstatic.com/local/servicebusiness/default_user.png","""Frozeen food lengkap harga sesuai kantong banyak pilihan nya""","· Buka Min pukul 06.00",""
"https://www.google.com/maps/place/Barokalloh+Frozen+Food+Malang/data=!4m7!3m6!1s0x2e78837a752083df:0xc6da88d23ad0ce29!8m2!3d-7.9508184!4d112.6090699!16s%2Fg%2F11jkwlfkp8!19sChIJ34MgdXqDeC4RKc7QOtKI2sY?authuser=0&hl=id&rclk=1","Barokalloh Frozen Food Malang","4,3","(21)","","","Toko Swalayan","·","","Jl. Kerto Leksono No.2","","Tutup","https://lh3.googleusercontent.com/gps-cs-s/APNQkAG7V7DJrS87ro09qWAVzg9dtKLFqp2u8lTyJXDShuTlHz-8UZ7xuRPXWKXK_zsvMXWtKqTZAnJVo0rTmDOnLkwZ8XyyJyaLjoUH8DG3JgQJUBAyrU3ZQ-ukYz-nPdKMii05m3kSOg=w163-h92-k-no","https://ssl.gstatic.com/local/servicebusiness/default_user.png","""Tolong di cantumkan no tlpnya .""","· Buka Min pukul 07.00",""
"https://www.google.com/maps/place/Delice+chickenroll/data=!4m7!3m6!1s0x2e7883005fec1f75:0xf03a15fe27b5f7ef!8m2!3d-7.9464252!4d112.6124393!16s%2Fg%2F11xv2pw9ms!19sChIJdR_sXwCDeC4R7_e1J_4VOvA?authuser=0&hl=id&rclk=1","Delice chickenroll","5,0","(5)","","","Kedai Hidangan Penutup","·","","3J36+CXG, Jl. MT. Haryono","","","https://streetviewpixels-pa.googleapis.com/v1/thumbnail?panoid=xYIF-0_5KKnCOHKU-VswGQ&cb_client=search.gws-prod.gps&w=80&h=92&yaw=242.58751&pitch=0&thumbfov=100","https://ssl.gstatic.com/local/servicebusiness/default_user.png","""","","Makanan"
"https://www.google.com/maps/place/Sego+Banting/data=!4m7!3m6!1s0x2e7883d019a9db81:0xfa4a36e908e7d2dd!8m2!3d-7.9472088!4d112.6104567!16s%2Fg%2F11gtqvwhd4!19sChIJgdupGdCDeC4R3dLnCOk2Svo?authuser=0&hl=id&rclk=1","Sego Banting","","","","","Restoran","·","","Jl. Kerto Asri No.60","","Buka 24 jam","https://lh3.googleusercontent.com/gps-cs-s/APNQkAGtepdjW9domVr6HS5JpGPdN5PGAq8XfTlLZtixPsc28gl-hZBolZgdS4xU1P1lE6oWbNWSWC2GY37sDJl2TdAKFjBo05tzIig9oT5RjudCEfBZjAw6QRjOW_MLBCoFZKwoYGBi=w80-h106-k-no","","Makan di tempat","","Bawa pulang"
"https://www.google.com/maps/place/Kuliner/data=!4m7!3m6!1s0x2e7883955cffdff5:0x79fd38a6f4247f97!8m2!3d-7.9483972!4d112.6108927!16s%2Fg%2F11h_151s64!19sChIJ9d__XJWDeC4Rl38k9KY4_Xk?authuser=0&hl=id&rclk=1","Kuliner","","","","","Paket Makanan Pokok","·","","Jl. Kerto Bumi","","","https://streetviewpixels-pa.googleapis.com/v1/thumbnail?panoid=ZTOeIN7Yz8f71U4xmRk8Ig&cb_client=search.gws-prod.gps&w=80&h=92&yaw=304.12308&pitch=0&thumbfov=100","","","",""
"https://www.google.com/maps/place/Swalayan+Sardo/data=!4m7!3m6!1s0x2e788326bb80f059:0x897642451643d3af!8m2!3d-7.9466456!4d112.6086515!16s%2Fg%2F11hkr2bhqm!19sChIJWfCAuyaDeC4Rr9NDFkVCdok?authuser=0&hl=id&rclk=1","Swalayan Sardo","4,4","(4.416)","","","Toko Swalayan","·","","·","Jl. Gajayana No.500a","Tutup","https://lh3.googleusercontent.com/gps-cs-s/APNQkAE6nI-xixmedP5U5QbX7YqJDDMGOqqjRf0o_pvdUhBETCjI_xp683IKARWITsVJfnuGDuU7LzXQKE1I-JkgEk2FkB1UuzVmwBl-yKmFJ0-dawo8yRxlgDyRdamA5FGp7k_qazaz6Q=w80-h106-k-no","https://ssl.gstatic.com/local/servicebusiness/default_user.png","""Lengkap, mulai dr jajanan,","· Buka Min pukul 09.00","makanan"
"https://www.google.com/maps/place/semestrecoffee/data=!4m7!3m6!1s0x2e7883debf69cc45:0xcc59773bd0dc1c56!8m2!3d-7.9451239!4d112.6119472!16s%2Fg%2F11x332mwbn!19sChIJRcxpv96DeC4RVhzc0Dt3Wcw?authuser=0&hl=id&rclk=1","semestrecoffee","4,4","(45)","·","Rp 1–25.000","Kedai Kopi","·","","Jl. MT. Haryono No.17A","","Segera tutup","https://lh3.googleusercontent.com/gps-cs-s/APNQkAEpdxou1ons-ZZrHmsODK3jyThn97b7Br9YPmZXgiW0a1JZo4RNB30UnBfnj-Ai_TRHvXOVfGHwO3uthdF0Sb4pdXtFSDwowGSzqVY6Ow_O2vpnKZ6XNtydS3xpNik4Bj5OMJvg_A=w92-h92-k-no","https://ssl.gstatic.com/local/servicebusiness/default_user.png","""Menunya Ok, enak dengan harga yang standart, pastrynya juga enak, murah.""","· 00.00 · Buka Min pukul 09.00",""
"https://www.google.com/maps/place/CILOK+HUHAH+FROZEN+MALANG/data=!4m7!3m6!1s0x2e7883fb23e3e547:0xea1979a31ee148ae!8m2!3d-7.9567311!4d112.6125609!16s%2Fg%2F11kqfnp8fg!19sChIJR-XjI_uDeC4RrkjhHqN5Geo?authuser=0&hl=id&rclk=1","CILOK HUHAH FROZEN MALANG","5,0","(5)","","","Toko Makanan","·","","Jl. Sigura-Gura I perumahan mutiara sigura gura kavling 3","","Tutup","https://lh3.googleusercontent.com/gps-cs-s/APNQkAG6c8v5psk5YqCLVCu3d3fLgMWmBDodj7O7xA-RJTgzl9L80g8OkW22OMUjt1wQXsRMJfpNmVmx1BK1Hgs0tSluB_b7jLgZRRami2HX8wg0tG2zEcPO4hO1HxYFKvKNpUhrlg=w80-h100-k-no","https://ssl.gstatic.com/local/servicebusiness/default_user.png","""Kuahnya medok dan kentel, bumbu kencur dan bawangnya super kerasa banget!""","· Buka Sen pukul 08.00",""
"https://www.google.com/maps/place/Toko+Tawang+Asri/data=!4m7!3m6!1s0x2e788272250275b5:0x1271f9f700cf73ea!8m2!3d-7.9469267!4d112.6100299!16s%2Fg%2F11tk8kjl3g!19sChIJtXUCJXKCeC4R6nPPAPf5cRI?authuser=0&hl=id&rclk=1","Toko Tawang Asri","5,0","(2)","","","Toko bahan makanan","·","","Jl. Kerto Asri No.55","","Tutup","https://streetviewpixels-pa.googleapis.com/v1/thumbnail?panoid=d2IOafwc0UW1DJrQIz-EAg&cb_client=search.gws-prod.gps&w=80&h=92&yaw=117.33533&pitch=0&thumbfov=100","","Makan di tempat","· Buka Min pukul 07.00",""
"https://www.google.com/maps/place/Makanan+dan+minuman/data=!4m7!3m6!1s0x2e788308da170cbf:0xbbdd52dcc010160b!8m2!3d-7.9570841!4d112.6126412!16s%2Fg%2F11t4gx7c3n!19sChIJvwwX2giDeC4RCxYQwNxS3bs?authuser=0&hl=id&rclk=1","Makanan dan minuman","","","","","Toko Makanan Sehat","·","","Jl. Sigura - Gura No.2a","","Tutup","https://lh3.googleusercontent.com/gps-cs-s/APNQkAGJ_R8gRosnQ8F-3WUs1wutNcEY1DrorfwDLkeEzIhKIWZTvnV35NQnfifleiKmvJOCzVqGl4vzTGE9IeGtb4gQgcD5ol2teiXRZuowdcDQ_BCJS734C_rgaJuh3F6mrXfrEyMd=w80-h106-k-no","","","· Buka Min pukul 06.30",""
"https://www.google.com/maps/place/SRC+Tunggal+Jaya/data=!4m7!3m6!1s0x2e78827234d7f1d7:0xd4aaf09f73f79ec8!8m2!3d-7.9461655!4d112.6110642!16s%2Fg%2F11b6d7d5s2!19sChIJ1_HXNHKCeC4RyJ73c5_wqtQ?authuser=0&hl=id&rclk=1","SRC Tunggal Jaya","3,9","(10)","","","Toko bahan makanan","·","","·","Jl. Kerto Raharjo No.26","Tutup","https://lh3.googleusercontent.com/gps-cs-s/APNQkAH89w1f7dxATuK78A4SeYdjljGoc1ltAtlkB55KE8daxJ-VuTc0k1ZHdOxtnn9pQy-Tn8J7SWZZLJeaddXLCs4lBx_EOR---jM754O-npg5lajZE9hp-r2ilLGQeDYm1rYxzS2E=w122-h92-k-no","","","· Buka Min pukul 06.00",""
"https://www.google.com/maps/place/Toko+Muawanah+21/data=!4m7!3m6!1s0x2e788271cbd4f9a1:0x621784cecf310e5d!8m2!3d-7.94969!4d112.6093359!16s%2Fg%2F11g9nyp239!19sChIJofnUy3GCeC4RXQ4xz86EF2I?authuser=0&hl=id&rclk=1","Toko Muawanah 21","4,6","(9)","","","Toko Swalayan","·","","Jl. Kertosariro No.21","","Tutup","https://maps.gstatic.com/tactile/pane/result-no-thumbnail-2x.png","","","· Buka Min pukul 07.00",""
"https://www.google.com/maps/place/Nusantara+Cake+Story/data=!4m7!3m6!1s0x2e7883cc23bca299:0x155c100b5d4e7616!8m2!3d-7.9571472!4d112.6091868!16s%2Fg%2F11vkqz0x9l!19sChIJmaK8I8yDeC4RFnZOXQsQXBU?authuser=0&hl=id&rclk=1","Nusantara Cake Story","5,0","(4)","","","Toko Makanan","·","","Jl. Sigura - Gura V No.8","","Tutup","https://lh3.googleusercontent.com/gps-cs-s/APNQkAFqxN1WE-Nxf40qd63pVW5LhJTJ6Ka5kdgdiUOYgBsKwl_mUi6WmIxUJPtWZJ99K3hVLotgEwXOrE6Y50u78QB5WRaKwdi7ZVcEdhfuavLpbI8I-y3QIKnkY0RzQcpbSoLqUpI6=w80-h106-k-no","https://ssl.gstatic.com/local/servicebusiness/default_user.png","""makanannya enak banget sih apalagi yang sambel ijo""","· Buka Min pukul 08.00",""
"https://www.google.com/maps/place/GAJAYANA+PETSHOP+%28+Selain+Kontak+Yang+Tertera+Wajib+Hati-Hati,+Banyak+Penipu+Mengatasnamakan+Gajayana+Petshop%29/data=!4m7!3m6!1s0x2e78838cc0e60e09:0xc37fc0c7a93e0f75!8m2!3d-7.9478274!4d112.6087226!16s%2Fg%2F11ft7zd3wm!19sChIJCQ7mwIyDeC4RdQ8-qcfAf8M?authuser=0&hl=id&rclk=1","GAJAYANA PETSHOP ( Selain Kontak Yang Tertera Wajib Hati-Hati, Banyak Penipu Mengatasnamakan Gajayana Petshop)","4,9","(81)","","","Toko Pakan Hewan","·","","Jl. Gajayana No.14D","","Tutup","https://lh3.googleusercontent.com/gps-cs-s/APNQkAFTSopCF-NAB9EnQkb_ebOhqq5070-0oBWeNQcjcn65RCqgF2tnlRoDW7jaHZqfHoOqK_7DkBvF7aVUoGckO111wXlcHs1YvxjDJlH9xPni1aj1bBw7oMfJ3bo512GXtjPtuOsBVQ=w80-h141-k-no","https://ssl.gstatic.com/local/servicebusiness/default_user.png","""Alhamdulillah bagus dan puas banget, bahan sofa nya bener2 buagus,rapi.""","· Buka Min pukul 08.00",""
"https://www.google.com/maps/place/K2+Cafe+SMKN+2+Malang/data=!4m7!3m6!1s0x2e7883cd36987407:0xa4831390dd2641b5!8m2!3d-7.9563314!4d112.6146818!16s%2Fg%2F11g0hv_0fx!19sChIJB3SYNs2DeC4RtUEm3ZATg6Q?authuser=0&hl=id&rclk=1","K2 Cafe SMKN 2 Malang","3,7","(9)","","","Kafe","·","","·","Jl. Veteran No.17","Tutup","https://lh3.googleusercontent.com/gps-cs-s/APNQkAFQ1n-2COvZL1hV3kxgf2UOmt6pQk6gr3gsP-b2V_HSHmODalUk0NLYmGbjcUE2bo7LqXF0vIg2muXGQSqSKJ40XnBzkb7f2OLXJZOY3BB-ITOApOx852E5EH264cYGeXz5jQeAfQ=w102-h92-k-no","","Makan di tempat","· Buka Min pukul 13.00","Bawa pulang"
"https://www.google.com/maps/place/Cilok+Pedas+Colok/data=!4m7!3m6!1s0x2e7883fb003e2f65:0x355b698e0cc746c6!8m2!3d-7.9448442!4d112.6165361!16s%2Fg%2F11l2cjk0xz!19sChIJZS8-APuDeC4RxkbHDI5pWzU?authuser=0&hl=id&rclk=1","Cilok Pedas Colok","5,0","(6)","","","Toko makanan beku","·","","Jl. Senggani No.38","","Tutup","https://lh3.googleusercontent.com/gps-cs-s/APNQkAFtxuoPQCjx1xnol_FVxGW-ms_zzwkJZeVNfJPDBflSjhDQnSmYbgbwJdzV6_WAYRD66df0jk7Ct03udXE2ItFlJKD93Wc-SFwYPyn61QmARsh6zP_xizxlSITHobOw__5Zpvg=w138-h92-k-no","","","· Buka Min pukul 09.00",""
"https://www.google.com/maps/place/Sate+Ayam+dan+Kambing+Cak+Sa%27i/data=!4m7!3m6!1s0x2e7882716c20af7f:0x16782764beb75127!8m2!3d-7.9482989!4d112.6120111!16s%2Fg%2F11f11kw2l5!19sChIJf68gbHGCeC4RJ1G3vmQneBY?authuser=0&hl=id&rclk=1","Sate Ayam dan Kambing Cak Sa'i","4,3","(32)","","","Sate","·","","3J26+MRJ, Jl. Watugong","","Tutup","https://lh3.googleusercontent.com/gps-cs-s/APNQkAFbPAXawBPN63_lS6uhBDOUGjirceOtiAuhorP-guRo0Va8xLHbaywdwHeqI-1u5kXBZphI9z8DV830aVOItejA7Qsad3thAGN15x2AauOUQSL8xbEQKVAX-Pjt_JAtvfRCC0M=w163-h92-k-no","","Makan di tempat","· Buka Min pukul 15.30","Bawa pulang"
"https://www.google.com/maps/place/Warung+Pojok+310/data=!4m7!3m6!1s0x2e78827becea5847:0x3b5604b1918c07eb!8m2!3d-7.956603!4d112.612517!16s%2Fg%2F11b6cc6j50!19sChIJR1jq7HuCeC4R6weMkbEEVjs?authuser=0&hl=id&rclk=1","Warung Pojok 310","4,0","(3)","","","Jawa","·","","Jl. Raya Sumbersari No.307","","Tutup","https://lh3.googleusercontent.com/gps-cs-s/APNQkAGbtI57w-4A5qIomitucukfx9WC1nMZUY70l4k8u9f4SlhBPBJbeo-Sev1Rdz93faL0HZuqPx-OTUdNIgN0GeOYarZ7oV2yqfJ_TuKjtMhSRMCtRLMRN-RboLaMqwtjAvMzyA=w80-h107-k-no","","Makan di tempat","· Buka Sen pukul 06.30","Bawa pulang"
"https://www.google.com/maps/place/TOKO+HENI+%2F+CALLISTA/data=!4m7!3m6!1s0x2dd627f9b44d3187:0x3bf5651284e146ae!8m2!3d-7.9523081!4d112.609236!16s%2Fg%2F11ts9r4cqg!19sChIJhzFNtPkn1i0RrkbhhBJl9Ts?authuser=0&hl=id&rclk=1","TOKO HENI / CALLISTA","5,0","(3)","","","Toko bahan makanan","·","","Dekat masjid taaroful muslimin, Jl. Raya Sumbersari No.1b no 20","","Tutup","https://lh3.googleusercontent.com/gps-cs-s/APNQkAEhRS0_Lr9JWrWgG79KPU2Vq53VwjuOoqO4hhDwmQoR4rGn_HXsnqu5-hFsVC9mE936nYlMLrUTDvs_7TyCwlR7EtyFbVmr9EF4SlFlAdOS3SOXu9-e80N-N1jP41pTpNNLsRfTpg=w163-h92-k-no","https://ssl.gstatic.com/local/servicebusiness/default_user.png","""resto pempek tersedia online grab gojek shoope""","· Buka Min pukul 06.00",""
"https://www.google.com/maps/place/Prima+Freshmart+ETC+Brawijaya/data=!4m7!3m6!1s0x2e7883a6beb05bdb:0xf30b06d0a77cb53f!8m2!3d-7.9526197!4d112.6105892!16s%2Fg%2F11hf8q9ggm!19sChIJ21uwvqaDeC4RP7V8p9AGC_M?authuser=0&hl=id&rclk=1","Prima Freshmart ETC Brawijaya","4,1","(24)","","","Toko bahan makanan","·","","2JW6+X64","","Tutup","https://lh3.googleusercontent.com/gps-cs-s/APNQkAGHRb8uPN3zUON_VCKUaPxYaWIXKM1psIFXcce1yQeTTB3IzzHGzusiR687sQd5Q1Cl-wdR25wA6J60Zoxfmn-GYvaDU9I1RUwfnatENI8bW8PZ1L9AT9XOUsDvVaxlhBToGROI=w122-h92-k-no","https://ssl.gstatic.com/local/servicebusiness/default_user.png","""Ada beberapa","· Buka Min pukul 07.00","makanan"
"https://www.google.com/maps/place/Kato+Dehydrated+Foods/data=!4m7!3m6!1s0x2e7882721a112f91:0xc72fbc06b5260f19!8m2!3d-7.9468886!4d112.6090072!16s%2Fg%2F11tfnt2qc3!19sChIJkS8RGnKCeC4RGQ8mtQa8L8c?authuser=0&hl=id&rclk=1","Kato Dehydrated Foods","5,0","(1)","","","Produsen makanan","·","","Jl. Gajayana No.8","","","https://streetviewpixels-pa.googleapis.com/v1/thumbnail?panoid=Af5vmImEyl9J7YlMoiEl8Q&cb_client=search.gws-prod.gps&w=80&h=92&yaw=100.62932&pitch=0&thumbfov=100","","","",""
"https://www.google.com/maps/place/CIKOP+GAJAYANA/data=!4m7!3m6!1s0x2e78830047c1c151:0x3007f0f90e9c6d24!8m2!3d-7.9467859!4d112.6090264!16s%2Fg%2F11xp86lfqg!19sChIJUcHBRwCDeC4RJG2cDvnwBzA?authuser=0&hl=id&rclk=1","CIKOP GAJAYANA","4,1","(151)","·","Rp 1–25.000","Kedai Kopi","·","","Jl. Gajayana No.5","","Tutup","https://lh3.googleusercontent.com/gps-cs-s/APNQkAHPvU1kj6QRkOBEwLe5OG19BQEtz4l1gBqwD0dKtk3eb0xGOj1x85mKwuWb8k-gjJYDfx7hz58rYwtMXM4_8h-_lgv4NAvMs4PHIhvcgtqk1PHsJ6Q2xBtL4E49g6G-FrdvU63Q-hxgGjk=w122-h92-k-no","https://ssl.gstatic.com/local/servicebusiness/default_user.png","""Makanannya enakkk bangett, harga affordable, n suasananya santai.""","· Buka Min pukul 08.00",""
"https://www.google.com/maps/place/Trily+Malang/data=!4m7!3m6!1s0x2e788300795a8f65:0xa8f03ad17ab6bf28!8m2!3d-7.9551111!4d112.6084444!16s%2Fg%2F11n9s1f3dp!19sChIJZY9aeQCDeC4RKL-2etE68Kg?authuser=0&hl=id&rclk=1","Trily Malang","5,0","(2)","","","Toko bahan makanan","·","","Jl. Sigura - Gura VI No.62k","","Tutup","https://lh3.googleusercontent.com/gps-cs-s/APNQkAFfK0ktVEYHVqSLbza1Vt_WI5ATNu-gvsNQgyubtpLZik4g4_XOkVzJn0r-HT_fu7ja6DokaeQ8F8xXemQDIOHscXVBM18L35WtY12K3J7f8yQkZCaBMxACVNi9GXPT38JhY3enWeTQD4Q=w80-h120-k-no","","","· Buka Sen pukul 06.00",""
"https://www.google.com/maps/place/Toko+21+Pak+Mansur/data=!4m7!3m6!1s0x2e788271cbd9747b:0x92a010d22a50786a!8m2!3d-7.9496878!4d112.60921!16s%2Fg%2F11c5bj_4lp!19sChIJe3TZy3GCeC4RanhQKtIQoJI?authuser=0&hl=id&rclk=1","Toko 21 Pak Mansur","4,7","(3)","","","Toko Swalayan","·","","3J25+4MG, Jl. Kertosariro","","Tutup","https://lh3.googleusercontent.com/gps-cs-s/APNQkAGNqDjTXT4E5DCNJ1vsmiqnXSPCiWq4K1t5njGYu4gIlncfNP3W8086ez6IS_GsSTlRjzrzFCbg_OdPu4b-4JigeZovx4o5WKCgKbp80lq_BHhgpWTdHWwH1j84O72B8v0UM8RN=w163-h92-k-no","","","· Buka Min pukul 07.00",""
"https://www.google.com/maps/place/Catering+Nasi+Kotak+Tumpeng+by+Zanaya+%28+FREE+ONGKIR+%29+Catering+Harian+Mahasiswa+Malang/data=!4m7!3m6!1s0x2e788328cd76d28d:0x78f23da18af758e7!8m2!3d-7.9481823!4d112.6105437!16s%2Fg%2F11rnhqt26f!19sChIJjdJ2zSiDeC4R51j3iqE98ng?authuser=0&hl=id&rclk=1","Catering Nasi Kotak Tumpeng by Zanaya ( FREE ONGKIR ) Catering Harian Mahasiswa Malang","5,0","(147)","","","Katering","·","","no 117 c, Jl. Kertosentono","","Tutup","https://lh3.googleusercontent.com/gps-cs-s/APNQkAEwiITKhvprZNRdLH5cb-M5Agbq6wyHF2sQjM5PnZ1mNMDu50IXJkxRueuA5ASqkxewCz21Y-GMpj2vXSjrgYPXBq3_uuerSv0eMLgVNuyVNmeX3R6kpwbnRIUhQ-658dzkN7g=w88-h92-k-no","https://ssl.gstatic.com/local/servicebusiness/default_user.png","""Masakannya enak, packingnya rapi bersih, harganya murah.""","· Buka Min pukul 06.00",""
"https://www.google.com/maps/place/Seblak+Calingcing+Watumujur/data=!4m7!3m6!1s0x2e788270ff0a0975:0xb8634e317f3c4db7!8m2!3d-7.9507814!4d112.610294!16s%2Fg%2F11f_p24dc8!19sChIJdQkK_3CCeC4Rt008fzFOY7g?authuser=0&hl=id&rclk=1","Seblak Calingcing Watumujur","4,3","(4)","","","Kedai Hidangan Penutup","·","","·","Jl. Kerto Leksono No.39","Tutup","https://lh3.googleusercontent.com/gps-cs-s/APNQkAHqjqKvPc9gD4BB60TviIQ-dzxzstPur_vBVMU_ViL3bE9PPdpUe35ci2Io3G9zRkmUAaaDZ62uJKQ2xuPLDvly82aPzmNUiQaYciEwjSLqkMGNeCyqw-8JZdA_T7GdmV7Uw_x-FQ=w80-h106-k-no","","Pesan antar","· Buka Min pukul 12.30",""
"https://www.google.com/maps/place/NIYAH+CAKES+AND+CATERING/data=!4m7!3m6!1s0x2e788342dada0233:0xcace251b1e3e8366!8m2!3d-7.9471235!4d112.6102418!16s%2Fg%2F11gsm4qnyv!19sChIJMwLa2kKDeC4RZoM-Hhslzso?authuser=0&hl=id&rclk=1","NIYAH CAKES AND CATERING","4,3","(4)","","","Toko Kue","·","","Jl. Kerto Asri No.54","","Tutup","https://lh3.googleusercontent.com/gps-cs-s/APNQkAGAir4fyk-pczpZNkNbXK_MmP932pL68J6tu0XPaoaysmDec0zOW_QpghmAynJ0PmySLqd8Um8C2A9Utm3FSPNNFxI5SInMVuoGadva9Ah37Ddk1voJ3l-8961-p1vLzQ9vqD8TuQ=w92-h92-k-no","","Ambil di toko","· Buka Min pukul 07.00","Pesan antar"
"https://www.google.com/maps/place/Warung+Mbak+Nur/data=!4m7!3m6!1s0x2e788273bc6d423f:0xd4513c752aa595fd!8m2!3d-7.9456827!4d112.6124215!16s%2Fg%2F11g6q34grh!19sChIJP0JtvHOCeC4R_ZWlKnU8UdQ?authuser=0&hl=id&rclk=1","Warung Mbak Nur","4,2","(485)","·","$","Jawa","·","","·","Jl. MT. Haryono No.9","","https://lh3.googleusercontent.com/gps-cs-s/APNQkAFcZFnrTigbed7lmA8_M0K-2umwV9qXvuKSOvjj8_evoT2Ga-UVGwSZ9cozi6rkJL7Ya8g3UV1SasRv8tJoko3p89Z2a1hNIi5Bht2H06FmtyH8745yq0xI3UuHqPfVfOIFsb0=w80-h106-k-no","https://ssl.gstatic.com/local/servicebusiness/default_user.png","""tempat luas dan nyaman""","",""
"https://www.google.com/maps/place/Kantong+Kering/data=!4m7!3m6!1s0x2dd627dfe84a121b:0x1750cc46f52225aa!8m2!3d-7.9469659!4d112.6132537!16s%2Fg%2F1hm39f_qk!19sChIJGxJK6N8n1i0RqiUi9UbMUBc?authuser=0&hl=id&rclk=1","Kantong Kering","4,5","(148)","","","Restoran","·","","·","Jalan Mayjend M.T. Haryono No.1, Dinoyo","","https://lh3.googleusercontent.com/gps-cs-s/APNQkAF_0UO0QyyGux3qIoc-Q_IF4vIdvKb2lTPDwFdhBKwa4cM4lZ6ElzUjt8-5PZ6MAd12m0fcl0YXdq98BHYNdkDPIUirdwMdx1xz2vxIaBu-NnmooO-VMWzeb4d57lpKQgXQh30=w92-h92-k-no","","","",""
"https://www.google.com/maps/place/Cahya/data=!4m7!3m6!1s0x2e788271a1c4ad17:0x9e7fe465313b2fbd!8m2!3d-7.9487556!4d112.6105997!16s%2Fg%2F11b6cl093q!19sChIJF63EoXGCeC4RvS87MWXkf54?authuser=0&hl=id&rclk=1","Cahya","4,4","(15)","","","Toko Swalayan","·","","·","Jl. Kertosentono No.93","Tutup","https://lh3.googleusercontent.com/gps-cs-s/APNQkAECmHlf_hgQmBoY7MYJRtqlPJ46jJSmh0slwKlg7PvlSKFn_9mJ-tC4fBpd4VMD5prlF1aZpOFfnbw_MpvZ51IY6_gl-zpii7OkR6jYxFqGXRXwPQUF5Jvuv6N30uO5iLzLZlVMYQ=w80-h106-k-no","","","· Buka Min pukul 06.00",""
"https://www.google.com/maps/place/Lekker+Mia+Mia+UIN+Malang/data=!4m7!3m6!1s0x2e78831f475911d5:0xc7070eafcad73a61!8m2!3d-7.9513287!4d112.6086371!16s%2Fg%2F11tg6s4v15!19sChIJ1RFZRx-DeC4RYTrXyq8OB8c?authuser=0&hl=id&rclk=1","Lekker Mia Mia UIN Malang","3,0","(2)","","","Broker Makanan","·","","2JX5+FF6, Jl. Gajayana","","","https://lh3.googleusercontent.com/gps-cs-s/APNQkAGJUeP8FXiPCA8XMBbHaxSPxAb2Reu3jLo_r6BRGcXpVTruSZVV_OkJ2e1nyM4hta9y_voK7V-GgrUu9i7yILa8GEVQmpRG7ipXAIRZ_FZRhVUd3YuRJEq32c7e5-bgpEZLQNYO=w80-h142-k-no","","","",""
"https://www.google.com/maps/place/Kopi+Semesta+1/data=!4m7!3m6!1s0x2e78830073f80419:0xf725471582029a00!8m2!3d-7.9558865!4d112.6150198!16s%2Fg%2F11wvd8cnr7!19sChIJGQT4cwCDeC4RAJoCghVHJfc?authuser=0&hl=id&rclk=1","Kopi Semesta 1","4,2","(5)","","","Kedai Kopi","·","","2JV7+MW2, Jl. Veteran","","Tutup","https://lh3.googleusercontent.com/gps-cs-s/APNQkAGzBVuIJA4UP943VfWJYrrnqcHxunf6EUpRLwttMRI8QD1qYj9HOmAb-IsIfHzCZKZbjxm2u5An1nQWR7TqQD_qmqfu7uwXA5_YTHXXsjAE_9yR619ZSCUcBimTzeDshs_nF0Jn=w122-h92-k-no","https://ssl.gstatic.com/local/servicebusiness/default_user.png","""Pertahankan ya!""","· Buka Min pukul 11.00",""
"https://www.google.com/maps/place/Indomaret+Point+M.T.+Haryono/data=!4m7!3m6!1s0x2e78827157c050fd:0x60eb544a98991378!8m2!3d-7.9464064!4d112.6125415!16s%2Fg%2F11b6dp0q61!19sChIJ_VDAV3GCeC4ReBOZmEpU62A?authuser=0&hl=id&rclk=1","Indomaret Point M.T. Haryono","3,6","(136)","","","Minimarket","·","","·","Jalan Mayjend Jl. MT. Haryono","Buka 24 jam","https://lh3.googleusercontent.com/gps-cs-s/APNQkAGNNMMVUbIA7YBaqbXVFnNXbfBiPQiR1Hcy-WxpoovJmULDF8HDS7tkIjQufqzXQAk9yr32eGFw0q-ef33Iqe4EwOAfBOl5a_XETnBHbMRAwP2K_C76HU87aLw4qNGMZZ7nzwyTZzVuyHOe=w122-h92-k-no","https://ssl.gstatic.com/local/servicebusiness/default_user.png","""Soemay nya juga enak.""","",""
"https://www.google.com/maps/place/LUMOS/data=!4m7!3m6!1s0x2e7883f7ac7a2a9f:0x6428329d1c9a116a!8m2!3d-7.9456596!4d112.6095217!16s%2Fg%2F11gy24r66j!19sChIJnyp6rPeDeC4RahGaHJ0yKGQ?authuser=0&hl=id&rclk=1","LUMOS","4,8","(72)","·","$","Kafe","·","","Jl. Gajayana No.572E","","Tutup","https://lh3.googleusercontent.com/gps-cs-s/APNQkAE4NpnQbm3-yyrM_s10ipLGRlQUh-tkfWEunFrHgCU-VvxifDDBoFLBAThyHuVUqSaP-kdyRPSN8lvZrUWkX7UmqPxMIms4pFX0tMPrheSQNA8v1_ejYFPavbGW24gSjGg72rZ5=w122-h92-k-no","","Makan di tempat","· Buka Min pukul 12.00","Bawa pulang"
"https://www.google.com/maps/place/Toko+Sakinah/data=!4m7!3m6!1s0x2e78827adbd8cb89:0x3ccf00766fd4c58d!8m2!3d-7.9548289!4d112.6087428!16s%2Fg%2F11f0289s68!19sChIJicvY23qCeC4RjcXUb3YAzzw?authuser=0&hl=id&rclk=1","Toko Sakinah","4,2","(19)","","","Toko Kelontong Asia","·","","·","Jl. Sumbersari Gg. 4 No.56b","Tutup","https://lh3.googleusercontent.com/gps-cs-s/APNQkAHgNe9me-c1pjMnV2CpSx2vgz9cD4RbGhrD6yCo_f-JfQfqcyGw4DycDhXmAGOK3uxXr2cgqZq6--ibrvZ-du8PZLauWkqJtvzn4znyeuXG-6lZr2MhDcdih-em14T7F4kXhl0BGQ=w80-h142-k-no","https://ssl.gstatic.com/local/servicebusiness/default_user.png","""baguslah kosku""","· Buka Min pukul 06.30",""
"https://www.google.com/maps/place/Toko+sang+jaya/data=!4m7!3m6!1s0x2e7882705b12c94b:0x3e1b1edb818f1262!8m2!3d-7.9508146!4d112.6102949!16s%2Fg%2F11f29gvrlg!19sChIJS8kSW3CCeC4RYhKPgdseGz4?authuser=0&hl=id&rclk=1","Toko sang jaya","4,6","(5)","","","Toko Kelontong Asia","·","","Jl. Kerto Leksono No.47","","Tutup","https://streetviewpixels-pa.googleapis.com/v1/thumbnail?panoid=z5-iKVgmQeObgkp6XykA2w&cb_client=search.gws-prod.gps&w=80&h=92&yaw=305.7818&pitch=0&thumbfov=100","","","· Buka Min pukul 09.00",""
"https://www.google.com/maps/place/Toko+Nabila/data=!4m7!3m6!1s0x2e78827a8da6c81d:0xb8c6a833e7d6cc97!8m2!3d-7.953602!4d112.6102999!16s%2Fg%2F11r_vnsbsp!19sChIJHcimjXqCeC4Rl8zW5zOoxrg?authuser=0&hl=id&rclk=1","Toko Nabila","5,0","(2)","","","Toko bahan makanan","·","","2JW6+H43, Jl. Raya Sumbersari","","","https://streetviewpixels-pa.googleapis.com/v1/thumbnail?panoid=EqgpRxSfhKg5_V4z1PFm4g&cb_client=search.gws-prod.gps&w=80&h=92&yaw=219.0802&pitch=0&thumbfov=100","","","",""
"https://www.google.com/maps/place/Lekker+Mia+Mia+UIN+Malang/data=!4m7!3m6!1s0x2e78831f475911d5:0xc7070eafcad73a61!8m2!3d-7.9513287!4d112.6086371!16s%2Fg%2F11tg6s4v15!19sChIJ1RFZRx-DeC4RYTrXyq8OB8c?authuser=0&hl=id&rclk=1","Lekker Mia Mia UIN Malang","3,0","(2)","","","Broker Makanan","·","","2JX5+FF6, Jl. Gajayana","","","https://lh3.googleusercontent.com/gps-cs-s/APNQkAGJUeP8FXiPCA8XMBbHaxSPxAb2Reu3jLo_r6BRGcXpVTruSZVV_OkJ2e1nyM4hta9y_voK7V-GgrUu9i7yILa8GEVQmpRG7ipXAIRZ_FZRhVUd3YuRJEq32c7e5-bgpEZLQNYO=w80-h142-k-no","","","",""
"https://www.google.com/maps/place/Kebab+Kings+Booth/data=!4m7!3m6!1s0x2e78839ca51cd2a9:0x34f65ad4bc2e1aa9!8m2!3d-7.9464019!4d112.6123808!16s%2Fg%2F11f7r085km!19sChIJqdIcpZyDeC4RqRouvNRa9jQ?authuser=0&hl=id&rclk=1","Kebab Kings Booth","4,2","(14)","","","Kebab","·","","Jl. MT. Haryono No.40","","Tutup","https://lh3.googleusercontent.com/gps-cs-s/APNQkAGIOTD7anEUQwE79tJxTIau6AsAm_gTmYiX_5ia-dALSK5qM_cYWxUfxwtWxUUN3w1gBGr4SdfGXmpWYpDXzutMY7KRdgY3rvxS5hKdOR9UXqLJ8yFMZ94OxFHkdcIg_dWqgNHt7w=w80-h142-k-no","","Makan di tempat","· Buka Min pukul 16.00","Bawa pulang"
"https://www.google.com/maps/place/Madinah+Toko+Bahan+kue/data=!4m7!3m6!1s0x2e7883adb14e7a29:0x2461ae045035a327!8m2!3d-7.9458145!4d112.6091801!16s%2Fg%2F11kmxkcrjm!19sChIJKXpOsa2DeC4RJ6M1UASuYSQ?authuser=0&hl=id&rclk=1","Madinah Toko Bahan kue","4,6","(289)","","","Toko Swalayan","·","","·","Jl. Gajayana No.577","Tutup","https://lh3.googleusercontent.com/gps-cs-s/APNQkAF7UEJZoO3dutSnzwuSitUOfMDygYwGV8KQyc5vNuZdQf1Ijp_xDGPsrsTk-eFNlX9Pm6f5g7wCgBIugWF6_t-yEUWSmKZRXHWoqXKqmlewy6sjlE6ueR8NxP7rp9Pnk6FizJaPOA=w80-h106-k-no","https://ssl.gstatic.com/local/servicebusiness/default_user.png","""murah..
ekonomis..""","· Buka Min pukul 07.00",""
"https://www.google.com/maps/place/Apartemen+Soekarno+Hatta+Malang/data=!4m7!3m6!1s0x2e78827654ec7f77:0xe8f814f12a9ae51d!8m2!3d-7.9493792!4d112.6166613!16s%2Fg%2F1pzwmp6kr!19sChIJd3_sVHaCeC4RHeWaKvEU-Og?authuser=0&hl=id&rclk=1","Apartemen Soekarno Hatta Malang","2,9","(541)","","","Gedung Apartemen","·","","·","Jl. Soekarno Hatta No.2","","https://lh3.googleusercontent.com/gps-cs-s/APNQkAHv7gc4TEXcQnNbhN_vxd2BY7QgA1f5DxPFucUMnKOiy3JPKrE77Apt7OMUqjFibAM_XtpZDUun1ZZY-ELJtOBy4rwuaOS8fcEjJLCQQSAntypOZVg4_vdPdw2y8Vteo-Na0cyt=w80-h100-k-no","https://ssl.gstatic.com/local/servicebusiness/default_user.png","""Best harganya segitu terus ya☺️""","",""
"https://www.google.com/maps/place/Angkringan+Anglo%2B/data=!4m7!3m6!1s0x2dd628211bc3e3d7:0x7e8f9192376a9ba3!8m2!3d-7.9571439!4d112.6157339!16s%2Fg%2F11f54mp72h!19sChIJ1-PDGyEo1i0Ro5tqN5KRj34?authuser=0&hl=id&rclk=1","Angkringan Anglo+","5,0","(7)","","","Restoran","·","","Jl. Veteran No.5D","","Tutup","https://lh3.googleusercontent.com/gps-cs-s/APNQkAFBiTEnBgvG3DNQVnDl_kNdeT_oqBHOeHgik8HHk_2id3jzNbZm59obVHsJI-c7Jrc3w6-c69_vNvRUI7ZWrejnB85rf9ffzkK5XApg_b0BpNGTxe1QB0TKYTKnUq5Shy-J9jF9=w122-h92-k-no","","Makan di tempat","· Buka Sen pukul 10.00","Bawa pulang"
"https://www.google.com/maps/place/Luluk+Frozen/data=!4m7!3m6!1s0x2e788273bd684e05:0x80a2b24dff85aa6e!8m2!3d-7.945473!4d112.612359!16s%2Fg%2F11hd6n1_j6!19sChIJBU5ovXOCeC4RbqqF_02yooA?authuser=0&hl=id&rclk=1","Luluk Frozen","2,3","(3)","","","Toko makanan beku","·","","Pasar Dinoyo Lantai Dasar Blok B-1 No. 9-12, Jl. MT. Haryono","","Tutup","https://streetviewpixels-pa.googleapis.com/v1/thumbnail?panoid=tzt57xDVQKBZXXxcS7jf2Q&cb_client=search.gws-prod.gps&w=80&h=92&yaw=33.181545&pitch=0&thumbfov=100","","","· Buka Min pukul 04.00",""
"https://www.google.com/maps/place/Toko+Sembako+RIZKIYAH/data=!4m7!3m6!1s0x2e7882721a0c0da7:0x88578046601588cd!8m2!3d-7.9468729!4d112.6089884!16s%2Fg%2F11y411src1!19sChIJpw0MGnKCeC4RzYgVYEaAV4g?authuser=0&hl=id&rclk=1","Toko Sembako RIZKIYAH","5,0","(1)","","","Toko bahan makanan","·","","Jl. Gajayana No.8","","","https://lh3.googleusercontent.com/gps-cs-s/APNQkAHMaBsm9CKx62wWBsTkUljW8lLd5hAd2iFftsaUz1nbXZlPLCEEJAQxQsDp3cL4TxM9PxJYgpCC5fF-k6KYRwIIMk774N44_JJS6fYY9LPRjCa-3H1PkWNnHRGXSN6sy-wMmgcVVHrYMHc=w80-h142-k-no","","","",""
"https://www.google.com/maps/place/SRC+Pradana/data=!4m7!3m6!1s0x2e7883d396ef3747:0x1e955df0f48b5e98!8m2!3d-7.9507835!4d112.6103421!16s%2Fg%2F11h2ljhp21!19sChIJRzfvltODeC4RmF6L9PBdlR4?authuser=0&hl=id&rclk=1","SRC Pradana","4,3","(4)","","","Toko bahan makanan","·","","Jl. Kerto Leksono No.48","","Tutup","https://lh3.googleusercontent.com/gps-proxy/ALd4DhEuzP85p-M7ExUYIawD0NkY5q0_PpjeSgTB_I2VUpynqmSOUjUhtDCTnqXrcYwMc7YvXT6E3JfMwMryZt5yghfmtQWken9ypPfBCCR969oHM6kfnv6FwMHWrNz5x_xqmH607bTz-WLXcNXufS7k1JRfAabJqdDJbKi9Xoe0Ik9bctZUrLKQ3-nNfJHOdY2sf_QqBxg=w122-h92-k-no","","","· Buka Min pukul 07.00",""
"https://www.google.com/maps/place/BPoint/data=!4m7!3m6!1s0x2e7883004b7b4197:0xb3d0d886f35e965!8m2!3d-7.9464349!4d112.6130098!16s%2Fg%2F11x2709nyt!19sChIJl0F7SwCDeC4RZek1b4gNPQs?authuser=0&hl=id&rclk=1","BPoint","5,0","(1)","","","Toko Swalayan","·","","Ruko Istana Dinoyo, Kav. D1","","Buka","https://lh3.googleusercontent.com/gps-cs-s/APNQkAE8T4hcY7UXOIjkimq0gIDzzatzG2bG5K_sr6b2Iajz63YbCNuNDPBvPLAcD9LUZPdIytURqmLBsXmvFnPT6m5eF1UJonQIAiYY__yEnKnTsLoAr4cM3sE9UGY_VIktjcEF-8eMkQV08iXP=w80-h106-k-no","","","· Tutup pukul 03.00",""
"https://www.google.com/maps/place/Rest+Area+Ojol/data=!4m7!3m6!1s0x2e78830040df5e77:0x6ad45c536b5c1eae!8m2!3d-7.950285!4d112.6088001!16s%2Fg%2F11xfgl5clk!19sChIJd17fQACDeC4Rrh5ca1Nc1Go?authuser=0&hl=id&rclk=1","Rest Area Ojol","","","","","Toko bahan makanan","·","","Jl. Gajayana No.31B","","Buka 24 jam","https://lh3.googleusercontent.com/gps-cs-s/APNQkAH-wUfzUYLvsNlr01n0PfyZ-owPVNi1tVGxFqeydZKvUwSCxBGDE7ZCtwGVYqnSeTGe-OQaRI_dHMd0umIDpVFqHUAKrWwRR4FdaSIAMolLSJRkZnY0g5WKvGpxIE7VhHMbU0LYwGz1rAGw=w80-h105-k-no","","","",""
"https://www.google.com/maps/place/Aneka+Mesin+Makanan+Dinoyo/data=!4m7!3m6!1s0x2e7883912e99cec7:0xca30d244f167f0ee!8m2!3d-7.946233!4d112.6126776!16s%2Fg%2F11fs7tp_rl!19sChIJx86ZLpGDeC4R7vBn8UTSMMo?authuser=0&hl=id&rclk=1","Aneka Mesin Makanan Dinoyo","","","","","Pemasok mesin makanan","·","","Jl. MT. Haryono No.5/265","","Tutup","https://streetviewpixels-pa.googleapis.com/v1/thumbnail?panoid=xYIF-0_5KKnCOHKU-VswGQ&cb_client=search.gws-prod.gps&w=80&h=92&yaw=33.652374&pitch=0&thumbfov=100","","","· Buka Sen pukul 09.00",""
"https://www.google.com/maps/place/AdinataHP+Cell+-+Malang/data=!4m7!3m6!1s0x2e788272399a10bd:0x5e98171c7fc84ee9!8m2!3d-7.9464273!4d112.6100561!16s%2Fg%2F11bwn3lrv3!19sChIJvRCaOXKCeC4R6U7IfxwXmF4?authuser=0&hl=id&rclk=1","AdinataHP Cell - Malang","3,8","(4)","","","Toko bahan makanan","·","","Jl.Kertorahayu 2/41 (Utara Balai RW) RT-09 RW-01, Kec Lowokwaru","","Tutup","https://lh3.googleusercontent.com/gps-cs-s/APNQkAEzcmomU8obNb97bRunY-j-bgDCgCaRyf2rWUqjMjPJUUyQGK1oW8Xr2UWC9TrU4NltGq4Kmr7d3Vn-l_Ph8xktlA9FFmX19ZyEBKWZymGqVru02wv01MGjsPVzYT9gVN229iGr=w152-h92-k-no","","","· Buka Min pukul 06.00",""
"https://www.google.com/maps/place/TOKO+ERIKHO/data=!4m7!3m6!1s0x2e7882721681ae47:0x266560cb3a85f32d!8m2!3d-7.9465913!4d112.6094124!16s%2Fg%2F11c5_0k4tw!19sChIJR66BFnKCeC4RLfOFOstgZSY?authuser=0&hl=id&rclk=1","TOKO ERIKHO","4,0","(2)","","","Minimarket","·","","Jl. Kerto Asri No.3","","Tutup","https://streetviewpixels-pa.googleapis.com/v1/thumbnail?panoid=pEoIjJt54QEw8eYSAMKOGw&cb_client=search.gws-prod.gps&w=80&h=92&yaw=313.3701&pitch=0&thumbfov=100","","","· Buka Min pukul 06.00",""
"https://www.google.com/maps/place/TOKO+FORTUNA/data=!4m7!3m6!1s0x2e78827beb6a6563:0xce5ac4bd85cd49e2!8m2!3d-7.9564662!4d112.61249!16s%2Fg%2F11sv2jxh1t!19sChIJY2Vq63uCeC4R4knNhb3EWs4?authuser=0&hl=id&rclk=1","TOKO FORTUNA","1,0","(1)","","","Toko bahan makanan","·","","Jl. Raya Sumbersari No.305","","","https://streetviewpixels-pa.googleapis.com/v1/thumbnail?panoid=n0iQYDfl1T4E8E3G9qcqoA&cb_client=search.gws-prod.gps&w=80&h=92&yaw=180.00142&pitch=0&thumbfov=100","","","",""
"","","","","","","","","","","","","","","","",""