"hfpxzc href","qBF1Pd","MW4etd","UY7F9","W4Efsd","W4Efsd 2","W4Efsd 3","W4Efsd 4","W4Efsd 5","W4Efsd 6","UsdlK","Cw1rxd","R8c4Qb","Jn12ke src","ah5Ghc","ah5Ghc 2","W4Efsd 7"
"","","","","","","","","","","","","","","","",""
"","","","","","","","","","","","","","","","",""
"https://www.google.com/maps/place/PRINT+TERMURAH+FOTOCOPY+VIAN+PUSAT+24JAM/data=!4m7!3m6!1s0x2e788329b73b82bb:0x487605666305c9c2!8m2!3d-7.9563183!4d112.612266!16s%2Fg%2F11kjj8f2lc!19sChIJu4I7tymDeC4RwskFY2YFdkg?authuser=0&hl=id&rclk=1","PRINT TERMURAH FOTOCOPY VIAN PUSAT 24JAM","4,9","(353)","Toko Fotokopi","·","·","WARNA KUNING (FC VIAN, Jl. Raya Sumbersari No.302","Buka 24 jam","·","0857-1044-4333","","Situs Web","https://ssl.gstatic.com/local/servicebusiness/default_user.png","""recommend bgt","print",""
"https://www.google.com/maps/place/PRINT+24+JAM+FOTOCOPY+VIAN+CAB+UIN/data=!4m7!3m6!1s0x2e78839a93953b31:0xb8b9326289e6e724!8m2!3d-7.951192!4d112.609097!16s%2Fg%2F11tp4bsmzr!19sChIJMTuVk5qDeC4RJOfmiWIyubg?authuser=0&hl=id&rclk=1","PRINT 24 JAM FOTOCOPY VIAN CAB UIN","4,8","(175)","Toko Percetakan","·","Jl. Gajayana No.37","Buka 24 jam","·","","0818-1838-9336","","Rute","https://ssl.gstatic.com/local/servicebusiness/default_user.png","""Rekomen bgt untuk temoat","print",""
"https://www.google.com/maps/place/Dinoyo+Digital+3/data=!4m7!3m6!1s0x2e788276c9edea15:0x3cda7aab6da546b1!8m2!3d-7.9485252!4d112.6143393!16s%2Fg%2F11b6dg69wp!19sChIJFertyXaCeC4RsUalbat62jw?authuser=0&hl=id&rclk=1","Dinoyo Digital 3","4,3","(251)","Printer Digital","·","·","Tutup","Jl. MT. Haryono No.80","· Buka Sen pukul 08.00","0812-3196-3983","","Rute","https://ssl.gstatic.com/local/servicebusiness/default_user.png","""Harga cetak murah.""","","·"
"https://www.google.com/maps/place/RUMAH+PRINT+ACAN+ACIN/data=!4m7!3m6!1s0x2e7883708d21d0c1:0x8292b74e7d748ce2!8m2!3d-7.9544445!4d112.6104718!16s%2Fg%2F11gmv1cs05!19sChIJwdAhjXCDeC4R4ox0fU63koI?authuser=0&hl=id&rclk=1","RUMAH PRINT ACAN ACIN","3,4","(31)","Jasa Reparasi Printer","·","·","Buka 24 jam","Jl. Sumbersari III No.246-228","","0817-388-541","","Rute","","","","·"
"https://www.google.com/maps/place/Dinoyo+Digital+1/data=!4m7!3m6!1s0x2e788276dfb50ae1:0x4b0aa6c2a17919e9!8m2!3d-7.9494979!4d112.6153371!16s%2Fg%2F1hm405wrk!19sChIJ4Qq133aCeC4R6Rl5ocKmCks?authuser=0&hl=id&rclk=1","Dinoyo Digital 1","4,2","(520)","Layanan cetak digital","·","·","Tutup","Jl. MT. Haryono Kampus Unibraw No.Depan","· Buka Sen pukul 09.00","(0341) 573714","","Rute","https://ssl.gstatic.com/local/servicebusiness/default_user.png","""Terima kasih selalu membantu soal print2an..haha""","","·"
"https://www.google.com/maps/place/FOTO+KOPI+%22Putra+Jaya+%221/data=!4m7!3m6!1s0x2e78827069f86a0d:0xdc9874673ace3b03!8m2!3d-7.9511392!4d112.6103098!16s%2Fg%2F11b764phth!19sChIJDWr4aXCCeC4RAzvOOmd0mNw?authuser=0&hl=id&rclk=1","FOTO KOPI ""Putra Jaya ""1","4,4","(7)","Toko Fotokopi","·","·","Buka","Jl. Kerto Leksono No.70","· Tutup pukul 02.00 · Buka kembali pukul 07.00","0813-3474-3280","","Rute","","","","·"
"https://www.google.com/maps/place/CHAMPIONS+%28copy+center+%26+print+shop%29/data=!4m7!3m6!1s0x2e78818ab2b8c9b7:0x1b05bbb131c6df6c!8m2!3d-7.9482571!4d112.6140963!16s%2Fg%2F11d_7tfqdb!19sChIJt8m4soqBeC4RbN_GMbG7BRs?authuser=0&hl=id&rclk=1","CHAMPIONS (copy center & print shop)","4,3","(52)","Printer Digital","·","·","Tutup","Jl. MT. Haryono No.88","· Buka pukul 12.00","0821-3117-9481","","Rute","https://ssl.gstatic.com/local/servicebusiness/default_user.png","""Pelayanan sangat baik.""","","·"
"https://www.google.com/maps/place/Gajayana+Digital+Printing/data=!4m7!3m6!1s0x2e788271f7819c53:0xe0815d0cacd595e9!8m2!3d-7.947452!4d112.6087219!16s%2Fg%2F11b6d2vl1d!19sChIJU5yB93GCeC4R6ZXVrAxdgeA?authuser=0&hl=id&rclk=1","Gajayana Digital Printing","3,7","(427)","Toko Percetakan","·","·","Tutup","Jl. Gajayana No.mor 14A Kav.2","· Buka Sen pukul 08.00","0813-3456-2417","","Rute","https://ssl.gstatic.com/local/servicebusiness/default_user.png","""hasil","print","·"
"https://www.google.com/maps/place/MUBAROKAH+PRINT/data=!4m7!3m6!1s0x2e7883043e7bd267:0xbdb80757b4991ce5!8m2!3d-7.9543394!4d112.6094483!16s%2Fg%2F11mh9xwgxp!19sChIJZ9J7PgSDeC4R5RyZtFcHuL0?authuser=0&hl=id&rclk=1","MUBAROKAH PRINT","5,0","(6)","Toko Percetakan","·","Gg. III No.206","Buka 24 jam","·","","0857-4574-0379","","Rute","https://ssl.gstatic.com/local/servicebusiness/default_user.png","""Pelayanan terbaik.""","",""
"https://www.google.com/maps/place/Restu+Ibu+Print+%26+Fotocopy/data=!4m7!3m6!1s0x2e7882744eb02765:0x8a68882f3fc72af!8m2!3d-7.9452886!4d112.6164071!16s%2Fg%2F11b6gng9xj!19sChIJZSewTnSCeC4Rr3L884KIpgg?authuser=0&hl=id&rclk=1","Restu Ibu Print & Fotocopy","4,3","(26)","Layanan cetak digital","·","Jl. Semanggi Bar. No.15","Buka 24 jam","·","","0853-3524-4146","","Rute","https://ssl.gstatic.com/local/servicebusiness/default_user.png","""mantap","print",""
"https://www.google.com/maps/place/ANESTA+NET+AND+PRINTING/data=!4m7!3m6!1s0x2e78827005579f3d:0x81af331698f919ca!8m2!3d-7.9516325!4d112.6084813!16s%2Fg%2F11hbgslnhg!19sChIJPZ9XBXCCeC4Ryhn5mBYzr4E?authuser=0&hl=id&rclk=1","ANESTA NET AND PRINTING","4,3","(30)","Pusat Perbelanjaan","·","·","","Jl. Sunan Drajat No.1 No.61","","0812-3122-5746","","Rute","","","",""
"https://www.google.com/maps/place/Mitra+Print/data=!4m7!3m6!1s0x2e7882711298a4cd:0x5fca40833f85cecd!8m2!3d-7.9486874!4d112.6116977!16s%2Fg%2F11ty539j0d!19sChIJzaSYEnGCeC4Rzc6FP4NAyl8?authuser=0&hl=id&rclk=1","Mitra Print","3,8","(6)","Jl. Watu Gong No.17A","","","","","","","","Rute","https://ssl.gstatic.com/local/servicebusiness/default_user.png","""Kirain sudah betul sistemnya.""","",""
"https://www.google.com/maps/place/Restuprint+Malang/data=!4m7!3m6!1s0x2e7882701a83ba67:0x92f43df327ce4d30!8m2!3d-7.952102!4d112.608633!16s%2Fg%2F11gd1s4ln0!19sChIJZ7qDGnCCeC4RME3OJ_M99JI?authuser=0&hl=id&rclk=1","Restuprint Malang","4,8","(58)","Printer Digital","·","·","Tutup","Jalan Sunan Drajat 1 No. 61 Ketawanggede","· Buka pukul 09.00","0857-5566-2024","","Rute","https://ssl.gstatic.com/local/servicebusiness/default_user.png","""Tempat","print","·"
"https://www.google.com/maps/place/Gavin+Foto+Copy+%26+Print/data=!4m7!3m6!1s0x2e78837ac11b87cf:0xba8b758bf81f4bbf!8m2!3d-7.9452438!4d112.6158889!16s%2Fg%2F11v6spnyrn!19sChIJz4cbwXqDeC4Rv0sf-It1i7o?authuser=0&hl=id&rclk=1","Gavin Foto Copy & Print","5,0","(114)","Toko Fotokopi","·","Jl. Semanggi Bar. No.4","·","Tutup","","0856-4955-9347","","Situs Web","https://ssl.gstatic.com/local/servicebusiness/default_user.png","""pernah","print","· Buka pukul 13.00"
"https://www.google.com/maps/place/Azlaff+Printing+%26+FC/data=!4m7!3m6!1s0x2e788219a97d9275:0x6103279b6c7826c9!8m2!3d-7.9455535!4d112.6164745!16s%2Fg%2F11b6h_sm6b!19sChIJdZJ9qRmCeC4RySZ4bJsnA2E?authuser=0&hl=id&rclk=1","Azlaff Printing & FC","4,6","(64)","Toko Fotokopi","·","·","Tutup","Jl. Semanggi Bar. No.17, RT.02/RW.03","· Buka pukul 10.00","0813-8080-7550","","Rute","https://ssl.gstatic.com/local/servicebusiness/default_user.png","""Kualitas sip""","","·"
"https://www.google.com/maps/place/Trijaya+Internet/data=!4m7!3m6!1s0x2e788271a0864897:0x50bfa2518d0c0b47!8m2!3d-7.948823!4d112.610886!16s%2Fg%2F11b6ct80h8!19sChIJl0iGoHGCeC4RRwsMjVGiv1A?authuser=0&hl=id&rclk=1","Trijaya Internet","4,4","(178)","Warnet","·","·","Buka 24 jam","Jl. Kertosentono Blk. AB No.86 Blok A-B","","0851-0242-6677","","Rute","https://ssl.gstatic.com/local/servicebusiness/default_user.png","""Buat mahasiswa daerah UB yang mau","print","·"
"https://www.google.com/maps/place/Asahi+Copy+Center/data=!4m7!3m6!1s0x2e788303c9084303:0x406157523e7d1ec9!8m2!3d-7.9483665!4d112.6096226!16s%2Fg%2F11nfs0qj_x!19sChIJA0MIyQODeC4RyR59PlJXYUA?authuser=0&hl=id&rclk=1","Asahi Copy Center","4,5","(78)","Toko Percetakan","·","·","Jl. Kerto Raharjo No.80","Tutup","·","0812-3346-9879","","Situs Web","https://ssl.gstatic.com/local/servicebusiness/default_user.png","""Rekomendasi untuk cetak tugas dan skripsi dengan harga terjangkau""","","· Buka pukul 11.00"
"https://www.google.com/maps/place/Jasa+Print+Antar+Jemput+-+JUN+MS+Printing/data=!4m7!3m6!1s0x2e78827069e0de13:0xff73b2d85140fea5!8m2!3d-7.951258!4d112.609991!16s%2Fg%2F11b75lw4jm!19sChIJE97gaXCCeC4Rpf5AUdiyc_8?authuser=0&hl=id&rclk=1","Jasa Print Antar Jemput - JUN MS Printing","4,9","(18)","Printer Digital","·","Jl. Kerto Aji No.7, RT.06/RW.03","Tutup","·","· Buka pukul 06.30","0888-0557-6597","","Rute","https://ssl.gstatic.com/local/servicebusiness/default_user.png","""Tempat","print",""
"https://www.google.com/maps/place/Percetakan+dan+Foto+Copy+RAHAYU/data=!4m7!3m6!1s0x2e78835845aaa151:0xed715c847b44091!8m2!3d-7.9487681!4d112.6117056!16s%2Fg%2F11h557m5tc!19sChIJUaGqRViDeC4RkUC0R8gV1w4?authuser=0&hl=id&rclk=1","Percetakan dan Foto Copy RAHAYU","4,6","(39)","Percetakan Komersial","·","Jl. Watu Gong No.17b","Tutup","·","· Buka pukul 07.00","0812-3332-3316","","Rute","https://ssl.gstatic.com/local/servicebusiness/default_user.png","""","Print",""
"https://www.google.com/maps/place/Rajawali+Fotocopy/data=!4m7!3m6!1s0x2e788271a05f8bc5:0x8b5f6fd502a6c0d3!8m2!3d-7.9487427!4d112.6111107!16s%2Fg%2F11g9jph_gc!19sChIJxYtfoHGCeC4R08CmAtVvX4s?authuser=0&hl=id&rclk=1","Rajawali Fotocopy","5,0","(1)","Kantor Perusahaan","·","B, Jl. Kertosentono No.107","Buka 24 jam","","","","","Rute","https://ssl.gstatic.com/local/servicebusiness/default_user.png","""next time bakal repeat order sih!""","",""
"https://www.google.com/maps/place/Rajawali+Fotocopy/data=!4m7!3m6!1s0x2e788271a05f8bc5:0x8b5f6fd502a6c0d3!8m2!3d-7.9487427!4d112.6111107!16s%2Fg%2F11g9jph_gc!19sChIJxYtfoHGCeC4R08CmAtVvX4s?authuser=0&hl=id&rclk=1","Rajawali Fotocopy","5,0","(1)","Kantor Perusahaan","·","B, Jl. Kertosentono No.107","Buka 24 jam","","","","","Rute","https://ssl.gstatic.com/local/servicebusiness/default_user.png","""next time bakal repeat order sih!""","",""
"https://www.google.com/maps/place/SARJANA+PRINT+DAN+FOTOCOPY/data=!4m7!3m6!1s0x2e788273fd095de1:0xddcadd5fad89995a!8m2!3d-7.9471233!4d112.6132628!16s%2Fg%2F1pzpy185n!19sChIJ4V0J_XOCeC4RWpmJrV_dyt0?authuser=0&hl=id&rclk=1","SARJANA PRINT DAN FOTOCOPY","4,5","(173)","Toko Fotokopi","·","·","Tutup","Jl. Mayjen Hariyono Jl. MT. Haryono No.112A","· Buka Sen pukul 07.00","0813-3530-2707","","Rute","https://ssl.gstatic.com/local/servicebusiness/default_user.png","""Kirim file hari sabtu buat","print","·"
"https://www.google.com/maps/place/Harapan+Jaya+Print+dan+Percetakan/data=!4m7!3m6!1s0x2e7882744f32587d:0x9975ecdae2a9d7bf!8m2!3d-7.9452534!4d112.6160599!16s%2Fg%2F11fy5666yy!19sChIJfVgyT3SCeC4Rv9ep4trsdZk?authuser=0&hl=id&rclk=1","Harapan Jaya Print dan Percetakan","4,7","(6)","Industri Percetakan","·","Jl. Semanggi Bar. No.5C","Tutup","·","· Buka Sen pukul 09.00","0821-4211-7750","","Rute","","","",""
"https://www.google.com/maps/place/Clover+Copy+%26+Print/data=!4m7!3m6!1s0x2e7882745ed210dd:0xfd24a70e77fa20a6!8m2!3d-7.9448224!4d112.6157117!16s%2Fg%2F11b6gkkmvf!19sChIJ3RDSXnSCeC4RpiD6dw6nJP0?authuser=0&hl=id&rclk=1","Clover Copy & Print","5,0","(1)","Toko Fotokopi","·","Jl. Semanggi Bar. No.4A","Tutup","·","· Buka Sen pukul 08.00","0813-3347-7044","","Rute","","Layanan di tempat","Janji temu online",""
"https://www.google.com/maps/place/BICHIS+printing+%26+print+murah+malang/data=!4m7!3m6!1s0x2e788275cefac9ef:0x4090370579cd059c!8m2!3d-7.9461587!4d112.6174131!16s%2Fg%2F11ggnbzhq6!19sChIJ78n6znWCeC4RnAXNeQU3kEA?authuser=0&hl=id&rclk=1","BICHIS printing & print murah malang","5,0","(2)","Printer Digital","·","Jl. Semanggi Bar. No.32A","Tutup","·","· Buka pukul 09.00","0838-1871-3344","","Rute","","","",""
"https://www.google.com/maps/place/Eno+Fotocopy+%26+Print/data=!4m7!3m6!1s0x2e7882745dc498af:0x8b363e0e3d80205a!8m2!3d-7.944933!4d112.6155133!16s%2Fg%2F11gh4834sb!19sChIJr5jEXXSCeC4RWiCAPQ4-Nos?authuser=0&hl=id&rclk=1","Eno Fotocopy & Print","4,7","(3)","Toko Fotokopi","·","Jl. Semanggi Bar. No.1B","Tutup","·","· Buka Sen pukul 08.00","0856-4630-9058","","Rute","","","",""
"https://www.google.com/maps/place/CS+Print+%7C+ATK+-+PRINT+-+SCAN/data=!4m7!3m6!1s0x2e788367c38a7621:0x39444a29038ccd84!8m2!3d-7.9450865!4d112.6111062!16s%2Fg%2F11ks6qvt2v!19sChIJIXaKw2eDeC4RhM2MAylKRDk?authuser=0&hl=id&rclk=1","CS Print | ATK - PRINT - SCAN","5,0","(23)","Toko Percetakan","·","Jl. MT. Haryono Gg. II belakang BCA No.482","Tutup","·","· Buka pukul 16.00","0851-1740-4820","","Rute","https://ssl.gstatic.com/local/servicebusiness/default_user.png","""Pelayanan cepat dan fast respond, hasil maksimal, puas banget✅🥰""","",""
"https://www.google.com/maps/place/Reklamindo+Digital+Print/data=!4m7!3m6!1s0x2e788272efb6739d:0x929cc686a81710bc!8m2!3d-7.9441618!4d112.6100195!16s%2Fg%2F11s0z2j_rd!19sChIJnXO273KCeC4RvBAXqIbGnJI?authuser=0&hl=id&rclk=1","Reklamindo Digital Print","5,0","(1)","Jl. Gajayana No.534A","","","","","","","","Rute","","","",""
"https://www.google.com/maps/place/Fotocopy+Mahesa+4/data=!4m7!3m6!1s0x2e78827b94d5f86d:0x72e55c1a3d6dd4d2!8m2!3d-7.9563612!4d112.6123948!16s%2Fg%2F11ldw61kqc!19sChIJbfjVlHuCeC4R0tRtPRpc5XI?authuser=0&hl=id&rclk=1","Fotocopy Mahesa 4","2,5","(15)","Jl. Raya Sumbersari No.303","","","","","","","","Rute","https://ssl.gstatic.com/local/servicebusiness/default_user.png","""Hasil","print",""
"https://www.google.com/maps/place/Veeva+Copy+Center/data=!4m7!3m6!1s0x2e78827192d7c487:0x69427f216ba134fd!8m2!3d-7.9481881!4d112.6094115!16s%2Fg%2F11b6cpb1fm!19sChIJh8TXknGCeC4R_TShayF_Qmk?authuser=0&hl=id&rclk=1","Veeva Copy Center","4,8","(14)","Toko Fotokopi","·","Jl. Kertosentono No.53","Tutup","·","· Buka pukul 05.30","0813-3447-2266","","Rute","","","",""
"https://www.google.com/maps/place/Fotocopy+Rukun+Jaya+Mulya/data=!4m7!3m6!1s0x2e788271a032d31b:0x6323fcd08d71e2b2!8m2!3d-7.9487203!4d112.610715!16s%2Fg%2F11b6ckhgs9!19sChIJG9MyoHGCeC4RsuJxjdD8I2M?authuser=0&hl=id&rclk=1","Fotocopy Rukun Jaya Mulya","5,0","(1)","Toko Fotokopi","·","Jl. Kertosentono No.95","Tutup","·","· Buka pukul 07.00","0857-9041-3004","","Rute","","","",""
"https://www.google.com/maps/place/Siluet+Jilid/data=!4m7!3m6!1s0x2e788381f12097d3:0x388993ad30c5ae26!8m2!3d-7.9489406!4d112.6113502!16s%2Fg%2F11gyv51y_p!19sChIJ05cg8YGDeC4RJq7FMK2TiTg?authuser=0&hl=id&rclk=1","Siluet Jilid","4,3","(3)","Toko Elektronik","·","Jl. Kertosentono No.96A","","","","","","Rute","https://ssl.gstatic.com/local/servicebusiness/default_user.png","""Murah, berkualitas, ramah""","",""
"https://www.google.com/maps/place/Dunia+ATK/data=!4m7!3m6!1s0x2e788276cf4d6db1:0xea0425df509bb023!8m2!3d-7.9487583!4d112.6146065!16s%2Fg%2F11b6dwzrnz!19sChIJsW1Nz3aCeC4RI7CbUN8lBOo?authuser=0&hl=id&rclk=1","Dunia ATK","4,0","(356)","Toko Alat Tulis","·","·","Tutup","Jl. MT. Haryono","· Buka pukul 07.30","(0341) 572935","","Rute","https://ssl.gstatic.com/local/servicebusiness/default_user.png","""Toko ini juga melayani fotokopi,","print","·"
"https://www.google.com/maps/place/Dony+Print+1/data=!4m7!3m6!1s0x2e7882710c7a1ab5:0x5a7a927ba9d1abbf!8m2!3d-7.948823!4d112.611324!16s%2Fg%2F11d_z79l1p!19sChIJtRp6DHGCeC4Rv6vRqXuSelo?authuser=0&hl=id&rclk=1","Dony Print 1","4,0","(15)","Layanan cetak digital","·","Jl. Kertosentono No.103","Tutup","·","· Buka pukul 15.30","0815-5528-242","","Rute","https://ssl.gstatic.com/local/servicebusiness/default_user.png","""Sudah 2x ke sini.. ini foto diambil pas jam 5.20""","",""
"https://www.google.com/maps/place/SBR+DIGITAL+MODERN+PRINTING+Fotocopy/data=!4m7!3m6!1s0x2e7883c7a6053a4f:0xd202ceaf9acc1f2f!8m2!3d-7.9559205!4d112.6119668!16s%2Fg%2F11v19ls1f4!19sChIJTzoFpseDeC4RLx_Mmq_OAtI?authuser=0&hl=id&rclk=1","SBR DIGITAL MODERN PRINTING Fotocopy","5,0","(3)","Layanan cetak digital","·","Jl. Raya Sumbersari No.292B","Tutup","·","· Buka Sen pukul 08.00","0856-4577-2689","","Rute","https://ssl.gstatic.com/local/servicebusiness/default_user.png","""Pekerjaannya cepat,, hasilnya tidak mengecewakan""","",""
"https://www.google.com/maps/place/DINOYO+PRINTING+NEW/data=!4m7!3m6!1s0x2e7883003d2a0bf7:0x64a0f53010c5d09!8m2!3d-7.9457766!4d112.6123108!16s%2Fg%2F11lf1__5_k!19sChIJ9wsqPQCDeC4RCV0MAVMPSgY?authuser=0&hl=id&rclk=1","DINOYO PRINTING NEW","3,5","(13)","Toko Percetakan","·","3J36+MWG, Jl. MT. Haryono No.9","Tutup","·","· Buka Sen pukul 08.00","(0341) 573714","","Rute","https://ssl.gstatic.com/local/servicebusiness/default_user.png","""Cetak banner, cetak brosur, murah dan Selalu bisa diandalkan.""","",""
"https://www.google.com/maps/place/Barokah+Printing+%26+ATK/data=!4m7!3m6!1s0x2e788271bbe82caf:0x37d97aaf405f67b5!8m2!3d-7.9508298!4d112.6098797!16s%2Fg%2F11dxkvwjwf!19sChIJryzou3GCeC4RtWdfQK962Tc?authuser=0&hl=id&rclk=1","Barokah Printing & ATK","4,5","(2)","Toko Percetakan","·","Jl. Kerto Leksono No.23","Tutup","·","· Buka pukul 09.00","0899-3815-061","","Rute","","","",""
"https://www.google.com/maps/place/Mitra+Print/data=!4m7!3m6!1s0x2e78830000dad23d:0xa25d8a18755808a6!8m2!3d-7.9509091!4d112.6093038!16s%2Fg%2F11wftl7f23!19sChIJPdLaAACDeC4RpghYdRiKXaI?authuser=0&hl=id&rclk=1","Mitra Print","","","Printer Digital","·","Jl. Kerto Leksono No.2","","","","","","Rute","","","",""
"https://www.google.com/maps/place/Dhony+Photo+Copy+%26+Print+2/data=!4m7!3m6!1s0x2e788275cb6d0fe1:0x1564944bbcbc4b46!8m2!3d-7.9460029!4d112.6170165!16s%2Fg%2F11f04482vh!19sChIJ4Q9ty3WCeC4RRku8vEuUZBU?authuser=0&hl=id&rclk=1","Dhony Photo Copy & Print 2","4,7","(23)","Layanan cetak digital","·","Jl. Semanggi Bar. No.23","Tutup","·","· Buka Sen pukul 07.30","0815-7226-8830","","Rute","https://ssl.gstatic.com/local/servicebusiness/default_user.png","""Ada harga ada kualitas sih""","",""
"https://www.google.com/maps/place/Putra+Jaya+3/data=!4m7!3m6!1s0x2e78827195506e3d:0x610bb9dfeacaeb9!8m2!3d-7.9498826!4d112.6093937!16s%2Fg%2F11f00p3xv0!19sChIJPW5QlXGCeC4Rua6s_p27EAY?authuser=0&hl=id&rclk=1","Putra Jaya 3","4,3","(11)","Toko Fotokopi","·","Jl. Kerto Raharjo No.97","Tutup","·","· Buka pukul 15.00","0856-4631-5500","","Rute","","","",""
"https://www.google.com/maps/place/Foto+Copy+Kube+Mandiri/data=!4m7!3m6!1s0x2e788271a04742f7:0x434c2ed358b43f00!8m2!3d-7.948828!4d112.6113457!16s%2Fg%2F11b6cknwk5!19sChIJ90JHoHGCeC4RAD-0WNMuTEM?authuser=0&hl=id&rclk=1","Foto Copy Kube Mandiri","4,5","(2)","Toko Fotokopi","·","Jl. Kertosentono No.103","Tutup","·","· Buka Sen pukul 07.30","0856-4658-7333","","Rute","","","",""
"https://www.google.com/maps/place/Dhony+Photo+Copy+%26+Print+2/data=!4m7!3m6!1s0x2e788275cb6d0fe1:0x1564944bbcbc4b46!8m2!3d-7.9460029!4d112.6170165!16s%2Fg%2F11f04482vh!19sChIJ4Q9ty3WCeC4RRku8vEuUZBU?authuser=0&hl=id&rclk=1","Dhony Photo Copy & Print 2","4,7","(23)","Layanan cetak digital","·","Jl. Semanggi Bar. No.23","Tutup","·","· Buka Sen pukul 07.30","0815-7226-8830","","Rute","https://ssl.gstatic.com/local/servicebusiness/default_user.png","""Ada harga ada kualitas sih""","",""
"https://www.google.com/maps/place/Rumah+Print+Milanis/data=!4m7!3m6!1s0x2e7882701ac4cb83:0x9a3555f52f2b7c2!8m2!3d-7.9521433!4d112.6085668!16s%2Fg%2F11f2b09msx!19sChIJg8vEGnCCeC4RwrfyUl9Vowk?authuser=0&hl=id&rclk=1","Rumah Print Milanis","4,6","(5)","Printer Digital","·","Jalan Sumbersari Gang 1A RT1 RW1, Ketawanggede, Lowokwaru","Tutup","·","· Buka pukul 07.30","0856-4653-5551","","Rute","https://ssl.gstatic.com/local/servicebusiness/default_user.png","""Buka lebih malam / lama dari FC lain disekitarnya.""","",""
"https://www.google.com/maps/place/Fotocopy+Kharisma/data=!4m7!3m6!1s0x2e78827aa03e5dfd:0x669ff7ca9d72a808!8m2!3d-7.9526699!4d112.6092371!16s%2Fg%2F11bt_j18q0!19sChIJ_V0-oHqCeC4RCKhyncr3n2Y?authuser=0&hl=id&rclk=1","Fotocopy Kharisma","4,7","(29)","Toko Percetakan","·","Jl. Sumber Sari Gg. 1 No.5b","Tutup","·","· Buka pukul 07.00","0882-1341-3888","","Rute","https://ssl.gstatic.com/local/servicebusiness/default_user.png","""masyaAllah suka banget sama hasil hardcovernyaa.""","",""
"https://www.google.com/maps/place/PANDAWA+2+PRINT+DAN+FOTOCOPY/data=!4m7!3m6!1s0x2e78830061bc629d:0xa7750183ebc7c5d7!8m2!3d-7.9488656!4d112.6111108!16s%2Fg%2F11xl46p4j4!19sChIJnWK8YQCDeC4R18XH64MBdac?authuser=0&hl=id&rclk=1","PANDAWA 2 PRINT DAN FOTOCOPY","5,0","(3)","Toko Percetakan","·","Jl. Kertosentono No.92","","","","0857-9207-9233","","Rute","https://ssl.gstatic.com/local/servicebusiness/default_user.png","""tempat","print",""
"https://www.google.com/maps/place/Optima+Kreatif+Advertising+%26+Digital+Printing/data=!4m7!3m6!1s0x2e788276f613bc2b:0xe27acb9feffc2985!8m2!3d-7.948686!4d112.616808!16s%2Fg%2F11b6cgq3gt!19sChIJK7wT9naCeC4RhSn875_LeuI?authuser=0&hl=id&rclk=1","Optima Kreatif Advertising & Digital Printing","4,9","(17)","Biro Iklan","·","Jalan Simpang Soekarno Hatta No.Kav 4","·","Tutup","","(0341) 405587","","Situs Web","https://ssl.gstatic.com/local/servicebusiness/default_user.png","""Cepat tanggap dan fast respon, sering","print","· Buka Sen pukul 08.30"
"https://www.google.com/maps/place/X4+Print/data=!4m7!3m6!1s0x2e788273a4138c93:0xe7a4a56dcc00401e!8m2!3d-7.945155!4d112.611975!16s%2Fg%2F11btmcbqqr!19sChIJk4wTpHOCeC4RHkAAzG2lpOc?authuser=0&hl=id&rclk=1","X4 Print","3,0","(1)","Printer Digital","·","Jl. Mayjen Hariyono Jl. MT. Haryono No.17C","·","Tutup","","(0341) 577248","","Situs Web","","","","· Buka Sen pukul 09.00"
"https://www.google.com/maps/place/Karunia+Photo+Digital+Printing/data=!4m7!3m6!1s0x2e78831b21c12537:0x94719986a78c0bb0!8m2!3d-7.9461138!4d112.6093397!16s%2Fg%2F11kk7mf4hr!19sChIJNyXBIRuDeC4RsAuMp4aZcZQ?authuser=0&hl=id&rclk=1","Karunia Photo Digital Printing","4,8","(40)","Toko Percetakan","·","Jl. Gajayana No. 574AB","Tutup","·","· Buka pukul 08.00","0895-4008-83878","","Rute","https://ssl.gstatic.com/local/servicebusiness/default_user.png","""Harga terjangkau warna cetakan tajam""","",""
"https://www.google.com/maps/place/ZAMZAM+DIGITAL+COPIER+%26+PRINTING/data=!4m7!3m6!1s0x2e788330861ac4dd:0x62ef6fcea242fe55!8m2!3d-7.9540097!4d112.610428!16s%2Fg%2F11vbql3ns1!19sChIJ3cQahjCDeC4RVf5Cos5v72I?authuser=0&hl=id&rclk=1","ZAMZAM DIGITAL COPIER & PRINTING","5,0","(12)","Toko Fotokopi","·","Jl. Raya Sumbersari No.80A","Tutup","·","· Buka pukul 12.00","0813-3333-6067","","Rute","https://ssl.gstatic.com/local/servicebusiness/default_user.png","""pelayanan yang sat set sangat membantu deadline tugas yang mepet""","",""
"https://www.google.com/maps/place/Anugrah+Digital+Printing+Malang/data=!4m7!3m6!1s0x2e7883b4a9c11e51:0x5a4eacbf47eb61b0!8m2!3d-7.9510532!4d112.6092093!16s%2Fg%2F11y5zl6lsw!19sChIJUR7BqbSDeC4RsGHrR7-sTlo?authuser=0&hl=id&rclk=1","Anugrah Digital Printing Malang","5,0","(3)","Percetakan Komersial","·","Jl. Gajayana No.30","Tutup","·","· Buka Sen pukul 09.00","0817-0873-834","","Rute","https://ssl.gstatic.com/local/servicebusiness/default_user.png","""hasil rapih, warna keluar semua, mantap""","",""
"https://www.google.com/maps/place/BAZNET+PRINT+FOTOCOPY+JILID+ATK+JL.+BUNGA+KUMIS+KUCING/data=!4m7!3m6!1s0x2dd629d78979355b:0xac96c8c1494ed911!8m2!3d-7.9505524!4d112.6188069!16s%2Fg%2F11cmg7dsb1!19sChIJWzV5idcp1i0REdlOScHIlqw?authuser=0&hl=id&rclk=1","BAZNET PRINT FOTOCOPY JILID ATK JL. BUNGA KUMIS KUCING","4,2","(102)","Printer Digital","·","·","Jl. Bunga Kumis Kucing No.21 Blok A","Tutup","·","0898-8075-928","","Situs Web","https://ssl.gstatic.com/local/servicebusiness/default_user.png","""Baguss","print","· Buka pukul 06.00"
"https://www.google.com/maps/place/PRINT+TERMURAH+AREA+UB+FOTOCOPY+VIAN/data=!4m7!3m6!1s0x2e788306afd04e7f:0x20285e8b27a1963d!8m2!3d-7.9554716!4d112.6117754!16s%2Fg%2F11sw4q258s!19sChIJf07QrwaDeC4RPZahJ4teKCA?authuser=0&hl=id&rclk=1","PRINT TERMURAH AREA UB FOTOCOPY VIAN","5,0","(54)","Toko Percetakan","·","Jl. Raya Sumbersari No.290b","·","Tutup","","0815-5008-749","","Situs Web","https://ssl.gstatic.com/local/servicebusiness/default_user.png","""","print","· Buka pukul 08.00"
"https://www.google.com/maps/place/Vicky+Fotocopy+2+Suhat/data=!4m7!3m6!1s0x2e78831199df7fab:0x4e8c75b205eaebf9!8m2!3d-7.9450143!4d112.6158685!16s%2Fg%2F11j1j_njbf!19sChIJq3_fmRGDeC4R-evqBbJ1jE4?authuser=0&hl=id&rclk=1","Vicky Fotocopy 2 Suhat","4,8","(33)","Toko Fotokopi","·","Jl. Semanggi Bar. No.5d","Tutup","·","· Buka pukul 12.00","0813-3384-1645","","Rute","https://ssl.gstatic.com/local/servicebusiness/default_user.png","""Fotokopi langganan saya, mantap pelayanannya dan harga murah""","",""
"https://www.google.com/maps/place/Dhony+Print+%26+Fotocopy+3/data=!4m7!3m6!1s0x2e7882748a2744c7:0xf380dceb97cd346a!8m2!3d-7.944495!4d112.615026!16s%2Fg%2F11f0w_7t3n!19sChIJx0QninSCeC4RajTNl-vcgPM?authuser=0&hl=id&rclk=1","Dhony Print & Fotocopy 3","5,0","(2)","Layanan cetak digital","·","Jl. Simpang Remujung No.3B","Tutup","·","· Buka Sen pukul 06.00","0815-5528-242","","Rute","","","",""
"https://www.google.com/maps/place/Fotokopi+%26+Print+Pendowo/data=!4m7!3m6!1s0x2e7882705b6436ad:0xfaf0e932a62c8b64!8m2!3d-7.9513055!4d112.6097821!16s%2Fg%2F11c2prkyk6!19sChIJrTZkW3CCeC4RZIsspjLp8Po?authuser=0&hl=id&rclk=1","Fotokopi & Print Pendowo","5,0","(2)","Toko Fotokopi","·","Jl. Kerto Aji No.477","Tutup","","· Buka Sen pukul 08.00","","","Rute","","","",""
"https://www.google.com/maps/place/MIFAZ1/data=!4m7!3m6!1s0x2e788360ad76378d:0x955e773adfa27869!8m2!3d-7.954065!4d112.6106019!16s%2Fg%2F11v9ypcctc!19sChIJjTd2rWCDeC4RaXii3zp3XpU?authuser=0&hl=id&rclk=1","MIFAZ1","4,7","(13)","Layanan cetak digital","·","Sebelah Gang Tikus Pertanian UB, Jl. Raya Sumbersari No.53a","Tutup","·","· Buka pukul 05.30","0813-3332-4645","","Rute","https://ssl.gstatic.com/local/servicebusiness/default_user.png","""Tempat","Print",""
"https://www.google.com/maps/place/UIN+Maliki+Press/data=!4m7!3m6!1s0x2e78826fb8f7f2bd:0xee5271afade5711c!8m2!3d-7.951407!4d112.608802!16s%2Fg%2F11b75kfgw0!19sChIJvfL3uG-CeC4RHHHlra9xUu4?authuser=0&hl=id&rclk=1","UIN Maliki Press","4,7","(19)","Percetakan Komersial","·","Jl. Gajayana No.50","Tutup","·","· Buka Sen pukul 08.30","(0341) 553904","","Rute","https://ssl.gstatic.com/local/servicebusiness/default_user.png","""Apakah Uin press Melayani self publishing?""","",""
"https://www.google.com/maps/place/Pandawa+Print/data=!4m7!3m6!1s0x2e78827167cc7f63:0x54ec25915535c54a!8m2!3d-7.9488256!4d112.6115207!16s%2Fg%2F11g9k20wd1!19sChIJY3_MZ3GCeC4RSsU1VZEl7FQ?authuser=0&hl=id&rclk=1","Pandawa Print","","","Layanan cetak digital","·","Jl. Watugong II No.28A","Tutup","·","· Buka pukul 15.00","0815-5528-242","","Rute","","","",""
"https://www.google.com/maps/place/SORAYA+PRINTING/data=!4m7!3m6!1s0x2e78830079b164bb:0x1cfa82c135cffe45!8m2!3d-7.9449405!4d112.6097961!16s%2Fg%2F11vytz7b3d!19sChIJu2SxeQCDeC4RRf7PNcGC-hw?authuser=0&hl=id&rclk=1","SORAYA PRINTING","5,0","(16)","Jasa percetakan 3D","·","Jl. Gajayana No.544B","Tutup","·","· Buka Sen pukul 09.00","0857-4641-5329","","Rute","https://ssl.gstatic.com/local/servicebusiness/default_user.png","""Cetak akrilik tercepat dan murah banget🤩mau order lagi next time 🥹""","",""
"https://www.google.com/maps/place/Rental+Print+D%27Azzam/data=!4m7!3m6!1s0x2e7882701aa4a6a5:0x7565f2285d7ae9fd!8m2!3d-7.9517933!4d112.6087323!16s%2Fg%2F11b6btyply!19sChIJpaakGnCCeC4R_el6XSjyZXU?authuser=0&hl=id&rclk=1","Rental Print D'Azzam","3,5","(4)","Toko Percetakan","·","Jl. Sunan Drajat No.9","Tutup","·","· Buka pukul 06.00","0823-3840-3098","","Rute","","","",""
"https://www.google.com/maps/place/FOTOCOPY+MUARA/data=!4m7!3m6!1s0x2e7883424874279f:0x8c61885fb56afb03!8m2!3d-7.9562168!4d112.6122598!16s%2Fg%2F11kjy6hnh_!19sChIJnyd0SEKDeC4RA_tqtV-IYYw?authuser=0&hl=id&rclk=1","FOTOCOPY MUARA","","","Toko Percetakan","·","Jl. Raya Sumbersari","","","","","","Rute","","","",""
"https://www.google.com/maps/place/SAMPURNA+SUMBERSARI/data=!4m7!3m6!1s0x2e78827a8e5c6e79:0x279cb80382cbcca4!8m2!3d-7.9530576!4d112.6100596!16s%2Fg%2F11g6bjkb6g!19sChIJeW5cjnqCeC4RpMzLggO4nCc?authuser=0&hl=id&rclk=1","SAMPURNA SUMBERSARI","4,4","(11)","Toko Fotokopi","·","Ruko Sumbersari, Jl. Raya Sumbersari No.91 Kaving 6","Tutup","·","· Buka pukul 10.00","0813-3402-4717","","Rute","","","",""
"https://www.google.com/maps/place/Anugrah+Komputer+%26+Printing/data=!4m7!3m6!1s0x2e7882110201a333:0xc08be37fd0ade4e2!8m2!3d-7.9498413!4d112.608815!16s%2Fg%2F11c6lb423t!19sChIJM6MBAhGCeC4R4uSt0H_ji8A?authuser=0&hl=id&rclk=1","Anugrah Komputer & Printing","4,9","(66)","Toko Elektronik","·","Jl. Gajayana No.29","Tutup","·","· Buka Sen pukul 09.00","0817-0873-834","","Rute","https://ssl.gstatic.com/local/servicebusiness/default_user.png","""Terimakasih sudha bantu cetak banner cepat n bagus""","",""
"https://www.google.com/maps/place/SAM+PRINT+%28print+termurah+di+malang%29/data=!4m7!3m6!1s0x2e7883f90ea330ed:0x7d4154a92eb1df6f!8m2!3d-7.9456709!4d112.6173503!16s%2Fg%2F11hyxq7fsm!19sChIJ7TCjDvmDeC4Rb9-xLqlUQX0?authuser=0&hl=id&rclk=1","SAM PRINT (print termurah di malang)","","","Pemasok peralatan percetakan","·","Jl. Kesumba Dalam No.30 F","Tutup","·","· Buka pukul 08.00","0882-3408-4139","","Rute","","","",""
"https://www.google.com/maps/place/Family+Copier/data=!4m7!3m6!1s0x2e78827100c24463:0xbcb89adecf03c5ea!8m2!3d-7.949759!4d112.61105!16s%2Fg%2F11btmqtq0n!19sChIJY0TCAHGCeC4R6sUDz96auLw?authuser=0&hl=id&rclk=1","Family Copier","5,0","(1)","Toko Fotokopi","·","Jl. Watumujur I No.3","Tutup","·","· Buka pukul 07.00","(0341) 553577","","Rute","","","",""
"https://www.google.com/maps/place/Indah+Reklame/data=!4m7!3m6!1s0x2e788276c8cd03fb:0x9db60eae24f00ca3!8m2!3d-7.9487624!4d112.6145246!16s%2Fg%2F11b6d76mtj!19sChIJ-wPNyHaCeC4RowzwJK4Otp0?authuser=0&hl=id&rclk=1","Indah Reklame","3,5","(2)","Toko Sablon","·","Jl. Mayjen Haryono Gg. 10 No.73","Tutup","·","· Buka pukul 07.00","0859-3319-3163","","Rute","","Pesan antar","",""
"https://www.google.com/maps/place/twins+computer%2F+print+cetak+burning+etc/data=!4m7!3m6!1s0x2e788322c219a08f:0x99d1de98a38227dc!8m2!3d-7.9445784!4d112.6153678!16s%2Fg%2F11ffv6cmbx!19sChIJj6AZwiKDeC4R3CeCo5je0Zk?authuser=0&hl=id&rclk=1","twins computer/ print cetak burning etc","5,0","(1)","Pemasok peralatan percetakan","·","Jl. Simpang Remujung No.3 a","Tutup","·","· Buka pukul 13.00","0815-5955-3063","","Rute","https://ssl.gstatic.com/local/servicebusiness/default_user.png","""Permisi apa bisa melayani burning cd via wa?""","",""
"https://www.google.com/maps/place/Rizquna/data=!4m7!3m6!1s0x2e7882701ab9c60b:0x227cd86259f09385!8m2!3d-7.9518165!4d112.608652!16s%2Fg%2F11b6cqhzff!19sChIJC8a5GnCCeC4RhZPwWWLYfCI?authuser=0&hl=id&rclk=1","Rizquna","3,3","(12)","Layanan Rental Alat","·","Jl. Sunan Drajat No.10","Tutup","·","· Buka pukul 07.00","0878-5256-5111","","Rute","https://ssl.gstatic.com/local/servicebusiness/default_user.png","""Murah berkualitas, cepat dan printan rapi.""","",""
"https://www.google.com/maps/place/Pojok+Printing/data=!4m7!3m6!1s0x2e7882710afc1fd9:0xb0f09fd2f6cafc23!8m2!3d-7.948828!4d112.6113457!16s%2Fg%2F11b6c57bds!19sChIJ2R_8CnGCeC4RI_zK9tKf8LA?authuser=0&hl=id&rclk=1","Pojok Printing","","","Toko Percetakan","·","Jl. Kertosentono No.103","Tutup","·","· Buka Sen pukul 06.30","0881-6286-154","","Rute","","","",""
"https://www.google.com/maps/place/Dilham/data=!4m7!3m6!1s0x2e78827046ce0a1d:0xc508f7c05df4cfc9!8m2!3d-7.9504802!4d112.6101572!16s%2Fg%2F11b6bl8vl1!19sChIJHQrORnCCeC4Ryc_0XcD3CMU?authuser=0&hl=id&rclk=1","Dilham","5,0","(4)","Toko Fotokopi","·","Jl. Kerto Leksono No.59","Tutup","·","· Buka Sen pukul 07.30","0857-0408-0403","","Rute","https://ssl.gstatic.com/local/servicebusiness/default_user.png","""Kebetulan saya udh ngga di malang dan butuh","print",""
"https://www.google.com/maps/place/Octa+Fotocopy/data=!4m7!3m6!1s0x2e78830aaf31486b:0xa76508ecd10ed060!8m2!3d-7.9544147!4d112.6108284!16s%2Fg%2F11k549s8_m!19sChIJa0gxrwqDeC4RYNAO0ewIZac?authuser=0&hl=id&rclk=1","Octa Fotocopy","5,0","(6)","Toko Fotokopi","·","Jl. Raya Sumbersari No.239","Tutup","·","· Buka pukul 08.00","0821-4131-3646","","Rute","https://ssl.gstatic.com/local/servicebusiness/default_user.png","""Mantaps, kang","print",""
"https://www.google.com/maps/place/SARJANA+2/data=!4m7!3m6!1s0x2e788276cf58a511:0x97a8ecb2acfcb4e6!8m2!3d-7.9488403!4d112.6146618!16s%2Fg%2F11b6dnrck_!19sChIJEaVYz3aCeC4R5rT8rLLsqJc?authuser=0&hl=id&rclk=1","SARJANA 2","4,6","(126)","Toko Fotokopi","·","Jl. Mayjen Hariyono Jl. MT. Haryono No.72A","Tutup","·","· Buka pukul 13.00","0822-3600-8197","","Rute","https://ssl.gstatic.com/local/servicebusiness/default_user.png","""Mas2nya murah senyum""","",""
"https://www.google.com/maps/place/Griya+Print/data=!4m7!3m6!1s0x2e788272776564e1:0x6003f8dd7f47764d!8m2!3d-7.945662!4d112.608187!16s%2Fg%2F11gbkx7jqj!19sChIJ4WRld3KCeC4RTXZHf934A2A?authuser=0&hl=id&rclk=1","Griya Print","","","Layanan cetak digital","·","Jl. Gajayana Jl. Gajayana Gg. 5 No.609D","Tutup","·","· Buka Sen pukul 08.00","0823-3184-5011","","Rute","","","",""
"https://www.google.com/maps/place/Ballyson+Fotokopi/data=!4m7!3m6!1s0x2e788276c542176b:0x100209ab4c439860!8m2!3d-7.948973!4d112.6146816!16s%2Fg%2F11b6dg5ym4!19sChIJaxdCxXaCeC4RYJhDTKsJAhA?authuser=0&hl=id&rclk=1","Ballyson Fotokopi","4,3","(15)","Toko Fotokopi","·","Jalan Mayjend M.T. Haryono No.69","Tutup","·","· Buka Sen pukul 07.30","(0341) 551812","","Rute","https://ssl.gstatic.com/local/servicebusiness/default_user.png","""Pelayanannya ramah dan untuk harga murah banget gaissss""","",""
"https://www.google.com/maps/place/Green+fotocopy+%26+printing/data=!4m7!3m6!1s0x2e7883005735861d:0x970343bd1c42b8bb!8m2!3d-7.9510564!4d112.6107238!16s%2Fg%2F11m5_w4flk!19sChIJHYY1VwCDeC4Ru7hCHL1DA5c?authuser=0&hl=id&rclk=1","Green fotocopy & printing","","","Toko Percetakan","·","UB, UNIBRAW/UNBRAW Jl. Watuaji No.1","Tutup","·","· Buka pukul 15.00","0819-4492-2510","","Rute","","","",""
"https://www.google.com/maps/place/%22Kharisma%22+Print+Online+%26+Ofline+SKRIPSI+TESIS+DISERTASI/data=!4m7!3m6!1s0x2e7883ce6b98a9d5:0x1eb5e81d948d07b7!8m2!3d-7.9526699!4d112.6092371!16s%2Fg%2F11y3s25d4r!19sChIJ1amYa86DeC4RtweNlB3otR4?authuser=0&hl=id&rclk=1","""Kharisma"" Print Online & Ofline SKRIPSI TESIS DISERTASI","5,0","(1)","Toko Percetakan","·","Jl. Raya Sumbersari Jl. Sumber Sari Gg. 1 No.5b lantai 1","Tutup","·","· Buka pukul 06.00","0882-1341-3888","","Rute","","","",""
"https://www.google.com/maps/place/Fotokopi+FKUB/data=!4m7!3m6!1s0x2e78827a2dae34b3:0x975014f9223d8f01!8m2!3d-7.9540974!4d112.6135187!16s%2Fg%2F11f4pl2mrb!19sChIJszSuLXqCeC4RAY89IvkUUJc?authuser=0&hl=id&rclk=1","Fotokopi FKUB","5,0","(1)","Pemasok peralatan percetakan","·","2JW7+9C6, Jl. Universitas Brawijaya","Tutup","","· Buka Sen pukul 08.00","","","Rute","","","",""
"https://www.google.com/maps/place/Wisuda+1+Fotocopy/data=!4m7!3m6!1s0x2e788276dadaa9d7:0xd143a619d076b9d4!8m2!3d-7.9494301!4d112.615063!16s%2Fg%2F11fy941014!19sChIJ16na2naCeC4R1Ll20BmmQ9E?authuser=0&hl=id&rclk=1","Wisuda 1 Fotocopy","4,1","(27)","Toko Fotokopi","·","·","Tutup","Jl. Mayjen Hariyono Jl. MT. Haryono No.36b","· Buka pukul 12.00","0857-5560-8899","","Rute","https://ssl.gstatic.com/local/servicebusiness/default_user.png","""serba bisa hahahaha""","","·"
"https://www.google.com/maps/place/3D+Printing+Service/data=!4m7!3m6!1s0x2dd627e6f16fa391:0x5ff8ce363541eb59!8m2!3d-7.9484667!4d112.6125194!16s%2Fg%2F11pv26vptp!19sChIJkaNv8eYn1i0RWetBNTbO-F8?authuser=0&hl=id&rclk=1","3D Printing Service","4,9","(126)","Jasa percetakan 3D","·","Jl. MT. Haryono No.169","·","Tutup","","0812-1787-1414","","Situs Web","https://ssl.gstatic.com/local/servicebusiness/default_user.png","""Pelayanannya ramah, cepet dan hasil cetak 3D","print","· Buka Sen pukul 08.00"
"https://www.google.com/maps/place/UB+Media/data=!4m7!3m6!1s0x2e7883a0dbe65fe9:0x3bc6147b219fefdc!8m2!3d-7.947612!4d112.6127139!16s%2Fg%2F11h3bfxqdp!19sChIJ6V_m26CDeC4R3O-fIXsUxjs?authuser=0&hl=id&rclk=1","UB Media","4,7","(15)","Percetakan Komersial","·","Jalan MT. Haryono No. 169 Dinoyo","Tutup","·","· Buka Sen pukul 07.30","0852-4030-0060","","Rute","https://ssl.gstatic.com/local/servicebusiness/default_user.png","""Pelayanan yang baik""","",""
"https://www.google.com/maps/place/Printer+Inkjet+%26+Laser/data=!4m7!3m6!1s0x2e788273a65ddb3f:0xc5dd54ff17c99361!8m2!3d-7.945027!4d112.6118078!16s%2Fg%2F1hm47zlnt!19sChIJP9tdpnOCeC4RYZPJF_9U3cU?authuser=0&hl=id&rclk=1","Printer Inkjet & Laser","5,0","(1)","Toko","·","Jl. MT. Haryono No.124","","","","(0341) 557514","","Rute","","","",""
"https://www.google.com/maps/place/Fotocopy+Dewa/data=!4m7!3m6!1s0x2e78827be585b1b3:0xcad2e20e4ccfe50e!8m2!3d-7.9567207!4d112.6133045!16s%2Fg%2F11b6dw07l5!19sChIJs7GF5XuCeC4RDuXPTA7i0so?authuser=0&hl=id&rclk=1","Fotocopy Dewa","5,0","(1)","Toko Fotokopi","·","Jl. Veteran No.23","Tutup","·","· Buka pukul 06.00","0812-3322-1943","","Rute","","","",""
"https://www.google.com/maps/place/Jasa+Pengiriman+via+udara+%26+Internasional/data=!4m7!3m6!1s0x2e788305cc7d50f1:0x67780f8788808f2e!8m2!3d-7.9499854!4d112.6087799!16s%2Fg%2F11hdy46wnt!19sChIJ8VB9zAWDeC4RLo-AiIcPeGc?authuser=0&hl=id&rclk=1","Jasa Pengiriman via udara & Internasional","5,0","(3)","Toko Percetakan","·","Jl Gajayana No 30 A LT II","Tutup","·","· Buka Sen pukul 08.00","0878-6452-0008","","Rute","","Pesan antar","",""
"https://www.google.com/maps/place/Pojok+Fotocopy/data=!4m7!3m6!1s0x2e78827016e11b41:0x2209df9cdc4a7a4d!8m2!3d-7.9515613!4d112.6089703!16s%2Fg%2F11b6cq50j8!19sChIJQRvhFnCCeC4RTXpK3JzfCSI?authuser=0&hl=id&rclk=1","Pojok Fotocopy","3,2","(22)","Toko Fotokopi","·","Jl.Sumbersari Kavling D No.85 Penanggungan Lowokwaru, Jl. Gajayana No.35","Tutup","·","· Buka pukul 16.00","0812-3502-7309","","Rute","https://ssl.gstatic.com/local/servicebusiness/default_user.png","""Amanah waktu ada barang yg tertinggal ,disimpankan.""","",""
"https://www.google.com/maps/place/PINOKIO/data=!4m7!3m6!1s0x2e78827046e257fb:0xfe21ab6713f78756!8m2!3d-7.9508372!4d112.6096307!16s%2Fg%2F11g9m68k1p!19sChIJ-1fiRnCCeC4RVof3E2erIf4?authuser=0&hl=id&rclk=1","PINOKIO","4,8","(6)","Layanan cetak digital","·","Jl. Kerto Leksono No.17","Tutup","·","· Buka pukul 15.00","0858-5548-2345","","Rute","","","",""
"https://www.google.com/maps/place/Rental+Printing+Nazua/data=!4m7!3m6!1s0x2e788338904a8fdf:0x57699c728f500ed!8m2!3d-7.9541129!4d112.6106148!16s%2Fg%2F11smdpgwdb!19sChIJ349KkDiDeC4R7QD1KMeZdgU?authuser=0&hl=id&rclk=1","Rental Printing Nazua","","","Layanan cetak digital","·","Jl. Raya Sumbersari No.53b","Tutup","·","· Buka Sen pukul 06.00","0813-5891-1806","","Rute","","Layanan di tempat","",""
"https://www.google.com/maps/place/LOCALOGO+1/data=!4m7!3m6!1s0x2e78833c85513ecd:0xa9bba608c18088b2!8m2!3d-7.9464679!4d112.6107639!16s%2Fg%2F11l29dd8lj!19sChIJzT5RhTyDeC4RsoiAwQimu6k?authuser=0&hl=id&rclk=1","LOCALOGO 1","4,9","(63)","Toko Fotokopi","·","·","Tutup","Jl. Kerto Raharjo No.42a","· Buka pukul 06.30","0851-7171-7448","","Rute","https://ssl.gstatic.com/local/servicebusiness/default_user.png","""","Print print","·"
"https://www.google.com/maps/place/Central+Print/data=!4m7!3m6!1s0x2e788386ee8a38f7:0x2554203baf09a8b7!8m2!3d-7.9594836!4d112.6114402!16s%2Fg%2F11ssc693qx!19sChIJ9ziK7oaDeC4Rt6gJrzsgVCU?authuser=0&hl=id&rclk=1","Central Print","4,4","(5)","Toko","·","2JR6+6H4, Jl. Bendungan Kedung Ombo","Tutup","·","· Buka pukul 08.00","0852-3300-2208","","Rute","https://ssl.gstatic.com/local/servicebusiness/default_user.png","""pelayanan cepat, penjual ramah, harga mahasiswa👍""","",""
"https://www.google.com/maps/place/Youmie/data=!4m7!3m6!1s0x2e78827031731325:0xba452bd53b7e0537!8m2!3d-7.9504008!4d112.608835!16s%2Fg%2F11b6cb3t_1!19sChIJJRNzMXCCeC4RNwV-O9UrRbo?authuser=0&hl=id&rclk=1","Youmie","4,5","(21)","Toko Fotokopi","·","·","Tutup","Jl. Gajayana No.31E","· Buka Sen pukul 07.00","0822-3274-4033","","Rute","https://ssl.gstatic.com/local/servicebusiness/default_user.png","""ngeprint dan jilid hard cover cuma butuh waktu 2 jam aja.""","","·"
"https://www.google.com/maps/place/Lapak+Cetak+Malang/data=!4m7!3m6!1s0x2e78819f338a8f67:0xa360188a998865d7!8m2!3d-7.9530775!4d112.608588!16s%2Fg%2F11h5vhxht1!19sChIJZ4-KM5-BeC4R12WImYoYYKM?authuser=0&hl=id&rclk=1","Lapak Cetak Malang","5,0","(7)","Percetakan Komersial","·","Mulimin, Jl. Raya Sumbersari Gang IB No. 20A RT. 01 RW. 01 (Depan Masjid Ta'aroful","·","Tutup","","0896-2878-9699","","Situs Web","https://ssl.gstatic.com/local/servicebusiness/default_user.png","""Orang e sportif ..ramah""","","· Buka Sen pukul 07.00"
"https://www.google.com/maps/place/Fotocopi+Izza/data=!4m7!3m6!1s0x2e7882710beb2937:0xa586d43e56d05a17!8m2!3d-7.9489499!4d112.611245!16s%2Fg%2F11b6d9cn13!19sChIJNynrC3GCeC4RF1rQVj7UhqU?authuser=0&hl=id&rclk=1","Fotocopi Izza","4,8","(8)","Toko Fotokopi","·","Jl. Kertosentono No.96A","Tutup","·","· Buka pukul 06.30","0857-3607-6558","","Rute","","","",""
"https://www.google.com/maps/place/PUSAT+PRINTER+dan+PLOTTER,+SERVICE+%26+RENTAL+PRINTER%2BPLOTTER+-+MALANG/data=!4m7!3m6!1s0x2e78821908eca861:0x62863653a1db5bca!8m2!3d-7.9555646!4d112.611622!16s%2Fg%2F11c2l01xj_!19sChIJYajsCBmCeC4RylvboVM2hmI?authuser=0&hl=id&rclk=1","PUSAT PRINTER dan PLOTTER, SERVICE & RENTAL PRINTER+PLOTTER - MALANG","4,8","(12)","Toko Komputer","·","·","Tutup","Jalan Raya Sumbersari No. 291 ( Sumbersari - 290-A","· Buka Sen pukul 09.30","0812-3474-243","","Rute","https://ssl.gstatic.com/local/servicebusiness/default_user.png","""jual printer second kah?""","","·"
"https://www.google.com/maps/place/Utama+Print+n+Copy/data=!4m7!3m6!1s0x2e78835550935a09:0x886b7eba6190ca67!8m2!3d-7.9598385!4d112.6148581!16s%2Fg%2F11jsd9j0l0!19sChIJCVqTUFWDeC4RZ8qQYbp-a4g?authuser=0&hl=id&rclk=1","Utama Print n Copy","5,0","(11)","Toko Fotokopi","·","jl. Sumbersari, Gg. 06 Jl. Ambarawa No.40, RT.03/RW.03","Tutup","·","· Buka pukul 13.00","0812-3212-6057","","Rute","https://ssl.gstatic.com/local/servicebusiness/default_user.png","""Bagusss murah banget
Saya ngeprint proposal skripsi disini 🤩""","",""
"https://www.google.com/maps/place/Mahesa+Fotocopy+150+Rp+%2F+Page/data=!4m7!3m6!1s0x2e78827bbe3a2eff:0xa13bb2d3d72d06e!8m2!3d-7.956115!4d112.61219!16s%2Fg%2F11c2nhnsr9!19sChIJ_y46vnuCeC4RbtByPS27Ewo?authuser=0&hl=id&rclk=1","Mahesa Fotocopy 150 Rp / Page","1,7","(6)","Toko Percetakan","·","Jl. Raya Sumbersari No.292","Tutup","","· Buka pukul 06.30","","","Rute","https://ssl.gstatic.com/local/servicebusiness/default_user.png","""Mas nya ganteng ganteng dan baik banget""","",""
"https://www.google.com/maps/place/Lidia+Fotocopy/data=!4m7!3m6!1s0x2e7882703d5e5f53:0xb69a6101e9f76e0c!8m2!3d-7.9513715!4d112.6088655!16s%2Fg%2F11b6c0ccc0!19sChIJU19ePXCCeC4RDG736QFhmrY?authuser=0&hl=id&rclk=1","Lidia Fotocopy","5,0","(12)","Toko Fotokopi","·","·","Tutup","Jl. Gajayana No.50","· Buka Sen pukul 08.00","0812-3340-2964","","Rute","https://ssl.gstatic.com/local/servicebusiness/default_user.png","""Murah dan tidak murahan""","","·"
"https://www.google.com/maps/place/Performa+Advertising/data=!4m7!3m6!1s0x2e7882700c109489:0xd6f62e30fb7b05a2!8m2!3d-7.952361!4d112.609315!16s%2Fg%2F11b6bsx54n!19sChIJiZQQDHCCeC4RogV7-zAu9tY?authuser=0&hl=id&rclk=1","Performa Advertising","5,0","(1)","Toko Percetakan","·","Jl. Raya Sumbersari No.85","Tutup","·","· Buka Sen pukul 09.00","0812-3356-8100","","Rute","","","",""
"https://www.google.com/maps/place/Jatra/data=!4m7!3m6!1s0x2e7882719681b117:0x4662f1084cf46ddf!8m2!3d-7.9486486!4d112.609762!16s%2Fg%2F11b6cl8pn8!19sChIJF7GBlnGCeC4R3230TAjxYkY?authuser=0&hl=id&rclk=1","Jatra","5,0","(7)","Toko Percetakan","·","Jl. Kertosentono No.36","Tutup","·","· Buka pukul 07.00","(0341) 5479979","","Rute","https://ssl.gstatic.com/local/servicebusiness/default_user.png","""","print",""
"https://www.google.com/maps/place/ps+konveksi+Malang/data=!4m7!3m6!1s0x2e78827bf07bb713:0x1bc5c37c47b8ab99!8m2!3d-7.956836!4d112.6130426!16s%2Fg%2F11f0krfndt!19sChIJE7d78HuCeC4Rmau4R3zDxRs?authuser=0&hl=id&rclk=1","ps konveksi Malang","5,0","(2)","Industri Percetakan","·","Jl. Bendungan Sutami","Tutup","·","· Buka Sen pukul 09.00","0812-3616-7896","","Rute","https://ssl.gstatic.com/local/servicebusiness/default_user.png","""Gk repot cari kaos polos segala ukuran dan warna, harga juga terjangkau""","",""
"https://www.google.com/maps/place/SERVIS+PRINTER+PANGGILAN/data=!4m7!3m6!1s0x2e788271bbe5306d:0xb68f9fb90df42ceb!8m2!3d-7.9490938!4d112.6099525!16s%2Fg%2F11f0204tc7!19sChIJbTDlu3GCeC4R6yz0Dbmfj7Y?authuser=0&hl=id&rclk=1","SERVIS PRINTER PANGGILAN","4,9","(71)","Jasa Reparasi Printer","·","Jl. Kerto Pamuji No.31","Tutup","·","· Buka pukul 07.30","0851-0244-1715","","Rute","https://ssl.gstatic.com/local/servicebusiness/default_user.png","""Alhmdulillah..","Print",""
"https://www.google.com/maps/place/LOCALOGO+2/data=!4m7!3m6!1s0x2e788343ee6433ab:0xec672d5d468cc0c7!8m2!3d-7.9481157!4d112.6092489!16s%2Fg%2F11l2cwnsl4!19sChIJqzNk7kODeC4Rx8CMRl0tZ-w?authuser=0&hl=id&rclk=1","LOCALOGO 2","5,0","(24)","Toko Fotokopi","·","Jl. Kertosentono No.23","Tutup","·","· Buka pukul 06.30","0896-5283-8788","","Rute","https://ssl.gstatic.com/local/servicebusiness/default_user.png","""recomended banget buat ngeprint disini🤩""","",""
"https://www.google.com/maps/place/Calosa+Laptop+%26+Gadget+Store+Gajayana/data=!4m7!3m6!1s0x2dd6297937831025:0xe33438fbf599b845!8m2!3d-7.9452048!4d112.609697!16s%2Fg%2F11h0yjfw93!19sChIJJRCDN3kp1i0RRbiZ9fs4NOM?authuser=0&hl=id&rclk=1","Calosa Laptop & Gadget Store Gajayana","5,0","(4.323)","Toko Aksesori Komputer","·","·","Jl. Gajayana No.565","Tutup","·","0898-0112-024","","Situs Web","https://ssl.gstatic.com/local/servicebusiness/default_user.png","""Pertama kalinya beli printer di sini, ternyata pelayanannya enak banget.""","","· Buka pukul 09.00"
"https://www.google.com/maps/place/Percetakan+Fajar+Cemerlang/data=!4m7!3m6!1s0x2e7882703ea30c8b:0x510c076e03f1c55d!8m2!3d-2.44565!4d117.8888!16s%2Fg%2F11fyzf95pl!19sChIJiwyjPnCCeC4RXcXxA24HDFE?authuser=0&hl=id&rclk=1","Percetakan Fajar Cemerlang","","","Toko Percetakan","","","","","","0821-3963-6673","","Rute","","","",""
"https://www.google.com/maps/place/Pho-eint/data=!4m7!3m6!1s0x2e78827a9bf28947:0xbed2e17a1bb3878f!8m2!3d-7.9528618!4d112.6099473!16s%2Fg%2F11b764pxz0!19sChIJR4nym3qCeC4Rj4ezG3rh0r4?authuser=0&hl=id&rclk=1","Pho-eint","","","Toko Percetakan","·","Jl. Raya Sumbersari No.286","Tutup","·","· Buka Sen pukul 08.00","0813-3450-3153","","Rute","","Pesan antar","",""
"https://www.google.com/maps/place/Memoji+Studio+%7C+Self+Photo+Studio+Malang+%7C+Pas+Foto+Malang/data=!4m7!3m6!1s0x2e78830e42a8473f:0x6f6a651b3b08e0b0!8m2!3d-7.9477312!4d112.6127956!16s%2Fg%2F11vzygs2jm!19sChIJP0eoQg6DeC4RsOAIOxtlam8?authuser=0&hl=id&rclk=1","Memoji Studio | Self Photo Studio Malang | Pas Foto Malang","5,0","(18.657)","Studio Fotografi","·","·","Jl. MT. Haryono No.169","Tutup","·","0851-7520-1598","","Situs Web","https://ssl.gstatic.com/local/servicebusiness/default_user.png","""tempat luas, harga terjangkau, hasil","print","· Buka pukul 09.00"
"https://www.google.com/maps/place/BAZNET+PRINT+FOTOCOPY+JILID+ATK+JL.+PISANG+KIPAS/data=!4m7!3m6!1s0x2e78837abf3d70bf:0x2482fe89c9948b2f!8m2!3d-7.9428889!4d112.616971!16s%2Fg%2F11mdd1hk4f!19sChIJv3A9v3qDeC4RL4uUyYn-giQ?authuser=0&hl=id&rclk=1","BAZNET PRINT FOTOCOPY JILID ATK JL. PISANG KIPAS","5,0","(9)","Printer Digital","·","Jl. Pisang Kipas","Tutup","·","· Buka pukul 06.00","0857-9207-9661","","Rute","https://ssl.gstatic.com/local/servicebusiness/default_user.png","""pelayanan bagus, cepat, murah, worth it""","",""
"https://www.google.com/maps/place/Impossible+Project+Film+lab+Malang/data=!4m7!3m6!1s0x2e7883784f5ada5d:0x9fc642243c4dcae!8m2!3d-7.9455801!4d112.6122797!16s%2Fg%2F11szzwszfq!19sChIJXdpaT3iDeC4RrtzEQyJk_Ak?authuser=0&hl=id&rclk=1","Impossible Project Film lab Malang","5,0","(12)","Lab Foto","·","Ruko Dinoyo Tanah Agung Square / Ditas, Jl. MT kav 03. Haryono No.10, Kavling No.3","·","Tutup","","0851-6121-1886","","Situs Web","https://ssl.gstatic.com/local/servicebusiness/default_user.png","""Bisa reparasi kamera analog?""","","· Buka Sen pukul 11.00"
"https://www.google.com/maps/place/Apotek+K-24+Gajayana+Malang/data=!4m7!3m6!1s0x2e7882700e023183:0xfa89f8246ae4b1e4!8m2!3d-7.9519325!4d112.60903!16s%2Fg%2F11dxfry_3l!19sChIJgzECDnCCeC4R5LHkaiT4ifo?authuser=0&hl=id&rclk=1","Apotek K-24 Gajayana Malang","4,5","(273)","Apotek","·","Jl. Raya Sumbersari No.Kav. 4","·","Buka 24 jam","","0813-2750-7074","","Situs Web","https://ssl.gstatic.com/local/servicebusiness/default_user.png","""Untuk pembayaran bisa langsung transfer, lalu pick up pakai Gosend.""","",""
"https://www.google.com/maps/place/ALKOM/data=!4m7!3m6!1s0x2e788273d9d8dd7f:0x513ea95895c35de8!8m2!3d-7.9471274!4d112.6116687!16s%2Fg%2F11b6wby39x!19sChIJf93Y2XOCeC4R6F3DlVipPlE?authuser=0&hl=id&rclk=1","ALKOM","","","Toko Percetakan","·","Jl. Kerto Rahayu No.69","Tutup","·","· Buka pukul 07.00","(0341) 560461","","Rute","","","",""
"https://www.google.com/maps/place/Jaya+Langgeng+Komputer/data=!4m7!3m6!1s0x2e788271c682bc5f:0x4d935662acc75e91!8m2!3d-7.9492182!4d112.608974!16s%2Fg%2F1hm4xqnm_!19sChIJX7yCxnGCeC4RkV7HrGJWk00?authuser=0&hl=id&rclk=1","Jaya Langgeng Komputer","4,6","(136)","Toko Komputer","·","·","Tutup","Jl. Gajayana No.22B, RT.2/RW.3","· Buka Sen pukul 09.00","(0341) 571566","","Rute","https://ssl.gstatic.com/local/servicebusiness/default_user.png","""Murah dan cepat hanya di jaya langgeng, recommended""","","·"
"https://www.google.com/maps/place/KONVEKSI+MALANG+LAKONS/data=!4m7!3m6!1s0x2e788367a521aaed:0x8217307709bab835!8m2!3d-7.954802!4d112.6096108!16s%2Fg%2F11fjqjcf2_!19sChIJ7aohpWeDeC4RNbi6CXcwF4I?authuser=0&hl=id&rclk=1","KONVEKSI MALANG LAKONS","5,0","(263)","Toko Kaos","·","Jl. Sumbersari Gg. 4 No.226C","·","Tutup","","0821-4411-8090","","Situs Web","https://ssl.gstatic.com/local/servicebusiness/default_user.png","""Sudah pernah kesini untuk cetak baju organisasi, kainnya premium""","","· Buka Sen pukul 08.00"
"https://www.google.com/maps/place/Saudara+Computer+%28SERVIS+LAPTOP,+KOMPUTER+DAN+PRINTER%29/data=!4m7!3m6!1s0x2e78827af25d5bab:0x4a63cd4a0136efb8!8m2!3d-7.9539221!4d112.6102429!16s%2Fg%2F1hm6h6wdh!19sChIJq1td8nqCeC4RuO82AUrNY0o?authuser=0&hl=id&rclk=1","Saudara Computer (SERVIS LAPTOP, KOMPUTER DAN PRINTER)","4,2","(77)","Toko Komputer","·","·","Tutup","Jl. Raya Sumbersari No.81","· Buka pukul 08.00","0899-2288-434","","Rute","https://ssl.gstatic.com/local/servicebusiness/default_user.png","""pelayanannya sangat cepat, penjualnya ramah, barangnya berkualitas semua""","","·"
"https://www.google.com/maps/place/Foto+Manggala/data=!4m7!3m6!1s0x2e78827bf764b65b:0xd04db6c4eb014932!8m2!3d-7.957151!4d112.612988!16s%2Fg%2F1hm6l3n3c!19sChIJW7Zk93uCeC4RMkkB68S2TdA?authuser=0&hl=id&rclk=1","Foto Manggala","4,8","(8)","Studio Fotografi","·","Jl. Bendungan Sutami No.2C","Tutup","·","· Buka Sen pukul 08.00","(0341) 57188","","Rute","https://ssl.gstatic.com/local/servicebusiness/default_user.png","""Terima kasih banyak bapak, semoga lancar terus usahanya ya""","",""
"https://www.google.com/maps/place/Griya+Qur%27an+Islamiyah/data=!4m7!3m6!1s0x2e7883e8d53d0321:0xb88bd117c81d8584!8m2!3d-7.9519558!4d112.6082644!16s%2Fg%2F11g065wgrb!19sChIJIQM91eiDeC4RhIUdyBfRi7g?authuser=0&hl=id&rclk=1","Griya Qur'an Islamiyah","4,4","(20)","Pondok","·","2JX5+686","","","","0857-6432-1626","","Rute","","","",""
"https://www.google.com/maps/place/We+Meet+Studio+Malang/data=!4m7!3m6!1s0x2e7883001874807b:0xdab97e5b10087b4e!8m2!3d-7.9529574!4d112.6097422!16s%2Fg%2F11lzw_qk36!19sChIJe4B0GACDeC4RTnsIEFt-udo?authuser=0&hl=id&rclk=1","We Meet Studio Malang","5,0","(703)","Studio Foto","·","Jl. Raya Sumbersari No.40 a","Tutup","·","· Buka pukul 09.00","0851-1711-5698","","Rute","https://ssl.gstatic.com/local/servicebusiness/default_user.png","""Hasilnya juga bagus dan cetak warnanya out banget.""","",""
"https://www.google.com/maps/place/BERSAMA+JAYA+CUP/data=!4m7!3m6!1s0x2e78827213972a91:0x98427312d3c2b6f7!8m2!3d-7.946423!4d112.608993!16s%2Fg%2F11b6d21hhh!19sChIJkSqXE3KCeC4R97bC0xJzQpg?authuser=0&hl=id&rclk=1","BERSAMA JAYA CUP","4,5","(40)","Pemasok peralatan percetakan","·","Jl. Gajayana No.573 A","Tutup","·","· Buka Sen pukul 08.00","0856-4991-3444","","Rute","https://ssl.gstatic.com/local/servicebusiness/default_user.png","""Mau cetak apa aja untuk usaha disini aja, berpengalaman dan terpercaya.""","",""
"https://www.google.com/maps/place/LPM+DISPLAY/data=!4m7!3m6!1s0x2e78827983105643:0x112eea16eab1bd97!8m2!3d-7.9545968!4d112.6145216!16s%2Fg%2F11ckq_bfr_!19sChIJQ1YQg3mCeC4Rl72x6hbqLhE?authuser=0&hl=id&rclk=1","LPM DISPLAY","4,5","(35)","Asosiasi/organisasi","·","Gedung Kreativitas Mahasiswa 2.12 FILKOM UB, Jl. Veteran No.8","·","Tutup","","0813-3680-1605","","Situs Web","","","","· Buka Sen pukul 09.30"
"https://www.google.com/maps/place/Pesan+Kaos/data=!4m7!3m6!1s0x2e7883ae77732ef1:0x76e81fde855d40e2!8m2!3d-7.9500776!4d112.609577!16s%2Fg%2F11r86h29xx!19sChIJ8S5zd66DeC4R4kBdhd4f6HY?authuser=0&hl=id&rclk=1","Pesan Kaos","","","Industri Percetakan","·","Jl. Kertorejo No.11","Tutup","·","· Buka Sen pukul 09.00","0857-5568-8790","","Rute","","","",""
"https://www.google.com/maps/place/RUMAH+PRINT+AR-ROHMAH/data=!4m7!3m6!1s0x2e78831d39c96fd9:0x6a6372942b588e3e!8m2!3d-7.9361974!4d112.6063585!16s%2Fg%2F11fbgthlr6!19sChIJ2W_JOR2DeC4RPo5YK5RyY2o?authuser=0&hl=id&rclk=1","RUMAH PRINT AR-ROHMAH","3,0","(3)","Industri Percetakan","·","Jl. Tata Surya No.2A","Buka 24 jam","·","","0817-388-541","","Rute","","","",""
"https://www.google.com/maps/place/TOWER24+Kos+Putri,+Print+%26+ATK,+Galon/data=!4m7!3m6!1s0x2e78830057a5c29d:0xfd31d20b54b096db!8m2!3d-7.9496172!4d112.6194804!16s%2Fg%2F11nc46r3zy!19sChIJncKlVwCDeC4R25awVAvSMf0?authuser=0&hl=id&rclk=1","TOWER24 Kos Putri, Print & ATK, Galon","5,0","(1)","Pasar","·","Jl. Bunga Pinang Merah No.24","Tutup","·","· Buka Sen pukul 08.00","0812-3638-4835","","Rute","","","",""
"https://www.google.com/maps/place/Linked+Garment/data=!4m7!3m6!1s0x2e788376caa794c1:0x7fc613b0024de5fd!8m2!3d-7.9451651!4d112.6119484!16s%2Fg%2F11hzkyy3q6!19sChIJwZSnynaDeC4R_eVNArATxn8?authuser=0&hl=id&rclk=1","Linked Garment","5,0","(6)","Eksportir garmen","·","Jl. MT. Haryono No.17","·","Tutup","","0821-4107-2283","","Situs Web","https://ssl.gstatic.com/local/servicebusiness/default_user.png","""Ramah dan murah""","","· Buka Sen pukul 08.00"
"","","","","","","","","","","","","","","","",""