"hfpxzc href","qBF1Pd","MW4etd","UY7F9","W4Efsd","W4Efsd 2","doJOZc","W4Efsd 3","W4Efsd 4","W4Efsd 5","FQ2IWe src","Jn12ke src","ah5Ghc","ah5Ghc 2","ah5Ghc 3","W4Efsd 6"
"","","","","","","","","","","","","","","",""
"","","","","","","","","","","","","","","",""
"https://www.google.com/maps/place/Starfit+GYM+Malang+24+jam/data=!4m7!3m6!1s0x2e788272131294f7:0x69d5f0d74d52fe10!8m2!3d-7.946331!4d112.6089634!16s%2Fg%2F11f29t0vxr!19sChIJ95QSE3KCeC4REP5STdfw1Wk?authuser=0&hl=id&rclk=1","Starfit GYM Malang 24 jam","4,8","(198)","Tempat Fitness","·","","·","Jl. Gajayana No.575","Buka 24 jam","https://lh3.googleusercontent.com/gps-cs-s/APNQkAHOoQZ36i1eHiQh_K6ZzDAI_z4boWD28U9plI5qZTJpilMEiXyhVwk2QtQLxZxFenXZoh9100dwNOiO5Gr7WEnIXe3p3BfscKj9BO2gRtiwCVLwJr80rjpNkglKMrU83xRyw5Mp=w163-h92-k-no","https://ssl.gstatic.com/local/servicebusiness/default_user.png","""","Gym","nya bagus, cocok buat yg cari",""
"https://www.google.com/maps/place/FITNESS+PLUS+DINOYO/data=!4m7!3m6!1s0x2e78833aba70de61:0x26760a6be9ff6d40!8m2!3d-7.9407893!4d112.6079392!16s%2Fg%2F11kj0b1s9_!19sChIJYd5wujqDeC4RQG3_6WsKdiY?authuser=0&hl=id&rclk=1","FITNESS PLUS DINOYO","4,6","(324)","Tempat Fitness","·","","Jl. MT. Haryono No.146","","Buka 24 jam","https://lh3.googleusercontent.com/gps-cs-s/APNQkAHArRNRwj1j1KKY_IPpoYysjGqtlBYQgHbjHkrlEv_bPxbgF5pZ59UcOBV2lhnfjw2TRMMGSdide8zwpd7Pb_xosEuSxEMcpM1-7Qngai8iaFLBNgujGT4Yfk4fR6zeTzMf3B4rYAV9z_8=w80-h142-k-no","https://ssl.gstatic.com/local/servicebusiness/default_user.png","""Mega","Gym","pertama di kota Malang dengan fasilitas super lengkap dan modern""",""
"https://www.google.com/maps/place/Shape+Up+Malang/data=!4m7!3m6!1s0x2e7883005aeb08cf:0xc919a565a3a213b1!8m2!3d-7.9467188!4d112.6081007!16s%2Fg%2F11lcvt_hn2!19sChIJzwjrWgCDeC4RsROio2WlGck?authuser=0&hl=id&rclk=1","Shape Up Malang","4,9","(14)","Tempat Fitness","·","","Ruko Doni, Jl. Simpang Gajayana No.01","","Tutup","https://lh3.googleusercontent.com/gps-cs-s/APNQkAEd5BrrTwbHyn_DsafCrQaNRGZBd11YF-r6GQ2fTQk2jpDaqz1_xM0HLtDF-sKwjXNi0s0c4Wg8UI4dr_0vCAwpZi7_vnorTRYK4l2JZ8_0DCcbFuh4_BapEmILBmJrGt-6AOas-A=w80-h142-k-no","https://ssl.gstatic.com/local/servicebusiness/default_user.png","""","tempat olahraga","paling pw si, coachnya juga ramah bgt😍""","· Buka Sen pukul 07.00"
"https://www.google.com/maps/place/ProFIT+Gym+ladies+only/data=!4m7!3m6!1s0x2e78827c7d0efba7:0x5e7d7d4c9c550813!8m2!3d-7.9549654!4d112.6065386!16s%2Fg%2F11b7pzt415!19sChIJp_sOfXyCeC4REwhVnEx9fV4?authuser=0&hl=id&rclk=1","ProFIT Gym ladies only","4,6","(195)","Tempat Fitness","·","","·","Ruko Griya Mandiri Kav. 7, Sumbersari, Jl. Sigura - Gura","Buka","https://lh3.googleusercontent.com/gps-cs-s/APNQkAH1E6W11jjAYL3Ope8kQxwj24diTrK6iMHJxRJ5pNL2YomAuXBbAYYpsPCahuhDqVuF3hLTUBdFH5Q5j-k--B3h6GQ5dZOVU-xpcQhrOXo0Q5XaKZB_xPEe2JzwM-hI2o-7n_U=w80-h142-k-no","https://ssl.gstatic.com/local/servicebusiness/default_user.png","""Pelayanan nya ramah,","tempat gym","nya bersih dan rapi, cocok untuk pemula""","· Tutup pukul 00.00"
"https://www.google.com/maps/place/Sport+Center+UB/data=!4m7!3m6!1s0x2e7882788af472d9:0x12f8cee690772ec5!8m2!3d-7.955132!4d112.618489!16s%2Fg%2F11ckv5zn2f!19sChIJ2XL0iniCeC4RxS53kObO-BI?authuser=0&hl=id&rclk=1","Sport Center UB","4,4","(1.197)","Tempat Fitness","·","","·","Jl. Terusan Cibogo No.1","Tutup","https://lh3.googleusercontent.com/gps-cs-s/APNQkAGxxoz71f4Bz4KcHi1BJByug4zBvjSGUHA3GJlzRWEf_h1By4pvDOSBGfVTNtj4nbU0YvFuwCI2OA2FsEzcxVH0jo4VEFZ3Cz55alM-vkCPmH04hBJeyPeWLfhp56CSriqrs2qv=w122-h92-k-no","https://ssl.gstatic.com/local/servicebusiness/default_user.png","""","Gym",", tennis court, futsl, badminton 2 lap..parkir cukup luas""","· Buka pukul 06.00"
"https://www.google.com/maps/place/Goa+Gong+Gym/data=!4m7!3m6!1s0x2e78826522342c2f:0xad9806f913e0a05c!8m2!3d-7.9547949!4d112.6065758!16s%2Fg%2F11b6dqsljm!19sChIJLyw0ImWCeC4RXKDgE_kGmK0?authuser=0&hl=id&rclk=1","Goa Gong Gym","4,3","(13)","Pusat Kebugaran","·","","·","Ruko Griya Mandiri, Jalan Bendungan Sigura-Gura Barat Kav.5","Tutup","https://lh3.googleusercontent.com/gps-proxy/ALd4DhHdiD7xRR-7uO4S6egUH3WVWuk-ywqbMWqZVsgNVo01-USRv8TfGpb1uO70fxav8d4fpZFrlhzA7KJO9PHjPAFWLeTJ4lWdMVAIUC-g5qMuDhl80LCJFig5mQvDoDpmbGhElwvTDKVxezhqBl9oaX_SlkmgukyRlk24NyMPoDdKCuk9fBpcWe8n39XT6iKdeNnuUQ=w122-h92-k-no","","","","","· Buka Sen pukul 07.00"
"https://www.google.com/maps/place/Urban+Zumba/data=!4m7!3m6!1s0x2e78833c1964bc03:0x84a9de254fd03f81!8m2!3d-7.9495804!4d112.6168462!16s%2Fg%2F11fgllmx_d!19sChIJA7xkGTyDeC4RgT_QTyXeqYQ?authuser=0&hl=id&rclk=1","Urban Zumba","3,5","(2)","Tempat Fitness","·","","Everyday Smart Hotel, Jl. Soekarno Hatta No.2","","","https://maps.gstatic.com/tactile/pane/result-no-thumbnail-2x.png","","","","",""
"https://www.google.com/maps/place/Club+Berlian+Ceria/data=!4m7!3m6!1s0x2e78836a2580dda7:0x2b808886a06682de!8m2!3d-7.960002!4d112.6134807!16s%2Fg%2F11h0hjjx9q!19sChIJp92AJWqDeC4R3oJmoIaIgCs?authuser=0&hl=id&rclk=1","Club Berlian Ceria","5,0","(3)","Pusat kebugaran","·","","Jl. Bendungan Sutami No.15n","","Tutup","https://lh3.googleusercontent.com/gps-cs-s/APNQkAGZK9FBGeNsbclT80TacB3RIez8SkfyIR_fc7uhqs4gr7NswPv3L_tcYr2Q0LQGB83O7106ot2kTtIoLO_46wRibI3s10qyC0QVG_BFL2rDldbG2-40tDfSwBKtnWPDRWZxO2lD0Q=w80-h106-k-no","","","","","· Buka Sen pukul 07.00"
"https://www.google.com/maps/place/Studio+Senam+Inda/data=!4m7!3m6!1s0x2e78827300a27e23:0x4bdff05383471dc6!8m2!3d-7.9446242!4d112.611135!16s%2Fg%2F1pzv8v1w6!19sChIJI36iAHOCeC4Rxh1Hg1Pw30s?authuser=0&hl=id&rclk=1","Studio Senam Inda","4,7","(27)","Pusat Kebugaran","·","","Jl. MT. Haryono No.8","","Tutup","https://lh3.googleusercontent.com/gps-proxy/ALd4DhHaThT55LSUN4VSncUxiJCJeMMk65eNoTWib6grIEnqElEFjD-b2eG9u96Td2CAXgXJ-j48juHumKr5rcUMVm0PYjZaYJ3doatTUpcLgPoS98FY-5EsDTPqtjIfOZiM1P0iNlZ3vpXiRiqyXvezPNs0Mog8YuTvXA4y7OQry6qZSithktDJGUnfD2breio0Ib1zFjg=w122-h92-k-no","https://ssl.gstatic.com/local/servicebusiness/default_user.png","""Tempatnya bersih, banyak temannya, bu Indah nya baik.""","","","· Buka pukul 06.00"
"https://www.google.com/maps/place/Best+Gym+Malang+%7C+Fitness+%26+Personal+Trainer+Soekarno+Hatta/data=!4m7!3m6!1s0x2dd629e6ad7d6259:0xfe2e68aec14121e8!8m2!3d-7.937075!4d112.6260592!16s%2Fg%2F11b6bsn74z!19sChIJWWJ9reYp1i0R6CFBwa5oLv4?authuser=0&hl=id&rclk=1","Best Gym Malang | Fitness & Personal Trainer Soekarno Hatta","4,5","(239)","Tempat Fitness","·","","·","ruko pojok/dekat tugu pesawat, Ruko Center Point, Jl. Soekarno Hatta No.A6 a5","Tutup","https://lh3.googleusercontent.com/gps-proxy/ALd4DhFZpY10hOtrMva8AauZGqMmjHbYvN3l7oPlbwutBqGlS4o_L7eJi2P3uq8F-2vlV8tUQArkDCogxVgQHFx-YOjehho8sb3iLihkuPcYZITDYmsYSfNIK-fgj3Cq6lhFfu6oW1WmUe_GmoPP_r7GGuLf55klJiooL_gnw4GZwfGRuFK1YlI1U6zc8fcYa2E=w122-h92-k-no","https://ssl.gstatic.com/local/servicebusiness/default_user.png","""","Gym","murah dengan fasilitas lumayan lengkap.""","· Buka pukul 07.00"
"https://www.google.com/maps/place/The+gym+asifa+pro/data=!4m7!3m6!1s0x2e788359cdae5b6f:0xa5e7e709b8cbadf6!8m2!3d-7.9346189!4d112.6192598!16s%2Fg%2F11g6vhfkyb!19sChIJb1uuzVmDeC4R9q3LuAnn56U?authuser=0&hl=id&rclk=1","The gym asifa pro","4,6","(274)","Tempat Fitness","·","","·","Jl. Simpang Candi Panggung","Tutup","https://lh3.googleusercontent.com/gps-cs-s/APNQkAESOOFtKDFqXAzmniFbustXuXrFJ8YQyo_fykDzBTZf7BDZc9G6Qs7Q9ui-Cn9kUB8_fw96kMQK18_-zORrlpNuNp3_zPso2EHNPmfVj3OiJWtBzWdrKqLF9nW_sG-0hWnjHe0g2w=w80-h106-k-no","https://ssl.gstatic.com/local/servicebusiness/default_user.png","""","Tempat","yang bagus untuk","· Buka pukul 07.00"
"https://www.google.com/maps/place/Healthy+Space/data=!4m7!3m6!1s0x2e7883d5e03a3463:0xd59bc1ce2fce409b!8m2!3d-7.9461512!4d112.6185036!16s%2Fg%2F11l73jg_4z!19sChIJYzQ64NWDeC4Rm0DOL87Bm9U?authuser=0&hl=id&rclk=1","Healthy Space","","","Tempat Fitness","·","","3J39+GCJ","","","https://streetviewpixels-pa.googleapis.com/v1/thumbnail?panoid=Io2KPDZQs2ZxkkRyDi6QEg&cb_client=search.gws-prod.gps&w=80&h=92&yaw=130.61525&pitch=0&thumbfov=100","","","","",""
"https://www.google.com/maps/place/Grit+Fitness+Malang/data=!4m7!3m6!1s0x2e788399e1fe7717:0x6d7b862660afaac6!8m2!3d-7.9263495!4d112.6024054!16s%2Fg%2F11k4zhwlhl!19sChIJF3f-4ZmDeC4RxqqvYCaGe20?authuser=0&hl=id&rclk=1","Grit Fitness Malang","5,0","(576)","Pusat Kebugaran","·","","Plaza Begawan","","Tutup","https://lh3.googleusercontent.com/gps-cs-s/APNQkAH-wOKEAn6zCXlqbi-PeUNsPxlS9pu7RQyc5Eja5k0AwAH_xTfYImJpAz3l3wbxHEAyzZ5NuqOmZGgNRfhlGKGOjgCIR9fPwYZEx2t4hMvXP9x7kVoH23USb3ZApDSjCBf_tu1Z=w163-h92-k-no","https://ssl.gstatic.com/local/servicebusiness/default_user.png","""","Tempat gym","terfavorito, alatnya lengkap tempatnya bersih dan nyaman.""","· Buka pukul 06.00"
"https://www.google.com/maps/place/GETFIT+community/data=!4m7!3m6!1s0x2e7883f04423ca89:0xd8cb7a776d96976!8m2!3d-7.9387641!4d112.6079753!16s%2Fg%2F11n396_d78!19sChIJicojRPCDeC4RdmnZdqe3jA0?authuser=0&hl=id&rclk=1","GETFIT community","5,0","(42)","Tempat Fitness","·","","Jl. MT Haryono Gg. 10 No.165","","Tutup","https://lh3.googleusercontent.com/gps-cs-s/APNQkAEvpGyrQM5ZXOVhkA4R2lGcubKZ6TFlx_SP27koOcIipzOI6L8nGbdPbhziGXjoXD_yEwsxmlVvQ24Yuj05mydaJQROkfMDLJyaMzTpz1_E6UBCDtQIq_295DikwbEGLmCJKz9F=w80-h127-k-no","https://ssl.gstatic.com/local/servicebusiness/default_user.png","""getfit community the best dah se malang raya""","","","· Buka Sen pukul 07.00"
"https://www.google.com/maps/place/3C+Gym+Malang/data=!4m7!3m6!1s0x2e7883004f4d2273:0x15c14eb93cf8f532!8m2!3d-7.9647563!4d112.6038338!16s%2Fg%2F11xk_3kp47!19sChIJcyJNTwCDeC4RMvX4PLlOwRU?authuser=0&hl=id&rclk=1","3C Gym Malang","5,0","(92)","Tempat Fitness","·","","Jl. Puncak Mandala Jl. Raya Tidar No.42-44","","Tutup","https://lh3.googleusercontent.com/gps-cs-s/APNQkAF8N34BKpDY7n-qC8HTwNbkzqfrSim5zZXVIWKubL956ZjTq-2P1uRAXYPphapLO_m7ImjnWYg_1i08WxYg22x9UgtYdFvy-zgeP1NUpAm2Dc847lI_7nz6V42YPEQQn2-Ftx_NriX5Rcg2=w80-h142-k-no","https://ssl.gstatic.com/local/servicebusiness/default_user.png","""","Gym","baru, bersih, dan PT nya enak buat latihan""","· Buka Sen pukul 06.00"
"https://www.google.com/maps/place/GOR+Karya+Bakti/data=!4m7!3m6!1s0x2e7882710a525489:0x9ad404740dd9e715!8m2!3d-7.9487294!4d112.6111778!16s%2Fg%2F11f4qdc8xs!19sChIJiVRSCnGCeC4RFefZDXQE1Jo?authuser=0&hl=id&rclk=1","GOR Karya Bakti","4,4","(53)","Tempat Fitness","·","","·","3J26+GF3, Jl. Kertosentono","Tutup","https://lh3.googleusercontent.com/gps-cs-s/APNQkAEEPk2Q2f7FtfZ6vwy4NsPdnSwULZeUX3Xp2QihTm1d2jSCK9X7KdOFc6I4M_Jl8dbzphUgD0699v6aXUkEEIAvPxWr1MlgsFBjBuuAB83ioOYDU0vshTePflmoQ3xeiEnkqAXy=w163-h92-k-no","https://ssl.gstatic.com/local/servicebusiness/default_user.png","""ada kursi panjang buat duduk, sama kursi plastik diblakang.""","","","· Buka pukul 07.00"
"https://www.google.com/maps/place/FIT+HUB+Dieng+Malang/data=!4m7!3m6!1s0x2e78830f21aed5f1:0xe7d45d7e956c83ac!8m2!3d-7.9729824!4d112.6134444!16s%2Fg%2F11w2j2rvrn!19sChIJ8dWuIQ-DeC4RrINslX5d1Oc?authuser=0&hl=id&rclk=1","FIT HUB Dieng Malang","4,8","(447)","Tempat Fitness","·","","Jl. Dieng No.32","","Tutup","https://lh3.googleusercontent.com/gps-cs-s/APNQkAFh2HkEth7lyO-lNDP2Zec4SGwGhglKFIBPS28RVCcUcXDMVjN_E28HZNLpwqDCwWd-Wc9mjRrKrCggzKUb9EvCDrgX028vWPveheJKUz3nZbHwShUQM4eXUEpPYIrH4wt7knk=w163-h92-k-no","https://ssl.gstatic.com/local/servicebusiness/default_user.png","""","tempat gym","bersih, musik asik, dan staff sangat ramah, mantap""","· Buka pukul 06.00"
"https://www.google.com/maps/place/Momon+Gym/data=!4m7!3m6!1s0x2e7882116ebc3db7:0xb613087ff3e38ffd!8m2!3d-7.939234!4d112.6019635!16s%2Fg%2F11b6dp5vwv!19sChIJtz28bhGCeC4R_Y_j838IE7Y?authuser=0&hl=id&rclk=1","Momon Gym","4,5","(162)","Tempat Fitness","·","","·","Jl. Tlogo Indah No.40a","Tutup","https://lh3.googleusercontent.com/gps-cs-s/APNQkAHRXnHz-Q5lGwyKL5dCnyxhxvwq835beZJU_93jSP5TROZMlgGRHOHUcnnMEtcYw_gY9I1dYDeYfEz3x1-pC-LfgUPIjVrHWnw-Ot63e7oHFC4iwzWDU4C6b4kp8dbWts_dX2knnA=w122-h92-k-no","https://ssl.gstatic.com/local/servicebusiness/default_user.png","""","Tempat","bersih, owner ramah dan semua kebutuhan","· Buka Sen pukul 07.00"
"https://www.google.com/maps/place/GOND+FITNESS/data=!4m7!3m6!1s0x2e7883af7f7a893d:0x73e17d0a48410c2a!8m2!3d-7.9363635!4d112.5999663!16s%2Fg%2F11ljx_t77t!19sChIJPYl6f6-DeC4RKgxBSAp94XM?authuser=0&hl=id&rclk=1","GOND FITNESS","4,9","(56)","Tempat Fitness","·","","·","Jl. Tlogo Suryo III No.9b","Tutup","https://lh3.googleusercontent.com/gps-cs-s/APNQkAGWZAaI0W_bJLhZkxia8F1nrEyu157zYdONuqVNGqGpQJSeNrbu_bE0SqkeVfZthj-PWXY4rTB1evjXFN2xjbcIJbPSk1bUBD46ZY1f1_GrE8mundz6MrtEuz7EosN9bEpt5vPsGw=w80-h142-k-no","https://ssl.gstatic.com/local/servicebusiness/default_user.png","""staff","gym","nya ramah
alat2nya juga masih baru
harganya juga murah bgttt 🤩""","· Buka Sen pukul 08.00"
"https://www.google.com/maps/place/WWGYM+MALANG/data=!4m7!3m6!1s0x2dd629b8b55141d9:0xcdb6876c78315228!8m2!3d-7.9309841!4d112.6195435!16s%2Fg%2F11kw4gzw60!19sChIJ2UFRtbgp1i0RKFIxeGyHts0?authuser=0&hl=id&rclk=1","WWGYM MALANG","4,6","(344)","Pusat kebugaran","·","","·","Jl. Raya Permata Jingga Blok CC No.1","Tutup","https://lh3.googleusercontent.com/gps-cs-s/APNQkAEqD4n8z-l37JcDXl869N08CSYPKz2Te1A20UdvfgqLvtv6aetrw9wBi61kMD_f_o-kmnAJhQLpyu8EDSGxBVSYkmjh4n11FQD_f5vutrYj3w87mE6f3Ncuy4oWXFgijwIRqUWRVQ=w138-h92-k-no","https://ssl.gstatic.com/local/servicebusiness/default_user.png","""","Tempat gym","yg bersih dan alat cukup lengkap""","· Buka pukul 07.00"
"https://www.google.com/maps/place/Max+Gym+Malang+Reborn/data=!4m7!3m6!1s0x2e7883001539ec47:0x806b383e46e89bd9!8m2!3d-7.9322669!4d112.6121582!16s%2Fg%2F11x260my0p!19sChIJR-w5FQCDeC4R2ZvoRj44a4A?authuser=0&hl=id&rclk=1","Max Gym Malang Reborn","4,9","(83)","Tempat Fitness","·","","Jalan Saxophone kav E-F","","Tutup","https://lh3.googleusercontent.com/gps-cs-s/APNQkAH-O9maWSuJHeA8PsmPyb2udAYbJ8U62rw7cHpXLHg6Rw1Qzu1Rug8jQVucyc2g7ufE2C_NtWCH0ce-z8W50hUpAiff7nkNMmaiUJBOXobDlrVyBAULROKrUuc9f-_4fgvdW8_kePqs8KE=w122-h92-k-no","https://ssl.gstatic.com/local/servicebusiness/default_user.png","""Max","gym","bersih, luas, alat lengkap, staff ramah”. Ok bgt pokonya👌🏻""","· Buka pukul 06.00"
"https://www.google.com/maps/place/KMCR+Malang+Sport+Nutrition+%26+Apparel/data=!4m7!3m6!1s0x2e78830954b4ca0b:0x3ae25f34e9db2cca!8m2!3d-7.9486374!4d112.6166877!16s%2Fg%2F11xf2rmwm9!19sChIJC8q0VAmDeC4Ryizb6TRf4jo?authuser=0&hl=id&rclk=1","KMCR Malang Sport Nutrition & Apparel","5,0","(109)","Toko Vitamin & Suplemen","·","","Jl. Bunga Andong Sel. No.C","","Tutup","https://lh3.googleusercontent.com/gps-cs-s/APNQkAHXzq8zZYJ8QpgoMLFuxu6oX-sN68vowE3y8JVYQDXIVfYWzwoNRHGRf5tvcXjxhNNBnSgRWiHnGIFgT8DdgCDkMFYWJ9oToo84hkHQxIRrkmAoRD0rWLD6wyR31E_qmQ486HeoU_HuRQ0=w80-h106-k-no","https://ssl.gstatic.com/local/servicebusiness/default_user.png","""","Tempat gym","ter lengkap dan super murah se Malang""","· Buka pukul 09.00"
"https://www.google.com/maps/place/WWGYM+Bondowoso+Malang/data=!4m7!3m6!1s0x2e7883ea99901a17:0xc2dac354f2969af4!8m2!3d-7.9678601!4d112.6159299!16s%2Fg%2F11k52jjx_l!19sChIJFxqQmeqDeC4R9JqW8lTD2sI?authuser=0&hl=id&rclk=1","WWGYM Bondowoso Malang","4,4","(72)","Pusat kebugaran","·","","Jl. Bondowoso No.23","","Tutup","https://lh3.googleusercontent.com/gps-cs-s/APNQkAGUHnINcx-wBBH58yB_37iqG5Ro9UpYOaFgtiviPHLYgcck5K80relVPBc4Sbdijn9dSha8uvYbj1ZaaCITtMW916-uzSv_isPYbb9KhPeuB_ckc4Oqme9ByvoKXsmY-Po8JADZDg=w80-h106-k-no","https://ssl.gstatic.com/local/servicebusiness/default_user.png","""","tempat gym","yg nyaman, fasilitas lngkp dgn harga terjangkau.""","· Buka pukul 07.00"
"https://www.google.com/maps/place/Diamond+Gym/data=!4m7!3m6!1s0x2e788289c4040111:0x30b14f0219cb62ca!8m2!3d-7.9639932!4d112.6039054!16s%2Fg%2F1hm6fvy5s!19sChIJEQEExImCeC4RymLLGQJPsTA?authuser=0&hl=id&rclk=1","Diamond Gym","4,7","(58)","Tempat Fitness","·","","·","Jl. Malenggang No.22","Tutup","https://lh3.googleusercontent.com/gps-cs-s/APNQkAHo2cNCZMNzWAHhtgoGrY6ZkHgNq2cgzMIk7MCKI6xdCMFgpx-Xt40QyL98H9vjA8NjzABNoPYhMGhxfBSoOmlZePY6XKpVEg6Fl904nS-lB6lWKPblPSrQkBoM_E-6lZyHaVHr=w80-h106-k-no","https://ssl.gstatic.com/local/servicebusiness/default_user.png","""","Gym","dekat rumah...habis antar kemenakan sekolah lanjut ke","· Buka Sen pukul 06.00"
"https://www.google.com/maps/place/FITNESS+ZONE+MALANG/data=!4m7!3m6!1s0x2e788214209860a3:0xd90266e3686e4809!8m2!3d-7.9376934!4d112.6001048!16s%2Fg%2F11c2plgxlj!19sChIJo2CYIBSCeC4RCUhuaONmAtk?authuser=0&hl=id&rclk=1","FITNESS ZONE MALANG","4,6","(133)","Tempat Fitness","·","","Jl. Tlogo Suryo Jl. Raya Tlogomas No.50, RT.6/RW.2","","Tutup","https://lh3.googleusercontent.com/gps-cs-s/APNQkAFt4cxOwuBkSYEv7LfnevINNb1XlsT2PqIdEszc63b-ObxHSQNXUDfMX3gixR6jiIit0RCL3ZOxZPuQt1MR5fyakDWi2eb1ryfyVqJWZY0bGARg8R4UeKhG_bIahvdBwbHHRFVcxQ=w137-h92-k-no","https://ssl.gstatic.com/local/servicebusiness/default_user.png","""Pertama nge-","gym","di sini ambil isidentil.""","· Buka Sen pukul 07.00"
"https://www.google.com/maps/place/Ho+nam+gym/data=!4m7!3m6!1s0x2e78830069766dc7:0x59dea71e88cc9dd5!8m2!3d-7.9604149!4d112.5985437!16s%2Fg%2F11wfxvvrbw!19sChIJx212aQCDeC4R1Z3MiB6n3lk?authuser=0&hl=id&rclk=1","Ho nam gym","5,0","(150)","Klub Olahraga","·","","Jl. Puncak Esberg No.7","","Tutup","https://lh3.googleusercontent.com/gps-cs-s/APNQkAG7HsVfRJ4lh16sdBPVrMAArCTaRUMI7Mf99FaE5M5XGiyp596NJ3bRCU-DkH925J3s3aeF1wa5qOptRiWtj2GnMo8DXWegSG_isM6nLzrzYyC-nYci5Qo0yumPU0bI4AwX5KU=w80-h106-k-no","https://ssl.gstatic.com/local/servicebusiness/default_user.png","""","Tempat Gym","Strategis ✅ , Free Parkir ✅, Air Panas ✅, Ring Octagon""","· Buka Sen pukul 06.00"
"https://www.google.com/maps/place/FITCLUB+MALANG/data=!4m7!3m6!1s0x2e7883d67d06c38f:0xcdeb225e5cad15e4!8m2!3d-7.9652341!4d112.6058105!16s%2Fg%2F11f6r_vfnm!19sChIJj8MGfdaDeC4R5BWtXF4i680?authuser=0&hl=id&rclk=1","FITCLUB MALANG","4,8","(57)","Pusat kebugaran","·","","Jl. Puncak Mandala No.2","","Tutup","https://lh3.googleusercontent.com/gps-cs-s/APNQkAF4tvWpnz6SVNyAFbgQ-1hAne7iT2uHSh2_8BgggLANi_-YkfL7bgkwDeKg9_ZWbBx1eaJr2fihauoYeDMit0pcrvLIllAW91b0G7UpOEbaaf7hmeM-iBAOE2T9fuU_D8IKhhnaHA=w122-h92-k-no","https://ssl.gstatic.com/local/servicebusiness/default_user.png","""Seruu banget, dan banyak woman class onlynya.""","","","· Buka Sen pukul 07.00"
"https://www.google.com/maps/place/Rumah+Sehat+Kiki/data=!4m7!3m6!1s0x2e78828504df038b:0x773c5ea419c598d0!8m2!3d-7.9708532!4d112.6103908!16s%2Fg%2F11b6d4c5cd!19sChIJiwPfBIWCeC4R0JjFGaRePHc?authuser=0&hl=id&rclk=1","Rumah Sehat Kiki","4,7","(122)","Sekolah Olahraga","·","","·","Jl. Bukit Barisan No.29","Tutup","https://lh3.googleusercontent.com/gps-cs-s/APNQkAGSOMKRh9bQlikFjatAZFjJiehvcfkmTBFcBILXIZaM-HtsePBlYPVENZHl8zYvT00Sd4ztg-E5pE4dCS6oqpROaSzA6quBM5OC-kyDmjUCHQcC120IbK9xS72TXdXjVpqwsZA=w122-h92-k-no","https://ssl.gstatic.com/local/servicebusiness/default_user.png","""Bisa dibilang","gym","paling murah di Malang""","· Buka pukul 06.00"
"https://www.google.com/maps/place/UKM+JITSU+-+ITN+MALANG/data=!4m7!3m6!1s0x2e7883291f57cf3f:0x294ca4d835817d37!8m2!3d-7.9585684!4d112.6126615!16s%2Fg%2F11fsw62nr_!19sChIJP89XHymDeC4RN32BNdikTCk?authuser=0&hl=id&rclk=1","UKM JITSU - ITN MALANG","5,0","(1)","Tempat Fitness","·","","2JR7+H3F","","","https://lh3.googleusercontent.com/gps-cs-s/APNQkAHnYaG4ywCfu-CLCye9ZZOD4cuOtSbpk7iA9Hi9wOWGl4tveHfEObh6tldiBjjtbtwcjtoWe_HdHVWKCPwKUfDZ_iG0DXdmp1NwBW2XbBHH8b_ffuUcUyWRhfenCX3o1UIng9BO=w80-h106-k-no","","","","",""
"https://www.google.com/maps/place/Taman+Bugar/data=!4m7!3m6!1s0x2e78826c88e34f2b:0x7cb50059fb1cb60!8m2!3d-7.9450794!4d112.6028631!16s%2Fg%2F11ddwssbps!19sChIJK0_jiGyCeC4RYMuxnwVQywc?authuser=0&hl=id&rclk=1","Taman Bugar","4,5","(57)","Tempat Fitness","·","","·","Jl. Mertojoyo Sel. No.07","Buka 24 jam","https://lh3.googleusercontent.com/gps-cs-s/APNQkAF5spnSM_TNiqDp_2ui8AtqXZFYVdksMXx6g5Q72JGvJkwxotBznxwjnqesafOkrN44GWDUPg4xRfYHI2I80qrw_1SYLVwZ0uVSAguwXzB9Ke0ZkuLbDkufQt_bA9wKP1oLuRDPbw=w163-h92-k-no","https://ssl.gstatic.com/local/servicebusiness/default_user.png","""","Tempat","yang nyaman untuk menghabiskan waktu sore bersama orang tercinta.""",""
"https://www.google.com/maps/place/Mixed+Martial+Arts/data=!4m7!3m6!1s0x2e788271e8f53329:0x5e04bafdad31c935!8m2!3d-7.9486063!4d112.6087627!16s%2Fg%2F11w4gzhglx!19sChIJKTP16HGCeC4RNckxrf26BF4?authuser=0&hl=id&rclk=1","Mixed Martial Arts","","","Tempat Fitness","·","","3J25+HG2, Jl. Gajayana","","","https://streetviewpixels-pa.googleapis.com/v1/thumbnail?panoid=hHHbNpNHWq02MTNxyyvYDQ&cb_client=search.gws-prod.gps&w=80&h=92&yaw=260.9792&pitch=0&thumbfov=100","","","","",""
"https://www.google.com/maps/place/Sanggar+Senam/data=!4m7!3m6!1s0x2e7882778386122b:0x38e92b3e8ae9faf8!8m2!3d-7.9516114!4d112.6172867!16s%2Fg%2F1hm5np7yg!19sChIJKxKGg3eCeC4R-Prpij4r6Tg?authuser=0&hl=id&rclk=1","Sanggar Senam","3,9","(11)","Tempat Fitness","·","","·","2JX8+9W3, Jl. Mayjend Panjaitan","Tutup","https://streetviewpixels-pa.googleapis.com/v1/thumbnail?panoid=8nfPdLNtZNCeZQbpO-q9Gw&cb_client=search.gws-prod.gps&w=80&h=92&yaw=208.134&pitch=0&thumbfov=100","","","","","· Buka Sen pukul 08.00"
"https://www.google.com/maps/place/Eden+Fitness+Studio/data=!4m7!3m6!1s0x2e7883ba0e9c5c9b:0x54c50c609d46f88b!8m2!3d-7.9600685!4d112.5992653!16s%2Fg%2F11ycsd2d0k!19sChIJm1ycDrqDeC4Ri_hGnWAMxVQ?authuser=0&hl=id&rclk=1","Eden Fitness Studio","5,0","(1)","Tempat Fitness","·","","Jl. Mahameru VE 3-4","","Tutup","https://lh3.googleusercontent.com/gps-cs-s/APNQkAFKdLRGetizyZcterepiJIfxcND32V8pGBSyigrcjuK_nyfh8QMT7BU4TFm1RaUTZI0YeeD01Pnni9KaQG-2U0w5RvJdKC_z3UVvHR5m5TaUUgt6IGYlxnqrZ7bdlzUjfGBUeS329vw9_4=w80-h106-k-no","","","","","· Buka pukul 11.00"
"https://www.google.com/maps/place/Atlas+Sports+Club+Malang/data=!4m7!3m6!1s0x2e788293c4a8cd23:0xea3143aca25d72cf!8m2!3d-7.9768694!4d112.6013084!16s%2Fg%2F11b6g9vy9_!19sChIJI82oxJOCeC4Rz3JdoqxDMeo?authuser=0&hl=id&rclk=1","Atlas Sports Club Malang","4,5","(223)","Tempat Fitness","·","","Istana Dieng Club House, Jl. Istana Dieng Raya III","","Tutup","https://lh3.googleusercontent.com/gps-cs-s/APNQkAH069ZbCIu9x7kEtBgjO0dbAbm5ksfsPaMWOKZjh-kkERdDbcuMQNKQXQMZ3_-R2YcGGLRHI_kMmkTLizQOrzUdCVjVDxkNF_bDFN6IVbTQVxEUo1lhRCGZ_ekHsvjN3YI4B2WV=w80-h106-k-no","https://ssl.gstatic.com/local/servicebusiness/default_user.png","""Untuk","tempat gym","nya sangat bagus dengan view kolam renang yang luas.""","· Buka pukul 06.00"
"https://www.google.com/maps/place/GOR+Pertamina+UB/data=!4m7!3m6!1s0x2e788279b648bcaf:0xb39f5e228ecc6fdd!8m2!3d-7.9534987!4d112.6163764!16s%2Fg%2F11b6d828d7!19sChIJr7xItnmCeC4R3W_MjiJen7M?authuser=0&hl=id&rclk=1","GOR Pertamina UB","4,5","(678)","Kompleks Olahraga","·","","2JW8+JH2, Jl. Veteran","","Buka 24 jam","https://lh3.googleusercontent.com/gps-cs-s/APNQkAGHHl5yDY4wXm7n6l3dbezJkRWsGiJdYTp9jvQZPTBGNBEO6LIBrFZ_uA9WWCR56gp16yA-RuJiDdL0ty6ZctE7LFUNjCt0UyLZf_ZZKl6Ippr7lj2XqyPth1I7cELtVtlLGvfVoA=w122-h92-k-no","https://ssl.gstatic.com/local/servicebusiness/default_user.png","""Selalu ada tugas kebersihan yg bersihin bolak balik""","","",""
"https://www.google.com/maps/place/AD+reflexi+malang/data=!4m7!3m6!1s0x2dd62969125e24f5:0xa7af8731157c0c41!8m2!3d-7.9532005!4d112.6173527!16s%2Fg%2F11h7b1d5gl!19sChIJ9SReEmkp1i0RQQx8FTGHr6c?authuser=0&hl=id&rclk=1","AD reflexi malang","4,8","(6)","Pusat kebugaran","·","","Gg. 19 No.58","","Tutup","https://lh3.googleusercontent.com/gps-cs-s/APNQkAF8mtyBbxhn8v402-5zG4_1NzArA2V7t0ufhaCGbzlOQVHabPYEZPa_x07RdnT-ZvYnTDteejWLlCQ2J8cYPInGH7-oN7XppPJaoNWi98bOYvKGm6zf_bY0rsnu0RsOQ9FCNuQ6=w92-h92-k-no","https://ssl.gstatic.com/local/servicebusiness/default_user.png","""Pijetannya mantap, terapis ramah, fasilitas top""","","","· Buka pukul 08.00"
"https://www.google.com/maps/place/New+Power+Gym/data=!4m7!3m6!1s0x2dd62833c7293003:0x7f2f9a0455741c59!8m2!3d-7.966215!4d112.6375216!16s%2Fg%2F1pzrbz3ff!19sChIJAzApxzMo1i0RWRx0VQSaL38?authuser=0&hl=id&rclk=1","New Power Gym","4,3","(30)","Pusat Kebugaran","·","","·","PT Asuransi Sompo Japan Nipponkoa Indonesia, Jl. W.R. Supratman No.C3, RW.23","Tutup","https://lh3.googleusercontent.com/gps-cs-s/APNQkAHAvhnUuMkaQYKhXiEngX73fLFj__0bKdhbyz-mKTqd7gcUmSLf8OS27vQjJppCHJRTzI2EOJEODTseUa1vfM7ov_7Ep4YP4irplJZ5IVLICxD2Csn2tV7cSdhsaOjnTl374OpuDQ=w163-h92-k-no","https://ssl.gstatic.com/local/servicebusiness/default_user.png","""","Gym","d sini nyaman pemilik nya ramah baik sekali""","· Buka pukul 07.00"
"https://www.google.com/maps/place/Klu+Focus+Fit/data=!4m7!3m6!1s0x2e78831b42505ff7:0x343d58f2a2eda6a1!8m2!3d-7.9371922!4d112.60847!16s%2Fg%2F11hdw6wm5h!19sChIJ919QQhuDeC4RoabtovJYPTQ?authuser=0&hl=id&rclk=1","Klu Focus Fit","","","Pusat kebugaran","·","","3J75+49H, pasar Dinoyo terpadu, Jl. MT. Haryono","","Tutup","https://lh3.googleusercontent.com/gps-cs-s/APNQkAGzQrW1XwcAM4_Jbc39ifzUOLg3oBPoUO1Z_B27N7O4tE_bVd3QjbLix64eATz0btF0Rx5F8GSU6vGERl1r-SjmjH8nXQ_V02Quf8S5qGucqxOU4o1Zau8Wv0LS4AaZxR0FxyM=w80-h106-k-no","","","","","· Buka pukul 07.00"
"https://www.google.com/maps/place/MY+GYM+SPORT+CENTER/data=!4m7!3m6!1s0x2e788286b57cde01:0xaf69b78c16e72c8a!8m2!3d-7.9757424!4d112.6124536!16s%2Fg%2F1hm6jfyj3!19sChIJAd58tYaCeC4RiiznFoy3aa8?authuser=0&hl=id&rclk=1","MY GYM SPORT CENTER","4,7","(104)","Pusat Kebugaran","·","","·","Jl. Raya Langsep No.4a","Tutup","https://lh3.googleusercontent.com/gps-cs-s/APNQkAGz8VaIknggRfufqGyo_LDxiZFw3sK4FaPzu8FrakBxQvMuiXpJMyQw_e-buUXwHufe2QXeqDtQBuRylh0t54oM_E35jBwWP2MVtSi6LpNG9Es2cKPd7C6TCUX_IJsGYbTTG8K3yvJxtVg=w122-h92-k-no","https://ssl.gstatic.com/local/servicebusiness/default_user.png","""","Tempat gym","yg nyaman dan","· Buka pukul 06.30"
"https://www.google.com/maps/place/UC+CLUB/data=!4m7!3m6!1s0x2dd629ad3d223f8f:0xce809fcdb4e9c64a!8m2!3d-7.9505901!4d112.6283966!16s%2Fg%2F11fbrbbm6t!19sChIJjz8iPa0p1i0RSsbptM2fgM4?authuser=0&hl=id&rclk=1","UC CLUB","4,9","(14)","Pusat kebugaran","·","","·","Jl. Ters. Wijaya Kusuma No.36","Tutup","https://lh3.googleusercontent.com/gps-cs-s/APNQkAFaYLbjyxDClZ33i2R22DW8SnM2B0zcq9lxnfMbKcSs_3ytphyJvdWJUe-G5KV5Usr9uvI94JcsWVkV8NF-PmgAeG_-Jqt-pQyvIR44Yy6Lkglw8ujLnUoeiIHLj5Bq3p5t1XSH=w122-h92-k-no","https://ssl.gstatic.com/local/servicebusiness/default_user.png","""","Lokasi","strategis gampang banget parkiran nya.""","· Buka Sen pukul 06.30"
"https://www.google.com/maps/place/basecamp+komunitas+SDMR/data=!4m7!3m6!1s0x2e7883001855062b:0x1f696ead4652e558!8m2!3d-7.947229!4d112.604938!16s%2Fg%2F11x71dhrkx!19sChIJKwZVGACDeC4RWOVSRq1uaR8?authuser=0&hl=id&rclk=1","basecamp komunitas SDMR","","","Tempat Fitness","·","","Jl. Mertojoyo Sel. No.12","","","https://streetviewpixels-pa.googleapis.com/v1/thumbnail?panoid=mCHL1-cbbazwEqyPiBmYwQ&cb_client=search.gws-prod.gps&w=80&h=92&yaw=206.15668&pitch=0&thumbfov=100","","","","",""
"https://www.google.com/maps/place/NUTRITION+CLUB/data=!4m7!3m6!1s0x2e7883a71fcc50b9:0x661ee3f8dc6a757a!8m2!3d-7.9383536!4d112.6073853!16s%2Fg%2F11rj47335y!19sChIJuVDMH6eDeC4RenVq3PjjHmY?authuser=0&hl=id&rclk=1","NUTRITION CLUB","","","Pusat kebugaran","·","","Jl. MT. Haryono No.171","","Tutup","https://lh3.googleusercontent.com/gps-cs-s/APNQkAGIqKShOgY08qH4SY3ElPOxDt2LJAyntOL1MA-Qn43fHsEPwDx5qzU7R7A3ZMWpRKo6kdIVU8cQHabgrbWO7F-n0O7qLEl6OrvBAuLoPI90Usa-eK6CBigKSfbH6MO3To7xyEvaKA=w122-h92-k-no","","","","","· Buka pukul 07.00"
"https://www.google.com/maps/place/FLASH+GYM/data=!4m7!3m6!1s0x2e78829b6d69c171:0x38a36a22e9e135cc!8m2!3d-7.9745065!4d112.612633!16s%2Fg%2F1pztdkt5r!19sChIJccFpbZuCeC4RzDXh6SJqozg?authuser=0&hl=id&rclk=1","FLASH GYM","4,5","(142)","Tempat Fitness","·","","·","Jl. Raya Langsep No.2F","Tutup","https://lh3.googleusercontent.com/gps-proxy/ALd4DhEIQ8WUxqLDbZEUOLf-UyhWlUPqYiBzPvR1xd3CJ8FcpDEhfU8fDBX_SLkFzEpp9rSUSV-D_PLrLUvAlFiSZz-lg8SQ4Vw5ViqaegxCpI0DY9xP_h-dcT2UwifuIMavu5iwR9E_W19VaXg9wC5vTDB0PfxmMAdIuGuBLxDmgbOr2gBSb0_XDjEdlY-cKdD48H9RSQ=w122-h92-k-no","https://ssl.gstatic.com/local/servicebusiness/default_user.png","""","tempat gym","recommended di malang dgn harga terjangkau.""","· Buka Sen pukul 06.00"
"https://www.google.com/maps/place/UC+CLUB+SEHAT/data=!4m7!3m6!1s0x2dd629d66bde6bbb:0x233cfa1cb9c33616!8m2!3d-7.9558599!4d112.6217923!16s%2Fg%2F11v_4tfkn8!19sChIJu2vea9Yp1i0RFjbDuRz6PCM?authuser=0&hl=id&rclk=1","UC CLUB SEHAT","","","Tempat Fitness","·","","Jl. Mayjend Panjaitan No.68B","","","https://streetviewpixels-pa.googleapis.com/v1/thumbnail?panoid=YwIwsU7C4JDgkl6Pg0ZCJQ&cb_client=search.gws-prod.gps&w=80&h=92&yaw=40.612015&pitch=0&thumbfov=100","","","","",""
"https://www.google.com/maps/place/Griya+Sehat+Galunggung/data=!4m7!3m6!1s0x2e78828406ac918f:0xffc838ceea9094bb!8m2!3d-7.9679621!4d112.6135567!16s%2Fg%2F11b6cqm4hf!19sChIJj5GsBoSCeC4Ru5SQ6s44yP8?authuser=0&hl=id&rclk=1","Griya Sehat Galunggung","4,6","(5)","Pusat kebugaran","·","","2JJ7+RC7, Jl. Galunggung","","Tutup","https://lh3.googleusercontent.com/gps-proxy/ALd4DhHy3qF8TpJFdfeed76Jjt0Ez2F8YVe0KdX1jdwN8WvOqm5xIezJNeNUEvNgC09_7PewEWaD7qLQ72IeFc--_mfbnh5_I_OqlJ7XNhavrnEOAtf06RzNLChzFPX2q8b8FCZfkrj8xJ2oTvDvNAi2k7l52sNupMNYU26FQtdMRMoSP1Nw3IGBshifc8D2T8-DMxAwN0I=w122-h92-k-no","","","","","· Buka Sen pukul 07.00"
"https://www.google.com/maps/place/Elite+Fitness+Malang/data=!4m7!3m6!1s0x2dd629a069bce4db:0x37f1a620cfe6d7e3!8m2!3d-7.9739544!4d112.6268021!16s%2Fg%2F11y59r0vhs!19sChIJ2-S8aaAp1i0R49fmzyCm8Tc?authuser=0&hl=id&rclk=1","Elite Fitness Malang","4,7","(41)","Pusat kebugaran","·","","Jl. Welirang No.6","","Tutup","https://lh3.googleusercontent.com/gps-cs-s/APNQkAEsRE1bRIbiRVxQHdVjClJs_MWhUgvux1fBpzJGgjme2CjukgZx7rHIjjiZre0_LoP7V9IwdRRNVGNtqjY8ZW0jDatx6VjqRf4cErbPgb97j-SqAByrY4GLKoaoJ-_h7_GdYdSZcQ=w92-h92-k-no","https://ssl.gstatic.com/local/servicebusiness/default_user.png","""","Tempat Gym","fav
Apalagi PT nama rudi paling hits sekota malang""","· Buka pukul 07.00"
"https://www.google.com/maps/place/PRESTIGE+FITNESS+MALANG/data=!4m7!3m6!1s0x2dd629d3e6b87aeb:0x20dbaf702f1e2fdc!8m2!3d-7.9764209!4d112.6258754!16s%2Fg%2F11f8h1jdkm!19sChIJ63q45tMp1i0R3C8eL3Cv2yA?authuser=0&hl=id&rclk=1","PRESTIGE FITNESS MALANG","4,3","(127)","Tempat Fitness","·","","Jl. Tangkuban Perahu No.9","","Tutup","https://lh3.googleusercontent.com/gps-cs-s/APNQkAFfgv6GlOENIKYvpZ3wFEOom7EUuzRAgtktzzbI33TVwLqOqL6Wo9LkkkS9iF60x7mYrYh9vo0uxiOz0gjCGpWQgjsmvLgpi-cYc0bHDYbUuUa11PKqS-dQOG7K6sdrrmDipIc=w163-h92-k-no","https://ssl.gstatic.com/local/servicebusiness/default_user.png","""","Tempat gym","yang nyaman, bersih, alat²","· Buka pukul 06.00"
"https://www.google.com/maps/place/VPT+Strength+Club/data=!4m7!3m6!1s0x2e78837cf565005b:0x94d0608201eebf21!8m2!3d-7.9584679!4d112.5915105!16s%2Fg%2F11gmf9md1q!19sChIJWwBl9XyDeC4RIb_uAYJg0JQ?authuser=0&hl=id&rclk=1","VPT Strength Club","4,8","(133)","Tempat Fitness","·","","·","Villa Puncak Arjuna Jl. Villa Puncak Tidar No.H-19","Tutup","https://lh3.googleusercontent.com/gps-cs-s/APNQkAHNRgzgsflz3jtyvnc51yIRM5xhmzBho7lQKOcw833JZX6wR2UeDeYt_DUz65y12wnGmeakz5iX2eW45Ay8TtYzzZ2-plBQ3ld47ZYFD0feWENrAyZpMPSxm4WlSsGp5aYlj8OKUQ=w80-h106-k-no","https://ssl.gstatic.com/local/servicebusiness/default_user.png","""Satu satu nya","gym","di Kota Malang yang punya BEST VIEW!!""","· Buka pukul 09.00"
"https://www.google.com/maps/place/Laba+Laba+Sunda+United/data=!4m7!3m6!1s0x2dd62900214dc9df:0x271af70e30675a36!8m2!3d-7.9484236!4d112.6202957!16s%2Fg%2F11lw3qnxny!19sChIJ38lNIQAp1i0RNlpnMA73Gic?authuser=0&hl=id&rclk=1","Laba Laba Sunda United","","","Tempat Fitness","·","","Jl. Bunga Pinang Merah No.10","","","https://streetviewpixels-pa.googleapis.com/v1/thumbnail?panoid=uiExicnbK3TVZ0YIBJ8b6g&cb_client=search.gws-prod.gps&w=80&h=92&yaw=108.518524&pitch=0&thumbfov=100","","","","",""
"https://www.google.com/maps/place/Degym+Heritage+Malang/data=!4m7!3m6!1s0x2dd62956162566a9:0x2842164c89283ad9!8m2!3d-7.9734277!4d112.6275261!16s%2Fg%2F11wpk56mcv!19sChIJqWYlFlYp1i0R2TooiUwWQig?authuser=0&hl=id&rclk=1","Degym Heritage Malang","4,9","(439)","Pusat kebugaran","·","","Jl. Bromo No.45","","Tutup","https://lh3.googleusercontent.com/gps-cs-s/APNQkAFmWTSsZt8l7WJc4Ne9kWnqXLE7XbQbUdsNud4f_6poT_u9JYQIEPo6ht6spYYBI_1H4QayUzEAaN5E4m-eUaLrue37MnT-lL7VjJWQyx_ctQOKLGodUzYY7hM6G2Fsrqz_qCQV8Q=w122-h92-k-no","https://ssl.gstatic.com/local/servicebusiness/default_user.png","""","Gym","nya nyaman, alat alatnya lengkap, lokernya luas, dan ada shower juga""","· Buka pukul 06.00"
"https://www.google.com/maps/place/Gate+Masuk+Greenland/data=!4m7!3m6!1s0x2e788319764fcbbf:0xf51829af2ceb6ea1!8m2!3d-7.9523211!4d112.5974464!16s%2Fg%2F11j4t86p4v!19sChIJv8tPdhmDeC4RoW7rLK8pGPU?authuser=0&hl=id&rclk=1","Gate Masuk Greenland","5,0","(3)","Tempat Fitness","·","","2HXW+3XG","","","https://maps.gstatic.com/tactile/pane/result-no-thumbnail-2x.png","","","","",""
"https://www.google.com/maps/place/INKAI+UB/data=!4m7!3m6!1s0x2e78827781d3130b:0x231e405abc531257!8m2!3d-7.9520311!4d112.6162358!16s%2Fg%2F11b75fhrm9!19sChIJCxPTgXeCeC4RVxJTvFpAHiM?authuser=0&hl=id&rclk=1","INKAI UB","4,7","(3)","Perguruan Karate","·","","2JX8+5FQ, Jl. MT. Haryono","","","https://lh3.googleusercontent.com/gps-cs-s/APNQkAEq_l3PQINWaaJIEczBbPb80WmOaISfHZrqyzLk6D8QkmNpP8zU-EOQmzhz41PvT6MR5lKv8SFwGh0p9o_PbD9uRYaUcuHwW6KRCZldckO7XQ_Q88je0PTmAw1O-715QWUGmtA9=w80-h106-k-no","https://ssl.gstatic.com/local/servicebusiness/default_user.png","""","Tempat","pendidikan pengembangan mental jiwa raga""",""
"https://www.google.com/maps/place/Evolution+Fitness+Malang/data=!4m7!3m6!1s0x2dd629401644ae25:0x95944b26052b4bb7!8m2!3d-7.973024!4d112.634787!16s%2Fg%2F11pqcq0hlq!19sChIJJa5EFkAp1i0Rt0srBSZLlJU?authuser=0&hl=id&rclk=1","Evolution Fitness Malang","5,0","(371)","Tempat Fitness","·","","·","Jl. Patimura No.37, RW.3","Tutup","https://lh3.googleusercontent.com/gps-cs-s/APNQkAGZZ3XNYjkDPJxyEG9B8pSOwVCPX-Yry5EnB7xuZstGwNsqJuZbPtx_pXeXWouHL1KQhFx-fcxtPUpf7_ADJ_xAuVRQNIu6_hlJ5Ec1NbSZqbz_-ntLH2nTxaKBYMceGLwIaMPYGA=w122-h92-k-no","https://ssl.gstatic.com/local/servicebusiness/default_user.png","""","Tempat gym","yg nyaman dengan alat yg lengkap, mantaap""","· Buka pukul 06.00"
"https://www.google.com/maps/place/Arema+Gym/data=!4m7!3m6!1s0x2dd629b5e1940f07:0xddf8a8ec7fbc6e56!8m2!3d-7.955714!4d112.644892!16s%2Fg%2F11b6bgbzqm!19sChIJBw-U4bUp1i0RVm68f-yo-N0?authuser=0&hl=id&rclk=1","Arema Gym","4,5","(289)","Tempat Fitness","·","","·","Jl. Sunandar Priyo Sudarmo","Tutup","https://lh3.googleusercontent.com/gps-cs-s/APNQkAEXQIZoOx3BmS7wcMyPMztQ4Z17NXrzGmussBkI3yqMAUWhhmmGtGxGF9aFHsgdV3pfmMx4j8gAjnGbGPmpScu9WKgtROcRiub7owIhR9RVc7dlXgxxKCdRJSEv0jEapi4rOWec8w=w122-h92-k-no","https://ssl.gstatic.com/local/servicebusiness/default_user.png","""","Tempat gym","dan zumba aerobic class""","· Buka pukul 07.00"
"https://www.google.com/maps/place/F2+Studio+Ladies+Gymnasticc/data=!4m7!3m6!1s0x2e78821a0fafff8b:0xf592a8ad964ca21c!8m2!3d-7.9322289!4d112.6029018!16s%2Fg%2F11b75nr39s!19sChIJi_-vDxqCeC4RHKJMlq2okvU?authuser=0&hl=id&rclk=1","F2 Studio Ladies Gymnasticc","4,5","(18)","Tempat Fitness","·","","·","Jl. Raya Tlogomas No.30","Tutup","https://lh3.googleusercontent.com/gps-cs-s/APNQkAEQm3_5dGZsxDdeO1ZfOcZKqTUUoypDU64nhuddqOe8HkyTuFLNoNaYfpfSCRUTJ99u73ks-AxmI-6ExbBb7stNQes2O6FsSDDAh3kgboOrjwaCdRew7e69EnhPM9LfY1sxJKA=w122-h92-k-no","https://ssl.gstatic.com/local/servicebusiness/default_user.png","""Buat kalian perempuan muslimah,","workout","di sini enak banget.""","· Buka Sen pukul 07.30"
"https://www.google.com/maps/place/Griya+Bugar+Dempo/data=!4m7!3m6!1s0x2dd62829de4292d3:0x2767de802c5e8821!8m2!3d-7.9685827!4d112.6201953!16s%2Fg%2F11f1zlk4sv!19sChIJ05JC3iko1i0RIYheLIDeZyc?authuser=0&hl=id&rclk=1","Griya Bugar Dempo","5,0","(2)","Tempat Fitness","·","","2JJC+H38, Jl. Dempo","","","https://lh3.googleusercontent.com/gps-cs-s/APNQkAHyp9e4lieZfWgflamE8lrSdEiBOMVNbGe5PIUhBCvuxgpjxah-ce4jXlcV3H7IfB_DxJ1-psFBJuTxW5ZKuy0MLxURMF_xzLkmqqr9KQ9io-s-m1kphsb7AQO5ak68EcW_Duw2=w80-h106-k-no","","","","",""
"https://www.google.com/maps/place/Fitness+Plus+Sawojajar/data=!4m7!3m6!1s0x2dd629607d529263:0xb29f96d13858643b!8m2!3d-7.9810727!4d112.6545997!16s%2Fg%2F11w2_ln1y1!19sChIJY5JSfWAp1i0RO2RYONGWn7I?authuser=0&hl=id&rclk=1","Fitness Plus Sawojajar","4,6","(269)","Tempat Fitness","·","","Jl. Danau Toba H, RT.006/RW.08","","Buka 24 jam","https://lh3.googleusercontent.com/gps-cs-s/APNQkAEyiIJQxtUKQ3sLAWEbg3UQfVMtluqJuN49hX5cBv0iVo3RlQ9yD4DXqHCPeA8XTYfHujF_2qlgBYzBYEztoGAirP3ccV8AjHAnNbHfMq6tUFs3jGqx83QfxhVJPNaEDTsmYZ7x6SZ8kLPp=w122-h92-k-no","https://ssl.gstatic.com/local/servicebusiness/default_user.png","""Finally pertama coba","tempat gym","yg cozy bikin betah dan semangat ngegym.""",""
"https://www.google.com/maps/place/Muaythai+Kick+Boxing+Malang+Terbaik+Sejak+2019+-+Boa+Muaythai/data=!4m7!3m6!1s0x2dd6298c318322c7:0x2efeb61b4192c359!8m2!3d-7.9528443!4d112.6260603!16s%2Fg%2F11h5vjpdvq!19sChIJxyKDMYwp1i0RWcOSQRu2_i4?authuser=0&hl=id&rclk=1","Muaythai Kick Boxing Malang Terbaik Sejak 2019 - Boa Muaythai","4,8","(150)","Tempat Fitness","·","","·","Jl. Bunga Tj. No.14","Tutup","https://lh3.googleusercontent.com/gps-cs-s/APNQkAGumT-baoAJEkAb_aITJMtzk9MeRqDVk0Fc7dowIhwu4VUh4u9j2vVzABqC-pS3Oz_mae-3Skm6-6WES5qeyrT3McsyQkuuwuXnqpSlOLJgn5E3r2donDG4j-JA-M0oGrmJrPQ=w163-h92-k-no","https://ssl.gstatic.com/local/servicebusiness/default_user.png","""","Tempat","terbaik untuk latihan muaythai (ada kelas boxing juga).""","· Buka pukul 07.00"
"https://www.google.com/maps/place/EC+Sport+Aerobic/data=!4m7!3m6!1s0x2dd629e7e18a5a4d:0x42f448b3e3815290!8m2!3d-7.9403136!4d112.6315597!16s%2Fg%2F11f2drlkv8!19sChIJTVqK4ecp1i0RkFKB47NI9EI?authuser=0&hl=id&rclk=1","EC Sport Aerobic","5,0","(1)","Pusat Kebugaran","·","","Ruko Soekarno Hatta, Blok B6","","Tutup","https://maps.gstatic.com/tactile/pane/result-no-thumbnail-2x.png","","","","","· Buka Sen pukul 08.00"
"https://www.google.com/maps/place/M+Gym/data=!4m7!3m6!1s0x2dd629c22bd99777:0x571c069650e71d28!8m2!3d-7.943013!4d112.637502!16s%2Fg%2F11b6v9yws2!19sChIJd5fZK8Ip1i0RKB3nUJYGHFc?authuser=0&hl=id&rclk=1","M Gym","4,7","(115)","Pusat kebugaran","·","","·","STIE ABM, Jl. Terusan Candi Kalasan","Tutup","https://lh3.googleusercontent.com/gps-cs-s/APNQkAE8agUzWjdALpggeV9n01lui31jDX5_ePIk0pnt3FYIPD4g-Lpb6hV_Hyrtbuqj4lq4YDjA_Exct4GuBhH8OSK1CLKcuaEyD9S-EnzrjawHt3Rgoqyp9g8Wr5c-MotjW_BbWvwbrw=w122-h92-k-no","https://ssl.gstatic.com/local/servicebusiness/default_user.png","""","tempat gym","nyaman dan murah.""","· Buka pukul 07.00"
"https://www.google.com/maps/place/Perguruan+Pencak+Silat+Merpati+Putih+Universitas+Brawijaya/data=!4m7!3m6!1s0x2e7882796743144d:0x81da41aac657d3c9!8m2!3d-7.9521485!4d112.6166434!16s%2Fg%2F11b6d59f8k!19sChIJTRRDZ3mCeC4RydNXxqpB2oE?authuser=0&hl=id&rclk=1","Perguruan Pencak Silat Merpati Putih Universitas Brawijaya","4,7","(13)","Sekolah Bela Diri","·","","Jl. MT. Haryono No.169 Kav 8","","Tutup","https://lh3.googleusercontent.com/gps-proxy/ALd4DhFWFpWVIMwIec8MqlSUDfqP2SbgkY4_hZEPYmYnqipHWwObn0uY47Eu7fR1nq4EooBbPeDWo3qoMgtO23vTXhL8f0dC3j5y-n8gM9i1mzhJRGpVf-5reE-fa7ieNpCNxH8xDeEFEHHV3fX-fJWUC4I_jyWTzcZ90OYQnKaU4jrU0Ez3dyZMv-0RQXr4JwdhiaTT1sE=w122-h92-k-no","","","","","· Buka pukul 07.00"
"https://www.google.com/maps/place/Gedung+Serbaguna+Vinolia+05/data=!4m7!3m6!1s0x2e7883240fc6bd67:0x396c31a325daafbb!8m2!3d-7.9369101!4d112.6124582!16s%2Fg%2F11qm3q66ln!19sChIJZ73GDySDeC4Ru6_aJaMxbDk?authuser=0&hl=id&rclk=1","Gedung Serbaguna Vinolia 05","5,0","(3)","Tempat Fitness","·","","3J76+6XP","","Tutup","https://streetviewpixels-pa.googleapis.com/v1/thumbnail?panoid=oyiPG2m9tNzbddJnxUKLIQ&cb_client=search.gws-prod.gps&w=80&h=92&yaw=204.07825&pitch=0&thumbfov=100","https://ssl.gstatic.com/local/servicebusiness/default_user.png","""Deket kampus, tapi lantai nya agak licin jadi mohon diperhatikan""","","","· Buka pukul 07.00"
"https://www.google.com/maps/place/Fresh+Fitness+Malang/data=!4m7!3m6!1s0x2dd62a0813ecdf45:0x7dfd6745787eabca!8m2!3d-7.9100517!4d112.6205856!16s%2Fg%2F11cn5mw8ys!19sChIJRd_sEwgq1i0Ryqt-eEVn_X0?authuser=0&hl=id&rclk=1","Fresh Fitness Malang","4,3","(79)","Tempat Fitness","·","","·","Jl. Raya Kagrengan No.18","Tutup","https://lh3.googleusercontent.com/gps-cs-s/APNQkAF6-5YmdAYrQ4kj8ZxXHJENEA9DzgeTlxRP9bs19aSvLTiG0d4-MbzPWQGZeiHiw62T7UmsVP8JLWfUNGp60jYLl3NOfzieATnU--wckoSU_inhkA8rHy-cwboQxBhY3EWa3A7IEQ=w122-h92-k-no","https://ssl.gstatic.com/local/servicebusiness/default_user.png","""","Tempat gym","yang nyaman""","· Buka pukul 06.30"
"https://www.google.com/maps/place/F2+Studio+Fresh+n+Fit/data=!4m7!3m6!1s0x2e78821a0fc1c9b7:0xfb050969a8839ed!8m2!3d-7.9270082!4d112.6021842!16s%2Fg%2F11bzrj46p_!19sChIJt8nBDxqCeC4R7TmImpZQsA8?authuser=0&hl=id&rclk=1","F2 Studio Fresh n Fit","5,0","(4)","Tempat Fitness","·","","Jl. Raya Tlogomas No.30","","","https://lh3.googleusercontent.com/gps-cs-s/APNQkAEW-2h6VQOJwaSAcmeSrJyRCBZCxSarXK53e0X_EKtfPKZR62FbVIqskL_69oEk_92_BY1rPxbeN3vfZhK04t32KRvAjKi3b1emYYALw1usdqNUP0pHvP81WMw_7sOyiXYFNPza=w122-h92-k-no","","","","",""
"https://www.google.com/maps/place/Fitness+Centre+Darmawangsa/data=!4m7!3m6!1s0x2dd6283e3a28c495:0xd79f22fe98ef5f34!8m2!3d-7.9804248!4d112.63983!16s%2Fg%2F11s45_n3bw!19sChIJlcQoOj4o1i0RNF_vmP4in9c?authuser=0&hl=id&rclk=1","Fitness Centre Darmawangsa","4,7","(43)","Tempat Fitness","·","","Komplek Ruko, Jl.Untung Suropati Utara","","Tutup","https://lh3.googleusercontent.com/gps-cs-s/APNQkAHyZ9yMF7znHDM8xzEcMpXskGv6IGBGXH67M-tdgijCBwRccrMr2N3P6mD8Rjwf3m6RNCKGdCQ1PIvAp5lcuB8RX2vh0to-JNqvQ20_YXHxm591IsOifXNgcNhJci-AFl9EN40x=w122-h92-k-no","https://ssl.gstatic.com/local/servicebusiness/default_user.png","""Murah puol, alat","gym","lengkap.""","· Buka pukul 07.00"
"https://www.google.com/maps/place/Herbalife+coach+fitri/data=!4m7!3m6!1s0x2e7883b04aea2f35:0x25e148118676a8ab!8m2!3d-7.9482463!4d112.6044801!16s%2Fg%2F11h9pbt987!19sChIJNS_qSrCDeC4Rq6h2hhFI4SU?authuser=0&hl=id&rclk=1","Herbalife coach fitri","5,0","(1)","Pusat kebugaran","·","","kos nafisah, Jl. Sunan Kalijaga pwrum edelweis, griya No.dalam kav 6","","Buka 24 jam","https://lh3.googleusercontent.com/gps-cs-s/APNQkAHBHgHtlt5iWawlbWX5QzHmW4hCAN4P-t7U_SGXXe9-Q0e8D5Ox07CCuJmX54V9dXZ841a19lYpIZNXbReijB3I1K1ZRk0qqtZ3hVdWt-l9ydBlTpEZ8JAAadPCK_vRSVzCJu0k=w80-h173-k-no","","","","",""
"https://www.google.com/maps/place/Degym+Platinum+Malang/data=!4m7!3m6!1s0x2dd629005032d67b:0x1d33d44d34411bb6!8m2!3d-7.9734668!4d112.6275089!16s%2Fg%2F11lnnqj3pz!19sChIJe9YyUAAp1i0RthtBNE3UMx0?authuser=0&hl=id&rclk=1","Degym Platinum Malang","5,0","(8)","Tempat Fitness","·","","Jl. Bromo No.45","","Tutup","https://lh3.googleusercontent.com/gps-cs-s/APNQkAFhYcqncRQnxXpeoki0JeLZV6hPrKKeG3xVF_haw2JKMRjJ2-wf_L0ukZTHuEF5403HVgDAPaGI0UFgRIWfptY2bKcaslcqnQV6wzr0dOnDPrvixccqwI7vTUBCvc4W_pN8hi3y-l8RxMkR=w80-h106-k-no","https://ssl.gstatic.com/local/servicebusiness/default_user.png","""","Gym","yg lengkap, bersih, nyaman udah ada shower air hangat, free weight""","· Buka pukul 06.00"
"https://www.google.com/maps/place/FitnFresh+Exclusive+Yoga+Club+Tidar/data=!4m7!3m6!1s0x2e78837a3cf7b971:0xd23e1fec1326d3fc!8m2!3d-7.9623107!4d112.5997226!16s%2Fg%2F11l22ng081!19sChIJcbn3PHqDeC4R_NMmE-wfPtI?authuser=0&hl=id&rclk=1","FitnFresh Exclusive Yoga Club Tidar","4,0","(4)","Studio Yoga","·","","2HQX+3VH, Jl. Telaga Bodas","","Tutup","https://lh3.googleusercontent.com/gps-cs-s/APNQkAGNPrWWWlXxNWIBLqU1nVuATyCn8uzrDUNCGj6bwPGq0wL2ktphOdXBjaALIIQRiTKlNIF9fUj1xu1qOdCbwuAEMXPfj-XIseCdD2go1iYTWgqRen-ydTJIRCHjyL_E99YaBzim=w132-h92-k-no","https://ssl.gstatic.com/local/servicebusiness/default_user.png","""Bagus profesional class""","","","· Buka Sen pukul 07.00"
"https://www.google.com/maps/place/Pojok+Sehat/data=!4m7!3m6!1s0x2dd629c674bba287:0x15f494b76dc5f06b!8m2!3d-7.9495607!4d112.6380372!16s%2Fg%2F11gbwysy81!19sChIJh6K7dMYp1i0Ra_DFbbeU9BU?authuser=0&hl=id&rclk=1","Pojok Sehat","4,9","(14)","Pusat kebugaran","·","","·","Jl. Bantaran No.1c No. 6","Tutup","https://lh3.googleusercontent.com/gps-cs-s/APNQkAEC-XM_iDLDyYoyvw6Uhtcc3EUXZ1xhHAzr0URPoxJr44yryJhqG8ehN4asBn9eRpUcjfC1_dzsYl4T04ZmyUWwoh4m1Vj4JtmXYcLiUEtXbXvIz4WnMNLAE3iYfNz_8ybEDVKu=w92-h92-k-no","https://ssl.gstatic.com/local/servicebusiness/default_user.png","""Best banget diet lebih sehat aman dan menyenangkan 🥰""","","","· Buka pukul 06.00"
"https://www.google.com/maps/place/Ppjk+Plokotho/data=!4m7!3m6!1s0x2dd629faa8db8189:0x6d4dcc708edc4bd!8m2!3d-7.9552081!4d112.6302662!16s%2Fg%2F11fq_vgcyx!19sChIJiYHbqPop1i0RvcTtCMfc1AY?authuser=0&hl=id&rclk=1","Ppjk Plokotho","5,0","(3)","Tempat Fitness","·","","Jl. Pudak No.14","","","https://streetviewpixels-pa.googleapis.com/v1/thumbnail?panoid=atTcmEi248IlFMor6L4eBA&cb_client=search.gws-prod.gps&w=80&h=92&yaw=23.246624&pitch=0&thumbfov=100","https://ssl.gstatic.com/local/servicebusiness/default_user.png","""enak, affordable, worth to try, cocok banget jd langganannya anak kosayu""","","",""
"https://www.google.com/maps/place/Club+Bunga/data=!4m7!3m6!1s0x2dd629cdf6395053:0x6a91223fcda7df45!8m2!3d-7.9578659!4d112.6317819!16s%2Fg%2F11b6glzd5n!19sChIJU1A59s0p1i0RRd-nzT8ikWo?authuser=0&hl=id&rclk=1","Club Bunga","4,5","(11)","Pusat kebugaran","·","","Jl. Mawar No.29A","","Tutup","https://lh3.googleusercontent.com/gps-proxy/ALd4DhE1THfjl2vY4ojxOcoNgp29ozyNghFQQSrO4hkJQATG3lbb5htVtqrSR15ux1mS9nB8VHp3afRgdVvFmE0apInJoqFDs7nYddSmjmFVfMLNMb-QOf5IWa_9oCZX1yHKV_OfnNxjo1EMcL_4g4Rs22m4CHPyj8XlcQZr3bqb-G3FThTcMSuOA-4X7VfqIwTxejQFrmU=w122-h92-k-no","","","","","· Buka pukul 08.00"
"https://www.google.com/maps/place/Stellar+Powerhouse+VPT/data=!4m7!3m6!1s0x2e7883f7b29b850f:0x494f728eed319515!8m2!3d-7.9572279!4d112.5907301!16s%2Fg%2F11h64mj866!19sChIJD4WbsveDeC4RFZUx7Y5yT0k?authuser=0&hl=id&rclk=1","Stellar Powerhouse VPT","4,8","(32)","Tempat Fitness","·","","Villa Puncak Tidar blok I no. 9B","","Tutup","https://lh3.googleusercontent.com/gps-cs-s/APNQkAGyiuzFR_mLL_slz_jUA8iDCt2iM6Mus_Coc2bEYK7tL7TJjebOx9dj80_5lJQ3C3xtI7I2vCJQtxmj9ymWN3_Ds9JZpc3wync8H9Kr50uTCNjnsbDCo0Cb36nrSKCnzEpCXnP7cq_rG6U=w80-h142-k-no","https://ssl.gstatic.com/local/servicebusiness/default_user.png","""Coach nya banyak dan baik2, mau membantu goal yang kita inginkan""","","","· Buka Sen pukul 06.00"
"https://www.google.com/maps/place/Arjosari+Gym+%28Fitness+Malang%29/data=!4m7!3m6!1s0x2dd6299b653639c9:0xe73f1d3c3e91724b!8m2!3d-7.9311441!4d112.660985!16s%2Fg%2F11ggs45gdb!19sChIJyTk2ZZsp1i0RS3KRPjwdP-c?authuser=0&hl=id&rclk=1","Arjosari Gym (Fitness Malang)","4,6","(52)","Tempat Fitness","·","","·","3M96+G9X, Jl. Teluk Cendrawasih, RT.1/RW.5","Tutup","https://lh3.googleusercontent.com/gps-cs-s/APNQkAE6qjtTtEU1d_Apz41pmKIrxqr_bfTj_Fz5oibeIV0aiywq_jA-HmgjNEJB-jtWDG4l8NIdkhPzAvTHege8M1LpCe8olIuYytEgta9XCCiMbr1bR9k-0jUta_Sk2I53zMgjC1Ww9g=w122-h92-k-no","https://ssl.gstatic.com/local/servicebusiness/default_user.png","""","gym","murah..bisa latihan full body disini""","· Buka pukul 05.00"
"https://www.google.com/maps/place/Egy+Gym/data=!4m7!3m6!1s0x2dd62843566ef8c9:0xde506f294b2f8480!8m2!3d-7.9757548!4d112.6551702!16s%2Fg%2F11b75l9h30!19sChIJyfhuVkMo1i0RgIQvSylvUN4?authuser=0&hl=id&rclk=1","Egy Gym","4,3","(156)","Pusat kebugaran","·","","·","Ruko WOW, Blok AP II Jl. Raya Sawojajar No.9","Tutup","https://lh3.googleusercontent.com/gps-cs-s/APNQkAF7UvhAPCvkkVVsqDERc8Wpu7DwCRMLVGY6Q3NtvRG9otQ6-K__iOWdWTMpskY19tGWvCqQpXYC-jSm3E0ps1eW5zgRtXK-wFud8G3GJcAjr3VLVs-2xesr9ItiovRg9mJjKF-nLQ=w80-h142-k-no","https://ssl.gstatic.com/local/servicebusiness/default_user.png","""adminnya ramah, alat","gym","nya lengkap dan tempatnya bersih dan nyaman""","· Buka pukul 07.00"
"https://www.google.com/maps/place/Apocalypse+Women+GYM/data=!4m7!3m6!1s0x2dd629026bcef171:0xe96b347ddb2fd1d2!8m2!3d-7.9596272!4d112.6641228!16s%2Fg%2F11tnxsmj25!19sChIJcfHOawIp1i0R0tEv2300a-k?authuser=0&hl=id&rclk=1","Apocalypse Women GYM","4,9","(226)","Tempat Fitness","·","","·","Jl. Industri Wendit Barat","Tutup","https://lh3.googleusercontent.com/gps-cs-s/APNQkAHlxSb_FF5vfBoDP_iap7IPh_W4s1ndT1PlDUVC38pCh9lmn1ly7ycuEL5ZQEqJ6LsEOZ2g1TASqUVBn81iwfd-VsI8HlTaTcsKPVAju1kMAD9yUhKyr6maCGlq0C_XPSoyDYJ2=w80-h106-k-no","https://ssl.gstatic.com/local/servicebusiness/default_user.png","""","Tempat Gym","tercomfortable, dg fasilitas yg lengkap, dg temen"" yg seru"" 🥰🫶""","· Buka pukul 07.30"
"https://www.google.com/maps/place/HERBALIFE+DINOYO/data=!4m7!3m6!1s0x2e7883882538fbc7:0x6f20d99c718aa8e6!8m2!3d-7.9382128!4d112.6071963!16s%2Fg%2F11fq8n_sg0!19sChIJx_s4JYiDeC4R5qiKcZzZIG8?authuser=0&hl=id&rclk=1","HERBALIFE DINOYO","1,0","(1)","Pusat Kebugaran","·","","Pasar Terpadu Dinoyo, Jl. MT. Haryono","","Tutup","https://lh3.googleusercontent.com/gps-cs-s/APNQkAF8k2JLca44cUXugn2qluRHrX92mbuzf_zJPobg8YoY9ypQVxuV_6DDiz2tELprfanxXNVLvV839Q2YA3QZoUFiUaXpf8ltm1YqsAibCn7umIOrTSQJx7G65GQbwaw-_UQVShLWVQ=w80-h106-k-no","","","","","· Buka pukul 07.30"
"https://www.google.com/maps/place/Just+Quality+Juice+-+6+jam+Diet+Kenyang/data=!4m7!3m6!1s0x2dd629664eca14d9:0xda1e33da15318f7b!8m2!3d-7.9470407!4d112.6085175!16s%2Fg%2F11gxh8d800!19sChIJ2RTKTmYp1i0Re48xFdozHto?authuser=0&hl=id&rclk=1","Just Quality Juice - 6 jam Diet Kenyang","","","Jus","·","","Jl. Simpang Gajayana No.12B","","","https://lh3.googleusercontent.com/gps-cs-s/APNQkAEswtKQjLVFnQvkeNCTubEou13O7vklpsUmMqtUetps_it0R5_ZTXASN7CyNsRCx6u4Z5x7rf4lZIa3594GJsjDPjsGz_FQbGYKR2_4OCQ4tnoxJszckMMYw-2ROIZqA4c1MNTv=w153-h92-k-no","","Makan di tempat","Bawa pulang","",""
"https://www.google.com/maps/place/Yakuza+Home+Training/data=!4m7!3m6!1s0x2e7883005c211af7:0x77e62d62015a2c37!8m2!3d-7.9508399!4d112.5924112!16s%2Fg%2F11y75f35bw!19sChIJ9xohXACDeC4RNyxaAWIt5nc?authuser=0&hl=id&rclk=1","Yakuza Home Training","5,0","(8)","Tempat Fitness","·","","Perum. Greenland at Tidar Blok AC 10","","Tutup","https://lh3.googleusercontent.com/gps-cs-s/APNQkAGIBOgWVUdk0V1aaWY_gS2-wQZlIH3KztxZhlTCiz4vKAyUAOpmWfTF98A311RdJFjxZ3_45OOcIGd0qVa3Tu6DoHhVqU2zuYauq7e0SBMmAK_CULyuR7XgnRIRViUwuD00xhdZqw=w80-h106-k-no","https://ssl.gstatic.com/local/servicebusiness/default_user.png","""","Tempat","berlatih","· Buka pukul 06.00"
"https://www.google.com/maps/place/Lion+boxing+academy/data=!4m7!3m6!1s0x2e7883f56540efdf:0xf7c1f8a8c80a0c4f!8m2!3d-7.9659039!4d112.601811!16s%2Fg%2F11qglk_1ns!19sChIJ3-9AZfWDeC4RTwwKyKj4wfc?authuser=0&hl=id&rclk=1","Lion boxing academy","4,9","(29)","Sasana Tinju","·","","Jl. Villa Tidar Indah No.12","","Tutup","https://lh3.googleusercontent.com/gps-cs-s/APNQkAEaweYo0SRQcZzdLBJ2FCvINrQmV12dQIrlFDOlaWEfnRe9kP2iNe1U30YeNzG1ZMIGzivUy5-I_g0tdOZOgiYGwEMXgVmkzcQUQWnCeVUH2C0GWeCHgMCXSDwXCSHw9O_pttg0Pw=w122-h92-k-no","https://ssl.gstatic.com/local/servicebusiness/default_user.png","""Coachnya professional & baik""""","","","· Buka pukul 15.00"
"https://www.google.com/maps/place/Spiritful+Studio+2+Okabawes/data=!4m7!3m6!1s0x2dd629d3aa59cb6d:0xc5f8512156293ad3!8m2!3d-7.966857!4d112.633762!16s%2Fg%2F11h_cnngsr!19sChIJbctZqtMp1i0R0zopViFR-MU?authuser=0&hl=id&rclk=1","Spiritful Studio 2 Okabawes","4,8","(28)","Tempat Fitness","·","","Jl. Jaksa Agung Suprapto No.42, RW.3","","","https://lh3.googleusercontent.com/gps-cs-s/APNQkAH9GIxu0LTfrIFzPBo2R46Ivm-CtgwSix1mZDUu6ZORbEeE0FcspZ2g1ZOCv6G_h-tjKCRxO8PCq3B10pmIkTFj-VUzOj7mu4o_GZjWzRw_pP_4rLXtNddM_hUWqDVC-ULVLnGo=w163-h92-k-no","https://ssl.gstatic.com/local/servicebusiness/default_user.png","""Suka zumba di sini tempatnya bagus bersih zin ya ramah""🥰""","","",""
"https://www.google.com/maps/place/Smart+Gym/data=!4m7!3m6!1s0x2dd6290303d7aa0d:0x7fe4a2fad07f0531!8m2!3d-7.9453449!4d112.6509809!16s%2Fg%2F11fs7t1djr!19sChIJDarXAwMp1i0RMQV_0Pqi5H8?authuser=0&hl=id&rclk=1","Smart Gym","4,8","(211)","Tempat Fitness","·","","·","Jl. Laksda Adi Sucipto No.190","Tutup","https://lh3.googleusercontent.com/gps-cs-s/APNQkAF3EOSDofVgRDgKuRaM91EGzzWldaGS08XzLGS8Zd0lUqHn8xkQ0pbYX_Ciu4zrhFuj2TXq8cQf9WN1BfmtUZKIrNMwVgKO4aTWewvEv4hWe1rBZ8_eeETmYE-auei-09ZYoUMh=w199-h92-k-no","https://ssl.gstatic.com/local/servicebusiness/default_user.png","""Best lah buat","gym","+ ada tmpt Olga buat zumba serta","· Buka pukul 06.00"
"https://www.google.com/maps/place/Body+Gym+Fitnes+Center+Dan+Aerobic/data=!4m7!3m6!1s0x2dd628f5d8660d93:0xa5a21e52e6f55ff7!8m2!3d-7.9745787!4d112.6696901!16s%2Fg%2F11btm9tr60!19sChIJkw1m2PUo1i0R91_15lIeoqU?authuser=0&hl=id&rclk=1","Body Gym Fitnes Center Dan Aerobic","4,6","(230)","Tempat Fitness","·","","·","Jl. Danau Jonge No.27 Blok H7D","Tutup","https://lh3.googleusercontent.com/gps-cs-s/APNQkAHxQkNEV-HEOmN_usMh4iH9fzD-Otvs2vC5gNEQDx-LufbXfnsUvuUcfmVmaU61hfy64F4PHanMhkLI8T3KNzyjvKwk7M0fMPE8pO7UJlCpcrcj80Tv8n48qXEYS5ftCLrxrgF6=w122-h92-k-no","https://ssl.gstatic.com/local/servicebusiness/default_user.png","""Biasanya pagi2 jam 6-7 pagi sepi, pas untuk","gym","sebelum ngantor.""","· Buka pukul 06.00"
"https://www.google.com/maps/place/Sanggar+Sehat+Segar/data=!4m7!3m6!1s0x2e78828df0220b3f:0xf0234bf9b9c70d2!8m2!3d-7.9728069!4d112.6010883!16s%2Fg%2F11tcznvb41!19sChIJPwsi8I2CeC4R0nCcm780Ag8?authuser=0&hl=id&rclk=1","Sanggar Sehat Segar","5,0","(1)","Tempat Fitness","","","","","","https://streetviewpixels-pa.googleapis.com/v1/thumbnail?panoid=Gi5l2cug9V0sNQioqeGcYA&cb_client=search.gws-prod.gps&w=80&h=92&yaw=171.22646&pitch=0&thumbfov=100","https://ssl.gstatic.com/local/servicebusiness/default_user.png","""Pangkalan ojol dieng""","","",""
"https://www.google.com/maps/place/Coach+herbalife+malang/data=!4m7!3m6!1s0x2e78834d60c5e497:0x5640daacb57cffb5!8m2!3d-7.9488678!4d112.6042646!16s%2Fg%2F11q84fqhfr!19sChIJl-TFYE2DeC4Rtf98tazaQFY?authuser=0&hl=id&rclk=1","Coach herbalife malang","","","Pusat kebugaran","·","","Jl. Joyosuko Timur Metro III No.56A, RT.03/RW.12","","Tutup","https://lh3.googleusercontent.com/gps-cs-s/APNQkAGn3IWE_XFcd-kf7pCbJ55P6_LtDVBGAcbgr2Lzzm7avKSK3iVBlILlNGM29qWkQ5jttjsBOWWsvOsDVparEIxKYtqUu5r3fKjbBaG-mPSOvNsSn8v_l4FMrkkZ6vYCbC-ZwPoufg=w122-h92-k-no","","Layanan di tempat","Kelas online","","· Buka pukul 06.45"
"https://www.google.com/maps/place/Workout+Container+GYM/data=!4m7!3m6!1s0x2e78811a2ae4e39b:0x1d8787dc2e664a5!8m2!3d-7.9151203!4d112.5870178!16s%2Fg%2F11h2xsl1ny!19sChIJm-PkKhqBeC4RpWTmwn142AE?authuser=0&hl=id&rclk=1","Workout Container GYM","4,4","(34)","Tempat Fitness","·","","Jl. Raya Sengkaling No.188","","Tutup","https://lh3.googleusercontent.com/gps-cs-s/APNQkAH5T8Agi1I2PUcBuOsgAW1aE3lFp4RY6rqAABNor40D8OncIRIaxTGxhcLqjtP3fs_BGYpFBbpydFl1cLg_1G_n09_DTTCzryjB-VrVDXzvMqMAdia2vlBquuMVqHXshDY6v1Tc1w=w80-h106-k-no","https://ssl.gstatic.com/local/servicebusiness/default_user.png","""Ada fasilitas sauna yang jarang","tempat gym","lain punya.""","· Buka pukul 07.00"
"https://www.google.com/maps/place/Maximal+Strength+Gym/data=!4m7!3m6!1s0x2dd6293be40c4b97:0x6e4679813c9efe9a!8m2!3d-7.9572052!4d112.6562895!16s%2Fg%2F11xmxtbzk_!19sChIJl0sM5Dsp1i0Rmv6ePIF5Rm4?authuser=0&hl=id&rclk=1","Maximal Strength Gym","5,0","(13)","Tempat Fitness","·","","Jl. Simpang Sulfat Utara Ruko No.24","","Tutup","https://lh3.googleusercontent.com/gps-cs-s/APNQkAHVltrcfsOASCf4tbyTgzwVif275mI432h_dTdxzByDN6X-eGlWzSiupGQvdypmxlTEy8natWpAgNc64KRwgbziAmZUFOlNFw8b3hu4w9D5r5AMjMWFP6XcXAw6tnMhcusyN4-ZGmouC8Gj=w122-h92-k-no","https://ssl.gstatic.com/local/servicebusiness/default_user.png","""alatnya standart kompetisi powerlifting, ada conventional","gym","nya juga.""","· Buka pukul 06.30"
"https://www.google.com/maps/place/KLUB+MENTARI/data=!4m7!3m6!1s0x2dd6291dcd8094cb:0x2283e58a9cff0ab5!8m2!3d-7.9405096!4d112.6387165!16s%2Fg%2F11fd7gt755!19sChIJy5SAzR0p1i0RtQr_nIrlgyI?authuser=0&hl=id&rclk=1","KLUB MENTARI","5,0","(3)","Pusat kebugaran","·","","Jl. Borobudur No.60","","","https://lh3.googleusercontent.com/gps-cs-s/APNQkAGdn8XQfFa2EdwHgIONonB9C8T7-8ukbw7t5SIX89M985WgLrpmwhlzbxZJtHfxg3ZBkmfafNSG6HjpXc1uTG1wpwaitu55zndzXQ7InZz5dnQX9XgKhxELX5yauMvZyVuc3v4QXA=w80-h142-k-no","","","","",""
"https://www.google.com/maps/place/Balancd+Studio/data=!4m7!3m6!1s0x2dd62960dc855591:0x7608e3ff338a1a4a!8m2!3d-7.9715452!4d112.6232488!16s%2Fg%2F11zhw_m2jp!19sChIJkVWF3GAp1i0RShqKM__jCHY?authuser=0&hl=id&rclk=1","Balancd Studio","4,0","(3)","Studio Pilates","·","","Jl. Lawu No.10","","Tutup","https://lh3.googleusercontent.com/gps-cs-s/APNQkAGkRSHpBccwtfEbiSFzWb_9ZjOU3KYKNB-j6RW9OsGq3XEY_WH9G6AQ6DcfoBBh-JpMHBzehAaj7TihfxnoMy4tQdbjOphvwJ-4EPvf7tcWUPZu_8svvbA0PPuyusO9FHq5hPf3zYxflV8=w80-h106-k-no","https://ssl.gstatic.com/local/servicebusiness/default_user.png","""Mantap, layanan pilatesnya bisa disesuaikan dg kebutuhan client.""","","","· Buka Sen pukul 07.00"
"https://www.google.com/maps/place/Galaxy+Gym+Malang/data=!4m7!3m6!1s0x2dd6293982466a03:0xce9af5288e002d8d!8m2!3d-7.9636258!4d112.6546502!16s%2Fg%2F11pr79rgmg!19sChIJA2pGgjkp1i0RjS0Ajij1ms4?authuser=0&hl=id&rclk=1","Galaxy Gym Malang","4,3","(139)","Tempat Fitness","·","","·","Jl. Simpang Sulfat Selatan No.5","Tutup","https://lh3.googleusercontent.com/gps-cs-s/APNQkAHFaXAer6sN3PtX3y6EKPBQEuIU1L48z3HJr76RqeVOyTuQSu3bRZpaGcDRreSh4ntvZTEn2Ay_FOi2PY37b-1XtuwQaeRbtsQ4D9Ybhjh26WeDx-d_Pm55G6k-nJrrGfReH8yrQw=w80-h106-k-no","https://ssl.gstatic.com/local/servicebusiness/default_user.png","""Lantai 1 ada","gym",", lantai 2 hall studio buat Zumba, pound, dll.""","· Buka Sen pukul 05.30"
"https://www.google.com/maps/place/JOE+SPORT+CENTER/data=!4m7!3m6!1s0x2e7883c435e62719:0xa36c4e3df26027e5!8m2!3d-7.979258!4d112.598303!16s%2Fg%2F11tx3rqtmc!19sChIJGSfmNcSDeC4R5Sdg8j1ObKM?authuser=0&hl=id&rclk=1","JOE SPORT CENTER","4,9","(26)","Gym Tinju Muay Thai","·","","Jl. Bandulan No.29","","","https://lh3.googleusercontent.com/gps-cs-s/APNQkAFVYMxxlUACgQFNB42O-ZBmgLgIzOD8qFD6i7vv36xKhonHWaz3w8IaewqJkxVAt5BaSsLWi7fSbQB6UEUA0RVDNyPZwf9sgcpZdYhynj8sy7V2qHzx_F7B0t1aMDv7sHXXwqbIBg=w122-h92-k-no","https://ssl.gstatic.com/local/servicebusiness/default_user.png","""Cuma minus gaada treadmill karena emang membershipnya murah bgt yaaa.""","","",""
"https://www.google.com/maps/place/Maskot+fitness/data=!4m7!3m6!1s0x2e7881cc0579d489:0x3f160c8e1a5af043!8m2!3d-7.9180856!4d112.589815!16s%2Fg%2F11w9kpllpv!19sChIJidR5BcyBeC4RQ_BaGo4MFj8?authuser=0&hl=id&rclk=1","Maskot fitness","4,8","(4)","Tempat Fitness","·","","akses keluar masuk, lewat gang sebelah ruko, Jl. Raya Sengkaling No.118 lantai 2","","Tutup","https://lh3.googleusercontent.com/gps-cs-s/APNQkAHpJ9uZrQCaa7Oqgc8MCKR0URoA5S6hhhoheclyFDQpSxHO4xO7PfQZKSlXW_ZMTJVKQ-3yCIeTlDgS2bnCGw1dCX7m3Eh3XBs2F2-mBgUzAh40VEk9IGmvVGL0i6a4B9gdXrI6=w80-h106-k-no","https://ssl.gstatic.com/local/servicebusiness/default_user.png","""Tempatnya bagus""","","","· Buka pukul 07.00"
"https://www.google.com/maps/place/Sanggar+Senam+Taurus/data=!4m7!3m6!1s0x2e78820d6e4f4c43:0xf93a1e9169ac3581!8m2!3d-7.9402!4d112.606497!16s%2Fg%2F1pzrlzndt!19sChIJQ0xPbg2CeC4RgTWsaZEeOvk?authuser=0&hl=id&rclk=1","Sanggar Senam Taurus","5,0","(4)","Pusat Kebugaran","·","","·","Jl. MT Haryono Gg. 10 Blk. B No.1110, RT.5/RW.5","","https://lh3.googleusercontent.com/gps-proxy/ALd4DhF8yT46g5HStYVwy_3yecWMEcQJbkKhl8YF2B72yAPqNijtLmFZlXJSd7Z9VoCr1Ypwn7fr4vxHR_TgZM5XmgXg-QzS1lLkFuF4291NdHESUUvNPziFEGK_TO3UQpw8KMBmm1NttZamuArbg3-grizSxcAXkzLJ64s8Ksc5Igc2Dfgh1U65dc2PlPitqHqVkRpg0w=w122-h92-k-no","","","","",""
"https://www.google.com/maps/place/Kephet+Boxing+Camp/data=!4m7!3m6!1s0x2e7882097f24c7d7:0x69e7065ce436d44f!8m2!3d-7.9366013!4d112.6167426!16s%2Fg%2F11c0t8v0k1!19sChIJ18ckfwmCeC4RT9Q25FwG52k?authuser=0&hl=id&rclk=1","Kephet Boxing Camp","3,5","(2)","Sekolah Kickboxing","·","","Jl. Simpang Candi Panggung No.65","","","https://lh3.googleusercontent.com/gps-cs-s/APNQkAHuLyO40KAlAK84H8dnTLhZGAVPj9Ap5E0NMplrrQ0rOiHp5A7EmAZbzrBboTg8BeZkr9bpDVRZfZEJK2CZ9EZU3QA9Coc7opt4S0ogaXbBp5DBdGYO-f40YCDSbaZeAbdFqIBS=w122-h92-k-no","","","","",""
"https://www.google.com/maps/place/Cengger+Gym/data=!4m7!3m6!1s0x2dd629002f8dd8c5:0x48884e956f2d0ea1!8m2!3d-7.9461854!4d112.6313045!16s%2Fg%2F11xz5j4x6x!19sChIJxdiNLwAp1i0RoQ4tb5VOiEg?authuser=0&hl=id&rclk=1","Cengger Gym","1,9","(8)","Gym Tinju Muay Thai","·","","Jl. Cengger Ayam I No.3","","Buka 24 jam","https://streetviewpixels-pa.googleapis.com/v1/thumbnail?panoid=bvxzjhdAuZ4-upiIVyF2Gw&cb_client=search.gws-prod.gps&w=80&h=92&yaw=17.682314&pitch=0&thumbfov=100","https://ssl.gstatic.com/local/servicebusiness/default_user.png","""wah bagus pol tah tempatnya""","","",""
"https://www.google.com/maps/place/Venosa+D63/data=!4m7!3m6!1s0x2dd6290065dab0df:0xbbb7de09fffeb9e8!8m2!3d-7.9336999!4d112.6248771!16s%2Fg%2F11yprs2cnl!19sChIJ37DaZQAp1i0R6Ln-_wnet7s?authuser=0&hl=id&rclk=1","Venosa D63","","","Tempat Fitness","·","","Jl. Terusan Sudimoro No.15, RT.09/RW.007","","","https://streetviewpixels-pa.googleapis.com/v1/thumbnail?panoid=8BTRbt8CEP8zo_lqR8PygA&cb_client=search.gws-prod.gps&w=80&h=92&yaw=30.783886&pitch=0&thumbfov=100","","","","",""
"https://www.google.com/maps/place/The+Society+Studio/data=!4m7!3m6!1s0x2e788310ad972a91:0xd9b18187f7408fbd!8m2!3d-7.9652242!4d112.5933697!16s%2Fg%2F11x8hcd2m3!19sChIJkSqXrRCDeC4RvY9A94eBsdk?authuser=0&hl=id&rclk=1","The Society Studio","5,0","(13)","Studio latihan","·","","di atas Dentical Dental, Elpico Mall 24, Lantai 2 Lantai 2","","Tutup","https://lh3.googleusercontent.com/gps-cs-s/APNQkAFMVqG7X0tVDw_RtZjap2Q9I6RBWG6ssJfNy83vkShnwWFrspNINI10qFsCQF0umpi14isDU_QwnR9LTiUOt_J7v2_KCWyljBN3DZL4ddLIRUc6XZI09ntmyLiPcdld88ELy5QafsnYhNI=w80-h142-k-no","https://ssl.gstatic.com/local/servicebusiness/default_user.png","""","Tempat","nice, coach nice""","· Buka pukul 09.00"
"https://www.google.com/maps/place/SAM+Fitness+Store/data=!4m7!3m6!1s0x2e7882991dfc608d:0x8d66805480b17af7!8m2!3d-7.9803494!4d112.6120692!16s%2Fg%2F11ckqsyt4t!19sChIJjWD8HZmCeC4R93qxgFSAZo0?authuser=0&hl=id&rclk=1","SAM Fitness Store","4,8","(113)","Toko Vitamin & Suplemen","·","","·","Jl. Kurmo No.18","Tutup","https://lh3.googleusercontent.com/gps-cs-s/APNQkAHuFom9dcFlBiIK9MDfWy-EVZM6LvT17dwfBW90r64FIBawz6CzzmzNic2GDxoMf0g1H3sjkUHdDAEHXXnAuLAYXDt-g2h0IPFMjPN22heMa2A7pko89Tocv-34d9ORgKT6g24=w163-h92-k-no","https://ssl.gstatic.com/local/servicebusiness/default_user.png","""","Tempat","recommended buat belanja suplemen","· Buka pukul 12.00"
"https://www.google.com/maps/place/Fitnessworks+Malang+Black+Lanners/data=!4m7!3m6!1s0x2dd6298889da2fc3:0xb582854b8ee2c092!8m2!3d-7.9375625!4d112.6773125!16s%2Fg%2F11y94hhzvh!19sChIJwy_aiYgp1i0RksDijkuFgrU?authuser=0&hl=id&rclk=1","Fitnessworks Malang Black Lanners","5,0","(418)","Tempat Fitness","·","","3M6G+XWV","","Tutup","https://lh3.googleusercontent.com/gps-cs-s/APNQkAHlmI_kzDeuqZdc0rRMrSX_phfqpvrHta3RsX6rk2OF0_1mpeYeJouWFefh3jbNaldj4SXNN_QHRg6_Kmlq43u3dlItFbxNXQYnX5qz78oPgvLpnCLSzu1ukhK8tsjzfDTsNgkUYc6xjzln=w80-h106-k-no","https://ssl.gstatic.com/local/servicebusiness/default_user.png","""","Gym","luas, bersih, alat lengkap, parkiran luas, dan staffnya friendly.""","· Buka pukul 05.00"
"https://www.google.com/maps/place/Sanggar+Senam+Naila/data=!4m7!3m6!1s0x2e788215d4d9db23:0x52ef3197a407ef34!8m2!3d-7.937993!4d112.5988998!16s%2Fg%2F11hcylmfb0!19sChIJI9vZ1BWCeC4RNO8HpJcx71I?authuser=0&hl=id&rclk=1","Sanggar Senam Naila","4,7","(7)","Pusat Kebugaran","·","","Jl. Tlogo Suryo No.3, RT.04/RW.02","","Tutup","https://lh3.googleusercontent.com/gps-cs-s/APNQkAGBFWUydGWfP4MqCSYsMWOurpxosTfHGU22WxNGonlGAOwKduNYmkmsFZ93_x9NtfrNe15YygYWP7m2ktU9pxMVeA4eMdxAlRpdhF7gLieTzmodVg8AeQ90SAVFC9g17bPSzJsE=w122-h92-k-no","","","","","· Buka Sen pukul 07.30"
"https://www.google.com/maps/place/Harris+Fitness/data=!4m7!3m6!1s0x2dd6298cbd66557f:0xe3f576c38ccc7852!8m2!3d-7.9259228!4d112.6452207!16s%2Fg%2F11g69h9kvm!19sChIJf1VmvYwp1i0RUnjMjMN29eM?authuser=0&hl=id&rclk=1","Harris Fitness","5,0","(9)","Tempat Fitness","·","","Jl. A Yani Utara Riverside Block C-1, Polowijen, Blimbing","","Tutup","https://lh3.googleusercontent.com/gps-cs-s/APNQkAFxDeM4oK2ufe03HYHL6lWhz6FLzSfMEGKQGxkEksOWycehNFcdKxQ_z7aLkxmolI0ZuqjAtk0_PfOS7esUkRSQjCn4F5PvAIcx715NUJgSe0W4CQd8belPeh3jqEXhHAJcQTVX9Rx9GG0=w163-h92-k-no","https://ssl.gstatic.com/local/servicebusiness/default_user.png","""Bagus banget""","","","· Buka pukul 06.00"
"https://www.google.com/maps/place/FIT+HUB+Dieng+Malang/data=!4m7!3m6!1s0x2e78830f21aed5f1:0xe7d45d7e956c83ac!8m2!3d-7.972982!4d112.613444!16s%2Fg%2F11w2j2rvrn!19sChIJ8dWuIQ-DeC4RrINslX5d1Oc?authuser=0&hl=id&rclk=1","FIT HUB Dieng Malang","4,8","(453)","Tempat Fitness","·","","No.32 Jalan Dieng","Tutup","· Buka pukul 06.00","https://lh3.googleusercontent.com/p/AF1QipN2MUMPmcNJ8P6Jlq5tlY7oWUX-x85YCIfG3HWL=w160-h184-p-k-no","","","","",""
"https://www.google.com/maps/place/FIT+HUB+Dieng+Malang/data=!4m7!3m6!1s0x2e78830f21aed5f1:0xe7d45d7e956c83ac!8m2!3d-7.972982!4d112.613444!16s%2Fg%2F11w2j2rvrn!19sChIJ8dWuIQ-DeC4RrINslX5d1Oc?authuser=0&hl=id&rclk=1","FIT HUB Dieng Malang","4,8","(453)","Tempat Fitness","·","","No.32 Jalan Dieng","Tutup","· Buka pukul 06.00","https://lh3.googleusercontent.com/p/AF1QipO0nB8NLw19vF6qP6c8DAfyDWYEUAXsg2-XP0Yg=w160-h184-p-k-no","","","","",""
"https://www.google.com/maps/place/Hirond%27Elle,+Sophrology/data=!4m7!3m6!1s0x2dd6297736d15bab:0x24106e66841ce72c!8m2!3d-7.9583125!4d112.625188!16s%2Fg%2F11qnmdggc4!19sChIJq1vRNncp1i0RLOcchGZuECQ?authuser=0&hl=id&rclk=1","Hirond'Elle, Sophrology","","","Studio Yoga","·","","Jl. Kintamani","","Tutup","https://lh3.googleusercontent.com/gps-cs-s/APNQkAGgexR_DbEDaAPKJ7dFS1v9tk3J3h1rtbnpc11sTCdw60QE64ISm_9OkSt1Fdxs4SJG9aoWDt5urqpqhdatLS2e1f5VWvx-doK5KhhVP7G-u7Q_UnX8hRMLqQH4-ZoouFq1XOI=w80-h120-k-no","","","","","· Buka Sen pukul 08.00"
"https://www.google.com/maps/place/OLIVE+TREE+STUDIO/data=!4m7!3m6!1s0x2e78829c1b6f8717:0x8f8adfd434f6d662!8m2!3d-7.9774832!4d112.6149116!16s%2Fg%2F11cmw402jp!19sChIJF4dvG5yCeC4RYtb2NNTfio8?authuser=0&hl=id&rclk=1","OLIVE TREE STUDIO","4,4","(28)","Tempat Fitness","·","","·","Jl. Kepundung No.43","Tutup","https://lh3.googleusercontent.com/gps-cs-s/APNQkAFydIk6pFHIOnP6TV_ELEMgcsb0wLdynwOi-wXojcLkW7PvyHfda84HsxqZy-m_1bBpB-l5HaZUP0NKMNfHhHntWfA1KOUy4VwU7Z4jD-feZzClZ0PBpZJhe7ifG4fJvqxYFne4=w122-h92-k-no","https://ssl.gstatic.com/local/servicebusiness/default_user.png","""bagus enak dan rekomnded""","","","· Buka Sen pukul 07.00"
"https://www.google.com/maps/place/Lapangan+Tennis+Wijaya+Kusuma/data=!4m7!3m6!1s0x2dd629cfb8c4c5f5:0x4626990391099318!8m2!3d-7.952901!4d112.6333783!16s%2Fg%2F11f0kkdxn3!19sChIJ9cXEuM8p1i0RGJMJkQOZJkY?authuser=0&hl=id&rclk=1","Lapangan Tennis Wijaya Kusuma","4,7","(39)","Tempat Fitness","·","","·","Jl. Wijaya Kusuma No.18","","https://lh3.googleusercontent.com/gps-cs-s/APNQkAEn1xuNDNmR8-h2iAkxzXJ0nct_ZEvLdXpKXn4STzRlNMfvou0OsF1ZY9yULv4ck0d_ynPI-bi5QXcSnk32xDvAfaAvpB8s1NCvfmBKb5S9bfQsSzyvV4J20cY2E9VorGQoIuyd=w163-h92-k-no","https://ssl.gstatic.com/local/servicebusiness/default_user.png","""Bagus sekali""","","",""
"https://www.google.com/maps/place/D+Profesional+Fitness+Gym/data=!4m7!3m6!1s0x2e789d36b7ef0d51:0xdbc71c0c7da679a2!8m2!3d-8.0118627!4d112.5904498!16s%2Fg%2F11gdchyc5b!19sChIJUQ3vtzadeC4RonmmfQwcx9s?authuser=0&hl=id&rclk=1","D Profesional Fitness Gym","4,6","(36)","Pusat Kebugaran","·","","·","Gg. Salak No.40, RT.3/RW.1","Tutup","https://lh3.googleusercontent.com/gps-cs-s/APNQkAECd9luB26oTHJ_Yj1OaC2_o1tPjteo4WtikX0ckMsRhoo_H8GcuwQ9hz5eaRVL70yokkbZT-RT-yBzgVzEOjzGHD676craq0yiAbVPSRSHA1QEOTJiiOlwYy7_RiFzKlVMBFXq=w92-h92-k-no","https://ssl.gstatic.com/local/servicebusiness/default_user.png","""","Gym","yang bagus udara terbuka gak pengap...""","· Buka pukul 07.00"
"https://www.google.com/maps/place/Coach+Herbalife+Malang/data=!4m7!3m6!1s0x2e7883cc5d40b719:0x5792ed3e7a45da7!8m2!3d-7.9385899!4d112.6077681!16s%2Fg%2F11pbd8l_tl!19sChIJGbdAXcyDeC4Rp12k59MueQU?authuser=0&hl=id&rclk=1","Coach Herbalife Malang","","","Pusat Kebugaran","·","","3J65+H46","","","https://streetviewpixels-pa.googleapis.com/v1/thumbnail?panoid=IlZTQ9gxf8SAYEzlXRUGOQ&cb_client=search.gws-prod.gps&w=80&h=92&yaw=348.89362&pitch=0&thumbfov=100","","","","",""
"https://www.google.com/maps/place/Pilates+and+Flow+Studio/data=!4m7!3m6!1s0x2e7883d759ba1b79:0x42a2ab9013a7f955!8m2!3d-7.9598234!4d112.5886399!16s%2Fg%2F11t4_8zjsb!19sChIJeRu6WdeDeC4RVfmnE5CrokI?authuser=0&hl=id&rclk=1","Pilates and Flow Studio","5,0","(24)","Studio Pilates","·","","Jl. Villa Puncak Tidar No.L-1","","Tutup","https://lh3.googleusercontent.com/gps-cs-s/APNQkAGxoU8ix0gK13eXVWidRGecEl_HpRIn4ZFu_MFKMJH9zCN6QpZwjs2lfUkM-YmLhStYoiKxbFMIdR410QZX8iICY7293BbHUiUbbZ_KgAxQRESTGxhLx3fE8wdpWOgbwwMNvG6oWg=w80-h102-k-no","https://ssl.gstatic.com/local/servicebusiness/default_user.png","""Terbaik se malang raya, coach nya juga profesional dan super baik2.""","","","· Buka Sen pukul 06.30"
"https://www.google.com/maps/place/Kalme+Pilates/data=!4m7!3m6!1s0x2e788307506fb1c3:0xe0bf73e7d01c6eb6!8m2!3d-7.9736229!4d112.6127092!16s%2Fg%2F11z5x98_sq!19sChIJw7FvUAeDeC4Rtm4c0Odzv-A?authuser=0&hl=id&rclk=1","Kalme Pilates","","","Studio Pilates","·","","Malang City Point, Jl. Terusan Dieng No. 32, Mall No.8A","","Tutup","https://lh3.googleusercontent.com/gps-cs-s/APNQkAH01trJOxRv_Ugd5qDJX9_GOW-O2IRF-q_w8ueJg55YGLWwLghdumTTe_RCzW2wLOimbcvGpq9TYXbsWb8awy9r6_WEYujugfh_Cq5y8lr29eS9bRcu6nSsRsD88gq03CY5SnesKsmRjjtW=w80-h120-k-no","","","","","· Buka pukul 10.00"
"https://www.google.com/maps/place/Art+D%27Lourdes/data=!4m7!3m6!1s0x2e78830928979339:0x13e9a197cf43a733!8m2!3d-7.965602!4d112.6068206!16s%2Fg%2F11f8k1z74s!19sChIJOZOXKAmDeC4RM6dDz5eh6RM?authuser=0&hl=id&rclk=1","Art D'Lourdes","5,0","(12)","Studio Yoga","·","","Jl. Raya Tidar No.54","","Tutup","https://lh3.googleusercontent.com/gps-cs-s/APNQkAHkFDpqwXk1Xla-cq2l9w0zUjtRLdKmmsQ1Nk5m87wvgrdziHz5s6gU6IMsI75pn3_GfqyD_1KDLWqa57LS9Ipf_bsTApVSu5NbUUZ0fui5GEJMIl56JBw5WuWsl4Flx7ZS1no=w122-h92-k-no","","","","","· Buka Sen pukul 08.00"
"https://www.google.com/maps/place/Klub+Harmoni+Bareng/data=!4m7!3m6!1s0x2dd62999b0374c13:0xad5e49172fc03e92!8m2!3d-7.9771176!4d112.6204095!16s%2Fg%2F11xdrtld2d!19sChIJE0w3sJkp1i0Rkj7ALxdJXq0?authuser=0&hl=id&rclk=1","Klub Harmoni Bareng","5,0","(31)","Toko Nutrisi Olahraga","·","","Pasar Rakyat Bareng, Jl. Terusan Ijen Lantai 2, Stand No. 17","","Tutup","https://lh3.googleusercontent.com/gps-cs-s/APNQkAHVv-FghCQKXQksSkuR5Ju-NRFGAUb1Zy86x9IY9dUyTdr0LX5yNeddgBR8Se1c3Twe1IT-MO5K97z_nUUzV4wnRws6jRYL8LjyEAJb1S98HMnvSajjcOfLgH1Zpwd82F0RRICbFigftiTX=w80-h106-k-no","https://ssl.gstatic.com/local/servicebusiness/default_user.png","""Tempatnya bagus nyaman kita juga dikasih edukasi tentang kesehatan""","","","· Buka Sen pukul 08.00"
"https://www.google.com/maps/place/Energik+Power+Yoga/data=!4m7!3m6!1s0x2dd629c1ac6bfa79:0x8fa5be9ac4dbde88!8m2!3d-7.942762!4d112.640446!16s%2Fg%2F11b6v49p6m!19sChIJefprrMEp1i0RiN7bxJq-pY8?authuser=0&hl=id&rclk=1","Energik Power Yoga","4,9","(25)","Studio Yoga","·","","·","Jl. Candi Kidal No.26","Tutup","https://lh3.googleusercontent.com/gps-cs-s/APNQkAE9Ai62tr6Rshk7BwU10rGIB1iVDoi1T_20woLsNs9TNSarMwq1c9vUVqFUpVqD6WRcciVuG1rm3wQSiqO9F7ItLeDeNxCs8UzoHbs1tL10mcSphgAZ0fOXzApX-wl-BngfPEruZw=w80-h176-k-no","https://ssl.gstatic.com/local/servicebusiness/default_user.png","""Jadwal yoga sore jam berapa?""","","","· Buka Sen pukul 07.30"
"https://www.google.com/maps/place/Body+and+Mind+Indonesia+%28Safa+Yoga%29/data=!4m7!3m6!1s0x2dd629501b503ad5:0xd44f1a660e43bb08!8m2!3d-7.9691017!4d112.6250562!16s%2Fg%2F11wv8w28fv!19sChIJ1TpQG1Ap1i0RCLtDDmYaT9Q?authuser=0&hl=id&rclk=1","Body and Mind Indonesia (Safa Yoga)","5,0","(71)","Studio Yoga","·","","Jl. Cikurai No.5","","Tutup","https://lh3.googleusercontent.com/gps-cs-s/APNQkAHwCmBkSel1lez2GBkgM5hsGFEbT59PPQ22t9pYRDxh3xXmCFfx6PIi0fe3WMPBAD1WZWGiAcRINGxi9NQeLWakYAQnDkK-Pgbc8RiDxckpTUs-XlaFi34tJzXzXi1ymF2bz28eqA=w80-h142-k-no","https://ssl.gstatic.com/local/servicebusiness/default_user.png","""Tempatnya nyaman, bersih, pengajarnya sangat informatif bangettt 🤍🤍""","","","· Buka pukul 08.00"
"https://www.google.com/maps/place/Sanggar+Senam+Devi/data=!4m7!3m6!1s0x2e78830075ae3c51:0x32a3494c2f2dc2c!8m2!3d-7.9604687!4d112.5988204!16s%2Fg%2F11y995js_l!19sChIJUTyudQCDeC4RLNzywpQ0KgM?authuser=0&hl=id&rclk=1","Sanggar Senam Devi","5,0","(2)","Pusat kebugaran","·","","Jl. Puncak Esberg VE 2 No.5","","Tutup","https://lh3.googleusercontent.com/gps-cs-s/APNQkAGCfnNS52gKEYx2ZVCkVmHSzRNTzt7wIHp9uwKjiO-V7rJ1ca-1-q7rV2NtdFXOsfuVNHGdAwSrrULah8KB4ArHMiQIPaIkANBkSgb6njhsPqcMdlEEh0-fZZfoDmqdVIxHqLE=w122-h92-k-no","","","","","· Buka Sen pukul 07.00"
"https://www.google.com/maps/place/De+Spa+%26+Fitness/data=!4m7!3m6!1s0x2dd6283340b0aca5:0x67eb7bec07d4eb65!8m2!3d-7.9624021!4d112.636484!16s%2Fg%2F11b6f506b8!19sChIJpaywQDMo1i0RZevUB-x762c?authuser=0&hl=id&rclk=1","De Spa & Fitness","3,8","(13)","Tempat Fitness","·","","savana Hotel, Jl. Letjen Sutoyo No.30-34","","Tutup","https://lh3.googleusercontent.com/gps-proxy/ALd4DhEyBai1-rL9-BkM1bA2Vfc8PRGlZBQbTRksahvaNvixPqVtx2Eo9LosvAhwkyCiLa6cgEtOcPIxZmb4I1SFETA3ixcsmmBGAsm5ksw5rIzxEbKRTHGWePVE-ZHtJmcDAjgsFXqPMsp60Ql4RwOZ879JxxX2SKmVvouZ0HCN5UPKKpk49xzLsZhmbxsMTgzWqnmgW7A=w122-h92-k-no","","","","","· Buka pukul 09.00"
"https://www.google.com/maps/place/Rocky+Gym/data=!4m7!3m6!1s0x2dd627f0fe24460b:0xae557d6a456345c4!8m2!3d-8.0150336!4d112.6285185!16s%2Fg%2F11g6bv1w47!19sChIJC0Yk_vAn1i0RxEVjRWp9Va4?authuser=0&hl=id&rclk=1","Rocky Gym","4,6","(105)","Tempat Fitness","·","","·","Jl. Raya Gadang No.238","Tutup","https://lh3.googleusercontent.com/gps-cs-s/APNQkAEKPAL7eHuI5aI_8YFXGCA6PG2tOt9k9Edt8WjLtqJo2CU3EOqTVSx0ke5YNa8so7JX2aMEz_o3VD6oYHzziUyyAP0mfMtEjMfWLed5quCqGWuIFp0qkuRz4MNdTPVWJC7FSazc-g=w163-h92-k-no","https://ssl.gstatic.com/local/servicebusiness/default_user.png","""","GYM","Recommended, Owner-nya ramah bersahabat 👍👍👍""","· Buka Sen pukul 06.00"
"https://www.google.com/maps/place/Istana+Dieng+Club+House/data=!4m7!3m6!1s0x2dd62826602732d5:0xc59678a9fc8ed376!8m2!3d-7.9773782!4d112.6008607!16s%2Fg%2F1pztj90r1!19sChIJ1TInYCYo1i0RdtOO_Kl4lsU?authuser=0&hl=id&rclk=1","Istana Dieng Club House","4,4","(2.043)","Country Club","·","","·","2JF2+28X, Perumahan Istana Dieng Jalan Istana Dieng, Raya III","Tutup","https://lh3.googleusercontent.com/gps-cs-s/APNQkAHSgXKnP-Dd-eTOXwiuB_uGrvpXG_X4l_Me4HRBHf7uxvv_vO7l5bGUjFiTuQEdWoPMwzIjtGLbFLcz0LOURyggv0bVtFZg6UHoGrbKd-ziVD6TSwOk0-M2qI8k74DeDLxk0hRy=w163-h92-k-no","https://ssl.gstatic.com/local/servicebusiness/default_user.png","""","Tempat gym","paling lengkap.""","· Buka pukul 05.30"
"https://www.google.com/maps/place/Masterpro+GYM+%26+Fitness/data=!4m7!3m6!1s0x2dd62867efdd423f:0x3fce883230cbeec7!8m2!3d-7.9810806!4d112.6564633!16s%2Fg%2F11h6npctnk!19sChIJP0Ld72co1i0Rx-7LMDKIzj8?authuser=0&hl=id&rclk=1","Masterpro GYM & Fitness","4,4","(35)","Tempat Fitness","·","","Jl. Selat Bali","","","https://lh3.googleusercontent.com/gps-cs-s/APNQkAH0-7LKWtcYX_DX7K8VLLZv0PaY0YvrAMjFTS7oz49jRy0BKH1PYKFa_n03MQ0SsJDsImnlNZyfYk2tSkz8xxABuTtHGrDeKqE2W7oA4RKJaby_f2FXGvJPXeMRxK5I7BrRPpc0iQ=w163-h92-k-no","https://ssl.gstatic.com/local/servicebusiness/default_user.png","""Lumayan mesinnya banyak tempatnya nyaman""","","",""
"https://www.google.com/maps/place/Lyvka+Studio/data=!4m7!3m6!1s0x2dd6290549f16d55:0x5cd065c610d8249a!8m2!3d-7.9436147!4d112.6336685!16s%2Fg%2F11xfh5vfgf!19sChIJVW3xSQUp1i0RmiTYEMZl0Fw?authuser=0&hl=id&rclk=1","Lyvka Studio","5,0","(9)","Studio Yoga","·","","Jl. Candi Mendut No.6","","Tutup","https://lh3.googleusercontent.com/gps-cs-s/APNQkAFNM541_dpP_WdsxHWn4b2fFsMzyZYMkUzEtmAgNNr0YioL-ADzEtWfkOR5652yiRBjqCyBaCzzleq343mxgp7t1VhYb4fBioLyM3j-GXbC37NKxzkEWgQPVewfMBvQZntDkvcCeyRHoTmz=w80-h142-k-no","https://ssl.gstatic.com/local/servicebusiness/default_user.png","""Teacher/coachnya sabar, friendly dan supportif.""","","","· Buka Sen pukul 08.00"
"https://www.google.com/maps/place/Herbalife+Malang/data=!4m7!3m6!1s0x2dd629d554c1db93:0x962c67bcb689861e!8m2!3d-7.9310204!4d112.6217472!16s%2Fg%2F11fk18cwdh!19sChIJk9vBVNUp1i0RHoaJtrxnLJY?authuser=0&hl=id&rclk=1","Herbalife Malang","4,6","(5)","Pusat kebugaran","·","","Permata Jingga, blok Mawar II No.28","","Tutup","https://lh3.googleusercontent.com/gps-cs-s/APNQkAGpkXJpa3dkBUksQHxDIMYYvt0IdL8nudaaFO-in9Kv73Hd23P_jPGgJ9-qzOsDFaPRoKTaBclmDieU2MQaWahxnPnDcRaCzRdXqgGviZVEzZy465-mEwMDhYv95_B2zYSVW9f_QQ=w80-h106-k-no","","","","","· Buka pukul 08.00"
"https://www.google.com/maps/place/Safa+Fitness+Center/data=!4m7!3m6!1s0x2dd628f78bdfe6a7:0xff5dee8f08605f5c!8m2!3d-7.9715044!4d112.6708782!16s%2Fg%2F1td10p6b!19sChIJp-bfi_co1i0RXF9gCI_uXf8?authuser=0&hl=id&rclk=1","Safa Fitness Center","4,6","(236)","Tempat Fitness","·","","·","Jalan Simpang Wisnu Wardhana 1 Jl. Raya Madyopuro No.7-E","Tutup","https://lh3.googleusercontent.com/gps-cs-s/APNQkAF1mEdNH03PDCBert-Ouh_hlwUZXdbn9-6sjM4vQ-TIy0cJtTNLvmFbKBeCVjVdPmNFMIp0lVuJNBoTdZzfOJG-p6Q1FMgwS1m2pAcoC-_ySFr2f8L-1WDgcCj3j0ZFR4_OiAEZ=w122-h92-k-no","https://ssl.gstatic.com/local/servicebusiness/default_user.png","""","Gym","bersih, orangnya ramah - ramah, alat lengkap kerenn.""","· Buka pukul 06.00"
"https://www.google.com/maps/place/TEAM+JUDAS+PERFORMANCE+ACADEMY+%28BJJ,+MUAYTHAI,+BOXING,+MMA%29/data=!4m7!3m6!1s0x2e7883f88164190f:0x6d301d7258388107!8m2!3d-7.9653721!4d112.5915153!16s%2Fg%2F11fhwfk4qh!19sChIJDxlkgfiDeC4RB4E4WHIdMG0?authuser=0&hl=id&rclk=1","TEAM JUDAS PERFORMANCE ACADEMY (BJJ, MUAYTHAI, BOXING, MMA)","5,0","(14)","Tempat Fitness","·","","Vila Puncak Tidar No.17 Blok AF no 16","","","https://lh3.googleusercontent.com/gps-cs-s/APNQkAESxKIQ2bs8z4hj1EeSrYOxU10G8TtHxGHPHA5pg-bLiDr0-rAjTulvXLBL73jOtc6c56dkBnv471uVmlUetDDVJc7j-cy7xI8Y-Ddd_zvOboxDYb-WlvomUuwhIDF6Juxi0dg=w163-h92-k-no","","","","",""
"","","","","","","","","","","","","","","",""