"hfpxzc href","qBF1Pd","MW4etd","UY7F9","AJB7ye","AJB7ye 2","W4Efsd","W4Efsd 2","doJOZc","W4Efsd 3","W4Efsd 4","W4Efsd 5","FQ2IWe src","Jn12ke src","ah5Ghc","ah5Ghc 2","ah5Ghc 3","W4Efsd 6"
"","","","","","","","","","","","","","","","","",""
"","","","","","","","","","","","","","","","","",""
"https://www.google.com/maps/place/Warung+Tegal/data=!4m7!3m6!1s0x2e7883e9ba24389b:0x818648970d2b76fb!8m2!3d-7.9580361!4d112.6098426!16s%2Fg%2F11mvn6hrp3!19sChIJmzgkuumDeC4R-3YrDZdIhoE?authuser=0&hl=id&rclk=1","Warung Tegal","4,5","(85)","·","Rp 1–25.000","Restoran","·","","·","2JR5+QWP, Jl. Sigura - Gura","Buka 24 jam","https://lh3.googleusercontent.com/gps-cs-s/APNQkAGSMTwhpsQwfSsfNLL3mG-zqLHZwTud_uPG_DJhYDlfrXFlN9C6-6j6ux1hJEWTM6D3pbOravGT_-L4-3wFg8uz_ITAaJ__mDyOxbAtRvEwNqlFs5qxjh50xWoYavYk2KxRl7RZ=w122-h92-k-no","https://ssl.gstatic.com/local/servicebusiness/default_user.png","""enak murah pol""","","",""
"https://www.google.com/maps/place/Warteg+24+Jam/data=!4m7!3m6!1s0x2e788353611bd7b3:0x2696ecf93f4d54e9!8m2!3d-7.9580946!4d112.609875!16s%2Fg%2F11hsrd7_74!19sChIJs9cbYVODeC4R6VRNP_nsliY?authuser=0&hl=id&rclk=1","Warteg 24 Jam","4,5","(44)","·","Rp 1–25.000","Tegal","·","","·","Jl. Sigura - Gura No.16","Buka 24 jam","https://lh3.googleusercontent.com/gps-cs-s/APNQkAGL9g7SatJ14UJ42yEdh5LF0ZWhNtaPXb95q30p3ogGOgMvEt1ZJGb-oBzvajSTk8CIMXxPEfYV--kkdQaXgwqeJt8G1FED6C7dGM0UGEJJSFstt6e4wkZerfomeMQotEkyJKOgYA=w163-h92-k-no","https://ssl.gstatic.com/local/servicebusiness/default_user.png","""Murah, Enak, Ramah""","","",""
"https://www.google.com/maps/place/WARTEG+KHARISMA+BAHARI/data=!4m7!3m6!1s0x2e78830068441333:0x9c05166679a80596!8m2!3d-7.957037!4d112.6129901!16s%2Fg%2F11xnnt56l2!19sChIJMxNEaACDeC4RlgWoeWYWBZw?authuser=0&hl=id&rclk=1","WARTEG KHARISMA BAHARI","4,4","(9)","·","Rp 1–25.000","Indonesia","·","","Jl. Bendungan Sutami No.1B","","","https://lh3.googleusercontent.com/gps-cs-s/APNQkAH4ldYQ8t1HyA3J6VWdvtJYzDReRlm7N6R8xQAtL_hvXi7Mr5b4us4z9YPtznLyOrH2FZXj5rY28l3bal6eYQEUMCOVi5MEyacaxbAJE9rE-OnGGqFD_z0jOwi7ETZhEyFnu055hCkigZz2=w92-h92-k-no","https://ssl.gstatic.com/local/servicebusiness/default_user.png","""Enak murah 10k pas buat kantong hanya 10k""","","",""
"https://www.google.com/maps/place/Warteg+Kharisma+Bahari+Gajayana/data=!4m7!3m6!1s0x2e7883003849820b:0xaf8ead17833496e1!8m2!3d-7.9501798!4d112.6089698!16s%2Fg%2F11zj0gy5ys!19sChIJC4JJOACDeC4R4ZY0gxetjq8?authuser=0&hl=id&rclk=1","Warteg Kharisma Bahari Gajayana","5,0","(2)","","","Dapur Umum","·","","Jl. Kertorejo No.01","","Buka 24 jam","https://lh3.googleusercontent.com/gps-cs-s/APNQkAE0IEjb6BEHryQezB221ER33btJxNNBAFxYKzEhUs74Ef8nlflrCEB6eC3SueR2YliN1pDpRRI1bmZHOXsfCWhdLzH6sb17RkpgkOgVyyWiBu8L-L8sC8p1rKHp1L1o9zDytybZYxS5OqLv=w80-h106-k-no","","","","",""
"https://www.google.com/maps/place/Tenggang+Rasa+sijurik/data=!4m7!3m6!1s0x2e78827193042d8d:0x301ff37bbeb1bc1a!8m2!3d-7.9482562!4d112.6096724!16s%2Fg%2F11b6chnnz3!19sChIJjS0Ek3GCeC4RGryxvnvzHzA?authuser=0&hl=id&rclk=1","Tenggang Rasa sijurik","4,5","(463)","·","Rp 1–25.000","Jawa","·","","·","Jl. Kerto Raharjo No.79","Buka 24 jam","https://lh3.googleusercontent.com/gps-cs-s/APNQkAHletGSJEbXrtM9CIXszNAPFZ3ofpaM6DxDSwBBo-hqJDPl1TLwAkjZ849QYVqlzF779m5I5GYO8hC04OmO-y9whg83X4Tkh_SQ2JSo3dG2LBc5RN9lvg5Xi798j_QtA09XWwQ=w122-h92-k-no","https://ssl.gstatic.com/local/servicebusiness/default_user.png","""Pelayanan dari pemilik","warteg","sangat ramah.""",""
"https://www.google.com/maps/place/Warteg+Sari+Rasa/data=!4m7!3m6!1s0x2e7883f9129c7001:0x3c00539a35ba1eb0!8m2!3d-7.9448281!4d112.6067841!16s%2Fg%2F11ndxm3l1q!19sChIJAXCcEvmDeC4RsB66NZpTADw?authuser=0&hl=id&rclk=1","Warteg Sari Rasa","4,6","(783)","·","Rp 1–25.000","Tegal","·","","·","Jl. Joyo Tambaksari No.18","Buka 24 jam","https://lh3.googleusercontent.com/gps-cs-s/APNQkAFEbAhUXaYfebIjfJ0E0cLGGXOD4RL4y9JOl-DyZFT_1_UXZoDdo_72gh9BSBIjnCXKTucoefdT4GNk-kSX-ZKDy_S0IJPKEGFK8J1LYTwaP-K7IpANAVYTMMYz5VPVV2TKpaZn=w163-h92-k-no","https://ssl.gstatic.com/local/servicebusiness/default_user.png","""Jujur ini","warteg","langganan dan murah, idola anak kos/kuliah.""",""
"https://www.google.com/maps/place/Warteg+Kharisma+Bahari+Sunan+Kalijaga/data=!4m7!3m6!1s0x2e7883006d4cadb5:0xe8cd60c069102209!8m2!3d-7.9481281!4d112.605962!16s%2Fg%2F11mm7g9ktc!19sChIJta1MbQCDeC4RCSIQacBgzeg?authuser=0&hl=id&rclk=1","Warteg Kharisma Bahari Sunan Kalijaga","4,4","(7)","","","Indonesia","·","","3J24+P9W, Ruko Sumbersari kalijaga, center, Jl. Sunan Kalijaga","","Buka 24 jam","https://lh3.googleusercontent.com/gps-cs-s/APNQkAFLnhXTGT0DmohW6q137jGawl3QcfhXcnLJ8ernYf30lFcZ8OX426b4zArPRkSqCvK5nhvzwoLpSjEyihA41SyL3_egHCIUbpjGDqU0XVmNO3P-fcjrU3iNAP4FzwFpvbNTbkDEuy3YDGke=w80-h142-k-no","https://ssl.gstatic.com/local/servicebusiness/default_user.png","""","warteg","kharisma bahari emang ga pernah salah guys, u should try this.""",""
"https://www.google.com/maps/place/Warteg+Kharisma+Bahari+Pak+Sayudi/data=!4m7!3m6!1s0x2e7883001cbee8f5:0x530aaadc5aeeb03b!8m2!3d-7.9575387!4d112.6071235!16s%2Fg%2F11xrp3ll7k!19sChIJ9ei-HACDeC4RO7DuWtyqClM?authuser=0&hl=id&rclk=1","Warteg Kharisma Bahari Pak Sayudi","4,9","(9)","·","Rp 1–25.000","Indonesia","·","","Jl. Sigura - Gura No.37C","","Buka 24 jam","https://lh3.googleusercontent.com/gps-cs-s/APNQkAFLztX8WLVh5OcjsVNzWWKXw6naBZ9OFm8a-00NuASSYckydloen4swpQ5MzhghAZ5uYeY9RTXZ4q2QBvemgnXr7rrohpJZeDopPMzHIamvvZ1KYfMMp-xbSFZZboS2J0OaKmx7UFiW849P=w80-h106-k-no","https://ssl.gstatic.com/local/servicebusiness/default_user.png","""Enak, murah meriah, tempatnya bersih, free air minum""","","",""
"https://www.google.com/maps/place/Warung+Pagi/data=!4m7!3m6!1s0x2e788272ef2eaf2b:0x62d8f2408ad4d5ec!8m2!3d-7.9439807!4d112.6102536!16s%2Fg%2F1hm3tgqzq!19sChIJK68u73KCeC4R7NXUikDy2GI?authuser=0&hl=id&rclk=1","Warung Pagi","3,9","(357)","·","$","Prasmanan","·","","·","Jl. Gajayana No.534","Buka 24 jam","https://lh3.googleusercontent.com/gps-cs-s/APNQkAGN4Gn_5B0pG1KXnrcapKNo0lIV0QGLCnZxVzka37FQyV84Cp2UZQQ2d6JS2ENRrKVF4rlpNrg2c16_NsPmJaxhw7yGfFiKLSPAXDJTJWBlKx6h7lanxeVNpBmS0ySxOquMm8y3=w153-h92-k-no","https://ssl.gstatic.com/local/servicebusiness/default_user.png","""Harganya ramah di kantong.""","","",""
"https://www.google.com/maps/place/Warung+Hajah+Sarah/data=!4m7!3m6!1s0x2e78827bc0a6571d:0xd722fb2ba8b7ec7f!8m2!3d-7.9542426!4d112.6095135!16s%2Fg%2F1pzxn6x0n!19sChIJHVemwHuCeC4Rf-y3qCv7Itc?authuser=0&hl=id&rclk=1","Warung Hajah Sarah","4,4","(59)","·","Rp 1–25.000","Rumah Makan","·","","·","Gg. III No.207","Tutup","https://lh3.googleusercontent.com/gps-cs-s/APNQkAG1cDVc4_hjyB5Ic61NOmjNoQFu1FkHbwEtoGhs1ob3kRGFaJBhMlQ9xwNKZpiAaByJbyZo1B5NPQDAV5aK5OYWsVRnnBSMnrsZ1Wm6TeSFKdMLlbSiVG998mZVXfX8o_Zd4V6AhQ=w122-h92-k-no","https://ssl.gstatic.com/local/servicebusiness/default_user.png","""Rasa makanannya enak dibandingkan","warteg-warteg","lain di Malang.""","· Buka pukul 07.00"
"https://www.google.com/maps/place/Warung+Nasi+Matos+Bu+Kesy/data=!4m7!3m6!1s0x2e788271ee26783f:0x8759762a9e6dc6ce!8m2!3d-7.9481502!4d112.6088763!16s%2Fg%2F11g9lzwvwz!19sChIJP3gm7nGCeC4RzsZtnip2WYc?authuser=0&hl=id&rclk=1","Warung Nasi Matos Bu Kesy","4,7","(261)","·","Rp 1–25.000","Makanan Sehat","·","","·","Jl. Kertosentono No.2","Tutup","https://lh3.googleusercontent.com/gps-cs-s/APNQkAEHNrhYJ28ktSW7S_EJcTz8Az2am8BCN-4gJPhZEYqjGdksyJb1DHJrdZtCqTCctiakMLgj6mEUICXZvKU8dlXH8uZ-78skWZ6-hDdZHsvZLJofffNmd6-xYFdv9tzFwm0K5fpX=w80-h106-k-no","https://ssl.gstatic.com/local/servicebusiness/default_user.png","""Alhasil, lidahku paling cocok sama","warteg","ini.""","· Buka pukul 07.00"
"https://www.google.com/maps/place/warteg+citra+baru+bahari/data=!4m7!3m6!1s0x2e78830022d80867:0xd635cc76ed6c1155!8m2!3d-7.9453365!4d112.6174489!16s%2Fg%2F11y8lzkncy!19sChIJZwjYIgCDeC4RVRFs7XbMNdY?authuser=0&hl=id&rclk=1","warteg citra baru bahari","5,0","(2)","","","Makanan Kecil","·","","Jl. Kesumba Dalam No.2","","","https://streetviewpixels-pa.googleapis.com/v1/thumbnail?panoid=abCw8YmL9gugHvnj9d0EOQ&cb_client=search.gws-prod.gps&w=80&h=92&yaw=353.83408&pitch=0&thumbfov=100","https://ssl.gstatic.com/local/servicebusiness/default_user.png","""Makanannya enak, tempatnya bersih dan nyaman, pelayannya juga ramah""","","",""
"https://www.google.com/maps/place/WARTEG+CITRA+BARU+BAHARI/data=!4m7!3m6!1s0x2e78832d336a913f:0xa8a7c429a5f2afb7!8m2!3d-7.9526531!4d112.6188023!16s%2Fg%2F11t5_0s8_p!19sChIJP5FqMy2DeC4Rt6_ypSnEp6g?authuser=0&hl=id&rclk=1","WARTEG CITRA BARU BAHARI","4,2","(23)","·","Rp 1–25.000","Tegal","·","","·","Jl. Mayjend Panjaitan No.100","Buka 24 jam","https://lh3.googleusercontent.com/gps-cs-s/APNQkAF8byDpr9aqOw7L6ksjRYt9qPaK-C2nL7pe-8fK1Rvwi_BVGLjBNbfmXdAaPqmdSfaOgPcLkTKxnzDQ_TA7dn5BvH0T3Al2tZZIdQADgIH3TmqwZ2Mdb9z7ds_BL2aKr6Va8r8A=w80-h142-k-no","https://ssl.gstatic.com/local/servicebusiness/default_user.png","""Murah, enak, owner nya juga baik.. Menunya juga lengkap..""","","",""
"https://www.google.com/maps/place/Warung+Pudji+Mulyo/data=!4m7!3m6!1s0x2e7882723525e7d5:0xb7849386e212c877!8m2!3d-7.9463499!4d112.6109167!16s%2Fg%2F1pzw605jk!19sChIJ1eclNXKCeC4Rd8gS4oaThLc?authuser=0&hl=id&rclk=1","Warung Pudji Mulyo","4,5","(2.665)","·","Rp 1–25.000","Jawa","·","","·","Jl. Kerto Raharjo No.43","Tutup","https://lh3.googleusercontent.com/gps-cs-s/APNQkAEpj3WIM-WKHeDj1LkSUfNEQVqbJtSdCrfOwVaCyablv7giZTmkWRV3B5xQV11okytKjq3_V04_QDq6xasWR_RANOtJrIRHdlHuAcYrp1K7q1521ZBv9_0kb0wUvOWjtchaoue5MA=w163-h92-k-no","https://ssl.gstatic.com/local/servicebusiness/default_user.png","""Bersih, rapih, enak, cuman agak mahal dari pada","warteg","lainnya.""","· Buka pukul 06.00"
"https://www.google.com/maps/place/Kedai+Makcik+Yuni+1/data=!4m7!3m6!1s0x2e788328aac5124b:0x9335ee9452a40cf4!8m2!3d-7.9444446!4d112.6159219!16s%2Fg%2F11kb88lqc0!19sChIJSxLFqiiDeC4R9AykUpTuNZM?authuser=0&hl=id&rclk=1","Kedai Makcik Yuni 1","4,7","(94)","·","Rp 1–25.000","Nasi","·","","·","Jl. Senggani No.11A","Buka 24 jam","https://lh3.googleusercontent.com/gps-cs-s/APNQkAHb3swPnKv4r3EPEZ4mgK2J13qWoFNCg9sLLKvVfvZCOuJm-WJWaBngPpNYUKiSPMrN8gogtasjvuq1OeFdegaOaNTPBMNXlryWX73040qMk_Lv8TOyvBXWdoAAQj9DHPorLBxV=w122-h92-k-no","https://ssl.gstatic.com/local/servicebusiness/default_user.png","""Makanannya enak, tempat parkirnya luas, harganya pas di kantong Mahasiswa""","","",""
"https://www.google.com/maps/place/Warteg+Sarirasa+Cab.+Simpang+Gajayana/data=!4m7!3m6!1s0x2e78839ba7b79a9b:0xe483c1a69ca41998!8m2!3d-7.9472632!4d112.6055947!16s%2Fg%2F11sfqg_c5n!19sChIJm5q3p5uDeC4RmBmknKbBg-Q?authuser=0&hl=id&rclk=1","Warteg Sarirasa Cab. Simpang Gajayana","4,8","(294)","·","Rp 1–25.000","Restoran","·","","·","Jl. Simpang Gajayana No.72, RT.05/RW.01","","https://lh3.googleusercontent.com/gps-cs-s/APNQkAFyKEKWufhw8hzfkBVfy2c-E0kNa8v76d4sfKK7CIdDohNL_afplSGdGJdTSzVJoAbS4edeZ492ka0RYFe2w6C3q3Pe5hzm7dkfFScYDp7-HQuVkbE5r6g4QSMapNPUM-1AaC2uJ9Yo8gQh=w80-h106-k-no","https://ssl.gstatic.com/local/servicebusiness/default_user.png","""Jujur ini","warteg","langganan dan murah, idola anak kos/kuliah.""",""
"https://www.google.com/maps/place/Warung+Nasi+Bu+Pah/data=!4m7!3m6!1s0x2e788271f1a4b0e1:0x67ad07652b9a200c!8m2!3d-7.9479565!4d112.6088939!16s%2Fg%2F11b6cm8knw!19sChIJ4bCk8XGCeC4RDCCaK2UHrWc?authuser=0&hl=id&rclk=1","Warung Nasi Bu Pah","4,8","(134)","·","Rp 1–25.000","Jawa","·","","·","Jl. Kertosentono No.11","Tutup","https://lh3.googleusercontent.com/gps-cs-s/APNQkAE86J5lJCjBfB_jGh2tynXj5VJk_9ZIPumTcXijjyuxxjCwHsUaSTPYLBZOvPSayfXKJCHWW9rKcyHaM4-3RdJj__eiDwi5If0xK2gVzD94aaWovhK7rPRX8pnKp007gHAg5anz=w80-h106-k-no","https://ssl.gstatic.com/local/servicebusiness/default_user.png","""Murah dan enak, cocok untuk kantong anak kos hehe""","","","· Buka pukul 09.00"
"https://www.google.com/maps/place/Warung+Nikmat+Ninety+Nine/data=!4m7!3m6!1s0x2e7882710c43582f:0x29ba2acbd11b4755!8m2!3d-7.9487863!4d112.6112254!16s%2Fg%2F11b6cl8q12!19sChIJL1hDDHGCeC4RVUcb0csquik?authuser=0&hl=id&rclk=1","Warung Nikmat Ninety Nine","4,7","(23)","·","Rp 1–25.000","Prasmanan","·","","Jl. Watugong II No.666","","Tutup","https://lh3.googleusercontent.com/gps-cs-s/APNQkAFDFQzrdGqtGDqZ9IQPW3hejvY8JVb3E8Oq6KE-ApdFlml-RXmzi7eaBxoSqy_E-ClrwHZ2xi7R5Fl6XL20WZVQdT9dEiDBzM2_kU45O91cP39B1ITUHYW3n_0tO1lkWOmkQFyvjw=w92-h92-k-no","https://ssl.gstatic.com/local/servicebusiness/default_user.png","""Menu favorit ikan tepung, sambal ijo, tempe dan nasi banyak polll.""","","","· Buka pukul 08.00"
"https://www.google.com/maps/place/Warung+Pojok/data=!4m7!3m6!1s0x2e78827ae17ad6df:0x3466428434ed03c4!8m2!3d-7.9551637!4d112.6097833!16s%2Fg%2F11c6th0lz1!19sChIJ39Z64XqCeC4RxAPtNIRCZjQ?authuser=0&hl=id&rclk=1","Warung Pojok","4,8","(73)","·","Rp 1–25.000","Jawa","·","","Jl. Sumbersari Gg. 4 No.225A","","Tutup","https://lh3.googleusercontent.com/gps-cs-s/APNQkAGRjE8KL5xCPrLTouhsEDHTgRlagdAJiomAcjgyc1kC3vXDPi_5jot2INPUEZGcT8mZIuFkyCpoHFAYpIYfVnEhBFHXm7jX-CzpM1LaVS0dkncbmiudvj3pDCUiqBmCnSrvEULN=w80-h142-k-no","https://ssl.gstatic.com/local/servicebusiness/default_user.png","""Masakan rumahan biasa layaknya","warteg","pada umumnya.""","· Buka pukul 07.00"
"https://www.google.com/maps/place/Warung+Sederhana/data=!4m7!3m6!1s0x2e7882744ae8d02b:0xd926300f86656a1d!8m2!3d-7.9456656!4d112.6167327!16s%2Fg%2F11b6gk41fn!19sChIJK9DoSnSCeC4RHWplhg8wJtk?authuser=0&hl=id&rclk=1","Warung Sederhana","4,5","(158)","·","Rp 1–25.000","Restoran","·","","·","Jl. Semanggi Bar. No.21A","Tutup","https://lh3.googleusercontent.com/gps-cs-s/APNQkAHtrVS829T61ZE_zbTFGiHHQoC0Kfs1Iqc7dwz00uq0gPGuEAC8OhB64Eo45NpcUAEQlgKO7f5HhmEu6s7QFchNM9VngpaNr9VtllbxvOJbbuUCz-LgckL0RjvHuXcRiioTSjtLCw=w163-h92-k-no","https://ssl.gstatic.com/local/servicebusiness/default_user.png","""","Warteg","andalan, enak""","· Buka Sen pukul 06.00"
"https://www.google.com/maps/place/Warteg+Mamoka+245+Dinoyo+Malang/data=!4m7!3m6!1s0x2e7883c6ef483729:0xa44478809ab5b753!8m2!3d-7.9450406!4d112.6074873!16s%2Fg%2F11jz5m5f0y!19sChIJKTdI78aDeC4RU7e1moB4RKQ?authuser=0&hl=id&rclk=1","Warteg Mamoka 245 Dinoyo Malang","4,2","(22)","·","Rp 1–25.000","Tegal","·","","·","Jl. Simpang Gajayana No.611B","Buka 24 jam","https://lh3.googleusercontent.com/gps-cs-s/APNQkAEXfKYP6YO7Et-ESCxW2chXx5gJHdDab4UPU4q2nKqpLYPAzrED7wbPndGD4ZUC3-GDOaTSs-xTiXJfhAn20KeADLy3eaN9xxurBEfHihbJPtET6msZ4HWrrWHrTh9caqZ67NVx=w122-h92-k-no","https://ssl.gstatic.com/local/servicebusiness/default_user.png","""","warteg","yg lauknya makanan rumahan bangett.""",""
"https://www.google.com/maps/place/Geprek+Kak+Rose+2/data=!4m7!3m6!1s0x2e7883e4864930e9:0x25524bf926de83c2!8m2!3d-7.9529521!4d112.6097325!16s%2Fg%2F11gksh5cjl!19sChIJ6TBJhuSDeC4RwoPeJvlLUiU?authuser=0&hl=id&rclk=1","Geprek Kak Rose 2","4,3","(1.808)","·","Rp 1–25.000","Ayam","·","","·","Jl. Raya Sumbersari No.2D","Buka 24 jam","https://lh3.googleusercontent.com/gps-cs-s/APNQkAEZ64hU5T-ENLvMEsGkl0KQp_HFYyTtlokfOmPgRWOhMcBae68boxB74DLkes7VMJxwPTtK6fT2FKPm3kH4nHI30YEsLZXeFtLrtWINkVyySUtDEOS8tGoglmK21bYjLJ0Rhv9t=w122-h92-k-no","https://ssl.gstatic.com/local/servicebusiness/default_user.png","""Makanannya enak banget, harganya murah meriah, cocok di kantong anak kos🤩""","","",""
"https://www.google.com/maps/place/Warung+Rama/data=!4m7!3m6!1s0x2e788273cbeb96a5:0xad3a9fd8bde952a3!8m2!3d-7.9463758!4d112.6111699!16s%2Fg%2F11f00jh4j4!19sChIJpZbry3OCeC4Ro1LpvdifOq0?authuser=0&hl=id&rclk=1","Warung Rama","4,9","(28)","·","Rp 1–25.000","Rumah Makan","·","","Jl. Kerto Raharjo Dalam No.3","","Tutup","https://lh3.googleusercontent.com/gps-cs-s/APNQkAH9t2HlsTFHBmsmFKkh13AdgeYMQCITzrvjATpr1up6NC9SD5HXgFlaMjJoNgdv0iMbS2n1DyyfCFTxOCJ2pYRrF0ICK4ZdazsL0TC9o3BAndywKByfD3wdy5FEbCufjTn0fHvUcg=w163-h92-k-no","https://ssl.gstatic.com/local/servicebusiness/default_user.png","""Pilihan makan terbaik di daerah Kerto sejak 2011 🙌🏼""","","","· Buka pukul 06.00"
"https://www.google.com/maps/place/Warteg+Nurul+aina/data=!4m7!3m6!1s0x2e788354a67de7db:0xcf5ca4dad0307cf6!8m2!3d-7.9580578!4d112.6098835!16s%2Fg%2F11t7frtdmc!19sChIJ2-d9plSDeC4R9nww0NqkXM8?authuser=0&hl=id&rclk=1","Warteg Nurul aina","5,0","(4)","","","Restoran","·","","Jl. Sigura - Gura No.18 kav 3","","","https://lh3.googleusercontent.com/gps-cs-s/APNQkAEQ8aGGwIsYtuEUunveVGndjd3Ic39Ou1PKOE1z9yqD5TbvwWEQJCHDXXMR_ByF4DXgpAM0kh27eA0VJHPY71ETbLCija8q5zhm2yjrpljIPezlFPQ6XZ7stsjjnzPXaIE_WUc2=w80-h142-k-no","","Makan di tempat","","",""
"https://www.google.com/maps/place/Warteg+Sari+Rasa+24+Jam/data=!4m7!3m6!1s0x2e78827dfac555e9:0x5879b2639558ed37!8m2!3d-7.9593975!4d112.6137169!16s%2Fg%2F11b6c627bt!19sChIJ6VXF-n2CeC4RN-1YlWOyeVg?authuser=0&hl=id&rclk=1","Warteg Sari Rasa 24 Jam","4,4","(182)","·","Rp 1–25.000","Jawa","·","","·","2JR7+6FW, Jl. Bendungan Sutami","Buka 24 jam","https://lh3.googleusercontent.com/gps-cs-s/APNQkAGNVNprU1ctflOe6nnpKDehM98fKFe7FrykgZObzCGChdz-d5DmiCQNfvjbn9xKvHHDiE5P0E9JZtRo7iIM7A8wPq71ETXszUb4RXd__00-019BF1Z9LflLQT2_ECGDmT0acxwu=w122-h92-k-no","https://ssl.gstatic.com/local/servicebusiness/default_user.png","""So far jadi","warteg","andalan, menu variatif dan banyak yg enak.""",""
"https://www.google.com/maps/place/Bakso+Sehat+Watu+Gong+UB+Malang/data=!4m7!3m6!1s0x2e7883d2b913e16d:0x9bafe62b6325a3c7!8m2!3d-7.9486633!4d112.6110457!16s%2Fg%2F11mltrxzw1!19sChIJbeETudKDeC4Rx6MlYyvmr5s?authuser=0&hl=id&rclk=1","Bakso Sehat Watu Gong UB Malang","5,0","(41)","·","Rp 1–25.000","Makanan Sehat","·","","Jl. Watugong II No.46","","Tutup","https://lh3.googleusercontent.com/gps-cs-s/APNQkAE9rl924JeOS10B2CU-zUuTgZmE-_heaK3nOvw3yZ6YLghmSnRLeBiOUAvGEV01qmDvhSXzc_HktLWhqcrJ6LQRTeZDUZWjOnZ7tfghvnXAWEi-XAv1bj_WOFX5nRGyPwZnjdcpERALCMIj=w80-h106-k-no","https://ssl.gstatic.com/local/servicebusiness/default_user.png","""Recomended bgt pokoknya.""","","","· Buka Sen pukul 11.00"
"https://www.google.com/maps/place/Warung+Prasmanan+Omah+Sedep+2/data=!4m7!3m6!1s0x2e7882744957f09d:0xb8eeb7e568f525d5!8m2!3d-7.9455194!4d112.6165356!16s%2Fg%2F11fy9dyd8z!19sChIJnfBXSXSCeC4R1SX1aOW37rg?authuser=0&hl=id&rclk=1","Warung Prasmanan Omah Sedep 2","4,6","(104)","·","Rp 1–25.000","Rumah Makan","·","","·","Jl. Semanggi Bar. No.666","Tutup","https://lh3.googleusercontent.com/gps-cs-s/APNQkAEe0r-1DUudrnTAKG7F2ZnQAvUakQPF6EEEzD_ZQpIGw2lrpfHud5rk0R3GXaNgylb7jTsErHdB7niYzOra5patMSFuayYdmhtzm9ISvUO8OMTEUGuyDGPpBW92V3fXBq8mowJ4kg=w163-h92-k-no","https://ssl.gstatic.com/local/servicebusiness/default_user.png","""Makanan enak, murah layanan gercep""","","","· Buka pukul 07.00"
"https://www.google.com/maps/place/Warung+Sumber+Rejeki/data=!4m7!3m6!1s0x2e78827af00bdf13:0x54c9f1d96f0a14d0!8m2!3d-7.954401!4d112.610251!16s%2Fg%2F11b6cq2tzw!19sChIJE98L8HqCeC4R0BQKb9nxyVQ?authuser=0&hl=id&rclk=1","Warung Sumber Rejeki","4,1","(16)","","","Brunch","·","","Jl. Sumbersari III No.240","","Tutup","https://lh3.googleusercontent.com/gps-proxy/ALd4DhEiG7NimbjEkx5-Ndow6C3TlgJNy5LZ0qh2KEsC_K2Kpd3IJqHgQZMRYBaYyPoqrzi9mdyCJFwNoRVP3xV9RHFfcduP-91EwC_wHVDlqzPoqcHw-cRvvUup_jsEH23PPZ7Hu7N4BpiXQZLBwD3cMSffvcwole2JS1oMnMnOc6efbEA68C3kxK246C7nmrMKxtVVAw=w122-h92-k-no","","Makan di tempat","Bawa pulang","","· Buka Sen pukul 08.00"
"https://www.google.com/maps/place/Warung+Rokhiis/data=!4m7!3m6!1s0x2e788271f1a64869:0x6de4a666ad50696e!8m2!3d-7.9479565!4d112.6088939!16s%2Fg%2F11b6chdvgm!19sChIJaUim8XGCeC4RbmlQrWam5G0?authuser=0&hl=id&rclk=1","Warung Rokhiis","4,8","(69)","·","Rp 1–25.000","Indonesia","·","","·","Jl. Kertosentono No.11","Tutup","https://lh3.googleusercontent.com/gps-cs-s/APNQkAH2lw5Y4rOf737SMGRe283VWLkOyu_MY7HvVsQpoURpPXWTqMlZZCfRplYBISjjCKMveJc0IJWGaWWOZv0QfYAPa0MexZBR_bjgV0SRuwZOKBo4t1zcDI-SvpdO4TS_A4lViecV=w80-h106-k-no","https://ssl.gstatic.com/local/servicebusiness/default_user.png","""Warung yang terletak di dekat Sardo ini memiliki rasa yang cukup enak.""","","","· Buka Sen pukul 07.00"
"https://www.google.com/maps/place/AYO+MAKAN+-+Sego+Sambel+%26+Ayam+Goreng/data=!4m7!3m6!1s0x2e7883262117406d:0xbf2d515e817c844e!8m2!3d-7.9530841!4d112.6100979!16s%2Fg%2F11th_ymmxm!19sChIJbUAXISaDeC4RToR8gV5RLb8?authuser=0&hl=id&rclk=1","AYO MAKAN - Sego Sambel & Ayam Goreng","4,9","(328)","·","Rp 1–25.000","Rumah Makan","·","","·","Jl. Raya Sumbersari","Tutup","https://lh3.googleusercontent.com/gps-cs-s/APNQkAGgFHk4kX--kBPpP-3PVTPzxH0oTBYOhadlB0kvmZsRkZDuGmtPmTlXVFWDRmv_gYwVy4wxLyohuCoanUR_xqOia1qpe7SVb0s6kJ5uNBTdDldDZ34fALQZGVzSbRZFWi_kB6rBKQ=w138-h92-k-no","https://ssl.gstatic.com/local/servicebusiness/default_user.png","""Makanan enak, pas di lidah, pas di kantong, pelayanan cepat dan ramah""","","","· Buka pukul 08.00"
"https://www.google.com/maps/place/Warung+Bismillah/data=!4m7!3m6!1s0x2e7883bbadadda8b:0xc9928a99d56fc5af!8m2!3d-7.9590753!4d112.6090457!16s%2Fg%2F11f5dhk45z!19sChIJi9qtrbuDeC4Rr8Vv1ZmKksk?authuser=0&hl=id&rclk=1","Warung Bismillah","4,7","(66)","·","Rp 1–25.000","Rumah Makan","·","","Jl. Bend. Sengguruh No.12A","","Tutup","https://lh3.googleusercontent.com/gps-cs-s/APNQkAFaTx56JyjiCv3cliqq12--2lGydDj2Gcx3smTFBq7K2_X0pf6mF0TDkfdmV8elaDEYRzyKgq9AY-isfhuH64QH1qOCGR-NFhqM3UwrJeE2Vyiil7ZNGSO4vR5kL15pguB4jxc4Gw=w122-h92-k-no","https://ssl.gstatic.com/local/servicebusiness/default_user.png","""Enak harga ramah di kantong""","","","· Buka pukul 07.00"
"https://www.google.com/maps/place/Warteg+Kalijogo/data=!4m7!3m6!1s0x2e78830031fbfdd9:0x25518dc46723e5f1!8m2!3d-7.9526398!4d112.6068984!16s%2Fg%2F11xz175_rk!19sChIJ2f37MQCDeC4R8eUjZ8SNUSU?authuser=0&hl=id&rclk=1","Warteg Kalijogo","4,5","(15)","·","Rp 1–25.000","Tegal","·","","·","Jl. Sunan Kalijaga","Buka 24 jam","https://lh3.googleusercontent.com/gps-cs-s/APNQkAHOJpN7MITFHwFVdzfAuB0lTBoHilY3B43S8-mbQsT1WzXVjBql2BZYFDRFWTSK-HW4qsr3xO75Yh_nqFJtOIucKi9tB42UPBlZzPGcr21nD2RERIGhOJlrpAh4jf7F7ATPQ1gxtitulIs=w122-h92-k-no","https://ssl.gstatic.com/local/servicebusiness/default_user.png","""Dengan semua keunggulannya,","Warteg","Kalijogo ini wajib banget dicoba!""",""
"https://www.google.com/maps/place/Warung+Lesehan+Aysah/data=!4m7!3m6!1s0x2e78827b22526177:0xc58e53670b9dab0!8m2!3d-7.9552884!4d112.6090439!16s%2Fg%2F11c5h282mh!19sChIJd2FSInuCeC4RsNq5cDblWAw?authuser=0&hl=id&rclk=1","Warung Lesehan Aysah","4,4","(142)","·","Rp 1–25.000","Jawa","·","","·","Jl. Sigura - Gura No.V No.36","Tutup","https://lh3.googleusercontent.com/gps-cs-s/APNQkAElzKAtJv_uqhm3QnClt0HRS30GGwU15XSy1_7LmPDPcJs5hGc6ZsquROQlDCpyf7234nldYNBYmcS2SW5ZcPTTpUqKhBzbzl91UYINl1G3bPxxo_D4EupkBbqrO4GfrzI2vmos=w80-h106-k-no","https://ssl.gstatic.com/local/servicebusiness/default_user.png","""Bisa order box juga dengan macam variasi""","","","· Buka pukul 08.00"
"https://www.google.com/maps/place/Warung+Pawon+Mbok+Iro/data=!4m7!3m6!1s0x2e78830010d0f22b:0xb39215684ea159f8!8m2!3d-7.944596!4d112.6158577!16s%2Fg%2F11w1zbbxc5!19sChIJK_LQEACDeC4R-FmhTmgVkrM?authuser=0&hl=id&rclk=1","Warung Pawon Mbok Iro","5,0","(7)","·","Rp 1–25.000","Sesuai untuk keluarga","·","","Jl. Remujung No.1a","","Tutup","https://streetviewpixels-pa.googleapis.com/v1/thumbnail?panoid=fvz3hDGx2XLvwO0eY8XPYA&cb_client=search.gws-prod.gps&w=80&h=92&yaw=54.278854&pitch=0&thumbfov=100","https://ssl.gstatic.com/local/servicebusiness/default_user.png","""","WARTEG","MURAH MERIAH
Beli harga 10ribu udah dapet banyak dan kenyang.""","· Buka pukul 05.00"
"https://www.google.com/maps/place/Warung+Langganan/data=!4m7!3m6!1s0x2e78827217da3adf:0x970e06030bed82f5!8m2!3d-7.9466924!4d112.6093724!16s%2Fg%2F11bxd7msks!19sChIJ3zraF3KCeC4R9YLtCwMGDpc?authuser=0&hl=id&rclk=1","Warung Langganan","4,6","(5)","","","Restoran","·","","·","3J35+8PH","Tutup","https://streetviewpixels-pa.googleapis.com/v1/thumbnail?panoid=T7F_F8HoZ-WXnTUsiowMkQ&cb_client=search.gws-prod.gps&w=80&h=92&yaw=172.36404&pitch=0&thumbfov=100","","Makan di tempat","Bawa pulang","","· Buka pukul 09.00"
"https://www.google.com/maps/place/Warung+Nikmat+99+%28WarMes%29/data=!4m7!3m6!1s0x2e78835d7926e92d:0xc4d7c566b646ee18!8m2!3d-7.948828!4d112.6113457!16s%2Fg%2F11tk9l462m!19sChIJLekmeV2DeC4RGO5GtmbF18Q?authuser=0&hl=id&rclk=1","Warung Nikmat 99 (WarMes)","5,0","(6)","·","Rp 1–25.000","Indonesia","·","","Jl. Kertosentono No.103","","Tutup","https://lh3.googleusercontent.com/gps-cs-s/APNQkAFDA4LzFOmWtlKWVfArW3W5ajgULsgH-DpmybXCZq9F7JyWD3yvGldGgOUV-3HUxSiJoHsORGucJu9m8k_Y_N1imNpXX9Bw0-KUBF5QoNk2iZcqkIksZKhJwDYu-AL5SoEKeG5u=w80-h106-k-no","https://ssl.gstatic.com/local/servicebusiness/default_user.png","""Masaannya enak, budenya juga ramah 😎""","","","· Buka Sen pukul 09.00"
"https://www.google.com/maps/place/WARUNG+NASI+BOBOIBOY/data=!4m7!3m6!1s0x2e78830018d4c639:0x3d7a6fc76fec564a!8m2!3d-7.9548008!4d112.6109381!16s%2Fg%2F11lcn43d8f!19sChIJOcbUGACDeC4RSlbsb8dvej0?authuser=0&hl=id&rclk=1","WARUNG NASI BOBOIBOY","5,0","(6)","·","Rp 1–25.000","Sesuai untuk keluarga","·","","Jl. Raya Sumbersari No.285A","","Tutup","https://lh3.googleusercontent.com/gps-cs-s/APNQkAFMtt09CHPQ842gWST8WIji7R4Slh_P8qbw_gtkXxEAGVrHHmrBXlYdoO-LLgvpJIr-O86I6in2cpEWgP81vPzpZrMCkiPeBusnwoCYgerbgbjZQu7x0UUTnGvA-WG3hg3RpPLrQg=w163-h92-k-no","https://ssl.gstatic.com/local/servicebusiness/default_user.png","""ini rasanya","warteg","jakarta bgt asli, enaaak bgt+murah.""","· Buka pukul 06.00"
"https://www.google.com/maps/place/WARTEG+BAHAR/data=!4m7!3m6!1s0x2e78826353f4ccdf:0xb411ee0075c68fd8!8m2!3d-7.958076!4d112.6076663!16s%2Fg%2F11lp6g_td9!19sChIJ38z0U2OCeC4R2I_GdQDuEbQ?authuser=0&hl=id&rclk=1","WARTEG BAHAR","5,0","(4)","","","Restoran","·","","2JR5+Q37, Jl. TRS. Sigura-Gura","","","https://streetviewpixels-pa.googleapis.com/v1/thumbnail?panoid=Q0vm01Zh2MJ14ik1aDGEKA&cb_client=search.gws-prod.gps&w=80&h=92&yaw=132.35088&pitch=0&thumbfov=100","https://ssl.gstatic.com/local/servicebusiness/default_user.png","""Porsinya jumbo dan rasanya on poin semua.""","","",""
"https://www.google.com/maps/place/Warung+Anda/data=!4m7!3m6!1s0x2e7882781a0652c1:0xc9ecf28716363501!8m2!3d-7.952645!4d112.618785!16s%2Fg%2F11b6dpkr28!19sChIJwVIGGniCeC4RATU2Fofy7Mk?authuser=0&hl=id&rclk=1","Warung Anda","4,6","(73)","·","Rp 1–25.000","Jawa","·","","·","Jl. Mayjend Panjaitan","Tutup","https://lh3.googleusercontent.com/gps-cs-s/APNQkAGq7cFqcLZnS39h0nsmgEeSvMmUwSGNyliyqgZDHIOzm6btvssjfsLvl-rdHqCg4tSM9CeDBwoR4UDZ2Yw0IiDPOTzVHHW1sORo59RB3PvuM4cigMZTdR8mxjUap7T7Cn_tX5Gm=w80-h106-k-no","https://ssl.gstatic.com/local/servicebusiness/default_user.png","""Seperti","warteg","pada umumnya.""","· Buka pukul 08.00"
"https://www.google.com/maps/place/WARTEG+OI+BAHARI/data=!4m7!3m6!1s0x2e78832efbe2d2ab:0x1fd2aeae6f1d8808!8m2!3d-7.9432355!4d112.6164325!16s%2Fg%2F11wg8clp83!19sChIJq9Li-y6DeC4RCIgdb66u0h8?authuser=0&hl=id&rclk=1","WARTEG OI BAHARI","4,0","(9)","·","Rp 1–25.000","Tegal","·","","Jl. Remujung","","Buka 24 jam","https://lh3.googleusercontent.com/gps-cs-s/APNQkAE307JM046c0oaNZtUQqyyAPUoNT2opo0IynmbtVeVwpEf2XRIXbBYtPlbUY0EB1OAUILht9uk-Dkrn1KNTOk5rprqCtDWU3JB585Jv23klFpoG0bRcbsxVq_slH9hIJ8MDpiQ=w80-h106-k-no","https://ssl.gstatic.com/local/servicebusiness/default_user.png","""Makanannya higienis dan harga murah""","","",""
"https://www.google.com/maps/place/Warteg+Orens+Bahari+WOB+152+Dinoyo/data=!4m7!3m6!1s0x2e78833fcf8d21b5:0x4619d82e31c51c1b!8m2!3d-7.9408709!4d112.6086344!16s%2Fg%2F11t51rf7g4!19sChIJtSGNzz-DeC4RGxzFMS7YGUY?authuser=0&hl=id&rclk=1","Warteg Orens Bahari WOB 152 Dinoyo","4,5","(80)","·","Rp 1–25.000","Toko Makanan","·","","Jl. MT. Haryono No.136, RT.03/RW.04","","Buka 24 jam","https://lh3.googleusercontent.com/gps-cs-s/APNQkAH56jSCulhs5YKfd0SugZIg9lb_pifm5JErwVUDG6lsE6YuhZOJWQyNnmqXXXG_D6ul6LK_qphKJY-eJQxJNNjMs7KMJbnxMsvO7yFQ-0S8dkCFiDSosIJdxPsrPXhu4c62duZm=w122-h92-k-no","https://ssl.gstatic.com/local/servicebusiness/default_user.png","""","Warteg","nya bagus, rasanya juga enak bener dan harga standard.""",""
"https://www.google.com/maps/place/Warung+Nasi+Barokah+Pak+Djuma%27in/data=!4m7!3m6!1s0x2e78827becbc0d6d:0x3c933078b8e91171!8m2!3d-7.9566117!4d112.6124457!16s%2Fg%2F11b6cq3kmh!19sChIJbQ287HuCeC4RcRHpuHgwkzw?authuser=0&hl=id&rclk=1","Warung Nasi Barokah Pak Djuma'in","3,6","(5)","","","Toko Obat-Obatan Herbal","·","","·","Jl. Raya Sumbersari No.310","Tutup","https://lh3.googleusercontent.com/gps-proxy/ALd4DhEuv000rlu7vdglFQL9ktPJVKfWq_4WiLpRjgdO6e7nTOIs3F96m7bzJ2lyG1tbsm4HanSzkn4hy8CeZKJnEIHkzlZW5HvQwivri_Uat5owVvYTKKSm5xWpYVYp2kKwIbWx3lnhTIn6N0C3M2gZma4UXwuWZi-kCaHQjliiNaLpkTKfo8OSnYNZVpGnvMbUkycvftI=w122-h92-k-no","https://ssl.gstatic.com/local/servicebusiness/default_user.png","""Makanan Enak, Harga terjangkau untuk Mahasiswa""","","","· Buka Sen pukul 06.30"
"https://www.google.com/maps/place/Catering+Rumah+Madinah/data=!4m7!3m6!1s0x2e7882765a5c0d27:0x38d028470f9328cd!8m2!3d-7.948918!4d112.617436!16s%2Fg%2F11b6ck4vxx!19sChIJJw1cWnaCeC4RzSiTD0co0Dg?authuser=0&hl=id&rclk=1","Catering Rumah Madinah","4,6","(389)","","","Restoran","·","","Jl. Bunga Andong Sel. No.Kavling 10","","Tutup","https://lh3.googleusercontent.com/gps-cs-s/APNQkAFMQ-38kNegJLIH4tzlOUrqNxdMDDcUPVIXcHDAEeB5MMjmxEUMAjRPU4qEB9Ey7k-HDNAN-KAKkqM9A40SFC0eAioHMVZfxDBih8kG9RWAxPdXaADKxpdSCSLPGCVjysDmMjR2=w163-h92-k-no","https://ssl.gstatic.com/local/servicebusiness/default_user.png","""Rasanya sih enak, rasa","warteg","jakarta.""","· Buka pukul 05.00"
"https://www.google.com/maps/place/Dewi+Catering/data=!4m7!3m6!1s0x2e78827238d18f91:0xfb1d9c68ef0872de!8m2!3d-7.9461886!4d112.6096912!16s%2Fg%2F11gczt4yrp!19sChIJkY_ROHKCeC4R3nII72icHfs?authuser=0&hl=id&rclk=1","Dewi Catering","4,9","(19)","","","Restoran","·","","Jl. Kerto Rahayu Barat No.6","","Tutup","https://streetviewpixels-pa.googleapis.com/v1/thumbnail?panoid=tMKoeeiFDhB9CiEcj97TAQ&cb_client=search.gws-prod.gps&w=80&h=92&yaw=264.89462&pitch=0&thumbfov=100","https://ssl.gstatic.com/local/servicebusiness/default_user.png","""Murah dan beberapa menu berganti.""","","","· Buka Sen pukul 06.00"
"https://www.google.com/maps/place/Warung+Mak+Nyak/data=!4m7!3m6!1s0x2e78827005c55781:0x52d9eefbcbd04fb1!8m2!3d-7.9522003!4d112.6085575!16s%2Fg%2F11f_j00qx4!19sChIJgVfFBXCCeC4RsU_Qy_vu2VI?authuser=0&hl=id&rclk=1","Warung Mak Nyak","5,0","(9)","","","Jawa","·","","·","Jalan Sumbersari Gang 1A No. 56, Ketawanggede, Lowokwaru","Tutup","https://lh3.googleusercontent.com/gps-cs-s/APNQkAH4JW_ggtCjZTencDOkw-XBqV25wUC394IZJQESkeyidQ_nSB1_G5clcf-Pq7euUDwjIdRRSLKVdhLvs8Wnl0sBAKsuA6gLCVXdWjddsseYjGG3ZAOAWr6Bt-_8TayJdEyOG8ahTQ=w122-h92-k-no","https://ssl.gstatic.com/local/servicebusiness/default_user.png","""Parkirnya enak, aman, bisa sambil kita awasi ketika kita makan.""","","","· Buka Sen pukul 07.00"
"https://www.google.com/maps/place/Warteg+Nasional+Bahari+101/data=!4m7!3m6!1s0x2dd629c58cd81ac3:0x24dc584c557c6455!8m2!3d-7.9548052!4d112.6205029!16s%2Fg%2F11l1jg_xhk!19sChIJwxrYjMUp1i0RVWR8VUxY3CQ?authuser=0&hl=id&rclk=1","Warteg Nasional Bahari 101","4,1","(15)","·","Rp 1–25.000","Indonesia","·","","Jl. Mayjend Panjaitan No.119","","Buka 24 jam","https://lh3.googleusercontent.com/gps-cs-s/APNQkAG_5T6Rb9MIZzwFe2Qm8cod0dCjwt5H9BraqWBmkeX7FYtq21TFdglCdWG9USbmCf1DnNPuHLhg84ENcZ5sgVChr4wUtE8d8MMi6tLsF338m13epVruZjriFGxgUFEDTRifCf7eug=w122-h92-k-no","https://ssl.gstatic.com/local/servicebusiness/default_user.png","""Masakannya enak dilidah orangnya ramah"" murah senyum+harganya terjangkau""","","",""
"https://www.google.com/maps/place/Warteg+Angkasa+Bahari+%231+Dinoyo/data=!4m7!3m6!1s0x2e7883007b48e103:0x579f369aa636f495!8m2!3d-7.9408709!4d112.6086344!16s%2Fg%2F11yp0vmszm!19sChIJA-FIewCDeC4RlfQ2ppo2n1c?authuser=0&hl=id&rclk=1","Warteg Angkasa Bahari #1 Dinoyo","5,0","(1)","","","Jl. MT. Haryono No.136, RT.03/RW.04","","","","","","https://streetviewpixels-pa.googleapis.com/v1/thumbnail?panoid=1o874pf5XqszMEnDXSpaIg&cb_client=search.gws-prod.gps&w=80&h=92&yaw=222.13354&pitch=0&thumbfov=100","https://ssl.gstatic.com/local/servicebusiness/default_user.png","""Tempat Bersih masakan enak""","","",""
"https://www.google.com/maps/place/NASI+PADANG+MURAH/data=!4m7!3m6!1s0x2e788273958c4383:0x2448c4893c991a90!8m2!3d-7.9458302!4d112.6124258!16s%2Fg%2F11b6dg5wh3!19sChIJg0OMlXOCeC4RkBqZPInESCQ?authuser=0&hl=id&rclk=1","NASI PADANG MURAH","4,5","(1.281)","·","Rp 1–25.000","Padang","·","","·","Jl. MT. Haryono No.7-1","Tutup","https://lh3.googleusercontent.com/gps-cs-s/APNQkAHRnuxvuVoAdF2lD0hbKbuDOQxBFZiBqYllTNr7w-ig2-yr_WGABAP8pGRwaOfxAfKdxDXrlFk23lDk1xEHYVmRVzxosfoJQdWf7oagcy1Q1FmaXkqs-vEjTkCwlRAfMIAO7ZYM=w199-h92-k-no","https://ssl.gstatic.com/local/servicebusiness/default_user.png","""Dengan harga di foto 14k ayam dengan tempe, ini worth the price sekali.""","","","· Buka pukul 08.30"
"https://www.google.com/maps/place/Warung+Makan+Ma%27Nia/data=!4m7!3m6!1s0x2e78827e83dd796b:0xda1f6c04dd9cf9bb!8m2!3d-7.9595707!4d112.6142223!16s%2Fg%2F11cs11jctw!19sChIJa3ndg36CeC4Ru_mc3QRsH9o?authuser=0&hl=id&rclk=1","Warung Makan Ma'Nia","4,4","(616)","·","Rp 1–25.000","Restoran","·","","·","Gg. VI No.14-10","Tutup","https://lh3.googleusercontent.com/gps-cs-s/APNQkAGqX2Ou9e-G-iOnx1VYvW8EEAL1MtBvWaJe0pZPFTdKl-qmCdGWbvoswt6JJJHATfv4Eq_nJCI4HlN3BZWPUFD2hKoGvZ5ljtBjDeJgM740Rc3y87wHJjH7jOxP8OI9kF5HDEwF=w80-h106-k-no","https://ssl.gstatic.com/local/servicebusiness/default_user.png","""Makan di sini enak tapi gak menguras kantong.""","","","· Buka pukul 07.30"
"https://www.google.com/maps/place/Warteg+sigura/data=!4m7!3m6!1s0x2e7883004de06d17:0xad2e2a5e935a9255!8m2!3d-7.9590454!4d112.6074153!16s%2Fg%2F11ydbmmgqt!19sChIJF23gTQCDeC4RVZJak14qLq0?authuser=0&hl=id&rclk=1","Warteg sigura","","","","","Dapur Umum","·","","2JR4+9XM, Jl. TRS. Sigura-Gura","","","https://streetviewpixels-pa.googleapis.com/v1/thumbnail?panoid=4rtHtwYUOQfdakuWUM8Lsw&cb_client=search.gws-prod.gps&w=80&h=92&yaw=307.35114&pitch=0&thumbfov=100","","","","",""
"https://www.google.com/maps/place/Warteg+sarirasa+merjosari+24+jam/data=!4m7!3m6!1s0x2e7883851c592e27:0xb7c464e893e76df4!8m2!3d-7.942525!4d112.6020425!16s%2Fg%2F11j8w7rjf5!19sChIJJy5ZHIWDeC4R9G3nk-hkxLc?authuser=0&hl=id&rclk=1","Warteg sarirasa merjosari 24 jam","4,4","(334)","·","Rp 1–25.000","Tegal","·","","Jl. Joyo Utomo No.507","","Buka 24 jam","https://lh3.googleusercontent.com/gps-cs-s/APNQkAEPwzdwy-WEeTGWzcMiX8Ta1eKkaX_Wu756DpsaFBaolXsQdcUzuf6firSV9JRtfx6FPCC6LnT84tcAFORdUzkDlKfgxgN7gvV2oBMWVmJ7czeNdeARcdj6j768x5mdvm0AI4lj3Q=w122-h92-k-no","https://ssl.gstatic.com/local/servicebusiness/default_user.png","""Sarirasa rata rata enak semua dan harganya pun standar","warteg",".""",""
"https://www.google.com/maps/place/WARUNG+TEGAL+FADLI+BARU+24JAM/data=!4m7!3m6!1s0x2dd62947e33e182b:0xb28dbac5571d6235!8m2!3d-7.9392382!4d112.6242731!16s%2Fg%2F11s75qkbpd!19sChIJKxg-40cp1i0RNWIdV8W6jbI?authuser=0&hl=id&rclk=1","WARUNG TEGAL FADLI BARU 24JAM","4,6","(32)","·","Rp 1–25.000","Masakan Asia","·","","Jl. Candi Panggung No.3d","","Buka 24 jam","https://lh3.googleusercontent.com/gps-cs-s/APNQkAE-4Oy0HUryJxLwdgLsdkFvSP2fYXpNxQbsWjd-SWsX2u8qIrENZR7oE3TKhpzLZEo5tRZ9-jE1DLoYlYnQbtPqr-6Un1W4IeyJtxjxol3_67U_l-CzrG1dHCHctBq0E-_u9yFhWA=w122-h92-k-no","https://ssl.gstatic.com/local/servicebusiness/default_user.png","""rasanya benar2 enak,","warteg","terenak di Malang Kota yg pernah saya coba.""",""
"https://www.google.com/maps/place/WARTEG+BREGAS+MAKMUR/data=!4m7!3m6!1s0x2e78830049daad89:0x15c333f50427f446!8m2!3d-7.9604886!4d112.6137173!16s%2Fg%2F11mdzb2q45!19sChIJia3aSQCDeC4RRvQnBPUzwxU?authuser=0&hl=id&rclk=1","WARTEG BREGAS MAKMUR","4,8","(8)","","","Restoran","·","","Jl. Bendungan Sutami No.20 A","","Tutup","https://lh3.googleusercontent.com/gps-cs-s/APNQkAGzavpHfp4n5GQwjA9RTbiX3yk_9pFm5-Y9s_B_emk15lFlvR_EOrjEpYY9_ZJp9f3jCZyGFGKfigq8m8ek-q_Ch2THS78Fmnn87Fu5gRP5aN9qNeumqfQfqYpNNszg2L8sdD7osxRfXRo=w122-h92-k-no","https://ssl.gstatic.com/local/servicebusiness/default_user.png","""Enak murah  bukan murahan

RECOMENDED""","","","· Buka pukul 05.00"
"https://www.google.com/maps/place/WARTEG+SARIRASA+BAHARI/data=!4m7!3m6!1s0x2e788213173bb4e7:0x4ae9f7181347f5a5!8m2!3d-7.9411174!4d112.6041009!16s%2Fg%2F11w9flvcv2!19sChIJ57Q7FxOCeC4RpfVHExj36Uo?authuser=0&hl=id&rclk=1","WARTEG SARIRASA BAHARI","4,6","(125)","·","Rp 1–25.000","Restoran","·","","3J53+HJ5, Jl. Mertojoyo","","","https://lh3.googleusercontent.com/gps-cs-s/APNQkAFpoqspQQPdo1XACORAa981atDunqKZlkmUzeWBhDXiR0HF3ekv79rVqH6KzcSroFDXfwmDH02TRv93qtlCq6Uvk7hpLU5LmV8bOM4wti4ycdzbKMzmM0mMGQdhbkp1_Hlz4DnviQ2JmzI=w80-h106-k-no","https://ssl.gstatic.com/local/servicebusiness/default_user.png","""Makanan enak dan ramah di kantong""","","",""
"https://www.google.com/maps/place/Mini+Warteg+Kanjeng+Mommy/data=!4m7!3m6!1s0x2e78835a68a0b4c1:0x5f01dae86c5e16d7!8m2!3d-7.9443174!4d112.6198626!16s%2Fg%2F11ns0dd4hk!19sChIJwbSgaFqDeC4R1xZebOjaAV8?authuser=0&hl=id&rclk=1","Mini Warteg Kanjeng Mommy","5,0","(1)","","","Brunch","·","","3J49+7WH, Jl. Soekarno Hatta","","","https://lh3.googleusercontent.com/gps-cs-s/APNQkAFrkrF6HeZeZ2yJ9qEpbzm5mjXmXsz7c0DVsTmf053x1kdrnU3CGuvj1RQMF0F3FcYsiGY3y2nzwClGfNrAUUQDLvNXLFrWSrm7IzWN1ozcfa8x6N0KLi4eT6WXrKbTo1ddRn7s9g=w80-h106-k-no","","Makan di tempat","Bawa pulang","",""
"https://www.google.com/maps/place/Warteg+CITRA+BARU+BAHARI/data=!4m7!3m6!1s0x2e788388612515c1:0xb3c48e446cba657d!8m2!3d-7.9472532!4d112.6051019!16s%2Fg%2F11t5knmc23!19sChIJwRUlYYiDeC4RfWW6bESOxLM?authuser=0&hl=id&rclk=1","Warteg CITRA BARU BAHARI","3,1","(7)","","","Tegal","·","","Jl. Mertojoyo Sel. No.22","","","https://lh3.googleusercontent.com/gps-cs-s/APNQkAG68W2WszN8lXVNUP-I-VB500xNs0VGABYpjMbKn7QR1XDIo86uOiWrk2myvnq-TCunpI_d1iSj7_YureLbre5E8_VKuUX96UVFfQGQG8_t_7iX651hpaxqnCJPldGoLbGvMTpg5hKNO-A=w80-h141-k-no","https://ssl.gstatic.com/local/servicebusiness/default_user.png","""BOSKU KALAU BUKA LEWAT ONLINE/GOFOOD  ITU SEDIAIN DI TEMPAT HP NYA...""","","",""
"https://www.google.com/maps/place/Warteg+Sari+Rasa+24+Jam+Non+Stop/data=!4m7!3m6!1s0x2e7883c33fc03831:0xa9e158cc573dc572!8m2!3d-7.9638297!4d112.6136241!16s%2Fg%2F11fj5c8krj!19sChIJMTjAP8ODeC4RcsU9V8xY4ak?authuser=0&hl=id&rclk=1","Warteg Sari Rasa 24 Jam Non Stop","4,4","(1.267)","·","Rp 1–25.000","Tegal","·","","·","Jl. Terusan Surabaya No.37","Buka 24 jam","https://lh3.googleusercontent.com/gps-cs-s/APNQkAGij11FSBF8fQONU5gNJR2xHBQbtJV3MeX0H8gy9Wq9FP68J2lwuEU-THO9jjuoZrcxD6sH29wAMAeruoBnLXUvhTdlAxsV8CJcJjXnW5TKG4dradg3bsR84SnJ3ohjX1WAHHnV=w122-h92-k-no","https://ssl.gstatic.com/local/servicebusiness/default_user.png","""damnn what a","warteg",", murah, enak, dan pastinya layanannya ramah""",""
"https://www.google.com/maps/place/Warteg+Nasional+Bahari+57/data=!4m7!3m6!1s0x2e7883535b88d7e9:0x10359424a9a2b016!8m2!3d-7.936085!4d112.6005172!16s%2Fg%2F11sv70x_xr!19sChIJ6deIW1ODeC4RFrCiqSSUNRA?authuser=0&hl=id&rclk=1","Warteg Nasional Bahari 57","4,5","(45)","·","Rp 1–25.000","Rumah Makan","·","","·","Jl. Tlogo Wulan, RT.01/RW.02","Buka 24 jam","https://lh3.googleusercontent.com/gps-cs-s/APNQkAHf95H5iVhn8ZBEt4uIaUsxxJS8_t2xi1YNfOC7uRdWVu4Pf3tOTCWaRziBOCkh88rzZXcjhrkwz9YrdI8zLKpBOw5SzQwpXw9griBsVAw5ieTIkjhuj_KQ_fnFWFwUAzc0EkuU2Q=w122-h92-k-no","https://ssl.gstatic.com/local/servicebusiness/default_user.png","""Bukanya 24 jam jadi sangat membantu terutama bagi mahasiswa dan anak kos.""","","",""
"https://www.google.com/maps/place/Warteg+Candi+Panggung+Bahari+Malang/data=!4m7!3m6!1s0x2dd629006375a619:0xb69ae0030277e2d5!8m2!3d-7.9377047!4d112.6210545!16s%2Fg%2F11lw45vs5m!19sChIJGaZ1YwAp1i0R1eJ3AgPgmrY?authuser=0&hl=id&rclk=1","Warteg Candi Panggung Bahari Malang","4,8","(24)","·","Rp 1–25.000","Indonesia","·","","Jl. Candi Panggung No.26a","","Tutup","https://lh3.googleusercontent.com/gps-cs-s/APNQkAHjX_lKPBrJ9hYbmzEHc7jlb2F_2mh9OTk6exZ-cy_SNyJlmMadmwEN1GOf0xXCNNX0PBaqlNF1yn6ClNXqVmpRpTE7lo2jfFoiv8dhaExp428VHvnYZ6j8YLjKY05WvMUVu542=w122-h92-k-no","https://ssl.gstatic.com/local/servicebusiness/default_user.png","""Enak, porsi lumayan, harga murah meriah..""","","","· Buka pukul 07.00"
"https://www.google.com/maps/place/WARTEG+DO%27I/data=!4m7!3m6!1s0x2dd629653c92b091:0x413956dc98c2dd74!8m2!3d-7.9530265!4d112.6232169!16s%2Fg%2F11sdq02wzc!19sChIJkbCSPGUp1i0RdN3CmNxWOUE?authuser=0&hl=id&rclk=1","WARTEG DO'I","4,2","(61)","·","Rp 1–25.000","Tegal","·","","·","Jl. Bunga Srigading Dalam No.15-21","Buka 24 jam","https://lh3.googleusercontent.com/gps-cs-s/APNQkAFUuPG_D21crjKEOF2Kkl4Xy-gWBvPKUxSq0r5vdKE4Y57ueT34Ft6XFRlM9ZpaVjMbFuOLvkPrat58ivERAjOHizOUGWspNKogz6-ZQ9S-wUwy5mzINq8onuHyPzZPHMl5Ljtckw=w80-h142-k-no","https://ssl.gstatic.com/local/servicebusiness/default_user.png","""Seperti","warteg","yg lain ,,menunya banyak
Harga nya sangat bersahabat,,""",""
"https://www.google.com/maps/place/Warung+Tegal+%28Warteg%29+bu+marni/data=!4m7!3m6!1s0x2e788307565ae90d:0xdc1bc14316d9e786!8m2!3d-7.9288916!4d112.6080414!16s%2Fg%2F11kdwpqk1v!19sChIJDelaVgeDeC4RhufZFkPBG9w?authuser=0&hl=id&rclk=1","Warung Tegal (Warteg) bu marni","4,4","(171)","·","Rp 1–25.000","Brunch","·","","·","Jl. Saxophone No.16b","Buka 24 jam","https://lh3.googleusercontent.com/gps-cs-s/APNQkAG6eJyeHmIdP0Hs9R8PheJ-cxoOxPHhxNIV6BPrcqmz4U6dDI3tkmuJQb8Ki_cztUbpE53qxZcTHzKo04Vh9bz23jx-bInve67Ngo2c-JR_GF1ymVhkK1Ao9hgxTwoKnSfjnlItAg=w122-h92-k-no","https://ssl.gstatic.com/local/servicebusiness/default_user.png","""","Warteg","ini punya banyak sekali macam lauk makanan""",""
"https://www.google.com/maps/place/Warteg+Nasional+24+Jam/data=!4m7!3m6!1s0x2e7883007f8bfa8d:0x42b9a50e1e36605c!8m2!3d-7.9420418!4d112.6017623!16s%2Fg%2F11m65llksl!19sChIJjfqLfwCDeC4RXGA2Hg6luUI?authuser=0&hl=id&rclk=1","Warteg Nasional 24 Jam","4,0","(3)","","","Indonesia","·","","Jl. Joyo Utomo Jl. Joyo Utomo Gg. VI No.31","","Buka 24 jam","https://lh3.googleusercontent.com/gps-cs-s/APNQkAFz_BJohXVGS7_jrJUPGjbCwgmcnaD94l1TmZSoTuvCP2mrB9qczhFp6iVQMvT_20KJ1UBMF8QFLT_LaysQPBKRMv2_4DNb0CVCjR7_nXrd0Firxq2xPPouf-hp_Q3TJqopXpY2lEjGB1SU=w80-h106-k-no","https://ssl.gstatic.com/local/servicebusiness/default_user.png","""","Warteg","langganan yang selalu memuaskan.""",""
"https://www.google.com/maps/place/Warung+Surgawi+Bahari/data=!4m7!3m6!1s0x2dd6299161e0111f:0x95fcc7dd98dd1bfe!8m2!3d-7.9364634!4d112.625388!16s%2Fg%2F11k4lqfd_w!19sChIJHxHgYZEp1i0R_hvdmN3H_JU?authuser=0&hl=id&rclk=1","Warung Surgawi Bahari","3,9","(38)","·","Rp 1–25.000","Indonesia","·","","·","3J7G+C56, Jl. Puncak Borobudur","Buka 24 jam","https://lh3.googleusercontent.com/gps-cs-s/APNQkAHbkCiz_4IEzNTe-BVUmEk8ypHc046VYKK3kr9lSZNTPg9R6qXlEbmvL-5j7qOepxxsX2ExGSuZmdw9yh9yd4ZRa9iN-x7qjhzgxahZ8c-Y3w8AfE_eznccXiOkWp8m7FUMoJBSrg=w80-h106-k-no","https://ssl.gstatic.com/local/servicebusiness/default_user.png","""Pro: Pilihannya banyak, harga sesuai dengan rasanya.""","","",""
"https://www.google.com/maps/place/Warteg+Kharisma+Bahari+Candi+Panggung/data=!4m7!3m6!1s0x2e788377498bbb35:0x5f08d5c3f21b3e60!8m2!3d-7.9356864!4d112.6174016!16s%2Fg%2F11wqvxl6my!19sChIJNbuLSXeDeC4RYD4b8sPVCF8?authuser=0&hl=id&rclk=1","Warteg Kharisma Bahari Candi Panggung","3,6","(10)","·","Rp 1–25.000","Restoran","·","","Jl. Candi Panggung Kavling 66 C1","","","https://lh3.googleusercontent.com/gps-cs-s/APNQkAEkgROn2wpU5WkxRx00nk33RmA-YkjKBn-aGXl8f0pxLZhvWCKLeU1NzPeFe0OEDYoffCSFbxr_46Pi_xWJMiEdFgx9EGpdWn4zcokZXN0vXcEusuNvd58iuADZg7eGBTNCpyM=w80-h106-k-no","https://ssl.gstatic.com/local/servicebusiness/default_user.png","""Enak banget harga terjangkau👍👍""","","",""
"https://www.google.com/maps/place/Warung+Bu+Pri/data=!4m7!3m6!1s0x2e78820eb02c30d1:0x22d488748cdcfcc5!8m2!3d-7.9363809!4d112.6133881!16s%2Fg%2F11f01lftvm!19sChIJ0TAssA6CeC4RxfzcjHSI1CI?authuser=0&hl=id&rclk=1","Warung Bu Pri","4,8","(492)","·","Rp 1–25.000","Masakan Asia","·","","·","Jl. Bunga Vinolia Gg. I No.31","Tutup","https://lh3.googleusercontent.com/gps-cs-s/APNQkAH6WlMYb9pKvQXYGnyDBQbTf1r3_G6hw6QL8ZyB7ligRky7CFIewn9hFysSvPGCETeBBA28y99lTJO80hjxK_Npy-hV-52ImNJYsaIhRN5ggk5Xclb4nMeBqZrYXo9KUIoTlZIQ=w122-h92-k-no","https://ssl.gstatic.com/local/servicebusiness/default_user.png","""Ayam kecapnya empuk tidak terasa alot, tidak seperti","warteg","kebanyakan.""","· Buka Sen pukul 08.00"
"https://www.google.com/maps/place/Masakan+Jakarta/data=!4m7!3m6!1s0x2e788209a5b66d29:0xc230020965bd878c!8m2!3d-7.9385703!4d112.6226336!16s%2Fg%2F11b7hkrnw1!19sChIJKW22pQmCeC4RjIe9ZQkCMMI?authuser=0&hl=id&rclk=1","Masakan Jakarta","4,5","(131)","·","Rp 1–25.000","Betawi","·","","·","Jl. Candi Panggung No.9","Tutup","https://lh3.googleusercontent.com/gps-cs-s/APNQkAFXKtSZE2BsYQjUrS080lt9OyitKsLNHpqnlVvkFPp5Hp2jC7vjt5PIaXWJXscVGZROZPduQ1bTaWGgeT2biE8xzw8Haye_aR2mgaI7HhC0EaukAa7uOAtgzzJdpgYkOV_QW6ohDg=w122-h92-k-no","https://ssl.gstatic.com/local/servicebusiness/default_user.png","""Nyobain","warteg","masakan Jakarta ini dan langsung jatuh hati sama menunya.""","· Buka pukul 08.30"
"https://www.google.com/maps/place/Warung+Tegal+Barokah/data=!4m7!3m6!1s0x2e788221ecbf3d67:0xf099238bbb3f36f6!8m2!3d-7.927016!4d112.5946095!16s%2Fg%2F11t6_qcy2w!19sChIJZz2_7CGCeC4R9jY_u4sjmfA?authuser=0&hl=id&rclk=1","Warung Tegal Barokah","4,9","(125)","·","Rp 1–25.000","Restoran","·","","Jl. Tirto Utomo No.74","","","https://lh3.googleusercontent.com/gps-cs-s/APNQkAH9KuI-Ot-YWaCLhmligQOy3NxE_N8qc15Kn1uVYTOc3OoZscIHQfkzu0XDVGqhx_JaEqNG-MTzsiO1fzham5CBx2o7wGdrwtPXg_0dEsEw0-g-T_GRNg-GXE9cKK1tWA0EbvpiOxKZSQg=w80-h106-k-no","https://ssl.gstatic.com/local/servicebusiness/default_user.png","""Makanan enakk dengan porsi yang banyak harga standart","warteg","pada umumnya""",""
"https://www.google.com/maps/place/Warung+kuning/data=!4m7!3m6!1s0x2e7883577d85ccc7:0x2a6b58ebe015bf4b!8m2!3d-7.9706122!4d112.6148383!16s%2Fg%2F11f714h806!19sChIJx8yFfVeDeC4RS78V4OtYayo?authuser=0&hl=id&rclk=1","Warung kuning","4,6","(54)","·","Rp 1–25.000","Restoran","·","","·","Jl. Gading Pesantren No.23","Tutup","https://lh3.googleusercontent.com/gps-cs-s/APNQkAFNPAmiR_EU2Em0PU11q7Kt_PFsvA9x3GEqroU9eR-WlyemDActQ5VdAb6-gTZ7_zoJDM7R5EaGsBgEgC-x9jAipJ-07aR7LqLRkv3NPmD1rvTqsfdTDqyaVbR1wZLfjdhji_QYRrjzPB3F=w80-h106-k-no","https://ssl.gstatic.com/local/servicebusiness/default_user.png","""","warteg","nyaman, enak, murah.""","· Buka Sen pukul 07.00"
"https://www.google.com/maps/place/WARTEG+ORENS+BAHARI/data=!4m7!3m6!1s0x2dd6290e492d10df:0x1adb86452f925cb5!8m2!3d-7.9385065!4d112.6231507!16s%2Fg%2F11v3sm25n0!19sChIJ3xAtSQ4p1i0RtVySL0WG2xo?authuser=0&hl=id&rclk=1","WARTEG ORENS BAHARI","4,6","(11)","·","Rp 1–25.000","Rumah Makan","·","","JALAN CANDI PANGGUNG INDAH RT 5/08 NO 5","","Tutup","https://lh3.googleusercontent.com/gps-cs-s/APNQkAHuVn0VqACzci6eVPQgfrRlE_pxvylOX49fZ09k5PbUAmUpq-_ic038bMaiv7z-UnQEU174fmkyO0BS-OsoEYRksUQ4FIYRkIZ8EMMNVn7jhUJriX0s42x_oOQYBD7_kbLdne6EqDPF2-s=w122-h92-k-no","https://ssl.gstatic.com/local/servicebusiness/default_user.png","""Menu favorit : telur dadar (beda dari telur dadar","warteg","yang lain).""","· Buka pukul 06.30"
"https://www.google.com/maps/place/Warung+Kita/data=!4m7!3m6!1s0x2e788209317cfd61:0x320968a12d65581b!8m2!3d-7.9342747!4d112.6150867!16s%2Fg%2F11hcw44t21!19sChIJYf18MQmCeC4RG1hlLaFoCTI?authuser=0&hl=id&rclk=1","Warung Kita","4,9","(40)","·","Rp 1–25.000","Rumah Makan","·","","·","Jl. Candi Panggung Bar. No.04","Tutup","https://lh3.googleusercontent.com/gps-cs-s/APNQkAEwtuP6M4dhOCgf5YBsaPj0QPfxurcmpglG1YxLUwTn61lKCAX8xEB-U93RSv4WDQHvwhl9fJNNPju5pK67z7ZIXYVBh2LQJSiyql7FDIlEteWqe_ayfQWPwDLJgXlpQuoNFw=w163-h92-k-no","https://ssl.gstatic.com/local/servicebusiness/default_user.png","""Enak & murah.""","","","· Buka Sen pukul 08.30"
"https://www.google.com/maps/place/Warteg+Mamoka+Bahari/data=!4m7!3m6!1s0x2e7883502c97cbeb:0xbac5a9202e0c6cfe!8m2!3d-7.9662866!4d112.6134706!16s%2Fg%2F11kc0mnj62!19sChIJ68uXLFCDeC4R_mwMLiCpxbo?authuser=0&hl=id&rclk=1","Warteg Mamoka Bahari","3,7","(64)","·","Rp 1–25.000","Indonesia","·","","2JM7+F9Q, Jl. Galunggung","","Buka 24 jam","https://lh3.googleusercontent.com/gps-cs-s/APNQkAEM360Epws9XYPg8qbgtmafeeOJiBWBEHIQ9QAuV8D1rS4_rIgOV7AStJTfakB-_Mu3hhjgRI3b-faPWLrpYnYweAaCMuZ26tRirSDitsrJsSo2-rSy5_j9YRr-3t3jHRS0gQMN=w80-h106-k-no","https://ssl.gstatic.com/local/servicebusiness/default_user.png","""Harga gak bikin kantong nangis""","","",""
"https://www.google.com/maps/place/Warteg+Fadli+24+Jam/data=!4m7!3m6!1s0x2e7883003533ed29:0x53528645b98236bd!8m2!3d-7.9395819!4d112.6050645!16s%2Fg%2F11vyctkh_g!19sChIJKe0zNQCDeC4RvTaCuUWGUlM?authuser=0&hl=id&rclk=1","Warteg Fadli 24 Jam","","","","","Sarapan","·","","Jl. Mertojoyo No.A9","","","https://streetviewpixels-pa.googleapis.com/v1/thumbnail?panoid=QcszZCmYSuC6XW0fWpRigQ&cb_client=search.gws-prod.gps&w=80&h=92&yaw=140.10304&pitch=0&thumbfov=100","","Makan di tempat","Bawa pulang","",""
"https://www.google.com/maps/place/WARTEG+JAYA+BAHARU/data=!4m7!3m6!1s0x2dd629e1fd08bf49:0x1b8474d45f18b6c5!8m2!3d-7.9371728!4d112.6199991!16s%2Fg%2F11vzzj8d4z!19sChIJSb8I_eEp1i0RxbYYX9R0hBs?authuser=0&hl=id&rclk=1","WARTEG JAYA BAHARU","3,8","(9)","·","Rp 1–25.000","Restoran","·","","·","Jl. Candi Panggung No.45B","Buka 24 jam","https://lh3.googleusercontent.com/gps-cs-s/APNQkAHmoQouOhNdH3TfLhHHnfV_UVV_YFh4hX6LY8-dkytRgYFKfj0ENNY0xHTAJ-s7k4t29Jbc666hOOaCn07Dcnc3bIrqLUKk3JdZvJ3bEzzf6XmFe4pZT4zgDZGpSgSmBwSX_kA4=w163-h92-k-no","https://ssl.gstatic.com/local/servicebusiness/default_user.png","""makanannya enakk, pass di kantong murah meriahh""","","",""
"https://www.google.com/maps/place/Warteg+Nasional+Bahari/data=!4m7!3m6!1s0x2e788214a64c1dd3:0x851265a489e082cd!8m2!3d-7.9420685!4d112.6017775!16s%2Fg%2F11wn4bwxfc!19sChIJ0x1MphSCeC4RzYLgiaRlEoU?authuser=0&hl=id&rclk=1","Warteg Nasional Bahari","2,1","(7)","","","Restoran","·","","Jl. Joyo Utomo No.529","","","https://streetviewpixels-pa.googleapis.com/v1/thumbnail?panoid=uQIVhTT-asK0sEboII_fFg&cb_client=search.gws-prod.gps&w=80&h=92&yaw=11.296631&pitch=0&thumbfov=100","","Makan di tempat","","",""
"https://www.google.com/maps/place/Warteg+Aruna+Bahari+Grup/data=!4m7!3m6!1s0x2dd6298cf2488441:0x5048ad137bed98b!8m2!3d-7.9627317!4d112.6319345!16s%2Fg%2F11kh_qlh61!19sChIJQYRI8owp1i0Ri9m-N9GKBAU?authuser=0&hl=id&rclk=1","Warteg Aruna Bahari Grup","4,5","(20)","·","Rp 1–25.000","Indonesia","·","","Jl. Kaliurang No.50","","Buka 24 jam","https://lh3.googleusercontent.com/gps-cs-s/APNQkAHNefAwy1KGBCxbKKjZNZWrF_3OPGt4-9RggFFT_usMgDWPOppuIKkrb12TsccG3POKtHES0-78dIrRcsKROIv-mtlBMLv0fMPjCN0R8vl2klFi7fv1I2sAOJtXRFFUO4bE53an=w163-h92-k-no","https://ssl.gstatic.com/local/servicebusiness/default_user.png","""Harga menu","warteg","di sini terbilang murah.""",""
"https://www.google.com/maps/place/WARTEG+AR/data=!4m7!3m6!1s0x2dd629fe517bdfa3:0x79ae364498f92579!8m2!3d-7.9392481!4d112.6242372!16s%2Fg%2F11tnf6vkp4!19sChIJo997Uf4p1i0ReSX5mEQ2rnk?authuser=0&hl=id&rclk=1","WARTEG AR","4,5","(2)","","","Restoran","·","","Jl. Candi Panggung No.1A","","","https://lh3.googleusercontent.com/gps-cs-s/APNQkAGjvWIKnLzVp81XIRpD0qWNZxnZQZOINE72HxuluDS-rSlVSXcF8muHbFvYAUG50tevwlOWOjmPCUs3BcZpC6zh-qLz1uubfoa7GGa0Ax9GjZbz-RE7tGzTmg_OVluisFeCjeBm=w204-h92-k-no","https://ssl.gstatic.com/local/servicebusiness/default_user.png","""Warung makan khas Tegal dengan berbagai sayur n lauk""","","",""
"https://www.google.com/maps/place/WARTEG+OMAHAN/data=!4m7!3m6!1s0x2dd6282b1dd2ac71:0x87e576aa4747bb6b!8m2!3d-7.9635876!4d112.62303!16s%2Fg%2F11y7b4xqt4!19sChIJcazSHSso1i0Ra7tHR6p25Yc?authuser=0&hl=id&rclk=1","WARTEG OMAHAN","5,0","(1)","","","Restoran","·","","2JPF+H66, Blk. A-B","","","https://streetviewpixels-pa.googleapis.com/v1/thumbnail?panoid=h-E4osEg6j_D4o3ZWsq-jA&cb_client=search.gws-prod.gps&w=80&h=92&yaw=116.68812&pitch=0&thumbfov=100","","Makan di tempat","","",""
"https://www.google.com/maps/place/Warteg+Yonada+Bahari+Jalan+Bondowoso/data=!4m7!3m6!1s0x2e78830065ad9ad3:0x3cf814662a9004be!8m2!3d-7.9673881!4d112.6152742!16s%2Fg%2F11xncdpxj2!19sChIJ05qtZQCDeC4RvgSQKmYU-Dw?authuser=0&hl=id&rclk=1","Warteg Yonada Bahari Jalan Bondowoso","3,4","(63)","·","Rp 1–25.000","Tegal","·","","Jl. Bondowoso No.24","","Tutup","https://lh3.googleusercontent.com/gps-cs-s/APNQkAHw3F2F__Uavn0JBApaA6Bl7juLmLgpIwHVmiKilRvVGmxT17xuLnlycYsaT99_tj1DNl6AXzWNRfpkE-REf4Xt-fz3M2-xaPbuLtvYLAp5_YrLUqVFxkVrwjhKlD6INoflky6T=w122-h92-k-no","https://ssl.gstatic.com/local/servicebusiness/default_user.png","""Enak dan Banyak""","","","· Buka Sen pukul 08.30"
"https://www.google.com/maps/place/Warteg+Fadli+Bahari/data=!4m7!3m6!1s0x2dd629abe3c21cc3:0xe38cf728622f8c44!8m2!3d-7.9467722!4d112.6256226!16s%2Fg%2F11kk0yf8xj!19sChIJwxzC46sp1i0RRIwvYij3jOM?authuser=0&hl=id&rclk=1","Warteg Fadli Bahari","3,1","(14)","·","Rp 1–25.000","Tegal","·","","·","Jl. Kendalsari No.15","Buka 24 jam","https://lh3.googleusercontent.com/gps-cs-s/APNQkAGwpKH8ThfLNYJJCwx2x_yoPJPZsfzjDgwCTEIyrJ1izM8G4wfTqBC5UV6fGKa4O8RSR2S_1xOIJOhBzsOs7v1TG68n1QnsYm2zGhwksZ_Drl8rIW68W8uNpubmXvdIx_w8FTbV=w163-h92-k-no","https://ssl.gstatic.com/local/servicebusiness/default_user.png","""Harganya murah standar warung.""","","",""
"https://www.google.com/maps/place/ALMEERA+WARTEG/data=!4m7!3m6!1s0x2e78819d236a622d:0xbe057fe2a65da3e6!8m2!3d-7.9198356!4d112.5976257!16s%2Fg%2F11w43005_r!19sChIJLWJqI52BeC4R5qNdpuJ_Bb4?authuser=0&hl=id&rclk=1","ALMEERA WARTEG","4,8","(64)","·","Rp 1–25.000","Restoran","·","","Jalan karyawiguna (belakang kampus umm gerbang 3) kota mang","","Buka 24 jam","https://lh3.googleusercontent.com/gps-cs-s/APNQkAEfmCdzn3x_iCzVUVybBIRTsUDZpBQywjhhZIfPA0Uz7bjDCOAu4C8gJMthZb_KgaMQ3ZlrsA6HJhgrl3-lp-FRBTw4JOyrN1ZaBCADJ9Zs-nfcC7xITq_Tv-eGFM0bMzncv2e6=w80-h106-k-no","https://ssl.gstatic.com/local/servicebusiness/default_user.png","""Enak poll","warteg","nya bisa nambah asal abis+murah meriah""",""
"https://www.google.com/maps/place/WARTEG+MAMOKA+BAHARI/data=!4m7!3m6!1s0x2dd629cfa788f2bd:0xe4c886c33075ba63!8m2!3d-7.955887!4d112.6392404!16s%2Fg%2F11k48jb09s!19sChIJvfKIp88p1i0RY7p1MMOGyOQ?authuser=0&hl=id&rclk=1","WARTEG MAMOKA BAHARI","4,3","(48)","·","Rp 1–25.000","Indonesia","·","","·","2JVQ+JMX, Jl. Karya Timur","Buka 24 jam","https://lh3.googleusercontent.com/gps-cs-s/APNQkAF4Fg8p52_G12Qd5cYJCOHd4sPJ1M1WCXVjcn_EREawOMEb1Bdhf6rGttGBtQOfWVublrpjODfeqSAgdvFTRHPB4O4YfB0KBbVRjFsdedNaya4kHcs8S6x7bOxKPqhMVGVy3FD5-oeuOFGC=w80-h106-k-no","https://ssl.gstatic.com/local/servicebusiness/default_user.png","""","warteg","langganan, cocok buat anak kost harga murmer porsi&rasa okelah✨🔥""",""
"https://www.google.com/maps/place/Warteg+mamoka+bahari+288/data=!4m7!3m6!1s0x2dd6299529e74863:0xee8529f6213c5de6!8m2!3d-7.9378561!4d112.6441945!16s%2Fg%2F11krpcy9ct!19sChIJY0jnKZUp1i0R5l08IfYphe4?authuser=0&hl=id&rclk=1","Warteg mamoka bahari 288","4,6","(41)","·","Rp 1–25.000","Restoran","·","","Jl. Ahmad Yani","","Buka 24 jam","https://lh3.googleusercontent.com/gps-cs-s/APNQkAFOLix8QuhVyVNdO3-bQbNlQtN6EEGovET_wSxFfnMkwrPu4Ct0fxmojP9HYM7mgUCURFsI1CyPMfP--kYxjo3XQ4bD5OCLI5MzAjyzFs0ypRiRJMqcgtFMPkQLMaRpWkPi7Gru1A=w122-h92-k-no","https://ssl.gstatic.com/local/servicebusiness/default_user.png","""Murah ...meriah.... bahagia....
Monggo di coba...""","","",""
"https://www.google.com/maps/place/Warteg+Sahabat/data=!4m7!3m6!1s0x2e7883456fc91d25:0x81ccfe3b697cf818!8m2!3d-7.931382!4d112.5909108!16s%2Fg%2F11sd_lnn22!19sChIJJR3Jb0WDeC4RGPh8aTv-zIE?authuser=0&hl=id&rclk=1","Warteg Sahabat","4,7","(88)","·","Rp 1–25.000","Indonesia","·","","Jl. Tirto Taruno No.35A","","Buka 24 jam","https://lh3.googleusercontent.com/gps-cs-s/APNQkAEfjXACr26U7r762_wXE3ggRLrul01wx56hQV-rwt1472ERL4hx2n4XHDuuLBQIu5j_EFImGTk2D0p_WZztFEA728EdkkyiA1D76YoswbNYRCcoh_Yw8oakraJog5nNGXQu6WhL=w122-h92-k-no","https://ssl.gstatic.com/local/servicebusiness/default_user.png","""Aneka menu","warteg","yg mantap rasanya dgn harga yg murah.""",""
"https://www.google.com/maps/place/Warteg+46/data=!4m7!3m6!1s0x2dd629f040ce7ddd:0x115361524f46fc0e!8m2!3d-7.9403194!4d112.6210784!16s%2Fg%2F11n16wpxs8!19sChIJ3X3OQPAp1i0RDvxGT1JhUxE?authuser=0&hl=id&rclk=1","Warteg 46","","","","","Sesuai untuk keluarga","·","","Jl. Soekarno Hatta No.213","","","https://lh3.googleusercontent.com/gps-cs-s/APNQkAHlfSI_dpiJSzEkx2TeFhB7iT2JKwhbA2CDznueUcvqOrULXqifpLkHbo72OtAVpeiHQM4FbFHQWC5RyRYV7_jf7QewggXLRPAmKlHOnuO3DK5ZOVTSPIKXNJpVrFsokm2MmcX5FQ=w80-h142-k-no","","Makan di tempat","Bawa pulang","",""
"https://www.google.com/maps/place/WARTEG+BU+MARNI+2/data=!4m7!3m6!1s0x2e788320e11e6d61:0x6d56c6478f54ef54!8m2!3d-7.9354596!4d112.6125542!16s%2Fg%2F11ts05nqyy!19sChIJYW0e4SCDeC4RVO9Uj0fGVm0?authuser=0&hl=id&rclk=1","WARTEG BU MARNI 2","3,2","(13)","·","Rp 1–25.000","Tegal","·","","3J77+R27, Jl. Bunga Vinolia","","Buka 24 jam","https://lh3.googleusercontent.com/gps-cs-s/APNQkAERp9hpe2ZVMEPiujRfzUzQLDMxg3iD-ouA2YSRNQhOpTajKEx3XNYLcPmKLYvruW7xEu_vWyI6BNUPZfxHTYV67wD2lB9Rcz_21pqz_3W0Iw-qrPFyQvORfTXVJ568inGFckGvHA=w80-h106-k-no","https://ssl.gstatic.com/local/servicebusiness/default_user.png","""jelang romadon,sehingga harus
adaptasi dg keadaan lingkungan.""","","",""
"https://www.google.com/maps/place/WARTEG+PADEL/data=!4m7!3m6!1s0x2e7883e4e51817b1:0xca55d0b8e0089492!8m2!3d-7.9502857!4d112.6088186!16s%2Fg%2F11tdr2mxsn!19sChIJsRcY5eSDeC4RkpQI4LjQVco?authuser=0&hl=id&rclk=1","WARTEG PADEL","5,0","(2)","","","Indonesia","·","","Jl. Gajayana No.31","","","https://lh3.googleusercontent.com/gps-cs-s/APNQkAGGhmN5kzoOrsXY2goXWCzxXviGf2h3jtOST2746yaygt-ysJ_YPYHKokuJ8rdU47F2OVflO53AcUHd3UoO1R0t6mvHJlCKdzjHBXsp45mWhLzXtXgrwa-RbcXJQO9Af-8MhQJx=w80-h106-k-no","","","","",""
"https://www.google.com/maps/place/Warung+Warteg+Barokah/data=!4m7!3m6!1s0x2e7882096a97e809:0x24b4c7a4789fe37!8m2!3d-7.9358248!4d112.6157345!16s%2Fg%2F11s08lqr45!19sChIJCeiXagmCeC4RN_6JR3pMSwI?authuser=0&hl=id&rclk=1","Warung Warteg Barokah","5,0","(1)","","","Restoran","·","","Jl. Simpang Candi Panggung No.122","","","https://streetviewpixels-pa.googleapis.com/v1/thumbnail?panoid=A8JPWaT5HSik3WeZhQVtlg&cb_client=search.gws-prod.gps&w=80&h=92&yaw=49.88433&pitch=0&thumbfov=100","","Makan di tempat","Bawa pulang","",""
"https://www.google.com/maps/place/Warteg+sarirasa+cab+tlogomas/data=!4m7!3m6!1s0x2e7883a570412cff:0x33ccf7770cf6e6e5!8m2!3d-7.9331802!4d112.6037031!16s%2Fg%2F11fm7kd4j0!19sChIJ_yxBcKWDeC4R5eb2DHf3zDM?authuser=0&hl=id&rclk=1","Warteg sarirasa cab tlogomas","3,4","(5)","","","Tegal","·","","·","Jl. Raya Tlogomas No.26","Buka 24 jam","https://lh3.googleusercontent.com/gps-cs-s/APNQkAFQYZBVLGYKJyR6Cha3Q8kwDZAprTXi0QZAUQ9EeJYjRPPbHNn6LZchYbQ6TJTPLZqD3eSzaWqq7BrBEaNCK33TOSGEgcCiw6FL642jiHQXvdhZVWgxqPFrPMYlTKs49KjXYKehwg=w92-h92-k-no","https://ssl.gstatic.com/local/servicebusiness/default_user.png","""Enak murah ya cuma disini.""","","",""
"https://www.google.com/maps/place/WARTEG+depan+ABM/data=!4m7!3m6!1s0x2dd629b2c0f0602d:0xbbc3de9412ec66ea!8m2!3d-7.9419581!4d112.638122!16s%2Fg%2F11tx61hh7b!19sChIJLWDwwLIp1i0R6mbsEpTew7s?authuser=0&hl=id&rclk=1","WARTEG depan ABM","4,7","(91)","·","Rp 1–25.000","Brunch","·","","·","Jl. Candi Waringin No.14","Tutup","https://lh3.googleusercontent.com/gps-cs-s/APNQkAHSApdyqCKE5Bt7p8gMR_VSndYObsxL8628H3QYq6wJPXtj0YoI6jjRK7W-it4u38-Hics_SDpc9XyaKBUPgTSQ2Xuzfufhupxeca3joc-qCszU_NPrBB8wTvOYiBOgkdOKQR_x=w122-h92-k-no","https://ssl.gstatic.com/local/servicebusiness/default_user.png","""","warteg","... menunya aneka ragam.. tergantung selera.. harga ...""","· Buka pukul 06.00"
"https://www.google.com/maps/place/Warung+Tegal+Dau/data=!4m7!3m6!1s0x2e7881cb5418b91d:0x57de8829b53ae6a9!8m2!3d-7.913746!4d112.5845741!16s%2Fg%2F11lkh32x4c!19sChIJHbkYVMuBeC4RqeY6tSmI3lc?authuser=0&hl=id&rclk=1","Warung Tegal Dau","4,4","(207)","·","Rp 1–25.000","Indonesia","·","","·","Jl. Sidomakmur No.5","Buka 24 jam","https://lh3.googleusercontent.com/gps-cs-s/APNQkAGAm0lOXzSK7gpD7izIV1mhhCRLYSJgJ2VuUSFPU4W-33MxtAMBjkCPxV3YCpZmOPrGkwS5JfNqhS-ccpv2nYBe8B-ZyW9X0BtfKbKVTt10XaEZB2AhvqVFR6EnVKzPe3--RC0fcQ=w122-h92-k-no","https://ssl.gstatic.com/local/servicebusiness/default_user.png","""Makanan beevariasi, tempat nyaman ukuran","warteg","trmasuk bersih jg.""",""
"https://www.google.com/maps/place/ALMEERA+WARTEG/data=!4m7!3m6!1s0x2e78819d236a622d:0xbe057fe2a65da3e6!8m2!3d-7.9198356!4d112.5976257!16s%2Fg%2F11w43005_r!19sChIJLWJqI52BeC4R5qNdpuJ_Bb4?authuser=0&hl=id&rclk=1","ALMEERA WARTEG","4,8","(64)","·","Rp 1–25.000","Restoran","·","","Jalan karyawiguna (belakang kampus umm gerbang 3) kota mang","","Buka 24 jam","https://lh3.googleusercontent.com/gps-cs-s/APNQkAEfmCdzn3x_iCzVUVybBIRTsUDZpBQywjhhZIfPA0Uz7bjDCOAu4C8gJMthZb_KgaMQ3ZlrsA6HJhgrl3-lp-FRBTw4JOyrN1ZaBCADJ9Zs-nfcC7xITq_Tv-eGFM0bMzncv2e6=w80-h106-k-no","https://ssl.gstatic.com/local/servicebusiness/default_user.png","""Enak poll","warteg","nya bisa nambah asal abis+murah meriah""",""
"https://www.google.com/maps/place/Warteg+Berkah+Bahari/data=!4m7!3m6!1s0x2e788300077a8319:0x66013fa0cf51468e!8m2!3d-7.9301236!4d112.5982765!16s%2Fg%2F11zksfwnf3!19sChIJGYN6BwCDeC4RjkZRz6A_AWY?authuser=0&hl=id&rclk=1","Warteg Berkah Bahari","5,0","(3)","","","Indonesia","·","","3H9X+X82, Jl. Telaga Warna","","Tutup","https://lh3.googleusercontent.com/gps-cs-s/APNQkAG4uDnKt7JNqYfN4ksmvXgP192vTHlGLsE3-wZonHf9pPwwz7wh_QI8FLnlfz2oAY6kRCTSJqqHqfHbRiv5Ks3Xbp9WEE2Q0Rro9Mw9ePybM-6hLVMlGXo0HQFlnNUbk4SMGF-0VM3laLni=w80-h106-k-no","https://ssl.gstatic.com/local/servicebusiness/default_user.png","""Khas","warteg",", murah bisa qris 👍""","· Buka pukul 08.00"
"https://www.google.com/maps/place/WARTEG+CITRA+BARU+BAHARI/data=!4m7!3m6!1s0x2e78832eeabe958b:0xa32b85419451352!8m2!3d-7.9247397!4d112.5997255!16s%2Fg%2F11t251wmvb!19sChIJi5W-6i6DeC4RUhNFGVS4Mgo?authuser=0&hl=id&rclk=1","WARTEG CITRA BARU BAHARI","4,5","(64)","·","Rp 1–25.000","Tegal","·","","·","Jl. Raya Tlogomas No.55","Buka 24 jam","https://lh3.googleusercontent.com/gps-cs-s/APNQkAHlt3BDg-HK5g8k_-p_VOkAZyBTgeSfAQkGqQr4Ua2C_CpjC_KsjmNr9lBQz9hmqT453GoCDcyR_QNzLRZeo_eLqs3wur6wmjW3G0Yv19_mUgOaPTWGqUJGl1aIYS_f2oVul0LtWDeLoXhE=w80-h106-k-no","https://ssl.gstatic.com/local/servicebusiness/default_user.png","""","Warteg","24 jam, rasanya khas tegal benaren dan enak..""",""
"https://www.google.com/maps/place/WARTEG+MAMOKA+BAHARI+273/data=!4m7!3m6!1s0x2dd6295665281b09:0x2985913961a7984!8m2!3d-7.9875062!4d112.6227263!16s%2Fg%2F11v02y3vlb!19sChIJCRsoZVYp1i0RhHkalhNZmAI?authuser=0&hl=id&rclk=1","WARTEG MAMOKA BAHARI 273","3,9","(26)","·","Rp 1–25.000","Indonesia","·","","Ngaglik Jl. S. Supriadi, RT.3/RW.1","","Buka 24 jam","https://lh3.googleusercontent.com/gps-cs-s/APNQkAELwFUxZgkbjVFc9nvhO4TnTgSpvoBBEjGjsfNixc0TpF4eg5ZnRhhIwtJMhdbkgHmfkOIMcGG2d0au1Ki3ZWXCt6EK-XepXYrsj44SwX0aUGfIf6kzpBwmMf-GnKiloTBYgmEO=w209-h92-k-no","https://ssl.gstatic.com/local/servicebusiness/default_user.png","""Baru kali ini nemu org jualan","warteg","model gini bhayyyy""",""
"https://www.google.com/maps/place/WARTEG+PUTRABAHARI/data=!4m7!3m6!1s0x2e788210962f477d:0x474139a57c24cdbb!8m2!3d-7.9333772!4d112.6034723!16s%2Fg%2F11kk6xjct7!19sChIJfUcvlhCCeC4Ru80kfKU5QUc?authuser=0&hl=id&rclk=1","WARTEG PUTRABAHARI","3,6","(10)","·","Rp 1–25.000","Restoran","·","","·","3J83+J9X, Jl. Batu Permata","","https://lh3.googleusercontent.com/gps-cs-s/APNQkAGzP2OJblyr9brocMgpJgQpJYpKP6LV-Mji7vep8idH1rOrlbd8R8fGmEPgOU_LhySe-3N7z6O7aqOgPlGAMD4h29vV-erg7Qi6NQCdE0nrTT0P9Eo3EoeDFRv3dgypfYiFJMrk=w80-h142-k-no","https://ssl.gstatic.com/local/servicebusiness/default_user.png","""akhirnya menemukan","warteg","yg 'bersihan'.""",""
"https://www.google.com/maps/place/Warteg+Orens+Bahari/data=!4m7!3m6!1s0x2dd6295444845073:0x55151e08666c43a9!8m2!3d-7.9644982!4d112.635299!16s%2Fg%2F11td0_z9h7!19sChIJc1CERFQp1i0RqUNsZggeFVU?authuser=0&hl=id&rclk=1","Warteg Orens Bahari","4,0","(41)","·","Rp 1–25.000","Tegal","·","","Jl. W.R. Supratman No.2","","Buka 24 jam","https://lh3.googleusercontent.com/gps-cs-s/APNQkAErxiMDg7RIP1ie1B5fpajauvwLZTrpJuSwDnFC4iXxXXtxkRlP-HEpAlM7AFGBwn8Bt7VTU7W0H2eH7RINaLg4vKDHjSmBzX7itgS0Bth0InAK7DLlBHcSd604yOvBDyUbCrQL=w163-h92-k-no","https://ssl.gstatic.com/local/servicebusiness/default_user.png","""Masakannya enak
Cuma waktu bayar berasa di rumah makan Padang 🙈""","","",""
"https://www.google.com/maps/place/WARTEG+SAHABAT+CABANG+DERMO/data=!4m7!3m6!1s0x2e7883d86ec9565d:0x34b981df155f8ead!8m2!3d-7.9250762!4d112.5859944!16s%2Fg%2F11mrq74xtm!19sChIJXVbJbtiDeC4RrY5fFd-BuTQ?authuser=0&hl=id&rclk=1","WARTEG SAHABAT CABANG DERMO","4,6","(30)","·","Rp 1–25.000","Indonesia","·","","Jl. Raya Dermo","","Tutup","https://lh3.googleusercontent.com/gps-cs-s/APNQkAHlVlX9WQNZh7WVwCs-NLU_rBRWkjbg31ekBSyM9Abq9kNYuhgNS_bx8qRN2wtaJ0IC7HuwR6aYvMo5VlHmvC51lDnD8COwESxFdKcQgKwaw7pe7YUyWQu4KmzqC0h0gnafxIlKfJ04e_0C=w163-h92-k-no","https://ssl.gstatic.com/local/servicebusiness/default_user.png","""Tempat yang pas buat makan enak tanpa bikin kantong kaget.""","","","· Buka pukul 06.00"
"https://www.google.com/maps/place/WARTEG+PARADISE+BAHARI+028/data=!4m7!3m6!1s0x2e78817fc11f1617:0x39dc38e76395b7a6!8m2!3d-7.9176346!4d112.5888579!16s%2Fg%2F11tj38glbn!19sChIJFxYfwX-BeC4RpreVY-c43Dk?authuser=0&hl=id&rclk=1","WARTEG PARADISE BAHARI 028","4,5","(39)","·","Rp 1–25.000","Brunch","·","","Jl. Raya Jetis No.106","","Buka 24 jam","https://lh3.googleusercontent.com/gps-cs-s/APNQkAGo4sBfq-b3dkhdFgPW_MDZ6hWM-ttcGAFShGO9s4q3Kq0AwAPj3JZDM5vmzF8ssRULZ-okB0z-W_-4QtdhXPmtum2MMs1hR7tzsCFFUUvyuhks3mdlAyPjmBNu_6XuTgtlnlybOQ=w163-h92-k-no","https://ssl.gstatic.com/local/servicebusiness/default_user.png","""Harga standar","warteg","pada umumnya.""",""
"https://www.google.com/maps/place/Warteg+Mamoka+Akordion/data=!4m7!3m6!1s0x2e7883e76014df13:0xaf569c220987ae20!8m2!3d-7.9282813!4d112.6149764!16s%2Fg%2F11khs0j5dr!19sChIJE98UYOeDeC4RIK6HCSKcVq8?authuser=0&hl=id&rclk=1","Warteg Mamoka Akordion","5,0","(2)","","","Tegal","·","","·","Jl. Akordion No.24","","https://streetviewpixels-pa.googleapis.com/v1/thumbnail?panoid=-MgRSwo4BCJIMdaRkLW_QQ&cb_client=search.gws-prod.gps&w=80&h=92&yaw=241.93791&pitch=0&thumbfov=100","https://ssl.gstatic.com/local/servicebusiness/default_user.png","""bersih tempatnya""","","",""
"https://www.google.com/maps/place/Toko+sayur+sahabat+IRT+dan+warteg/data=!4m7!3m6!1s0x2e788300680a879d:0xaefad36d6fd662d2!8m2!3d-7.9538197!4d112.595642!16s%2Fg%2F11ygxrgyhv!19sChIJnYcKaACDeC4R0mLWb23T-q4?authuser=0&hl=id&rclk=1","Toko sayur sahabat IRT dan warteg","","","","","Toko bahan makanan","·","","2HWW+F7C, Jl. Perum Bukit Cemara Tidar","","Buka 24 jam","https://lh3.googleusercontent.com/gps-cs-s/APNQkAEbmB7TX7IIZxkcwkWTxtimZlSrASX18_q4YfdhUVsYOzMRpdyc7GwlDdFcEk7bz2Y8vjtWwgU_ouEfZbQ1WU9ioB3Hp1LJgNMundjr89Rb_GttZe0quJbfXNYvyojxQsiFl3PoZvV22_I=w122-h92-k-no","","","","",""
"https://www.google.com/maps/place/WARTEG+RAJA+SUKA+BAHARI/data=!4m7!3m6!1s0x2e788202ade2f403:0x813832eb911e2efb!8m2!3d-7.9226654!4d112.6083112!16s%2Fg%2F11y50y8k_g!19sChIJA_TirQKCeC4R-y4ekesyOIE?authuser=0&hl=id&rclk=1","WARTEG RAJA SUKA BAHARI","5,0","(1)","","","Restoran","","","","","","https://streetviewpixels-pa.googleapis.com/v1/thumbnail?panoid=MXUZtoSpZZBVJ_T-wOe7EQ&cb_client=search.gws-prod.gps&w=80&h=92&yaw=112.222534&pitch=0&thumbfov=100","","Makan di tempat","Bawa pulang","",""
"https://www.google.com/maps/place/Warteg+citra+baru+bahari/data=!4m7!3m6!1s0x2dd629954916206b:0x4381c656e74c8104!8m2!3d-7.9301098!4d112.6315268!16s%2Fg%2F11kk7lnrq4!19sChIJayAWSZUp1i0RBIFM51bGgUM?authuser=0&hl=id&rclk=1","Warteg citra baru bahari","","","","","Dapur Umum","·","","3J9J+XJ2, Jl. Ikan Tombro","","","https://streetviewpixels-pa.googleapis.com/v1/thumbnail?panoid=bJK3gl3MuhPKzgDbRs7WwQ&cb_client=search.gws-prod.gps&w=80&h=92&yaw=139.79007&pitch=0&thumbfov=100","","","","",""
"https://www.google.com/maps/place/WARTEG+NASIONAL/data=!4m7!3m6!1s0x2e7881c2406000fd:0xbe747c8938652fb5!8m2!3d-7.9005653!4d112.6035687!16s%2Fg%2F11s9c91pgr!19sChIJ_QBgQMKBeC4RtS9lOIl8dL4?authuser=0&hl=id&rclk=1","WARTEG NASIONAL","4,7","(52)","·","Rp 1–25.000","Restoran","","","","","","https://lh3.googleusercontent.com/gps-cs-s/APNQkAFH6dcMJGb6WA7OtrfNr2FUSaLip0vypACnpExlbp7zKgoYyJJYt-XvrKtT5dKX7_F4zUYySkwBk411BxorIs0ttl80tQTydvYGZHGaoJ_kJueBRa7afY99shlNcBuqIUcpqDFK=w122-h92-k-no","https://ssl.gstatic.com/local/servicebusiness/default_user.png","""recommend bgt masakannya enakk harga ramah kantong""","","",""
"https://www.google.com/maps/place/Warteg+putra+bahari/data=!4m7!3m6!1s0x2e7881e8099d356d:0x6039c61dc448e207!8m2!3d-7.9217929!4d112.60075!16s%2Fg%2F11jz1k5nmz!19sChIJbTWdCeiBeC4RB-JIxB3GOWA?authuser=0&hl=id&rclk=1","Warteg putra bahari","2,8","(12)","","","Rumah Makan","·","","Jl. Karyawiguna No.152 A","","Buka 24 jam","https://lh3.googleusercontent.com/gps-cs-s/APNQkAHxuc6fvK9DfaSh7_kXm82Fukeh51f-GsiOSBZjntRRZIGMDoY-mQG6mrTEChkthedyk0mOvidyEYR7iXb9VMSqs0TkzszbfVXNQ3tWa-R6ArfiIciDYUavf6OfXeSVzGiTLNDYCw=w163-h92-k-no","https://ssl.gstatic.com/local/servicebusiness/default_user.png","""Harga 17.000 sudah sama es teh yang gratis.""","","",""
"https://www.google.com/maps/place/Warteg+Nasional+Bahari+58/data=!4m7!3m6!1s0x2dd629c34c49cd93:0xb941d0c18f82bdb4!8m2!3d-7.9680694!4d112.6652453!16s%2Fg%2F11sc7jzcxl!19sChIJk81JTMMp1i0RtL2Cj8HQQbk?authuser=0&hl=id&rclk=1","Warteg Nasional Bahari 58","4,5","(66)","·","Rp 1–25.000","Tegal","·","","Jl. Terusan Wisnu Wardana","","Buka 24 jam","https://lh3.googleusercontent.com/gps-cs-s/APNQkAEmfxXglCHDv0O_givylCCGRQytyrL_Tx3TwDxuJTQuE2MJFktNQrAwy7scSIc-BnCqSn5GBnZ-MuO0yi1bT0GwnU2llO9sxOR_OiFJOlSqrvclo4nhVT6FYi0n65c3xRbzHcLS=w122-h92-k-no","https://ssl.gstatic.com/local/servicebusiness/default_user.png","""Makanannya enak dengan berbagai macam variasi.""","","",""
"https://www.google.com/maps/place/Warung+Kaki+6/data=!4m7!3m6!1s0x2dd62936e47da401:0x3f3710545076647c!8m2!3d-7.976527!4d112.6284322!16s%2Fg%2F11t53ytfnh!19sChIJAaR95DYp1i0RfGR2UFQQNz8?authuser=0&hl=id&rclk=1","Warung Kaki 6","4,6","(29)","·","Rp 1–25.000","Restoran","·","","Didalam Pia Cap Mangkok, Jl. Semeru No.number 25","","Tutup","https://lh3.googleusercontent.com/gps-cs-s/APNQkAHh1NnnbgDJlv46KeuovjOWDFah2QF5yWWkL709AkVljpB8ZV1o2nU8J5f3arT9_u3Ad6vYAP04gUoUTVyvhHuGBgAhhZXCWKi3ccH_oIbp_BcZ1SQUljXFKzAK7iXR8FHh2z8b=w122-h92-k-no","https://ssl.gstatic.com/local/servicebusiness/default_user.png","""Makanannya enak-enak.""","","","· Buka Sen pukul 08.00"
"https://www.google.com/maps/place/WARTEG+ORENS+BAHARI/data=!4m7!3m6!1s0x2dd629d27777592b:0x50b62c4d22183b6a!8m2!3d-7.9634631!4d112.6340766!16s%2Fg%2F11l2vtnz1c!19sChIJK1l3d9Ip1i0RajsYIk0stlA?authuser=0&hl=id&rclk=1","WARTEG ORENS BAHARI","2,8","(13)","·","Rp 1–25.000","Tegal","·","","Jl. Letjen Sutoyo No.2","","Buka 24 jam","https://lh3.googleusercontent.com/gps-cs-s/APNQkAEtNwoLgrXvQjlopv0I39EH9_aF2Adabx-P99pX5ME-eF2wz1FmixxA3UvqyKMrVNZ43JZxe-DVIp9UQozx_zrUZcqYKvTRAvC9AtyPbmjVvF2hpic-mq-jLdCGBl8yKuPpkpux=w163-h92-k-no","https://ssl.gstatic.com/local/servicebusiness/default_user.png","""... harga nya cukup terjangkau rekomendasi dari pada","warteg","lainnya""",""
"https://www.google.com/maps/place/Warteg+Ahza+Bahari/data=!4m7!3m6!1s0x2dd629a82368f083:0xe729da38117baba3!8m2!3d-7.9507922!4d112.6668863!16s%2Fg%2F11v3r8x6v3!19sChIJg_BoI6gp1i0Ro6t7ETjaKec?authuser=0&hl=id&rclk=1","Warteg Ahza Bahari","4,4","(22)","·","Rp 1–25.000","Restoran","","","","","Buka 24 jam","https://lh3.googleusercontent.com/gps-cs-s/APNQkAGrtw6lUItaMLM6XZRQV04EgxZw58Gk-9q2C8GWCnK6Yt1vwl1PjUUIpi3ZxZSmrWkm2DfeWQQNxSxGYNJpFjE8Npw7UH20JoPGZEDbmm6HoVLbTD3WnzckFsz3fC2SQW39sn5n=w80-h106-k-no","https://ssl.gstatic.com/local/servicebusiness/default_user.png","""Solusi lapar","warteg","ahza siap tempur""",""
"https://www.google.com/maps/place/warteg+orens+bahari/data=!4m7!3m6!1s0x2dd629bfc84c3cf9:0x60cd18a842ed5c00!8m2!3d-7.9519465!4d112.6396451!16s%2Fg%2F11shzftjxt!19sChIJ-TxMyL8p1i0RAFztQqgYzWA?authuser=0&hl=id&rclk=1","warteg orens bahari","2,5","(27)","·","Rp 1–25.000","Tegal","·","","·","Jl. Ciliwung No.3","Buka 24 jam","https://lh3.googleusercontent.com/gps-cs-s/APNQkAH8RHKEppJvVMkpDzrFdCmtMy-8vS1LNyIJUpNp3x6bNiLg-JdIhiao_L86F5eY4W6wfPbyeqMSQo_6AacN4ODJPFBb6MtAk0N0AZemMBfQ3eLlLftimroB1bmnAEAc0m-E62I=w80-h106-k-no","https://ssl.gstatic.com/local/servicebusiness/default_user.png","""Makanan enak banyak pilihan.""","","",""
"https://www.google.com/maps/place/WARTEG+ORENS+BAHARI/data=!4m7!3m6!1s0x2dd629ebe07f56a1:0xd0ed71436b4cddf6!8m2!3d-7.9369301!4d112.6379077!16s%2Fg%2F11kk6xcz0l!19sChIJoVZ_4Osp1i0R9t1Ma0Nx7dA?authuser=0&hl=id&rclk=1","WARTEG ORENS BAHARI","3,4","(5)","","","Restoran","·","","Jl. Simpang Borobudur No.66","","","https://streetviewpixels-pa.googleapis.com/v1/thumbnail?panoid=Pk0TsA2PJS8Ucsmq_HUEOw&cb_client=search.gws-prod.gps&w=80&h=92&yaw=87.78428&pitch=0&thumbfov=100","https://ssl.gstatic.com/local/servicebusiness/default_user.png","""Untuk makanan enak bgtt
Dan yang penting harganya merakyatt""","","",""
"https://www.google.com/maps/place/Warteg+citra+baru/data=!4m7!3m6!1s0x2e78818598465377:0xae7aa355c8f39645!8m2!3d-7.9232037!4d112.5814693!16s%2Fg%2F11q7fsk__n!19sChIJd1NGmIWBeC4RRZbzyFWjeq4?authuser=0&hl=id&rclk=1","Warteg citra baru","4,8","(12)","","","Tegal","·","","3HGJ+PH9, Jl. Raya Dermo","","Buka 24 jam","https://lh3.googleusercontent.com/gps-cs-s/APNQkAHIX5ves6dqVpQqC3R6LKhJWUyGq28ULyrtcJY2Swlz3piHp4By5lRvuh4ss5h9l-DpWuHhIgZoLVP7pAbuMJ6wuG_fJ0MG4seN3pg4DfgUqRnWM4V4sT9vnkiPEsNljY0sa51E3Q=w80-h106-k-no","","Makan di tempat","Bawa pulang","",""
"https://www.google.com/maps/place/Warteg+Yonada+bahari/data=!4m7!3m6!1s0x2dd629b070764367:0xfa0faf71b70eaba!8m2!3d-7.9769998!4d112.6643131!16s%2Fg%2F11l1y3n5v2!19sChIJZ0N2cLAp1i0RuupwG_f6oA8?authuser=0&hl=id&rclk=1","Warteg Yonada bahari","4,6","(31)","·","Rp 1–25.000","Indonesia","·","","Jl. Danau Bratan Raya No.19","","Tutup","https://lh3.googleusercontent.com/gps-cs-s/APNQkAGx2zx052m_Fw3MFYjnP-QyztsUEFH4zg6d0JZHVt2eHGHTDDGYRlbEu5KbHqP9zq27RLtk_Rm8SHQ9RTt0U5YdJUP-NlB9L5F9hT7phOubkG1KyUL9VpbGeMmqKgibDpnVT4OT=w80-h106-k-no","https://ssl.gstatic.com/local/servicebusiness/default_user.png","""","Warteg","langganan, lokasi sangat strategis di Sawojajar.""","· Buka pukul 09.00"
"https://www.google.com/maps/place/Warteg+Pak+Idub/data=!4m7!3m6!1s0x2dd629ece2141c69:0xabc38cde41ed6bef!8m2!3d-7.9500207!4d112.6381684!16s%2Fg%2F11f65bq4m4!19sChIJaRwU4uwp1i0R72vtQd6Mw6s?authuser=0&hl=id&rclk=1","Warteg Pak Idub","4,0","(1)","","","Tegal","·","","·","2JXQ+X7V, Jl. Kebon Jeruk","","https://lh3.googleusercontent.com/gps-cs-s/APNQkAHXn-e5Eyz3wYNbEqzm1EyR6i-Ew1WDRD3t1MuQUnsyqC2Ah49eAaAL9cLlaqrJwUG5GufZmsVu9NPBr-QyqUp5LvCQIksH_bDm61xuqbywMt1eFojLCVZLk-JTidUshYRh_t4=w80-h142-k-no","","Makan di tempat","Bawa pulang","",""
"https://www.google.com/maps/place/Warteg+Nusantara+2/data=!4m7!3m6!1s0x2e788367066a53d9:0x6daf4aa0432c144a!8m2!3d-7.9257075!4d112.5895601!16s%2Fg%2F11lp87nc6n!19sChIJ2VNqBmeDeC4RShQsQ6BKr20?authuser=0&hl=id&rclk=1","Warteg Nusantara 2","","","","","Restoran","·","","Jl. Raya Dermo No.26","","Buka 24 jam","https://streetviewpixels-pa.googleapis.com/v1/thumbnail?panoid=2alqwpN1qtdcizZS7V8xkw&cb_client=search.gws-prod.gps&w=80&h=92&yaw=7.501946&pitch=0&thumbfov=100","","Makan di tempat","Ambil di tepi jalan","Pesan antar",""
"https://www.google.com/maps/place/WARTEG+ORENS+BAHARI/data=!4m7!3m6!1s0x2e7881e2e8aa144f:0x4154c978507f858a!8m2!3d-7.9098076!4d112.6176233!16s%2Fg%2F11sthj54qf!19sChIJTxSq6OKBeC4RioV_UHjJVEE?authuser=0&hl=id&rclk=1","WARTEG ORENS BAHARI","4,5","(2)","","","Restoran","·","","Jl. Balai Desa Kepuharjo No.34","","","https://lh3.googleusercontent.com/gps-cs-s/APNQkAFHcYpVo6cNuzEpPU8SJlfwHAunhkjP8YlQFjZkfj0wX3RUJQYHOkWJYMwmFT3KnTmw8De_L3QQgJ7D6hysWFjr7kt9rjuC1cNjH7VaHNCVbsx7fvVTqeg31l2GcUpAA2KjjnIULn4_SV8h=w80-h106-k-no","","Makan di tempat","Bawa pulang","",""
"https://www.google.com/maps/place/WARTEG+BOROBUDUR/data=!4m7!3m6!1s0x2dd62905c341264d:0xc162f74e66b9d97!8m2!3d-7.940488!4d112.6386627!16s%2Fg%2F11xdzw1nst!19sChIJTSZBwwUp1i0Rl51r5nQvFgw?authuser=0&hl=id&rclk=1","WARTEG BOROBUDUR","3,8","(4)","·","Rp 1–25.000","Rumah Makan","·","","Jl. Borobudur No.5F","","Segera tutup","https://lh3.googleusercontent.com/gps-cs-s/APNQkAG0LOTXRPZs2YMOLhbKZP47TEUvNaJmXhCUo_50Xr1YjlGedV7ftCDdEtL-qqC9vcqpK5XFEPmvKUliZmtcFn9G9WKru8vgcWyjBsSK3z4cfqABzRU5LMy9MKegeriI2NCbLXJ2LyP5ezqR=w80-h106-k-no","https://ssl.gstatic.com/local/servicebusiness/default_user.png","""enak banget worth it super murahh 🙏""","","","· 01.00 · Buka kembali pukul 06.00"
"https://www.google.com/maps/place/Warteg+Angkasa+Bahari+%232+Singosari/data=!4m7!3m6!1s0x2dd62bbbc6ffed6d:0xe9dc9ba130ce2651!8m2!3d-7.8963258!4d112.6649709!16s%2Fg%2F11twtvnfwz!19sChIJbe3_xrsr1i0RUSbOMKGb3Ok?authuser=0&hl=id&rclk=1","Warteg Angkasa Bahari #2 Singosari","4,3","(55)","·","Rp 1–25.000","Restoran","·","","·","4M37+FX4, Jalan Raya","Buka 24 jam","https://lh3.googleusercontent.com/gps-cs-s/APNQkAGdG5O0nPkMw8dmDpO2dGPdbC0ZiuTYAcCZpypFhRmOAtsu8VeiLf8MVHz-exK8rqtDkshzqIOSotCD3rK_jH5r0Jx-c__NjsPY8y9Vh2paAS_ePdiPZAZ3elEcmv7nH06-9-Fj=w122-h92-k-no","https://ssl.gstatic.com/local/servicebusiness/default_user.png","""Makanannya enak, porsinya cukup.""","","",""
"https://www.google.com/maps/place/WARTEG+ORENS+BAHARI/data=!4m7!3m6!1s0x2dd629000f2a2c0b:0x5ecfd5e7c21935df!8m2!3d-7.9651937!4d112.634604!16s%2Fg%2F11vzctj9vr!19sChIJCywqDwAp1i0R3zUZwufVz14?authuser=0&hl=id&rclk=1","WARTEG ORENS BAHARI","","","","","Tegal","·","","2JMM+WRH, Gg. II","","Buka 24 jam","https://streetviewpixels-pa.googleapis.com/v1/thumbnail?panoid=-SewLCX-dQggpwYLW7bg8w&cb_client=search.gws-prod.gps&w=80&h=92&yaw=93.66959&pitch=0&thumbfov=100","","Makan di tempat","Bawa pulang","",""
"https://www.google.com/maps/place/Warteg+Orens+Bahari/data=!4m7!3m6!1s0x2dd6283532e47195:0x5b25aa81042d1519!8m2!3d-7.9610005!4d112.6416283!16s%2Fg%2F11vx5ttvpk!19sChIJlXHkMjUo1i0RGRUtBIGqJVs?authuser=0&hl=id&rclk=1","Warteg Orens Bahari","1,0","(1)","","","Restoran","·","","2JQR+HMR, Jl. Indragiri","","","https://lh3.googleusercontent.com/gps-cs-s/APNQkAGEGq1LwfkKCy3VsnVDWcs5fAbKNDLYcSAoMrwSzgAHZD_MnUgwX7_YLeE2huVmBvxp92Q4FwxA-8kiTa9lANYIsbMuD_hDhzlve1PWJCXkXGT65jgqXzGbREuDImtNHotuITF8=w80-h142-k-no","","Makan di tempat","Bawa pulang","",""
"https://www.google.com/maps/place/Warteg+paradise+bahari/data=!4m7!3m6!1s0x2dd629d4ae322565:0xf4fb1f284e18e43c!8m2!3d-7.9839838!4d112.6599488!16s%2Fg%2F11vl25ss8v!19sChIJZSUyrtQp1i0RPOQYTigf-_Q?authuser=0&hl=id&rclk=1","Warteg paradise bahari","5,0","(15)","·","Rp 1–25.000","Brunch","·","","2M85+CX4, Jl. Ki Ageng Gribig","","","https://lh3.googleusercontent.com/gps-cs-s/APNQkAHg0b44Eybsw4P5lhDpHTL78sMLHNzBeSQ27r1KyW7jsoiUa-5ZzeeOEx0OFiAu9MyeK5QRmo6b0HPpC8hxJEmRkPSHRC410I2DahVsvwXzcaM2UGDAuGWRHzoD9h2LlKIo5vGHFQ=w167-h92-k-no","https://ssl.gstatic.com/local/servicebusiness/default_user.png","""Masakannya enak bgt pelayanan juga ramah sekali""","","",""
"","","","","","","","","","","","","","","","","",""