"hfpxzc href","qBF1Pd","MW4etd","UY7F9","W4Efsd","W4Efsd 2","W4Efsd 3","W4Efsd 4","W4Efsd 5","UsdlK","lcr4fd href","Cw1rxd","R8c4Qb","Cw1rxd 2","R8c4Qb 2","Jn12ke src","ah5Ghc","W4Efsd 6","doJOZc","W4Efsd 7"
"","","","","","","","","","","","","","","","","","","",""
"","","","","","","","","","","","","","","","","","","",""
"https://www.google.com/maps/place/Apotek+K-24+Jojoran+Surabaya/data=!4m7!3m6!1s0x2dd7fbd2a86017bf:0x6049cfa50bd9665f!8m2!3d-7.2758095!4d112.7621141!16s%2Fg%2F11fz9wy8b5!19sChIJvxdgqNL71y0RX2bZC6XPSWA?authuser=0&hl=id&rclk=1","Apotek K-24 Jojoran Surabaya","4,8","(246)","Apotek","·","Jl. Raya Menur No.14","Buka 24 jam","·","0853-3920-7458","https://www.apotek-k24.com/location/detail/542/K-24-JOJORAN","","Situs Web","","Rute","https://ssl.gstatic.com/local/servicebusiness/default_user.png","""Pelayanan nya bagus,","","",""
"https://www.google.com/maps/place/VIVA+Apotek+Gubeng/data=!4m7!3m6!1s0x2dd7fbd1c4f4e0e7:0x8ddd8e50c3de70e8!8m2!3d-7.2756451!4d112.7559679!16s%2Fg%2F11gc4brqdf!19sChIJ5-D0xNH71y0R6HDew1CO3Y0?authuser=0&hl=id&rclk=1","VIVA Apotek Gubeng","4,6","(119)","Apotek","·","Jl. Dharmawangsa No.126 A","Buka","·","0812-3448-5094","https://vivaapotek.co.id/","","Situs Web","","Rute","https://ssl.gstatic.com/local/servicebusiness/default_user.png","""Pelayanan ramah, bersih, obat-obatnya juga lengkap.""","· Tutup pukul 21.30","",""
"https://www.google.com/maps/place/Apotek+Boy+dan+Praktek+Dokter+Bersama/data=!4m7!3m6!1s0x2dd7fbcd59cb97ff:0x47b0f082fe95f168!8m2!3d-7.2753261!4d112.7622489!16s%2Fg%2F1hc2502s7!19sChIJ_5fLWc371y0RaPGV_oLwsEc?authuser=0&hl=id&rclk=1","Apotek Boy dan Praktek Dokter Bersama","4,5","(39)","Apotek","·","·","Jl. Raya Menur No.4","Buka","0812-5952-8818","","","Rute","","","https://ssl.gstatic.com/local/servicebusiness/default_user.png","""Dokter ramah, suster nya oke","· Tutup pukul 21.00","","·"
"https://www.google.com/maps/place/Apotek+K-24+Dharmawangsa+Surabaya/data=!4m7!3m6!1s0x2dd7fbf96ee98f35:0xc1ffe97474a86da8!8m2!3d-7.2735772!4d112.7560603!16s%2Fg%2F11xyyj26tx!19sChIJNY_pbvn71y0RqG2odHTp_8E?authuser=0&hl=id&rclk=1","Apotek K-24 Dharmawangsa Surabaya","4,9","(55)","Apotek","·","Jl. Gubeng Airlangga IV No.1 3","Buka 24 jam","·","0811-3077-7215","https://www.apotek-k24.com/location/detail/1145/K-24-DHARMAWANGSA","","Situs Web","","Rute","https://ssl.gstatic.com/local/servicebusiness/default_user.png","""Tempatnya luas, bersih, dan produknya cukup lengkap juga.""","","",""
"https://www.google.com/maps/place/Apotek+Kimia+Farma+-+Dharmawangsa/data=!4m7!3m6!1s0x2dd7fbd166814ff7:0x9b74796d21757efa!8m2!3d-7.26957!4d112.756204!16s%2Fg%2F1tlr2nbx!19sChIJ90-BZtH71y0R-n51IW15dJs?authuser=0&hl=id&rclk=1","Apotek Kimia Farma - Dharmawangsa","4,5","(765)","Apotek","·","·","Buka 24 jam","Jl. Dharmawangsa No.24","0811-3290-024","http://kimiafarmaapotek.co.id/","","Situs Web","","Rute","https://ssl.gstatic.com/local/servicebusiness/default_user.png","""pelayanan nya baik, apotekernya baik, obatnya lengkap sip sip""","","","·"
"https://www.google.com/maps/place/Apotek+Rawat+Inap+24+Jam+RS+Dr.+Soetomo/data=!4m7!3m6!1s0x2dd7fbd5bb90b921:0x5cf756ba2554853c!8m2!3d-7.267952!4d112.7589884!16s%2Fg%2F11g8b5hr5y!19sChIJIbmQu9X71y0RPIVUJbpW91w?authuser=0&hl=id&rclk=1","Apotek Rawat Inap 24 Jam RS Dr. Soetomo","3,0","(2)","Apotek","·","Jl. Prof. DR. Moestopo No.6-8","","Buka 24 jam","","","","Rute","","","","","","",""
"https://www.google.com/maps/place/Apotek+2+Oscar/data=!4m7!3m6!1s0x2dd7fbd698144099:0xa8e9633021b6807e!8m2!3d-7.2700031!4d112.7563155!16s%2Fg%2F1hc2d5xbv!19sChIJmUAUmNb71y0RfoC2ITBj6ag?authuser=0&hl=id&rclk=1","Apotek 2 Oscar","2,6","(132)","Apotek","·","·","Buka","Jl. Dharmawangsa No.28","0857-3189-3889","https://www.tokopedia.com/apotek2oscarsurabaya","","Situs Web","","Rute","https://ssl.gstatic.com/local/servicebusiness/default_user.png","""Harga tergolong murah dibanding","· Tutup pukul 00.00","","·"
"https://www.google.com/maps/place/Apotik+Meliana/data=!4m7!3m6!1s0x2dd7fbcc556c611f:0x5e8facbc43053992!8m2!3d-7.27852!4d112.7588262!16s%2Fg%2F1hm678ylh!19sChIJH2FsVcz71y0RkjkFQ7ysj14?authuser=0&hl=id&rclk=1","Apotik Meliana","3,8","(46)","Apotek","·","·","Jl. Kertajaya No.137","Buka","(031) 5034539","","","Rute","","","https://ssl.gstatic.com/local/servicebusiness/default_user.png","""Apoteknya lengkap, pelayanannya baik.""","· Tutup pukul 21.00","","·"
"https://www.google.com/maps/place/Apotek+K+23/data=!4m7!3m6!1s0x2dd7fbcff1070f45:0xb59c8f20329941e3!8m2!3d-7.277255!4d112.751472!16s%2Fg%2F11b66cmpmn!19sChIJRQ8H8c_71y0R40GZMiCPnLU?authuser=0&hl=id&rclk=1","Apotek K 23","5,0","(6)","Apotek","·","Jl. Kertajaya No.23","","","(031) 70422323","","","Rute","","","https://ssl.gstatic.com/local/servicebusiness/default_user.png","""Buka walau tgl merah""","","",""
"https://www.google.com/maps/place/Apotek+Kimia+Farma+-+Karangmenjangan/data=!4m7!3m6!1s0x2dd7fbd49068b279:0x52e73b1d9ff86cb2!8m2!3d-7.2667701!4d112.7612228!16s%2Fg%2F1tm9dlhz!19sChIJebJokNT71y0Rsmz4nx0751I?authuser=0&hl=id&rclk=1","Apotek Kimia Farma - Karangmenjangan","4,7","(133)","Apotek","·","Jl. Karang Menjangan No.9","Buka","·","0851-5805-0175","http://kimiafarmaapotek.co.id/","","Situs Web","","Rute","https://ssl.gstatic.com/local/servicebusiness/default_user.png","""","· Tutup pukul 22.00","",""
"https://www.google.com/maps/place/Apotek+RR/data=!4m7!3m6!1s0x2dd7fb5a080628a1:0x75c8299c238233dd!8m2!3d-7.2664328!4d112.7615517!16s%2Fg%2F11hz4r3n_y!19sChIJoSgGCFr71y0R3TOCI5wpyHU?authuser=0&hl=id&rclk=1","Apotek RR","5,0","(5)","Apotek","·","Jl. Kedung Tarukan Baru I No.18, RT.001/RW.06","","Buka","","","","Rute","","","https://ssl.gstatic.com/local/servicebusiness/default_user.png","""Disini apoteknya lengkap obatnya.""","· Tutup pukul 22.15","",""
"https://www.google.com/maps/place/Apotek+Rawat+Jalan+RS.+DR.+Soetomo/data=!4m7!3m6!1s0x2dd7fb007ac56d3f:0x2fda77214fcac62d!8m2!3d-7.2666097!4d112.757028!16s%2Fg%2F11xzxl8xcp!19sChIJP23FegD71y0RLcbKTyF32i8?authuser=0&hl=id&rclk=1","Apotek Rawat Jalan RS. DR. Soetomo","5,0","(1)","Rumah Sakit","·","PQM4+9R2","","","","","","Rute","","","https://ssl.gstatic.com/local/servicebusiness/default_user.png","""mengantre rapi""","","",""
"https://www.google.com/maps/place/Bisturi+Medika+Farma/data=!4m7!3m6!1s0x2dd7fbd1566c75af:0x9dadf96bd6dcc6e1!8m2!3d-7.2715781!4d112.7568146!16s%2Fg%2F1pzsc9y_4!19sChIJr3VsVtH71y0R4cbc1mv5rZ0?authuser=0&hl=id&rclk=1","Bisturi Medika Farma","","","Apotek","·","JL. Dharmawangsa, No. 30 E, Airlangga, Gubeng","","","(031) 5032691","","","Rute","","","","","","",""
"https://www.google.com/maps/place/Apotek+27/data=!4m7!3m6!1s0x2dd7fb8b40da93f1:0xe1bea5e6fa795e2f!8m2!3d-7.2755041!4d112.7548876!16s%2Fg%2F11vbzn3nkg!19sChIJ8ZPaQIv71y0RL155-ualvuE?authuser=0&hl=id&rclk=1","Apotek 27","4,2","(5)","Apotek","·","Jl. Gubeng Kertajaya VIIA No.11","","","0821-2525-2959","","","Rute","","","https://ssl.gstatic.com/local/servicebusiness/default_user.png","""𝕊𝕒𝕪𝕒 𝕥𝕚𝕟𝕘𝕘𝕒𝕝 𝕕𝕚 𝕤𝕚𝕟𝕚""","","",""
"https://www.google.com/maps/place/Apotik+Prayogo/data=!4m7!3m6!1s0x2dd7fbd152090cd5:0x9be9ad2b10c6987!8m2!3d-7.2714983!4d112.7561932!16s%2Fg%2F11dfjb6wy1!19sChIJ1QwJUtH71y0Rh2kMsdKavgk?authuser=0&hl=id&rclk=1","Apotik Prayogo","4,5","(40)","Apotek","·","·","Jl. Dharmawangsa No.68","Tutup","(031) 5030082","","","Rute","","","https://ssl.gstatic.com/local/servicebusiness/default_user.png","""Di Apotik Prayogo pelayanan x CPT dan  obat x jg murah ...""","· Buka Sen pukul 07.30","","·"
"https://www.google.com/maps/place/Apotek+K-24+Pasar+Pucang/data=!4m7!3m6!1s0x2dd7fbc892fe50df:0x52852d4b5270470f!8m2!3d-7.2844528!4d112.7521736!16s%2Fg%2F1tdhpqy6!19sChIJ31D-ksj71y0RD0dwUksthVI?authuser=0&hl=id&rclk=1","Apotek K-24 Pasar Pucang","4,7","(279)","Apotek","·","·","Buka 24 jam","Jl. Pucang Anom No.12-C","0822-2811-5961","http://www.apotek-k24.com/en/location/detail/272/K-24-PASAR-PUCANG","","Situs Web","","Rute","https://ssl.gstatic.com/local/servicebusiness/default_user.png","""Apoteknya lengkap, harganya terjangkau dan pelayanannya ramah🫶""","","","·"
"https://www.google.com/maps/place/De+Nature+Indonesia/data=!4m7!3m6!1s0x2dd7fbffffb20bcb:0xa3bbb96358780e8c!8m2!3d-7.2697774!4d112.7525728!16s%2Fg%2F11h_9v1p8z!19sChIJywuy___71y0RjA54WGO5u6M?authuser=0&hl=id&rclk=1","De Nature Indonesia","","","Apotek","·","Jl. Gubeng Klingsingan II No.27, RT.003/RW.03","Buka 24 jam","·","0852-1138-6443","https://medium.com/@apotikdenature8/alamat-kantor-pusat-de-nature-indonesia-di-cilacap-jawa-tengah-9ae509be5357","","Situs Web","","Rute","","Pesan antar","","",""
"https://www.google.com/maps/place/Apotek+Salma+Farma/data=!4m7!3m6!1s0x2dd7fa2c574ab6b1:0xe1c30361430eb79d!8m2!3d-7.2726916!4d112.7661261!16s%2Fg%2F11b6d84cv6!19sChIJsbZKVyz61y0RnbcOQ2EDw-E?authuser=0&hl=id&rclk=1","Apotek Salma Farma","3,4","(38)","Apotek","·","·","Buka","Jl. Jojoran I No.67","(031) 5929483","https://shopee.co.id/apoteksalmafarma","","Situs Web","","Rute","https://ssl.gstatic.com/local/servicebusiness/default_user.png","""Pelayanannya cepat, ketersediaan obat lengkap, harga terjangkau""","· Tutup pukul 21.00","","·"
"https://www.google.com/maps/place/Dokter+Franky/data=!4m7!3m6!1s0x2dd7fb00366870ed:0xdba04d93146ad4b5!8m2!3d-7.2753954!4d112.7622513!16s%2Fg%2F11yq92gj1q!19sChIJ7XBoNgD71y0RtdRqFJNNoNs?authuser=0&hl=id&rclk=1","Dokter Franky","4,7","(3)","Apotek","·","Jl. Raya Menur No.17","","","","","","Rute","","","https://ssl.gstatic.com/local/servicebusiness/default_user.png","""Cocok banget dokter ramah obatnya cocok dr keluarga saya""","","",""
"https://www.google.com/maps/place/Kos+Kartika+house+%2Fapotik+kartika/data=!4m7!3m6!1s0x2dd7fbd60ec24b17:0xa876f8328e743e67!8m2!3d-7.266978!4d112.7564463!16s%2Fg%2F1hc64kv0m!19sChIJF0vCDtb71y0RZz50jjL4dqg?authuser=0&hl=id&rclk=1","Kos Kartika house /apotik kartika","3,7","(6)","Apotek","·","PQM4+6H4, Jl. Dharmawangsa","","","","","","Rute","","","https://ssl.gstatic.com/local/servicebusiness/default_user.png","""Gamasalah kamar kecil.""","","",""
"https://www.google.com/maps/place/Viva+Apotek+Kalidami/data=!4m7!3m6!1s0x2dd7fa2d44151a87:0x8d36bb8285d20551!8m2!3d-7.2751384!4d112.7644523!16s%2Fg%2F1pzyfxh41!19sChIJhxoVRC361y0RUQXShYK7No0?authuser=0&hl=id&rclk=1","Viva Apotek Kalidami","4,9","(201)","Apotek","·","·","Buka","Jl. Kalidami No.37, RT.02/RW.09","(031) 5955735","https://vivahealth.co.id/","","Situs Web","","Rute","https://ssl.gstatic.com/local/servicebusiness/default_user.png","""pelayanan ramah, tempat bersih, mudah dapat informasi obat""","· Tutup pukul 21.30","","·"
"https://www.google.com/maps/place/Area+surabaya/data=!4m7!3m6!1s0x2dd7fb0052d16a0b:0xd2b79702abcbab8!8m2!3d-7.2661334!4d112.7575702!16s%2Fg%2F11nbhfs1v2!19sChIJC2rRUgD71y0RuLq8KnB5Kw0?authuser=0&hl=id&rclk=1","Area surabaya","","","Apotek","·","Jl. Prof. DR. Moestopo No.29","","","","","","Rute","","","","","","",""
"https://www.google.com/maps/place/Fiforlif+Surabaya/data=!4m7!3m6!1s0x2dd7fbce4dc2cca7:0x8cd2a92c6f1276a3!8m2!3d-7.2782041!4d112.7542642!16s%2Fg%2F11g9w5sypl!19sChIJp8zCTc771y0Ro3YSbyyp0ow?authuser=0&hl=id&rclk=1","Fiforlif Surabaya","5,0","(5)","Apotek","·","Jual Fiforlif Surabaya Jl.Juwingan 98 B, Kertajaya Gubeng","·","Buka 24 jam","0812-3133-8505","","","Rute","","","","Pesan antar","","",""
"https://www.google.com/maps/place/Apotek+dan+Laboratorium+Medis+Kimia+Farma/data=!4m7!3m6!1s0x2dd7fbd165378205:0xe52feb600a553730!8m2!3d-7.2695848!4d112.7561678!16s%2Fg%2F1hc5tlktb!19sChIJBYI3ZdH71y0RMDdVCmDrL-U?authuser=0&hl=id&rclk=1","Apotek dan Laboratorium Medis Kimia Farma","3,9","(18)","Laboratorium Medis","·","Jl. Dharmawangsa No.24, RT.004/RW.01","","","(031) 5030476","","","Rute","","","https://ssl.gstatic.com/local/servicebusiness/default_user.png","""terima kasih banyak ya kak,apoteker nya baik2""","","",""
"https://www.google.com/maps/place/Instalasi+Farmasi+RSUD+Dr.+Soetomo/data=!4m7!3m6!1s0x2dd7fb411b2dbeb5:0x87a8aeb7c5e236da!8m2!3d-7.2685036!4d112.7585064!16s%2Fg%2F11ft2lhrmq!19sChIJtb4tG0H71y0R2jbixbeuqIc?authuser=0&hl=id&rclk=1","Instalasi Farmasi RSUD Dr. Soetomo","4,4","(5)","Apotek","·","·","Jl. Prof. DR. Moestopo No.6-8","","","","","Rute","","","","","","",""
"https://www.google.com/maps/place/Apotek+Inti+Farma/data=!4m7!3m6!1s0x2dd7fa298b629693:0xad15fa74b60db9c1!8m2!3d-7.267033!4d112.7691308!16s%2Fg%2F1hm1zx9n3!19sChIJk5Ziiyn61y0RwbkNtnT6Fa0?authuser=0&hl=id&rclk=1","Apotek Inti Farma","4,6","(108)","Apotek","·","·","Jl. Dharmahusada No.124","Buka","0895-3259-43924","","","Rute","","","https://ssl.gstatic.com/local/servicebusiness/default_user.png","""Obatnya lengkap pelayanannya baik harganya masih terjangkau 👍""","· Tutup pukul 21.00","","·"
"https://www.google.com/maps/place/Farmasi+%2F+Apotek+%2F+Obat+Rawat+Jalan+RSUD+Dr.+Soetomo/data=!4m7!3m6!1s0x2dd7fb004dfc168b:0x645b815137c3685c!8m2!3d-7.2666359!4d112.7570301!16s%2Fg%2F11md4s66ch!19sChIJixb8TQD71y0RXGjDN1GBW2Q?authuser=0&hl=id&rclk=1","Farmasi / Apotek / Obat Rawat Jalan RSUD Dr. Soetomo","2,7","(7)","Apotek","·","Gedung Poli Rawat Jalan, Jl. Dharmawangsa Dalam No.6 Lantai I, RW.8","","Tutup","","","","Rute","","","","","· Buka Sen pukul 08.00","",""
"https://www.google.com/maps/place/TRIMAS/data=!4m7!3m6!1s0x2dd7fcf972278ce5:0xea7aa6834e1c5c6e!8m2!3d-7.2765821!4d112.7547931!16s%2Fg%2F11g8c9njbd!19sChIJ5Ywncvn81y0RblwcToOmeuo?authuser=0&hl=id&rclk=1","TRIMAS","5,0","(2)","Kantor Perusahaan","·","Jl. Gubeng Kertajaya VII Raya Blok RAYA No.15","","","","","","Rute","","","","","","",""
"https://www.google.com/maps/place/Apotik+Alin+Farma/data=!4m7!3m6!1s0x2dd7fbd0e20f432f:0x36e3fe9488941b64!8m2!3d-7.273056!4d112.753855!16s%2Fg%2F11g88bc5pv!19sChIJL0MP4tD71y0RZBuUiJT-4zY?authuser=0&hl=id&rclk=1","Apotik Alin Farma","4,9","(33)","Apotek","·","Jl. Gubeng Jaya V No.5-B, RT.012/RW.02","","Tutup","","","","Rute","","","https://ssl.gstatic.com/local/servicebusiness/default_user.png","""Obat yang di berikan selalu cocok dan membuat sembuh""","· Buka Sen pukul 12.00","",""
"https://www.google.com/maps/place/Apotek+K-24+Dharmahusada+Surabaya/data=!4m7!3m6!1s0x2dd7fa2a125d3cf5:0xefc9f65955981bdd!8m2!3d-7.2663478!4d112.7664319!16s%2Fg%2F1xb0n84w!19sChIJ9TxdEir61y0R3RuYVVn2ye8?authuser=0&hl=id&rclk=1","Apotek K-24 Dharmahusada Surabaya","4,8","(677)","Apotek","·","·","Buka 24 jam","Jl. Prof. DR. Moestopo Jl. Dharmahusada No.121","0812-9954-2424","https://k24-dharmahusada.vercel.app/","","Situs Web","","Rute","https://ssl.gstatic.com/local/servicebusiness/default_user.png","""FAST response, obat² an yg terjual lengkap, harga wajar.""","","","·"
"https://www.google.com/maps/place/Apotek+Kondang+Sae/data=!4m7!3m6!1s0x2dd7fbc1d6d9f459:0xb5a9cbe8ed444c4d!8m2!3d-7.2676663!4d112.7611272!16s%2Fg%2F11xyj4hp9r!19sChIJWfTZ1sH71y0RTUxE7ejLqbU?authuser=0&hl=id&rclk=1","Apotek Kondang Sae","5,0","(14)","Apotek","·","Jl. Karang Menjangan No.27","","Tutup","","","","Rute","","","https://ssl.gstatic.com/local/servicebusiness/default_user.png","""Pelayanan nya baik, harganya terjangkau""","· Buka Sen pukul 08.00","",""
"https://www.google.com/maps/place/Apotek+Trimas/data=!4m7!3m6!1s0x2dd7fb1dd8395c71:0xd109bb33107805e!8m2!3d-7.2765704!4d112.7547978!16s%2Fg%2F11l_1bwtxp!19sChIJcVw52B371y0RXoAHMbObEA0?authuser=0&hl=id&rclk=1","Apotek Trimas","5,0","(1)","Apotek","·","Jl. Gubeng Kertajaya VII Raya No.15, RT.009/RW.03","·","Tutup","0852-3298-0740","","","Rute","","","","","· Buka Sen pukul 09.00","",""
"https://www.google.com/maps/place/Apotek+Satria+2/data=!4m7!3m6!1s0x2dd7fb0022974371:0x7ed2e1e559ca0399!8m2!3d-7.2701516!4d112.7651121!16s%2Fg%2F11y74qd58z!19sChIJcUOXIgD71y0RmQPKWeXh0n4?authuser=0&hl=id&rclk=1","Apotek Satria 2","5,0","(1)","Apotek","·","Jl. Mojo III No.29a","·","Buka","0857-0882-2058","","","Rute","","","","","· Tutup pukul 22.00","",""
"https://www.google.com/maps/place/Apotik+Dharmawangsa/data=!4m7!3m6!1s0x2dd7fbd16673d143:0xa2cfd417ff6044dc!8m2!3d-7.2761524!4d112.7558303!16s%2Fg%2F1hc250qbv!19sChIJQ9FzZtH71y0R3ERg_xfUz6I?authuser=0&hl=id&rclk=1","Apotik Dharmawangsa","4,3","(11)","Apotek","·","Jl. Dharmawangsa No.134","","Tutup","","","","Rute","","","","","· Buka Sen pukul 08.00","",""
"https://www.google.com/maps/place/Apotek+Pemuda/data=!4m7!3m6!1s0x2dd7fbcfb5d8c217:0x86dd7b836082ef83!8m2!3d-7.2777291!4d112.7537269!16s%2Fg%2F1hm2934m1!19sChIJF8LYtc_71y0Rg--CYIN73YY?authuser=0&hl=id&rclk=1","Apotek Pemuda","3,1","(25)","Apotek","·","·","Jl. Kertajaya No.57","Tutup","(031) 5030911","","","Rute","","","https://ssl.gstatic.com/local/servicebusiness/default_user.png","""pernah k sana 2th yg lalu, beli obat dengan membawa resep dari dr.""","· Buka Sen pukul 08.00","","·"
"https://www.google.com/maps/place/Apotek+Natural+Beauty/data=!4m7!3m6!1s0x2dd7fbdb016cfebf:0x3ce105617db58e5e!8m2!3d-7.2744443!4d112.7477407!16s%2Fg%2F11b6d9c807!19sChIJv_5sAdv71y0RXo61fWEF4Tw?authuser=0&hl=id&rclk=1","Apotek Natural Beauty","3,6","(5)","Apotek","·","Jl. Bali No.11","·","Buka","(031) 5032608","","","Rute","","","https://ssl.gstatic.com/local/servicebusiness/default_user.png","""Pelayanan ok""","· Tutup pukul 20.00","",""
"https://www.google.com/maps/place/Apotek+Kimia+Farma+Dharmahusada/data=!4m7!3m6!1s0x2dd7fb5895cfeab9:0xaf947d25dc3bebf1!8m2!3d-7.265743!4d112.765591!16s%2Fg%2F11h6g47qlj!19sChIJuerPlVj71y0R8es73CV9lK8?authuser=0&hl=id&rclk=1","Apotek Kimia Farma Dharmahusada","4,8","(140)","Apotek","·","Jl. Dharmahusada No.117C","Buka","·","0811-3070-117","http://kimiafarmaapotek.co.id/","","Situs Web","","Rute","https://ssl.gstatic.com/local/servicebusiness/default_user.png","""Bersih apoteknya, dokter anaknya sudah berpengalaman.""","· Tutup pukul 22.00","",""
"https://www.google.com/maps/place/Apotek+Farmasi+Airlangga/data=!4m7!3m6!1s0x2dd7fb7e87ccb4c9:0xfda01f9e5161d1f1!8m2!3d-7.2708312!4d112.7568384!16s%2Fg%2F11s1bcspkh!19sChIJybTMh3771y0R8dFhUZ4foP0?authuser=0&hl=id&rclk=1","Apotek Farmasi Airlangga","4,1","(27)","Apotek","·","Jl. Dharmawangsa No.1","·","Tutup","0812-1435-4317","","","Rute","","","https://ssl.gstatic.com/local/servicebusiness/default_user.png","""Pelayanan cepat, tebus obat bpjs hanya menunggu waktu sebentar.""","· Buka Sen pukul 08.00","",""
"https://www.google.com/maps/place/Unit+PIO+dan+Konseling+IFRS+Dr.+Soetomo/data=!4m7!3m6!1s0x2dd7fb8a2bfe8633:0xc98240279c6d2fb!8m2!3d-7.2679527!4d112.7588898!16s%2Fg%2F11h8jfcz3p!19sChIJM4b-K4r71y0R-9LGeQIkmAw?authuser=0&hl=id&rclk=1","Unit PIO dan Konseling IFRS Dr. Soetomo","","","Apotek","·","Jl. Prof. DR. Moestopo No.6-8","","","","","","Rute","","","","","","",""
"https://www.google.com/maps/place/Sukses.+CV/data=!4m7!3m6!1s0x2dd7fbd695eb6613:0x415b1bd93945cd17!8m2!3d-7.2699432!4d112.755721!16s%2Fg%2F1pzv4xgq5!19sChIJE2brldb71y0RF81FOdkbW0E?authuser=0&hl=id&rclk=1","Sukses. CV","","","Apotek","·","Jl. Dharmawangsa VI No.12","","","(031) 5038194","","","Rute","","","","Pesan antar","","",""
"https://www.google.com/maps/place/Apotek+Mitra+Medicare/data=!4m7!3m6!1s0x2dd7f9879ae00cd5:0xeb0897bbf286f20c!8m2!3d-7.264627!4d112.7723688!16s%2Fg%2F11c1wztdy4!19sChIJ1Qzgmof51y0RDPKG8ruXCOs?authuser=0&hl=id&rclk=1","Apotek Mitra Medicare","4,4","(17)","Apotek","·","Jl. Dharmahusada Utara Blok G-J No.36-38","Buka","·","(031) 5968780","http://www.mitramedicare.com/","","Situs Web","","Rute","https://ssl.gstatic.com/local/servicebusiness/default_user.png","""Tempat bersih, pelayanan baik👍🏻""","· Tutup pukul 21.00","",""
"https://www.google.com/maps/place/Apotek+Parahita/data=!4m7!3m6!1s0x2dd7fbd14d496121:0xfb35f1b84b9e9c6d!8m2!3d-7.2711928!4d112.7561026!16s%2Fg%2F11b69_bfcw!19sChIJIWFJTdH71y0RbZyeS7jxNfs?authuser=0&hl=id&rclk=1","Apotek Parahita","4,7","(9)","Apotek","·","Jl. Dharmawangsa No.66","·","Tutup","(031) 5017625","","","Rute","","","","","· Buka Sen pukul 07.00","",""
"https://www.google.com/maps/place/Apotek+Purnama/data=!4m7!3m6!1s0x2dd7fbda8346dabd:0x1bc8637b1e38be8e!8m2!3d-7.27462!4d112.75071!16s%2Fg%2F11gh1n82vt!19sChIJvdpGg9r71y0Rjr44HntjyBs?authuser=0&hl=id&rclk=1","Apotek Purnama","","","Perhentian bus","","","","","","","","Rute","","","","","","",""
"https://www.google.com/maps/place/Apotek+Tiara+Manyar/data=!4m7!3m6!1s0x2dd7fbccc3d40d77:0xfb1560327689c973!8m2!3d-7.2781974!4d112.7660279!16s%2Fg%2F11p0zp45zn!19sChIJdw3Uw8z71y0Rc8mJdjJgFfs?authuser=0&hl=id&rclk=1","Apotek Tiara Manyar","4,5","(33)","Apotek","·","Jl. Manyar Kertoarjo V No.37","Buka","·","(031) 59182151","https://www.instagram.com/apotektiara/","","Situs Web","","Rute","https://ssl.gstatic.com/local/servicebusiness/default_user.png","""Lengkap dengan harga 'miring' dan pelayanan memuaskan ...""","· Tutup pukul 22.00","",""
"https://www.google.com/maps/place/Apotek+Mentari+Farma/data=!4m7!3m6!1s0x2dd7fa28f06c94a7:0xc0ecc8b92cba4676!8m2!3d-7.2669447!4d112.771332!16s%2Fg%2F1hm35stt1!19sChIJp5Rs8Cj61y0Rdka6LLnI7MA?authuser=0&hl=id&rclk=1","Apotek Mentari Farma","4,3","(4)","Apotek","·","Jl. Dharmahusada Utara No.3","","Buka","","","","Rute","","","","","· Tutup pukul 21.00","",""
"https://www.google.com/maps/place/Apotek+Mojo/data=!4m7!3m6!1s0x2dd7fa296020d48f:0xccd3eac2ad71e28!8m2!3d-7.2694211!4d112.7697667!16s%2Fg%2F1pzqbw3wn!19sChIJj9QgYCn61y0RKB7XKqw-zQw?authuser=0&hl=id&rclk=1","Apotek Mojo","4,7","(7)","Apotek","·","Jl. Mojoklanggru Kidul No.1 blok D, RT.002/RW.05","·","Buka","(031) 5923339","","","Rute","","","https://ssl.gstatic.com/local/servicebusiness/default_user.png","""Rujukan BPJS""","· Tutup pukul 21.00","",""
"https://www.google.com/maps/place/Gudang+Farmasi+RSUD+Dr.+Soetomo/data=!4m7!3m6!1s0x2dd7fb9fa7f8d1eb:0x908552513c889c4c!8m2!3d-7.2691196!4d112.7593977!16s%2Fg%2F11fp3rb_v1!19sChIJ69H4p5_71y0RTJyIPFFShZA?authuser=0&hl=id&rclk=1","Gudang Farmasi RSUD Dr. Soetomo","","","Gudang","·","PQJ5+9Q2","Tutup","","","https://rsudrsoetomo.jatimprov.go.id/","","Situs Web","","Rute","","","· Buka Sen pukul 07.00","",""
"https://www.google.com/maps/place/Kalidami+Farma+Apotik/data=!4m7!3m6!1s0x2dd7fa2d4c022f01:0xf92f2f8f7805ceb2!8m2!3d-7.2749457!4d112.7638122!16s%2Fg%2F1hc433dkh!19sChIJAS8CTC361y0Rss4FeI8vL_k?authuser=0&hl=id&rclk=1","Kalidami Farma Apotik","4,8","(4)","Apotek","·","Jl. Kalidami No.25","·","Tutup","(031) 5994990","","","Rute","","","","","· Buka Sen pukul 07.00","",""
"https://www.google.com/maps/place/Apotek+Kimia+Farma+-+Ngagel+Jaya+Selatan/data=!4m7!3m6!1s0x2dd7fbb173f6309d:0x47b10e1578faab81!8m2!3d-7.293473!4d112.756899!16s%2Fg%2F1tr6cmj8!19sChIJnTD2c7H71y0Rgav6eBUOsUc?authuser=0&hl=id&rclk=1","Apotek Kimia Farma - Ngagel Jaya Selatan","4,6","(217)","Apotek","·","·","Buka","Jl. Ngagel Jaya Selatan No.109","0811-1067-8255","http://kimiafarmaapotek.co.id/","","Situs Web","","Rute","https://ssl.gstatic.com/local/servicebusiness/default_user.png","""Tempat bersih
Pelayanan baik
Obat lengkap kalau tidak ada di janjikan 👍""","· Tutup pukul 22.00","","·"
"https://www.google.com/maps/place/TOKO+ALKES+GPS+MEDIKA/data=!4m7!3m6!1s0x2dd7fbd0fe3c8519:0x5dfd771ae312dbdf!8m2!3d-7.2735916!4d112.7538919!16s%2Fg%2F11c6wn8kgt!19sChIJGYU8_tD71y0R39sS4xp3_V0?authuser=0&hl=id&rclk=1","TOKO ALKES GPS MEDIKA","4,5","(2)","Apotek","·","Jl. Gubeng Jaya V No.54-A","·","Tutup","0812-1705-634","","","Rute","","","https://ssl.gstatic.com/local/servicebusiness/default_user.png","""Cari TOKO Alkes Buka Malam Di SBY Cuman di Sini... Reneo rek""","· Buka Sen pukul 09.00","",""
"https://www.google.com/maps/place/Madu+Herbal+Sambung+Nyowo/data=!4m7!3m6!1s0x2dd7fbd19ed99c0f:0x2ece2f917efc6550!8m2!3d-7.27405!4d112.75564!16s%2Fg%2F1hm5prqnd!19sChIJD5zZntH71y0RUGX8fpEvzi4?authuser=0&hl=id&rclk=1","Madu Herbal Sambung Nyowo","","","Apotek","·","PQG4+97C, Jl. Gubeng Kertajaya VII Raya","","","0813-3112-7247","","","Rute","","","","Pesan antar","","",""
"https://www.google.com/maps/place/Apotek+K-24+Kapas+Krampung+Surabaya/data=!4m7!3m6!1s0x2dd7f975ecc08025:0x1bd5ee01ed229056!8m2!3d-7.2507315!4d112.7657855!16s%2Fg%2F1tgdwr8v!19sChIJJYDA7HX51y0RVpAi7QHu1Rs?authuser=0&hl=id&rclk=1","Apotek K-24 Kapas Krampung Surabaya","4,4","(355)","Apotek","·","Jl. Kapas Krampung No.220/1","Buka 24 jam","·","0811-3297-773","https://www.apotek-k24.com/location/detail/265/K-24-KAPAS-KRAMPUNG","","Situs Web","","Rute","https://ssl.gstatic.com/local/servicebusiness/default_user.png","""Tempatnya bersih, pelayanannya ok, dan obat2 an nya juga lengkap.""","","",""
"https://www.google.com/maps/place/Apotek+Kimia+Farma+Raya+Darmo+25/data=!4m7!3m6!1s0x2dd7fbc1ee758d23:0x20df529a0bd26630!8m2!3d-7.2776835!4d112.7409032!16s%2Fg%2F1hm5bxr2w!19sChIJI4117sH71y0RMGbSC5pS3yA?authuser=0&hl=id&rclk=1","Apotek Kimia Farma Raya Darmo 25","4,5","(1.200)","Apotek","·","·","Buka 24 jam","Jl. Raya Darmo No.2-4","0821-4204-6712","http://kimiafarmaapotek.co.id/","","Situs Web","","Rute","https://ssl.gstatic.com/local/servicebusiness/default_user.png","""Pelayanan prima, obat lengkap,","","","·"
"https://www.google.com/maps/place/VIVA+Apotek+Pucang+Anom/data=!4m7!3m6!1s0x2dd7fbf5c997a02b:0x85f4743228a7a308!8m2!3d-7.2844309!4d112.752613!16s%2Fg%2F11ft17vxgx!19sChIJK6CXyfX71y0RCKOnKDJ09IU?authuser=0&hl=id&rclk=1","VIVA Apotek Pucang Anom","4,3","(130)","Apotek","·","·","Buka 24 jam","Jl. Pucang Anom No.14","0813-5909-2712","https://vivaapotek.co.id/","","Situs Web","","Rute","https://ssl.gstatic.com/local/servicebusiness/default_user.png","""","","","·"
"https://www.google.com/maps/place/Apotek+Tirta+Farma/data=!4m7!3m6!1s0x2dd7fbc1a8221f5d:0xc4a4586508c71320!8m2!3d-7.2840014!4d112.7420304!16s%2Fg%2F1hm1q5cvx!19sChIJXR8iqMH71y0RIBPHCGVYpMQ?authuser=0&hl=id&rclk=1","Apotek Tirta Farma","3,0","(12)","Apotek","·","Jl. Kahuripan No.32","·","Buka","(031) 5676712","","","Rute","","","","","· Tutup pukul 21.30","",""
"https://www.google.com/maps/place/Djamin+Elektronik/data=!4m7!3m6!1s0x2dd7fbd16588f281:0xc3b6edd1ed7f1e47!8m2!3d-7.273163!4d112.7561985!16s%2Fg%2F11clwn57c3!19sChIJgfKIZdH71y0RRx5_7dHttsM?authuser=0&hl=id&rclk=1","Djamin Elektronik","5,0","(5)","Toko Elektronik","·","Jl. Dharmawangsa No.86","·","Tutup","0813-3353-1040","","","Rute","","","","","· Buka Sen pukul 09.30","",""
"https://www.google.com/maps/place/Airlangga+Corner/data=!4m7!3m6!1s0x2dd7fbd6a8e0ac57:0xec8f23cda579331c!8m2!3d-7.270723!4d112.756647!16s%2Fg%2F11b6gpcv6w!19sChIJV6zgqNb71y0RHDN5pc0jj-w?authuser=0&hl=id&rclk=1","Airlangga Corner","4,4","(63)","Pusat Bisnis","·","Jl. Dharmawangsa No.1","Tutup","·","(031) 99022433","http://unair.ac.id/","","Situs Web","","Rute","https://ssl.gstatic.com/local/servicebusiness/default_user.png","""Parkir Gratis 😁""","· Buka Sen pukul 08.00","",""
"https://www.google.com/maps/place/Apotek+Rejeki/data=!4m7!3m6!1s0x2dd7fbc864993931:0x38852bb1bd10ce44!8m2!3d-7.284442!4d112.751662!16s%2Fg%2F1hm2l83lt!19sChIJMTmZZMj71y0RRM4QvbErhTg?authuser=0&hl=id&rclk=1","Apotek Rejeki","3,8","(215)","Apotek","·","·","Tutup","Jl. Pucang Anom No.4a","(031) 5021811","https://www.apotek-rejeki.com/","","Situs Web","","Rute","https://ssl.gstatic.com/local/servicebusiness/default_user.png","""Beli obat di","· Buka Sen pukul 08.00","","·"
"https://www.google.com/maps/place/Apotek+Primadona/data=!4m7!3m6!1s0x2dd7f97966eb035d:0x1ddf643f88a2796f!8m2!3d-7.2595346!4d112.7574606!16s%2Fg%2F11b69vsxl8!19sChIJXQPrZnn51y0Rb3miiD9k3x0?authuser=0&hl=id&rclk=1","Apotek Primadona","4,3","(14)","Apotek","·","Jl. Pacar Keling No.17A","·","Buka","(031) 5013704","","","Rute","","","https://ssl.gstatic.com/local/servicebusiness/default_user.png","""Beli obat juga  murah.""","· Tutup pukul 21.00","",""
"https://www.google.com/maps/place/Apotek+Kimia+Farma+Kusuma+Bangsa/data=!4m7!3m6!1s0x2dd7f96551534f89:0x7cf6452bcaee7a75!8m2!3d-7.255286!4d112.750117!16s%2Fg%2F11fxvkypbw!19sChIJiU9TUWX51y0RdXruyitF9nw?authuser=0&hl=id&rclk=1","Apotek Kimia Farma Kusuma Bangsa","4,8","(209)","Apotek","·","Jl. Kusuma Bangsa No.27","Buka","·","0812-3352-3656","http://kimiafarmaapotek.co.id/","","Situs Web","","Rute","https://ssl.gstatic.com/local/servicebusiness/default_user.png","""Harganya juga kompetitif, kadang lebih murah daripada","· Tutup pukul 22.00","",""
"https://www.google.com/maps/place/Apotek+syifa/data=!4m7!3m6!1s0x2dd7f97455e9efb5:0x27749429ae551a34!8m2!3d-7.2591952!4d112.762679!16s%2Fg%2F11gl64nhy5!19sChIJte_pVXT51y0RNBpVrimUdCc?authuser=0&hl=id&rclk=1","Apotek syifa","5,0","(1)","Apotek","·","Jl. Pacar Kembang III No.31, RT.003/RW.07","·","Buka","0838-5722-7872","","","Rute","","","","","· Tutup pukul 23.00","",""
"https://www.google.com/maps/place/Apotek+Pucang/data=!4m7!3m6!1s0x2dd7fbc9749dffe1:0x5868323b8ae62184!8m2!3d-7.283541!4d112.755551!16s%2Fg%2F11b6snzsws!19sChIJ4f-ddMn71y0RhCHmijsyaFg?authuser=0&hl=id&rclk=1","Apotek Pucang","4,5","(20)","Apotek","·","·","Jl. Pucang Anom Tim. No.34","Tutup","(031) 5028934","","","Rute","","","https://ssl.gstatic.com/local/servicebusiness/default_user.png","""Lengkap, ramah, lokasi sangat mudah di temukan, harga bersahabat..""","· Buka Sen pukul 08.00","","·"
"https://www.google.com/maps/place/Klinik+Pratama+Prameswari/data=!4m7!3m6!1s0x2dd7fbd0297a8881:0xcfa877858434e1af!8m2!3d-7.2761786!4d112.7535481!16s%2Fg%2F11cmqzy7ss!19sChIJgYh6KdD71y0Rr-E0hIV3qM8?authuser=0&hl=id&rclk=1","Klinik Pratama Prameswari","4,2","(104)","Klinik Medis","·","Jl. Gubeng Kertajaya V C No.24","·","Tutup","0819-3653-3919","","","Rute","","","https://ssl.gstatic.com/local/servicebusiness/default_user.png","""tempat bersih, pelayanan standar, parkir gratis""","· Buka Sen pukul 08.00","",""
"https://www.google.com/maps/place/Apotek+Rahardja+Farma/data=!4m7!3m6!1s0x2dd7fa2cee470b0f:0x47c29072c2f98347!8m2!3d-7.272453!4d112.765018!16s%2Fg%2F11b6d40dz3!19sChIJDwtH7iz61y0RR4P5wnKQwkc?authuser=0&hl=id&rclk=1","Apotek Rahardja Farma","4,4","(7)","Apotek","·","Jl. Jojoran I No.63","·","Tutup","0851-0382-0009","","","Rute","","","https://ssl.gstatic.com/local/servicebusiness/default_user.png","""Penjaga ramah, tempatnya bersih""","· Buka Sen pukul 09.00","",""
"https://www.google.com/maps/place/Apotek+Libra+I/data=!4m7!3m6!1s0x2dd7fa4665204af5:0xe19ae7724f425b35!8m2!3d-7.289319!4d112.7772145!16s%2Fg%2F1hm3f3tc8!19sChIJ9UogZUb61y0RNVtCT3LnmuE?authuser=0&hl=id&rclk=1","Apotek Libra I","4,1","(341)","Apotek","·","·","Arief Rahman Hakim No.67","Buka","(031) 5913717","","","Rute","","","https://ssl.gstatic.com/local/servicebusiness/default_user.png","""","· Tutup pukul 21.00","","·"
"https://www.google.com/maps/place/Apotek+Biscare/data=!4m7!3m6!1s0x2dd7fa2d68b38a9f:0x584ebd9ba6aa71d1!8m2!3d-7.2751311!4d112.7647015!16s%2Fg%2F11bwnxynhk!19sChIJn4qzaC361y0R0XGqppu9Tlg?authuser=0&hl=id&rclk=1","Apotek Biscare","","","Apotek","·","No Jl. Kalidami No.43","·","Tutup","(031) 5950671","","","Rute","","","","","· Buka Sen pukul 08.00","",""
"https://www.google.com/maps/place/Apotek+Esti+Farma/data=!4m7!3m6!1s0x2dd7fa3a2322b011:0x2b86c2a47c06b338!8m2!3d-7.2820792!4d112.7766652!16s%2Fg%2F1hc7gvp2r!19sChIJEbAiIzr61y0ROLMGfKTChis?authuser=0&hl=id&rclk=1","Apotek Esti Farma","4,1","(22)","Apotek","·","Jl. Kertajaya Indah Tengah No.27","·","Buka","(031) 5965057","","","Rute","","","https://ssl.gstatic.com/local/servicebusiness/default_user.png","""Tempat stratehis, harga terjangkau dan pelayanan cepat dan ramah""","· Tutup pukul 20.00","",""
"https://www.google.com/maps/place/RSUD+Dr.+Soetomo/data=!4m7!3m6!1s0x2dd7fbd512bf64af:0xc44b2981f167bffe!8m2!3d-7.2682064!4d112.7580663!16s%2Fg%2F12dpwtj29!19sChIJr2S_EtX71y0R_r9n8YEpS8Q?authuser=0&hl=id&rclk=1","RSUD Dr. Soetomo","4,1","(5.881)","Rumah Sakit Pemerintah","·","·","Buka 24 jam","Jl. Prof. DR. Moestopo No.6-8","1 500 995","https://rsudrsoetomo.jatimprov.go.id/","","Situs Web","","Rute","https://ssl.gstatic.com/local/servicebusiness/default_user.png","""Saran saya, tiap lantai ada","","","·"
"https://www.google.com/maps/place/Praktik+Dokter+Umum+dr.+Alifah+Rahmi/data=!4m7!3m6!1s0x2dd7fb5539467575:0xa665d51bd14693a!8m2!3d-7.2775698!4d112.7621283!16s%2Fg%2F11y4h0lw5v!19sChIJdXVGOVX71y0ROmkUvVFdZgo?authuser=0&hl=id&rclk=1","Praktik Dokter Umum dr. Alifah Rahmi","5,0","(63)","Dokter Umum","·","Jl. Raya Menur No.28 E","·","Tutup","0851-7977-0349","","","Rute","","","https://ssl.gstatic.com/local/servicebusiness/default_user.png","""Pertama kali periksa disini, dokternya friendly, so nice, and helpful.""","· Buka Sen pukul 16.30","",""
"https://www.google.com/maps/place/Apotek+Bella/data=!4m7!3m6!1s0x2dd7f99d24e56cd3:0xfdae00019e6d4801!8m2!3d-7.2550487!4d112.7656191!16s%2Fg%2F11b6b5gryv!19sChIJ02zlJJ351y0RAUhtngEArv0?authuser=0&hl=id&rclk=1","Apotek Bella","3,7","(94)","Apotek","·","·","Jl. Raya Karang Asem No.2","Buka","0812-3595-0028","","","Rute","","","https://ssl.gstatic.com/local/servicebusiness/default_user.png","""","· Tutup pukul 22.00","","·"
"https://www.google.com/maps/place/Apotek+Tanjung+Surabaya/data=!4m7!3m6!1s0x2dd7fbd88acf0595:0x801bbc352d5a93ff!8m2!3d-7.2677255!4d112.7479312!16s%2Fg%2F1tp4lj2h!19sChIJlQXPitj71y0R_5NaLTW8G4A?authuser=0&hl=id&rclk=1","Apotek Tanjung Surabaya","4,7","(40)","Apotek","·","Jl. Embong Tanjung No.35","·","Tutup","0851-0003-1911","","","Rute","","","https://ssl.gstatic.com/local/servicebusiness/default_user.png","""Fast response, fast delivery 👍👍
Bisa konsultasi gratis juga..TOP""","· Buka Sen pukul 07.00","",""
"https://www.google.com/maps/place/Graha+Amerta+RSUD+Dr+Soetomo/data=!4m7!3m6!1s0x2dd7fbd37988817d:0xd46b4ee25aac29ec!8m2!3d-7.2700186!4d112.756852!16s%2Fg%2F11fslrrvlx!19sChIJfYGIedP71y0R7CmsWuJOa9Q?authuser=0&hl=id&rclk=1","Graha Amerta RSUD Dr Soetomo","3,5","(313)","Rumah Sakit","·","·","","Jl. Airlangga I No.9","(031) 5020599","https://www.instagram.com/grahaamerta.stoc","","Situs Web","","Rute","https://ssl.gstatic.com/local/servicebusiness/default_user.png","""Tempat rapi bersih nyaman cuman pelayanannya yang agak lambat""","","",""
"https://www.google.com/maps/place/Apotek+Kapas+Krampung/data=!4m7!3m6!1s0x2dd7f975bc3559ef:0xb09126eae4a7480!8m2!3d-7.2492097!4d112.7609755!16s%2Fg%2F1hc9x11rb!19sChIJ71k1vHX51y0RgHRKrm4SCQs?authuser=0&hl=id&rclk=1","Apotek Kapas Krampung","3,7","(63)","Apotek","·","·","Jl. Kapas Krampung No.57","Buka","(031) 3713268","","","Rute","","","https://ssl.gstatic.com/local/servicebusiness/default_user.png","""Obat lengkap, pelayanan baik dan cepat, juga bisa antar ke rumah""","· Tutup pukul 22.00","","·"
"https://www.google.com/maps/place/Apotek+Suryasari+Sejahtera/data=!4m7!3m6!1s0x2dd7fbb459ec4af1:0x82513b53ea8af293!8m2!3d-7.2893651!4d112.7595946!16s%2Fg%2F1hm6lr49y!19sChIJ8UrsWbT71y0Rk_KK6lM7UYI?authuser=0&hl=id&rclk=1","Apotek Suryasari Sejahtera","4,0","(53)","Apotek","·","·","Jl. Ngagel Jaya Utara No.104","Buka","(031) 5021575","","","Rute","","","https://ssl.gstatic.com/local/servicebusiness/default_user.png","""Pelayaran bagus obat lengkap harganya murah tempat pakir gratis""","· Tutup pukul 21.00","","·"
"https://www.google.com/maps/place/Apotek+Kimia+Farma+Kalibokor/data=!4m7!3m6!1s0x2dd7fbb6141ac6b5:0xc47af24bad64ef1e!8m2!3d-7.28728!4d112.7560936!16s%2Fg%2F11cjj4gbq_!19sChIJtcYaFLb71y0RHu9krUvyesQ?authuser=0&hl=id&rclk=1","Apotek Kimia Farma Kalibokor","4,6","(146)","Apotek","·","Jl. Ngagel Jaya No.1","Buka","·","0811-3280-093","http://kimiafarmaapotek.co.id/","","Situs Web","","Rute","https://ssl.gstatic.com/local/servicebusiness/default_user.png","""Tempatnya bersih, parkirnya juga luas, pelayanannya cepat.""","· Tutup pukul 22.00","",""
"https://www.google.com/maps/place/Apotek+Emy+Herbal/data=!4m7!3m6!1s0x2dd7f9a3aa5b2797:0xfbca2c8f05f904d5!8m2!3d-7.2557222!4d112.760808!16s%2Fg%2F11p67qbt29!19sChIJlydbqqP51y0R1QT5BY8syvs?authuser=0&hl=id&rclk=1","Apotek Emy Herbal","5,0","(1)","Toko Kesehatan dan Kecantikan","·","Jl. Jedong II","·","Buka","0877-2177-8956","","","Rute","","","","Pesan antar","· Tutup pukul 21.00","",""
"https://www.google.com/maps/place/Apotek+Kimia+Farma+Kapuas/data=!4m7!3m6!1s0x2dd7fbbfe32f5135:0x2b042fb1c2b4bf2a!8m2!3d-7.288561!4d112.738871!16s%2Fg%2F1tgqfv42!19sChIJNVEv47_71y0RKr-0wrEvBCs?authuser=0&hl=id&rclk=1","Apotek Kimia Farma Kapuas","4,7","(649)","Apotek","·","·","Buka 24 jam","Jl. Raya Darmo No.94","0811-3214-545","http://kimiafarmaapotek.co.id/","","Situs Web","","Rute","https://ssl.gstatic.com/local/servicebusiness/default_user.png","""Pelayanannya bagus, apotekernya ramah dan menjelaskan dengan baik""","","","·"
"https://www.google.com/maps/place/Apotek+Ngagel+Jaya/data=!4m7!3m6!1s0x2dd7fbb6be150d27:0x28c8b8d8040a34d2!8m2!3d-7.2900984!4d112.7556259!16s%2Fg%2F1hm3qfnmp!19sChIJJw0Vvrb71y0R0jQKBNi4yCg?authuser=0&hl=id&rclk=1","Apotek Ngagel Jaya","3,3","(12)","Apotek","·","Jl. Ngagel Jaya No.50","","","(031) 5053577","","","Rute","","","https://ssl.gstatic.com/local/servicebusiness/default_user.png","""Pelayanan baik dan cepat 👍👍👍👍👍""","","",""
"https://www.google.com/maps/place/Apotek+Farmaco/data=!4m7!3m6!1s0x2dd7fbbb98cec413:0xe4ba7a72af0885a9!8m2!3d-7.2940598!4d112.7463635!16s%2Fg%2F11b6df7d7v!19sChIJE8TOmLv71y0RqYUIr3J6uuQ?authuser=0&hl=id&rclk=1","Apotek Farmaco","3,0","(2)","Apotek","·","·","Jl. Ngagel Rejo Utara No.46-48","Buka","(031) 5016234","","","Rute","","","","","· Tutup pukul 21.00","","·"
"https://www.google.com/maps/place/Instalasi+Rawat+Jalan+RS.+DR.+Soetomo/data=!4m7!3m6!1s0x2dd7fbd607d81cf1:0xe907b7b1716cd424!8m2!3d-7.2668651!4d112.7568339!16s%2Fg%2F11fy4v6m6b!19sChIJ8RzYB9b71y0RJNRscbG3B-k?authuser=0&hl=id&rclk=1","Instalasi Rawat Jalan RS. DR. Soetomo","4,3","(313)","Rumah Sakit","·","·","Tutup","Jl. Dharmawangsa No.4","","https://rsudrsoetomo.jatimprov.go.id/pelayanan/rawat-jalan","","Situs Web","","Rute","https://ssl.gstatic.com/local/servicebusiness/default_user.png","""Tempat yang paling bagus untuk berobat tingkat tinggi""","· Buka Sen pukul 00.00","",""
"https://www.google.com/maps/place/Apotik+Plus/data=!4m7!3m6!1s0x2dd7fbdf9a148d5b:0xdf5e59f33ee846d0!8m2!3d-7.2632845!4d112.740168!16s%2Fg%2F1pztklqb6!19sChIJW40Umt_71y0R0EboPvNZXt8?authuser=0&hl=id&rclk=1","Apotik Plus","5,0","(2)","Apotek","·","Mall Tunjungan, Plaza III, JL. Jenderal Basuki Rahmat No.2-12 Lt. LG Unit 21","·","Buka","(031) 5468190","","","Rute","","","https://ssl.gstatic.com/local/servicebusiness/default_user.png","""Dekat dari terminal""","· Tutup pukul 22.00","",""
"https://www.google.com/maps/place/Klinik+%26+Laboratorium+Parahita+Dharmawangsa/data=!4m7!3m6!1s0x2dd7fbd14d76f9d5:0x7145941492e8b626!8m2!3d-7.2713457!4d112.7563164!16s%2Fg%2F1tg2gsvn!19sChIJ1fl2TdH71y0RJrbokhSURXE?authuser=0&hl=id&rclk=1","Klinik & Laboratorium Parahita Dharmawangsa","4,6","(391)","Laboratorium Medis","·","·","Tutup","Jl. Dharmawangsa No.66","(031) 5020552","http://labparahita.com/","","Situs Web","","Rute","https://ssl.gstatic.com/local/servicebusiness/default_user.png","""Tempat nyaman, staf ramah, pelayanan cepat, dan sering ada promo.""","· Buka Sen pukul 06.00","","·"
"https://www.google.com/maps/place/Apotek+Okta/data=!4m7!3m6!1s0x2dd7fbb7ccf5acdf:0x54a008b123c7274a!8m2!3d-7.2873483!4d112.7542134!16s%2Fg%2F1hm3vvncv!19sChIJ36z1zLf71y0RSifHI7EIoFQ?authuser=0&hl=id&rclk=1","Apotek Okta","4,4","(49)","Apotek","·","·","Jl. Kalibokor Selatan No.104","Tutup","(031) 5028561","","","Rute","","","https://ssl.gstatic.com/local/servicebusiness/default_user.png","""Apotik legendaris, obat2nya cukup lengkap, harga rata2""","· Buka Sen pukul 08.30","","·"
"https://www.google.com/maps/place/dr.+Noormaini,+Sp.KK+%28Dokter+Spesialis+Kulit+dan+kelamin%29/data=!4m7!3m6!1s0x2dd7fbdb203883bf:0x3c6f5921f8eed994!8m2!3d-7.2695453!4d112.756226!16s%2Fg%2F11vbg0y13m!19sChIJv4M4INv71y0RlNnu-CFZbzw?authuser=0&hl=id&rclk=1","dr. Noormaini, Sp.KK (Dokter Spesialis Kulit dan kelamin)","5,0","(1)","Dokter","·","Apotek Kimia Farma - Dharmawangsa, Jl. Dharmawangsa No.24","Tutup","·","0818-0350-5258","https://kimiafarmaapotek.co.id/","","Situs Web","","Rute","https://ssl.gstatic.com/local/servicebusiness/default_user.png","""Cantik dan menolong pasiennya menjadi cantik.""","· Buka Sel pukul 19.00","",""
"https://www.google.com/maps/place/Apotek+Kimia+Farma+Undaan/data=!4m7!3m6!1s0x2dd7f9348154d34f:0xc40df4c7ac039b22!8m2!3d-7.2505387!4d112.7451431!16s%2Fg%2F11h35nq1fx!19sChIJT9NUgTT51y0RIpsDrMf0DcQ?authuser=0&hl=id&rclk=1","Apotek Kimia Farma Undaan","4,9","(195)","Apotek","·","Jl. Undaan Kulon No.69","Buka","·","0812-5335-8226","http://kimiafarmaapotek.co.id/","","Situs Web","","Rute","https://ssl.gstatic.com/local/servicebusiness/default_user.png","""pelayanan baik, obatnya lengkap,","· Tutup pukul 22.00","",""
"https://www.google.com/maps/place/Apotek+Joyful/data=!4m7!3m6!1s0x2dd7f9e4d99179a7:0x7f00b17d28bb7e09!8m2!3d-7.2558159!4d112.7648883!16s%2Fg%2F11fqq9386g!19sChIJp3mR2eT51y0RCX67KH2xAH8?authuser=0&hl=id&rclk=1","Apotek Joyful","4,1","(9)","Apotek","·","Jl. Gersikan No.27, RT.007/RW.01","Buka","·","0895-8067-08218","https://www.apotek-k24.com/","","Situs Web","","Rute","https://ssl.gstatic.com/local/servicebusiness/default_user.png","""","· Tutup pukul 21.00","",""
"https://www.google.com/maps/place/dr.+Sawitri,+Sp.KK+%28Dokter+Spesialis+Kulit+dan+Kelamin%29/data=!4m7!3m6!1s0x2dd7fbd6f9073809:0x5f215835c65c9078!8m2!3d-7.2695453!4d112.756226!16s%2Fg%2F11vbg1h4_j!19sChIJCTgH-db71y0ReJBcxjVYIV8?authuser=0&hl=id&rclk=1","dr. Sawitri, Sp.KK (Dokter Spesialis Kulit dan Kelamin)","5,0","(1)","Dokter","·","Apotek Kimia Farma - Dharmawangsa, Jl. Dharmawangsa No.24","Tutup","·","0818-0350-5258","https://kimiafarmaapotek.co.id/","","Situs Web","","Rute","","","· Buka Sen pukul 19.00","",""
"https://www.google.com/maps/place/Klinik+Dan+Apotek+Mitrasana+Pucang/data=!4m7!3m6!1s0x2dd7fb7fc93549cf:0x236b5f7cbad1b869!8m2!3d-7.2828305!4d112.7556373!16s%2Fg%2F11x2wf4vfs!19sChIJz0k1yX_71y0RabjRunxfayM?authuser=0&hl=id&rclk=1","Klinik Dan Apotek Mitrasana Pucang","4,7","(37)","Klinik Gigi","·","Jl. Pucang Anom Tim. No.28I","Tutup","·","0813-9000-4078","https://mitrasana.co.id/","","Situs Web","","Rute","https://ssl.gstatic.com/local/servicebusiness/default_user.png","""Pelayanan ramah dan harga murah dibandingkan","· Buka Sen pukul 09.00","",""
"https://www.google.com/maps/place/Apotek+Qualita+Farma/data=!4m7!3m6!1s0x2dd7fbc7e009e3d1:0x102ed106cf0747ba!8m2!3d-7.285462!4d112.751041!16s%2Fg%2F1hm1vg2vt!19sChIJ0eMJ4Mf71y0RukcHzwbRLhA?authuser=0&hl=id&rclk=1","Apotek Qualita Farma","4,8","(4)","Apotek","·","·","Jl. Pucang Sewu No.41","Tutup","(031) 5033531","","","Rute","","","","","· Buka Sen pukul 08.00","","·"
"https://www.google.com/maps/place/Apotek+K-24+Kedungsari+Surabaya/data=!4m7!3m6!1s0x2dd7f958ada7c1d1:0x2dc0b83eba7a2f91!8m2!3d-7.268137!4d112.7347552!16s%2Fg%2F1ttl0wqc!19sChIJ0cGnrVj51y0RkS96uj64wC0?authuser=0&hl=id&rclk=1","Apotek K-24 Kedungsari Surabaya","4,3","(261)","Apotek","·","·","Buka 24 jam","Jl. Kedungsari No.31A","0813-3174-7081","https://www.apotek-k24.com/location/detail/282/K-24-KEDUNGSARI","","Situs Web","","Rute","https://ssl.gstatic.com/local/servicebusiness/default_user.png","""pelayanan nya bagus sangat membantu dan obat nya juga lengkap""","","","·"
"https://www.google.com/maps/place/Apotek+Bagiana/data=!4m7!3m6!1s0x2dd7fa25a5e32569:0x5fae5a9f12b9ca2a!8m2!3d-7.2723084!4d112.7769926!16s%2Fg%2F11b6s_3v7h!19sChIJaSXjpSX61y0RKsq5Ep9arl8?authuser=0&hl=id&rclk=1","Apotek Bagiana","3,8","(68)","Apotek","·","Jl. Dharmahusada Indah I No.186 Blok C No","Buka","·","0877-0566-5959","https://shopee.co.id/aptbagiana","","Situs Web","","Rute","https://ssl.gstatic.com/local/servicebusiness/default_user.png","""Pelayanan yang ramah,obat2 lengkap,harga terjangkau""","· Tutup pukul 22.00","",""
"https://www.google.com/maps/place/Apotek+K-24+Manyar+Surabaya/data=!4m7!3m6!1s0x2dd7fa4ad2fe48db:0x7d32b4021b23d025!8m2!3d-7.2948115!4d112.7625601!16s%2Fg%2F1w2j4q9m!19sChIJ20j-0kr61y0RJdAjGwK0Mn0?authuser=0&hl=id&rclk=1","Apotek K-24 Manyar Surabaya","4,6","(199)","Apotek","·","·","Buka 24 jam","Jl. Raya Manyar No.53 C","0823-3255-7024","https://www.apotek-k24.com/location/detail/269/K-24-MANYAR","","Situs Web","","Rute","https://ssl.gstatic.com/local/servicebusiness/default_user.png","""Apoteknya bagus pelayanannya ramah harga terjangkau obatnya lengkap.""","","","·"
"https://www.google.com/maps/place/Apotek+Argopuro/data=!4m7!3m6!1s0x2dd7fbb7db66af6d:0xbd7faa77c4acfa22!8m2!3d-7.2869311!4d112.7529352!16s%2Fg%2F11csbcrv2x!19sChIJba9m27f71y0RIvqsxHeqf70?authuser=0&hl=id&rclk=1","Apotek Argopuro","5,0","(1)","Apotek","·","Jl. Kalibokor No.31","","","","","","Rute","","","","","","",""
"https://www.google.com/maps/place/dr.+Saiful+Islam,+Sp.S+%28Dokter+Spesialis+Saraf%29/data=!4m7!3m6!1s0x2dd7fb11c2fa2265:0xc5a7be10d26da4db!8m2!3d-7.2695453!4d112.756226!16s%2Fg%2F11vdrkvw0y!19sChIJZSL6whH71y0R26Rt0hC-p8U?authuser=0&hl=id&rclk=1","dr. Saiful Islam, Sp.S (Dokter Spesialis Saraf)","5,0","(9)","Dokter Syaraf","·","Apotek Kimia Farma - Dharmawangsa, Jl. Dharmawangsa No.24","Tutup","·","0811-3290-024","https://kimiafarmaapotek.co.id/","","Situs Web","","Rute","https://ssl.gstatic.com/local/servicebusiness/default_user.png","""Dokter Saiful Islam adalah legenda neurologist di Surabaya.""","· Buka Sen pukul 18.00","",""
"https://www.google.com/maps/place/Apotek+Zurisa/data=!4m7!3m6!1s0x2dd7f977bf781fc3:0xc3f50bdc7c5c99d2!8m2!3d-7.25445!4d112.761347!16s%2Fg%2F11b6t_13kp!19sChIJwx94v3f51y0R0plcfNwL9cM?authuser=0&hl=id&rclk=1","Apotek Zurisa","4,0","(9)","Apotek","·","Jl. Jagiran No.76","Buka","·","(031) 5051153","https://www.apotek-k24.com/","","Situs Web","","Rute","https://ssl.gstatic.com/local/servicebusiness/default_user.png","""Pelayanan ramah""","· Tutup pukul 22.00","",""
"https://www.google.com/maps/place/Apotek+K-24+Klampis+Surabaya/data=!4m7!3m6!1s0x2dd7fa34233047b7:0xd6df0e08351036f4!8m2!3d-7.2864404!4d112.776049!16s%2Fg%2F1tf89_pg!19sChIJt0cwIzT61y0R9DYQNQgO39Y?authuser=0&hl=id&rclk=1","Apotek K-24 Klampis Surabaya","4,5","(153)","Apotek","·","Ruko Klampis Square, Jl. Klampis Ngasem Gg. Masjid Blok A.9","Buka 24 jam","·","0812-3522-4671","https://www.apotek-k24.com/location/detail/274/K-24-KLAMPIS","","Situs Web","","Rute","https://ssl.gstatic.com/local/servicebusiness/default_user.png","""Obatnya lengkap, harga terjangkau, pelayanan bagus & ramah.👍""","","",""
"https://www.google.com/maps/place/Apotek+K24+Merr+Kalijudan/data=!4m7!3m6!1s0x2dd7f9927559b7ab:0xac023018ddbc47f8!8m2!3d-7.254666!4d112.7821861!16s%2Fg%2F11bw2gbvd4!19sChIJq7dZdZL51y0R-Ee83RgwAqw?authuser=0&hl=id&rclk=1","Apotek K24 Merr Kalijudan","4,4","(112)","Apotek","·","Jl. Dr. Ir. H. Soekarno No.193 E, RW.1","Buka 24 jam","·","0812-3458-8824","http://www.apotek-k24.com/","","Situs Web","","Rute","https://ssl.gstatic.com/local/servicebusiness/default_user.png","""Pelayanan cepat dan ramah, stok obat lengkap, serta harga bersahabat.""","","",""
"https://www.google.com/maps/place/Apotek+Prayogi/data=!4m7!3m6!1s0x2dd7f96cfdcae597:0xab1050644dcc7824!8m2!3d-7.2485673!4d112.7479254!16s%2Fg%2F1tmv0hx6!19sChIJl-XK_Wz51y0RJHjMTWRQEKs?authuser=0&hl=id&rclk=1","Apotek Prayogi","3,4","(177)","Apotek","·","·","Jl. Kalianyar No.62","Buka","0853-3114-0000","","","Rute","","","https://ssl.gstatic.com/local/servicebusiness/default_user.png","""Lengkap, bisa tebus obat jika membawa resep""","· Tutup pukul 22.00","","·"
"https://www.google.com/maps/place/Apotek+178/data=!4m7!3m6!1s0x2dd7f985f3d90459:0x793787e89c55106b!8m2!3d-7.2592322!4d112.774356!16s%2Fg%2F11b6sqkll9!19sChIJWQTZ84X51y0RaxBVnOiHN3k?authuser=0&hl=id&rclk=1","Apotek 178","4,3","(19)","Apotek","·","Jl. Ploso Baru No.178","·","Buka","(031) 3813544","","","Rute","","","https://ssl.gstatic.com/local/servicebusiness/default_user.png","""Suka banget beli obat disini, harganya murah, karyawannya ramah dan baik.""","· Tutup pukul 21.00","",""
"https://www.google.com/maps/place/Apotek+Menur/data=!4m7!3m6!1s0x2dd7fa4927208d05:0x45dcc4b1ad5f4ffd!8m2!3d-7.2897401!4d112.7717553!16s%2Fg%2F1hm2f6pkb!19sChIJBY0gJ0n61y0R_U9frbHE3EU?authuser=0&hl=id&rclk=1","Apotek Menur","3,9","(29)","Apotek","·","Jl. Menur Pumpungan No.80A","·","Buka","(031) 5947097","","","Rute","","","https://ssl.gstatic.com/local/servicebusiness/default_user.png","""pelayanannya sangat memuaskan, harga obat murah""""","· Tutup pukul 21.30","",""
"https://www.google.com/maps/place/Pusat+Layanan+Kesehatan+-+Kampus+B+UNAIR/data=!4m7!3m6!1s0x2dd7fbd6a9614adb:0xcfe16954a32695ff!8m2!3d-7.270847!4d112.7566282!16s%2Fg%2F11b6tzh22p!19sChIJ20phqdb71y0R_5Umo1Rp4c8?authuser=0&hl=id&rclk=1","Pusat Layanan Kesehatan - Kampus B UNAIR","4,4","(283)","Klinik Medis","·","·","Jl. Dharmawangsa No.3","Tutup","(031) 99444851","","","Rute","","","https://ssl.gstatic.com/local/servicebusiness/default_user.png","""Ada","· Buka Sen pukul 07.30","","·"
"https://www.google.com/maps/place/Apotek+K-24+Ngagel+Rejo+Surabaya/data=!4m7!3m6!1s0x2dd7fba4d0cff333:0xcf870219a257049a!8m2!3d-7.2973473!4d112.7474227!16s%2Fg%2F11g7yw_kj0!19sChIJM_PP0KT71y0RmgRXohkCh88?authuser=0&hl=id&rclk=1","Apotek K-24 Ngagel Rejo Surabaya","4,3","(114)","Apotek","·","·","Buka 24 jam","Jl. Ngagel Rejo Kidul No.48","0812-1653-9177","http://www.apotek-k24.com/","","Situs Web","","Rute","https://ssl.gstatic.com/local/servicebusiness/default_user.png","""K-24 emang rata2 obatnya komplit dan yg paling membantu adalah 24 jamnya.""","","","·"
"https://www.google.com/maps/place/Apotek+Vugo+Farma/data=!4m7!3m6!1s0x2dd7f9859066f81f:0x7b216ac58b147015!8m2!3d-7.2584344!4d112.7738911!16s%2Fg%2F11gcqwh_bw!19sChIJH_hmkIX51y0RFXAUi8VqIXs?authuser=0&hl=id&rclk=1","Apotek Vugo Farma","4,0","(8)","Apotek","·","PQRF+JHC","·","Buka","(031) 3892157","","","Rute","","","https://ssl.gstatic.com/local/servicebusiness/default_user.png","""Pegawainya ramah”, dan harga bersaing. Sukses selalu vugo farma""","· Tutup pukul 21.00","",""
"https://www.google.com/maps/place/Apotek+Kurma+Kirim%2FTagih/data=!4m7!3m6!1s0x2dd7fb0b398b200d:0x73ad3c30bd3c8446!8m2!3d-7.2701085!4d112.7679847!16s%2Fg%2F11fg4v7swl!19sChIJDSCLOQv71y0RRoQ8vTA8rXM?authuser=0&hl=id&rclk=1","Apotek Kurma Kirim/Tagih","5,0","(1)","Apotek","·","Jl. Mojo Kidul Blk. I No.6, RT.002/RW.05","","Tutup","","","","Rute","","","","","· Buka Sen pukul 08.00","",""
"https://www.google.com/maps/place/Apotek+Marturia/data=!4m7!3m6!1s0x2dd7fbcaf82def09:0x10f395bef3d5701c!8m2!3d-7.2840999!4d112.7602378!16s%2Fg%2F1hm1qsxv3!19sChIJCe8t-Mr71y0RHHDV876V8xA?authuser=0&hl=id&rclk=1","Apotek Marturia","4,0","(36)","Apotek","·","Jl. Pucang Jajar No.7","Tutup","·","(031) 5024515","https://www.apotek-k24.com/","","Situs Web","","Rute","https://ssl.gstatic.com/local/servicebusiness/default_user.png","""Saya suka beli di","· Buka Sen pukul 09.00","",""
"https://www.google.com/maps/place/Apotek+Ben+Mario/data=!4m7!3m6!1s0x2dd7fa30faa53945:0x2671a3d0b686790f!8m2!3d-7.2794065!4d112.7725377!16s%2Fg%2F11cjkq2p0g!19sChIJRTml-jD61y0RD3mGttCjcSY?authuser=0&hl=id&rclk=1","Apotek Ben Mario","4,8","(4)","Apotek","·","·","Jl. Kertajaya Indah V No.201 blok f, RT.002/RW.09","Tutup","0811-3070-700","","","Rute","","","","","· Buka Sen pukul 08.00","","·"
"https://www.google.com/maps/place/Instalasi+Paliatif+Dan+Bebas+Nyeri+RSUD+Dr.+Soetomo/data=!4m7!3m6!1s0x2dd7fbd5e174e29b:0x59310728f90d79b2!8m2!3d-7.2675133!4d112.7569238!16s%2Fg%2F11dfgw5640!19sChIJm-J04dX71y0RsnkN-SgHMVk?authuser=0&hl=id&rclk=1","Instalasi Paliatif Dan Bebas Nyeri RSUD Dr. Soetomo","4,1","(10)","Rumah Sakit","·","·","Jl. Dharmawangsa No.10","Tutup","","","","Rute","","","https://ssl.gstatic.com/local/servicebusiness/default_user.png","""Dokter, staf dan perawat ramah.""","· Buka Sen pukul 07.00","",""
"https://www.google.com/maps/place/Apotek+Valentine/data=!4m7!3m6!1s0x2dd7fb96c2f55fff:0xca8fdecd0a967b7b!8m2!3d-7.2940916!4d112.7344829!16s%2Fg%2F1hm2273ms!19sChIJ_1_1wpb71y0Re3uWCs3ej8o?authuser=0&hl=id&rclk=1","Apotek Valentine","4,5","(11)","Apotek","·","Jl. Ciliwung No.60A","·","Buka","(031) 5612210","","","Rute","","","https://ssl.gstatic.com/local/servicebusiness/default_user.png","""","· Tutup pukul 20.00","",""
"https://www.google.com/maps/place/Bing+Rudyanto+dr+SpA/data=!4m7!3m6!1s0x2dd7f97f1e2a1b2b:0x6be689dd30001fa0!8m2!3d-7.2695381!4d112.7561909!16s%2Fg%2F1hc56cb9n!19sChIJKxsqHn_51y0RoB8AMN2J5ms?authuser=0&hl=id&rclk=1","Bing Rudyanto dr SpA","4,7","(47)","Dokter Anak","·","PQJ4+5FP, Jl. Dharmawangsa","·","Tutup","0812-3012-671","","","Rute","","","https://ssl.gstatic.com/local/servicebusiness/default_user.png","""Dr rudyanto skrng praktek di","· Buka Sen pukul 08.00","",""
"https://www.google.com/maps/place/Apotek+Pirus/data=!4m7!3m6!1s0x2dd7fa4e7539b855:0xf1f4aef8cf93bc7c!8m2!3d-7.294576!4d112.7689939!16s%2Fg%2F1hm41dxvf!19sChIJVbg5dU761y0RfLyTz_iu9PE?authuser=0&hl=id&rclk=1","Apotek Pirus","4,0","(24)","Apotek","·","·","Buka","Jalan Raya Jl. Manyar Jaya No.63","(031) 5948930","https://www.apotek-k24.com/","","Situs Web","","Rute","https://ssl.gstatic.com/local/servicebusiness/default_user.png","""Harga nya murah dan bersaing.""","· Tutup pukul 21.00","","·"
"https://www.google.com/maps/place/Apotek+Natanette/data=!4m7!3m6!1s0x2dd7fa47cf42c889:0x49f3801c6372d180!8m2!3d-7.2872379!4d112.7759052!16s%2Fg%2F11b6_zwc2n!19sChIJichCz0f61y0RgNFyYxyA80k?authuser=0&hl=id&rclk=1","Apotek Natanette","4,6","(39)","Apotek","·","Ruko klampis square, Blok A No.28","Buka","·","0822-1050-7733","https://linktr.ee/natanette","","Situs Web","","Rute","https://ssl.gstatic.com/local/servicebusiness/default_user.png","""Murah, free delivery dengan min pembelian 50 ribu, pelayanan sat set.""","· Tutup pukul 22.00","",""
"https://www.google.com/maps/place/VIVA+Apotek+Kampung+Malang/data=!4m7!3m6!1s0x2dd7fbe65dcad2af:0x2ad4c251a386757f!8m2!3d-7.2753581!4d112.7348572!16s%2Fg%2F11f_c08g_j!19sChIJr9LKXeb71y0Rf3WGo1HC1Co?authuser=0&hl=id&rclk=1","VIVA Apotek Kampung Malang","4,7","(138)","Apotek","·","Jl. Kp. Malang Tengah I No.69","Buka 24 jam","·","0823-3290-6092","https://vivaapotek.co.id/","","Situs Web","","Rute","https://ssl.gstatic.com/local/servicebusiness/default_user.png","""Pelayanan baik, harga kompetitif dengan","","",""
"https://www.google.com/maps/place/Apotek+Mega+Farma/data=!4m7!3m6!1s0x2dd7f975ed4bb5eb:0x39efd0f4ce0c94bb!8m2!3d-7.2494938!4d112.7621436!16s%2Fg%2F1hm3fxv49!19sChIJ67VL7XX51y0Ru5QMzvTQ7zk?authuser=0&hl=id&rclk=1","Apotek Mega Farma","3,8","(5)","Apotek","·","Jl. Kapas Krampung No.69 B","·","Buka","0857-3301-5100","","","Rute","","","https://ssl.gstatic.com/local/servicebusiness/default_user.png","""Mbak2 apotekernya baik dan ramah.""","· Tutup pukul 21.30","",""
"https://www.google.com/maps/place/Apotek+Pucang+Taman/data=!4m7!3m6!1s0x2dd7fb94c178b3c3:0x3e3dd0a1467edee6!8m2!3d-7.2835997!4d112.7585245!16s%2Fg%2F11qntln5h0!19sChIJw7N4wZT71y0R5t5-RqHQPT4?authuser=0&hl=id&rclk=1","Apotek Pucang Taman","","","Apotek","·","Jl. Pucang Taman No.9","·","Tutup","0822-4579-2500","","","Rute","","","","Pesan antar","· Buka Sen pukul 17.00","",""
"https://www.google.com/maps/place/Apotek+Mujur+Surya/data=!4m7!3m6!1s0x2dd7f986305d51bb:0xfff23dc45c7eb1ae!8m2!3d-7.262377!4d112.7739155!16s%2Fg%2F11h6g52pgx!19sChIJu1FdMIb51y0RrrF-XMQ98v8?authuser=0&hl=id&rclk=1","Apotek Mujur Surya","5,0","(2)","Apotek","·","Jl. Kalijudan No.11","","","","","","Rute","","","","","","",""
"https://www.google.com/maps/place/Apotek+Karya+Farma/data=!4m7!3m6!1s0x2dd7fbc984da354b:0xadb94a7d615700d9!8m2!3d-7.2842286!4d112.7562603!16s%2Fg%2F11gf4np_91!19sChIJSzXahMn71y0R2QBXYX1Kua0?authuser=0&hl=id&rclk=1","Apotek Karya Farma","","","Apotek","·","Jl. Pucang Anom No.35","·","Tutup","(031) 5016763","","","Rute","","","","","· Buka Sen pukul 08.30","",""
"https://www.google.com/maps/place/Apotek+Anya/data=!4m7!3m6!1s0x2dd7fb938a2d0763:0xfbebc9034db8fcb7!8m2!3d-7.2897504!4d112.7716518!16s%2Fg%2F11j4fl7ykn!19sChIJYwctipP71y0Rt_y4TQPJ6_s?authuser=0&hl=id&rclk=1","Apotek Anya","4,4","(58)","Apotek","·","Jl. Menur Pumpungan No.78, RT.001/RW.06","","","(031) 59177776","https://www.apotek-k24.com/","","Situs Web","","Rute","https://ssl.gstatic.com/local/servicebusiness/default_user.png","""","","",""
"https://www.google.com/maps/place/APOTEK+SEGARAN/data=!4m7!3m6!1s0x2dd7f974dc8dccb1:0x6dcc8a5da10f57e4!8m2!3d-7.2469904!4d112.7593383!16s%2Fg%2F1hm4w16ty!19sChIJscyN3HT51y0R5FcPoV2KzG0?authuser=0&hl=id&rclk=1","APOTEK SEGARAN","2,7","(65)","Apotek","·","Jl. Tambak Segaran No.24","·","Buka","(031) 3718554","","","Rute","","","https://ssl.gstatic.com/local/servicebusiness/default_user.png","""Pelayanan baik dan cepat, obat lengkap,","· Tutup pukul 21.30","",""
"https://www.google.com/maps/place/Apotek+AIRDAS+FARMA/data=!4m7!3m6!1s0x2dd7fb65d687a421:0xd155f96cdfae8133!8m2!3d-7.285129!4d112.7635618!16s%2Fg%2F11j5rp1gqb!19sChIJIaSH1mX71y0RM4Gu32z5VdE?authuser=0&hl=id&rclk=1","Apotek AIRDAS FARMA","5,0","(2)","Apotek","·","003, Jl. Manyar Airdas No.5, RW.08","·","Tutup","0821-3649-2420","","","Rute","","","","","· Buka Sen pukul 09.00","",""
"https://www.google.com/maps/place/Apotek+Mulya+Husada/data=!4m7!3m6!1s0x2dd7fbb45f603081:0xae5aa024ded3a718!8m2!3d-7.2895962!4d112.7598001!16s%2Fg%2F1hm4qyd2y!19sChIJgTBgX7T71y0RGKfT3iSgWq4?authuser=0&hl=id&rclk=1","Apotek Mulya Husada","4,5","(6)","Apotek","·","PQ65+5W7, Jl. Ngagel Madya","","","0888-8883-33333","","","Rute","","","https://ssl.gstatic.com/local/servicebusiness/default_user.png","""Apakah bisa resep alprazolam""","","",""
"","","","","","","","","","","","","","","","","","","",""