"hfpxzc href","qBF1Pd","MW4etd","UY7F9","AJB7ye","AJB7ye 2","W4Efsd","W4Efsd 2","doJOZc","W4Efsd 3","W4Efsd 4","W4Efsd 5","W4Efsd 6","FQ2IWe src","Jn12ke src","ah5Ghc","ah5Ghc 2","M4A5Cf"
"","","","","","","","","","","","","","","","","",""
"","","","","","","","","","","","","","","","","",""
"https://www.google.com/maps/place/KARMENSEVE+Coffee+Shop/data=!4m7!3m6!1s0x2dd7fbd49a32bf13:0xa41d1f0b078e68b1!8m2!3d-7.2704953!4d112.7609238!16s%2Fg%2F11bw_5mp3f!19sChIJE78ymtT71y0RsWiOBwsfHaQ?authuser=0&hl=id&rclk=1","KARMENSEVE Coffee Shop","4,6","(454)","·","Rp 25–50 rb","Kafe","·","","·","Jl. Karang Menjangan V No.8","Buka","· Tutup pukul 22.00","https://lh3.googleusercontent.com/gps-cs-s/APNQkAGdHy8CSRWXf40U3A-PNjm9I4bETm9YdahOrlGgsnvs79GsIaxqKwhFRAFKwWfWlbnmC37eFM7CZ5biV6jTaF1UvcCae-s0sBzzl462NPduS1vsgiCB3KHjoPy6yRVy808maGWDkQ=w122-h92-k-no","https://ssl.gstatic.com/local/servicebusiness/default_user.png","""Walau tempat kecil,","cafe",""
"https://www.google.com/maps/place/Toko+Kopi+Karmen/data=!4m7!3m6!1s0x2dd7fb07c8d2e6c9:0x715b6b00f512ba7c!8m2!3d-7.271078!4d112.7603459!16s%2Fg%2F11scjs432x!19sChIJyebSyAf71y0RfLoS9QBrW3E?authuser=0&hl=id&rclk=1","Toko Kopi Karmen","4,8","(225)","·","Rp 1–25.000","Kedai Kopi","·","","Jl. Karang Menjangan No.52, RT.001/RW.08","","Buka","· Tutup pukul 22.00","https://lh3.googleusercontent.com/gps-cs-s/APNQkAFpdx9XnF5XxXZOP56NZVIaknESPEe6aDBPnmPr8Cg2a3k5DPT3co3L4TNAHxn3dM8RxXvXQyRS_xM09ccaSAqp2DTm43LHZjwXKF6PdTR_1be1jqi151AoeMZ9xw-NsrPX5AUMoJOfMtbe=w80-h106-k-no","https://ssl.gstatic.com/local/servicebusiness/default_user.png","""","Cafe",""
"https://www.google.com/maps/place/Tarantula+Barak+Coffee/data=!4m7!3m6!1s0x2dd7f97fd150dacd:0x69b73bd2f505f12e!8m2!3d-7.2657292!4d112.7604638!16s%2Fg%2F11mtd05j9w!19sChIJzdpQ0X_51y0RLvEF9dI7t2k?authuser=0&hl=id&rclk=1","Tarantula Barak Coffee","4,8","(142)","·","Rp 25–50 rb","Kedai Kopi","·","","Jl. Kedung Sroko No.135, RW.03","","Buka","· Tutup pukul 22.00","https://lh3.googleusercontent.com/gps-cs-s/APNQkAEIpY1FCMP7-vwe43z8y2dFWH0e-4xDam2_1HnRKUUXiH3PDlPOELRtUKQZUIVhfJdNMu2Zo-uUp1EoBcmXHSrQ-0RI5ZxHfjlRDJfEIweoNzSg4Ig_rlcmhESrPYq-AxyjMb56_Q=w80-h106-k-no","https://ssl.gstatic.com/local/servicebusiness/default_user.png","""Affordable coffee.""","",""
"https://www.google.com/maps/place/Pukul+Satu+Kopi/data=!4m7!3m6!1s0x2dd7fbe0a7893f01:0x821f3404de8a92d5!8m2!3d-7.2767447!4d112.7557838!16s%2Fg%2F11h5p_l04j!19sChIJAT-Jp-D71y0R1ZKK3gQ0H4I?authuser=0&hl=id&rclk=1","Pukul Satu Kopi","4,7","(759)","·","Rp 1–25.000","Kedai Kopi","·","","·","Jl. Dharmawangsa No.142a","Buka","· Tutup pukul 00.00","https://lh3.googleusercontent.com/gps-cs-s/APNQkAErrJxCQv3Xay__5fkHGg6yf-RgoH5Ops29a2xh59MlaleqIHy090t_cRHXTWyLDtdCSipEyQvgS5OSMgwSoHH8_ZcKVT4YbPyIaalrpGfzGhF2XpxTRA_IPIEv_AIBomDj7v8Op2bRcKXP=w122-h92-k-no","https://ssl.gstatic.com/local/servicebusiness/default_user.png","""kopi nya enak creamy, ESPRESSO nya kerasa
yang varian Kopi PSK creamy""","",""
"https://www.google.com/maps/place/TETRA+Coffee+%26+Eatery+-+Surabaya/data=!4m7!3m6!1s0x2dd7fb73b554413b:0x385bdc7442e7c05!8m2!3d-7.2782914!4d112.7532476!16s%2Fg%2F11x970s5yk!19sChIJO0FUtXP71y0RBXwuRMe9hQM?authuser=0&hl=id&rclk=1","TETRA Coffee & Eatery - Surabaya","4,6","(593)","·","Rp 25–50 rb","Kedai Kopi","·","","Jl. Kertajaya No.78","","Buka 24 jam","","https://lh3.googleusercontent.com/gps-cs-s/APNQkAFZXneALfOwx41kdVQwJmCnQYmEwjpa00LLZkPFK_7WipN0eBbq6r1QbhbW1xKW4woDldWvXyX71_V-4qEaIJkIvAWfgq-WhR82nwsJZvD0QC1U0Ov3vGUSKAxZRnfcqt7e1jd4KiLcqrY=w163-h92-k-no","https://ssl.gstatic.com/local/servicebusiness/default_user.png","""Kopi mantap, makanan enak, service ramah, tempat bersih dan nyaman""","",""
"https://www.google.com/maps/place/TECO+Specialty+Coffee+-+Dharmawangsa/data=!4m7!3m6!1s0x2dd7fbf81ca1ba3d:0x2f08f97fc9657491!8m2!3d-7.2725268!4d112.7562024!16s%2Fg%2F11pyyzm2bv!19sChIJPbqhHPj71y0RkXRlyX_5CC8?authuser=0&hl=id&rclk=1","TECO Specialty Coffee - Dharmawangsa","4,5","(105)","·","Rp 1–25.000","Kedai Kopi","·","","Jl. Dharmawangsa No.78","","Buka","· Tutup pukul 23.30","https://lh3.googleusercontent.com/gps-cs-s/APNQkAGZ45aRE3-ZygZ_gHiQKTZ10I_7FV-TqowNUZLM-nUkI1HWtIkJMgx9oLlKoatQGkQDqP9TMqvqJ4QDXuO3X-HLpgs4eyT7moqleKNEvNpTpxL2ih3AY4QtXkjbwy7rVz8xmkcn=w122-h92-k-no","https://ssl.gstatic.com/local/servicebusiness/default_user.png","""Nyaman cafenya, kopinya juga enak""","",""
"https://www.google.com/maps/place/Sixma+Coffee/data=!4m7!3m6!1s0x2dd7fb0053d49013:0xe46ad4ca31c4795d!8m2!3d-7.2714713!4d112.7550646!16s%2Fg%2F11ymhng18v!19sChIJE5DUUwD71y0RXXnEMcrUauQ?authuser=0&hl=id&rclk=1","Sixma Coffee","5,0","(24)","·","Rp 1–25.000","Kedai Kopi","·","","Jl. Dharmawangsa Barat No.47a","","Buka","· Tutup pukul 22.00","https://lh3.googleusercontent.com/gps-cs-s/APNQkAEAhQS3VFH2vJ_brt0ju_jHdGfxBZEq-8rlF-0PXwnHDp0PU5-BcH3ll0jDvLMNHIvTiMzrop1L6jQOLNnq02Uld3bZqUBPtLq_YsIfGbS9Y_hB6gubxobph2TiLo8NYnfzkOF3JbzhY18C=w122-h92-k-no","https://ssl.gstatic.com/local/servicebusiness/default_user.png","""Menu kopi uenak harga terjangkau ajah cuma 10 rb an.""","",""
"https://www.google.com/maps/place/ARAH+Coffee+Kertajaya/data=!4m7!3m6!1s0x2dd7fb108d7b8665:0x41b1f0afdd830086!8m2!3d-7.2783105!4d112.757391!16s%2Fg%2F11mry3d_hk!19sChIJZYZ7jRD71y0RhgCD3a_wsUE?authuser=0&hl=id&rclk=1","ARAH Coffee Kertajaya","4,6","(243)","·","Rp 25–50 rb","Kafe","·","","Jl. Kertajaya No.107","","Buka 24 jam","","https://lh3.googleusercontent.com/gps-cs-s/APNQkAFD_Du7XI_zXYnuI4HeiLPN-6p9Af6hy0RPrle7SGpoxX_rX-gw8evSciukXge7YcDUfnOBH1BKEXRbIDY_ENiyTx69cWir8kwfEvJ_AyBENMQZ_dv2NITEtQPaPkTR7sjQS0haeVrX0TA=w80-h142-k-no","https://ssl.gstatic.com/local/servicebusiness/default_user.png","""coffeshop cozy, rasa minuman dan makanan enak""","",""
"https://www.google.com/maps/place/Sun+Sun+Kedai+Makan+dan+Kopi/data=!4m7!3m6!1s0x2dd7fb92e51eef37:0x8aa4e41b40be7d7c!8m2!3d-7.2758818!4d112.7599079!16s%2Fg%2F11v5z1sm5b!19sChIJN-8e5ZL71y0RfH2-QBvkpIo?authuser=0&hl=id&rclk=1","Sun Sun Kedai Makan dan Kopi","4,7","(339)","·","Rp 1–25.000","Kedai Kopi","·","","Jl. Karang Menur No.22","","Buka","· Tutup pukul 23.00","https://lh3.googleusercontent.com/gps-cs-s/APNQkAFhiiIQ26CaN0XrRXU0hDf_SzpDa2cGkLHjBb5hu8EbqutSral-ekrt0faf2vr5essov_1Y_3fUFHcbW-kS_HQ1pDy2icLdMsIrmolNsui6qgGZyC-qm6fpLtApG_kOG1qKEOTI=w163-h92-k-no","https://ssl.gstatic.com/local/servicebusiness/default_user.png","""Mantap suasana enak kopibjya juga enak""","",""
"https://www.google.com/maps/place/Rumah+Keena/data=!4m7!3m6!1s0x2dd7fbe74a19e331:0xe201aae7cf1c1500!8m2!3d-7.2744373!4d112.7592752!16s%2Fg%2F11t5y2kgww!19sChIJMeMZSuf71y0RABUcz-eqAeI?authuser=0&hl=id&rclk=1","Rumah Keena","4,7","(277)","·","Rp 25–50 rb","Kafe","·","","Jl. Srikana No.144","","Buka","· Tutup pukul 23.00","https://lh3.googleusercontent.com/gps-cs-s/APNQkAHf5o_2h8wsk7MRaIP4imcZ-PwDB8UBS8fpjUD8Wij5X0O10jJCX8RhjdB-qSpJTqwYk2cw9X0yq_3hcWzPtTMASAud3FvQm4_0ysDIBAOX16qvTUv_QO9RoDMwQLmN6gVwbDlcQm7Keyk=w80-h106-k-no","https://ssl.gstatic.com/local/servicebusiness/default_user.png","""Cafenyaa enak bgt cozy dan cocok buat nugas, pelayanannya ramah sekali.""","",""
"https://www.google.com/maps/place/MADANI+SOCIETY+Coffee+Surabaya/data=!4m7!3m6!1s0x2dd7fb08a3848f9f:0x8bcb87d577eef5df!8m2!3d-7.2768622!4d112.7581685!16s%2Fg%2F11p0zppj5c!19sChIJn4-Eowj71y0R3_Xud9WHy4s?authuser=0&hl=id&rclk=1","MADANI SOCIETY Coffee Surabaya","4,6","(266)","·","Rp 25–50 rb","Kafe","·","","·","Jl. Gubeng Kertajaya IX Raya C Raya No.23","Buka","· Tutup pukul 22.00","https://lh3.googleusercontent.com/gps-cs-s/APNQkAGYMTDht304AaaiAxqFcVWUtQrlhb1m2SD-MkM_Dd2cYzIwMlemTUA2py5AmeKzYjJmnnv_NjEsij34Uo6FofeSVrReA1JasEo9C6YBXDrgsLg8YYCqB9DfYsLgaXOF64CBy0rElwelZsg7=w80-h106-k-no","https://ssl.gstatic.com/local/servicebusiness/default_user.png","""Baristanya ga ramah, ambience-nya enak, agak pricey, bersih""","",""
"https://www.google.com/maps/place/Sela+Sela+House/data=!4m7!3m6!1s0x2dd7fb614e1e4305:0x5ed667b856307999!8m2!3d-7.2766519!4d112.7558043!16s%2Fg%2F11ygsp7vwm!19sChIJBUMeTmH71y0RmXkwVrhn1l4?authuser=0&hl=id&rclk=1","Sela Sela House","4,9","(29)","·","Rp 25–50 rb","Kafe","·","","Jl. Dharmawangsa No.138A","","Buka","· Tutup pukul 01.00","https://lh3.googleusercontent.com/gps-cs-s/APNQkAHnDvPwPVJi0Jkrj69ddhLC6zwi6A5iimMf1xXeLe_GwRPlpFs5-pJtE9ZZFeWgD_Hl4EMBozGsznoT-Il-Uj9vHCzWKeePJ_OLy-fNGBHyYJ3tmpf-sbCwpS7S_gmXrAXcN_qd0izVN7k-=w80-h106-k-no","https://ssl.gstatic.com/local/servicebusiness/default_user.png","""padahal","cafe",""
"https://www.google.com/maps/place/Aku+Dan+Kopi/data=!4m7!3m6!1s0x2dd7fbb1019645d1:0xb09b01b0c5bc1a0d!8m2!3d-7.2771445!4d112.7618815!16s%2Fg%2F11v5bk4f8m!19sChIJ0UWWAbH71y0RDRq8xbABm7A?authuser=0&hl=id&rclk=1","Aku Dan Kopi","4,9","(63)","","","Kedai Kopi","·","","Jl. Raya Menur No.34, RT.008/RW.07","","Buka","· Tutup pukul 22.00","https://lh3.googleusercontent.com/gps-cs-s/APNQkAFhG81TkQtFvaMxYwIWNULcaeYiIeb3z2S9MfQTKE4LnJtSNiLQdrKNN9qwzT_nWwZ8oAbBZtaQ_SrWX4YINw1pEaFu6KSa-8fMkFMIVyqsr4g7vFYcyTnYOyNk9nUYfma0gUbt=w138-h92-k-no","https://ssl.gstatic.com/local/servicebusiness/default_user.png","""Untuk menu standar","cafe",""
"https://www.google.com/maps/place/ESKRIMO+COFFEE+Parkir+Trotoar/data=!4m7!3m6!1s0x2dd7fb10ec23c6ab:0x29b1e7ef33bf0883!8m2!3d-7.2754766!4d112.75597!16s%2Fg%2F11t1j42x8_!19sChIJq8Yj7BD71y0Rgwi_M-_nsSk?authuser=0&hl=id&rclk=1","ESKRIMO COFFEE Parkir Trotoar","4,3","(183)","·","Rp 25–50 rb","Kedai Kopi","·","","Jl. Dharmawangsa No.124","","Buka","· Tutup pukul 00.00","https://lh3.googleusercontent.com/gps-cs-s/APNQkAGiFRHZ94ffyqbimx5y5UIujJUJLCLBnB9ASVxr3yNIr9PyLCNEyaI_0UcxxqQHqYe4_JiI4ys6kC4vhJN45GqnMRhtnMNLumyGqXFcF3NZn2By6wvP_HroBZJGWPvmxbbilvCM=w122-h92-k-no","https://ssl.gstatic.com/local/servicebusiness/default_user.png","""Strong banget kopi nya.""","",""
"https://www.google.com/maps/place/Neko-neko+cafe/data=!4m7!3m6!1s0x2dd7fb00618b465d:0x16c30f9aa87e0f9b!8m2!3d-7.2779987!4d112.7554811!16s%2Fg%2F11y372fbsb!19sChIJXUaLYQD71y0Rmw9-qJoPwxY?authuser=0&hl=id&rclk=1","Neko-neko cafe","4,6","(183)","·","Rp 25–50 rb","Restoran","·","","·","Jl. Kertajaya No.83","Buka","· Tutup pukul 00.00","https://lh3.googleusercontent.com/gps-cs-s/APNQkAGUYVmUsUH6AJZv0-gQgoZ9LsXG5FGw1kQZ5mMz5mrX66eG-q-BDxNdexaipGHcqHoAuGJjE_L00T_q-5zGDYK60v8wSrvyMm8kE3-cK0X568lJGUzYv0AUyU7HUKWpgVkKzUC0MCHlPvoa=w163-h92-k-no","https://ssl.gstatic.com/local/servicebusiness/default_user.png","""servicenya bagus sekaliii, coffee nya juga enakk, harganya juga murah""""","",""
"https://www.google.com/maps/place/Loko+Cafe+Surabaya+-+Stasiun+Gubeng+Surabaya/data=!4m7!3m6!1s0x2dd7fbd7e6dd7341:0x7cfc1dcd6af793ad!8m2!3d-7.2656872!4d112.7523443!16s%2Fg%2F11np7l316q!19sChIJQXPd5tf71y0RrZP3as0d_Hw?authuser=0&hl=id&rclk=1","Loko Cafe Surabaya - Stasiun Gubeng Surabaya","4,6","(209)","·","Rp 25–50 rb","Kafe","·","","Jl. Gubeng Masjid","","Buka","· Tutup pukul 22.00","https://lh3.googleusercontent.com/gps-cs-s/APNQkAHohzgnrxms-oqddETMO7P15SPrvIalZHq5axQMfiAo4Ln3yWgd0mIT4C30ilcQfho1bZ457TyVOzgk-jXkU2Q1Gl7WS-gp88srdgXYLmsuJoPUcdoBIUX9rEQrS3MFEGvNRwFwDg=w169-h92-k-no","https://ssl.gstatic.com/local/servicebusiness/default_user.png","""kopinya mantab
pelayananannya bikin nyaman banget""","",""
"https://www.google.com/maps/place/Cak+Di+Cafe+%26+live+music/data=!4m7!3m6!1s0x2dd7fb9120f5fa51:0x81040ec9360e52ff!8m2!3d-7.2740525!4d112.7569949!16s%2Fg%2F11j86slq1s!19sChIJUfr1IJH71y0R_1IONskOBIE?authuser=0&hl=id&rclk=1","Cak Di Cafe & live music","4,8","(17)","","","Kafe","·","","PQG4+9QF, Jl. Srikana No.200","","Buka 24 jam","","https://lh3.googleusercontent.com/gps-cs-s/APNQkAGZsxZ_tx2joZKQomymIjfA034WbxBph480pLlEIdAzTDQ0pVRGnlHBhZyTO1b9aVUi6iDbX-2nZ4Fvop0sEH2iXANVAKjuL6Fftz8VwzWAzPNWVmo73uXnjfg_vxkL8t1zsPtYEPqz_2PA=w80-h106-k-no","https://ssl.gstatic.com/local/servicebusiness/default_user.png","""pelayanan bagus makanan enak""","",""
"https://www.google.com/maps/place/Tomoro+Coffee+-+Moestopo/data=!4m7!3m6!1s0x2dd7f997c3365c1d:0xe8c59141173a8c9!8m2!3d-7.2657816!4d112.7553943!16s%2Fg%2F11y_w_w590!19sChIJHVw2w5f51y0RyahzERRZjA4?authuser=0&hl=id&rclk=1","Tomoro Coffee - Moestopo","4,9","(83)","·","Rp 25–50 rb","Kedai Kopi","·","","Jl. Prof. DR. Moestopo No.4","","Buka","· Tutup pukul 22.00","https://lh3.googleusercontent.com/gps-cs-s/APNQkAHgIaB62nDXTH1_Rw1znEsNtic83JjhwTqkX_SKv1t5vc5q0AdMkUI4ARayTfjXzlQBSz_GjelHkBi5NF4TYO-5Zuabw2np2lT8lH0RU2fZ-mOJEH7c3FPsjeQ_6kG_P80HrUa_V_bjv4Pr=w122-h92-k-no","https://ssl.gstatic.com/local/servicebusiness/default_user.png","""tempat cozy, service ramah, matcha latte nya the best❤️""","",""
"https://www.google.com/maps/place/Kateko+Surabaya/data=!4m7!3m6!1s0x2dd7fb639c34c7a7:0xe02af9595390bbcc!8m2!3d-7.2677841!4d112.7512513!16s%2Fg%2F11ft39hsbs!19sChIJp8c0nGP71y0RzLuQU1n5KuA?authuser=0&hl=id&rclk=1","Kateko Surabaya","4,5","(362)","·","Rp 25–50 rb","Kafe","·","","Jl. Sumatera No.21","","Buka","· Tutup pukul 22.00","https://lh3.googleusercontent.com/gps-cs-s/APNQkAHx29SbPoG8a1emD3jllADZlD_9IraZeOjDEBpyDiH_qSCyETmHc3S8-Ut-fY14KSQyU9dBzQqjOIbLv06BgJ-3iOe0XQ4Shd9KGVq-qbBYzVvVHEIWJZw9tsBNcC2z4DVXtbo=w122-h92-k-no","https://ssl.gstatic.com/local/servicebusiness/default_user.png","""Cari manual brew yg di menunya ada tp kata waiters nya tdk ada.""","",""
"https://www.google.com/maps/place/Kofie+Paste/data=!4m7!3m6!1s0x2dd7fbd0ab116013:0xcc6cd06a6df43df2!8m2!3d-7.2766931!4d112.7570949!16s%2Fg%2F11gj0t36yd!19sChIJE2ARq9D71y0R8j30bWrQbMw?authuser=0&hl=id&rclk=1","Kofie Paste","4,7","(112)","·","$","Kafe","·","","·","Jl. Gubeng Kertajaya No.7C/56 Lantai 2","Buka","· Tutup pukul 22.00","https://lh3.googleusercontent.com/gps-cs-s/APNQkAHtVDDG0LS7fOZiHzHF9YqxRGfIZJbHf2kBrCNcV20eY7O2J-uUsdSZr6JIZ2YqnGxdpw8Lrc4Tvlj2sMEX0ym3FVHnN2P-sQngDRvjNVREs8R2ejnbFBwHyXPdZQeIb_tWIEokXA=w163-h92-k-no","","Makan di tempat","Bawa pulang","·"
"https://www.google.com/maps/place/NIGIYAKA+CAFE/data=!4m7!3m6!1s0x2dd7fb0018af142b:0xc9bbd88936e149b2!8m2!3d-7.2746564!4d112.7607278!16s%2Fg%2F11z54c_rvc!19sChIJKxSvGAD71y0RsknhNonYu8k?authuser=0&hl=id&rclk=1","NIGIYAKA CAFE","5,0","(2)","","","Kedai Kopi","·","","Jl. Karang Menur I No.14, RT.006/RW.07","","Buka","· Tutup pukul 22.00","https://lh3.googleusercontent.com/gps-cs-s/APNQkAHlbPjpCmJG0cFWTB-v_iMa2QJSXrjl5Bo56jBokrzCO955eKNGEkEmUc3MPkzqBp-oNz9_jjlNYsFrTOiiyzHyDCjRdKbee3kkz-vscXn8Htjsh2Recnj9ck0bEinoqHtxCEeeUUdKmjH5=w80-h106-k-no","","","",""
"https://www.google.com/maps/place/Jorz+Coffee/data=!4m7!3m6!1s0x2dd7f9c68dd03fc9:0xf8f866e07ea533f2!8m2!3d-7.2663089!4d112.7532259!16s%2Fg%2F11vrcpk55x!19sChIJyT_Qjcb51y0R8jOlfuBm-Pg?authuser=0&hl=id&rclk=1","Jorz Coffee","5,0","(41)","·","Rp 1–25.000","Kedai Kopi","·","","·","Jl. Gubeng Masjid No.39, RT.001/RW.07","Tutup","· Buka Sen pukul 10.00","https://lh3.googleusercontent.com/gps-cs-s/APNQkAF7Dkn-Z09JLzncfiV924uo8sMisCbFvvDfTWYsewmnONAsNWTJx4dj6eMqj_JXWIaSMKitgCUAhBavQR4_zzXtKY1UFbuOoEzQckOqlzEJyPT_6iAZie5b4BctBlt69XobHlDxsaWc4BaU=w122-h92-k-no","https://ssl.gstatic.com/local/servicebusiness/default_user.png","""TOP Jorrz coffee 🔥🔥""","",""
"https://www.google.com/maps/place/POV+COFFEE/data=!4m7!3m6!1s0x2dd7fb00359aecc3:0x87f29978abbc951c!8m2!3d-7.2742042!4d112.7577172!16s%2Fg%2F11wm_4tv9y!19sChIJw-yaNQD71y0RHJW8q3iZ8oc?authuser=0&hl=id&rclk=1","POV COFFEE","4,2","(58)","·","Rp 1–25.000","Kedai Kopi","·","","Jl. Srikana No.42","","Buka","· Tutup pukul 23.45","https://lh3.googleusercontent.com/gps-cs-s/APNQkAGQHm0r9RoD1HveIUAyk9NxgkIFq0SV8v-PrFSo97vRSTlm1wczn4z2labB-ywMBrUJKmYRvLN0vWZhM4ILbDcmpprBR6uzzGeiA2jJaDBKjT1jireR8cL2LS_5vuFkBBKPkQfJ=w80-h106-k-no","https://ssl.gstatic.com/local/servicebusiness/default_user.png","""caramel macchiatonya oke,!menunya variatif, ada makanan berat juga.""","",""
"https://www.google.com/maps/place/apollo+billiard+and+cafe/data=!4m7!3m6!1s0x2dd7fb004f68ad1d:0xc07f599f6317b798!8m2!3d-7.2769991!4d112.7619318!16s%2Fg%2F11xdjszxkz!19sChIJHa1oTwD71y0RmLcXY59Zf8A?authuser=0&hl=id&rclk=1","apollo billiard and cafe","4,7","(113)","·","Rp 25–50 rb","Kafe","·","","Jl. Raya Menur No.34F","","Buka","· Tutup pukul 02.00","https://lh3.googleusercontent.com/gps-cs-s/APNQkAG9ToDf1y2EHSVn4mDoRC0G3tnJ2VQcMmoMCl6bURc16LMK230fenlktFMZAvCJ6h-5SC4WU6oBsusXkY057dEUQIoJbj386vxLJad2Njws4LN30a6GMRbq8GlLRcqrmDgg9wOeN09phTLn=w122-h92-k-no","https://ssl.gstatic.com/local/servicebusiness/default_user.png","""Tempatnya nyaman, meja dan stick-nya oke, pencahayaan pas.""","",""
"https://www.google.com/maps/place/Eco+Surabaya/data=!4m7!3m6!1s0x2dd7fb6337d38a3b:0x4a9b68f510e78d5d!8m2!3d-7.275983!4d112.7566371!16s%2Fg%2F11fjmmgwmj!19sChIJO4rTN2P71y0RXY3nEPVom0o?authuser=0&hl=id&rclk=1","Eco Surabaya","4,7","(76)","","","Dapur komersial bersama","·","","Jl. Gubeng Kertajaya VII D No.43, RT.005/RW.04","","Tutup","· Buka Sen pukul 16.00","https://lh3.googleusercontent.com/gps-cs-s/APNQkAGC2aMewSbC2qq-62cTd_TdeQm_tfy4kzhy4Ez0JN6U9_RwI8yexf36kXzc03eDArhaQrtxnh2Bt4k52ASwXLScf7U1E1pCiH9dM8f6KS-q19vfvbqgpxdgSAxnOswl9xQzHZpvOw=w80-h106-k-no","https://ssl.gstatic.com/local/servicebusiness/default_user.png","""Kopinya juga enak dan harganya super bersahabat.""","",""
"https://www.google.com/maps/place/Cafe+%26+Steak+Teras+Senja/data=!4m7!3m6!1s0x2dd7fbe424fd7e19:0xb4afa5c93519b5da!8m2!3d-7.275344!4d112.7611217!16s%2Fg%2F11kj1bnfs4!19sChIJGX79JOT71y0R2rUZNcmlr7Q?authuser=0&hl=id&rclk=1","Cafe & Steak Teras Senja","4,6","(12)","·","Rp 25–50 rb","Kafe","·","","Jl. Karang Menur III No.19, RT.005/RW.07","","Tutup","· Buka Sen pukul 16.00","https://lh3.googleusercontent.com/gps-cs-s/APNQkAHa-K1VvPy7g195jMBbEowFzGwlZpYFUNOcUD1IDCOATWJTQxA1MIeYBrvJOg4bvjosE8ejCdapkrGeHzmKXC49rZwnUYW3hISM-KFgmZ4stPZ78QawXxehvL2MrDKkRab81S2GdwPUVJE=w122-h92-k-no","https://ssl.gstatic.com/local/servicebusiness/default_user.png","""wifinya juga oke.""","",""
"https://www.google.com/maps/place/Warung+SONGDJI+%28Kuliner+Komplit%29/data=!4m7!3m6!1s0x2dd7fb4a86f579ed:0x95fa575bc9629d8c!8m2!3d-7.2703899!4d112.7606009!16s%2Fg%2F11gjtxvyx5!19sChIJ7Xn1hkr71y0RjJ1iyVtX-pU?authuser=0&hl=id&rclk=1","Warung SONGDJI (Kuliner Komplit)","4,7","(230)","·","Rp 1–25.000","Kedai Kopi","·","","·","Jl. Karang Menjangan No.81, RT.005/RW.07","Buka","· Tutup pukul 23.00","https://lh3.googleusercontent.com/gps-cs-s/APNQkAE4vGBoZ1UO01lumeDrlOjshE2d1wl8I0WbDYW1QoFk3vMnZRj5lSVigG60kenr_PrfxdNYKKr4YbNcXs3jOsh8JKy7odK88lAICIvDeomOXOaiMlAUSxR7XP7OM4-lqC_TtX2D36fkT4gh=w80-h106-k-no","https://ssl.gstatic.com/local/servicebusiness/default_user.png","""Banyak menu anak mahasiswa.""","",""
"https://www.google.com/maps/place/Combi+Road+Cafe/data=!4m7!3m6!1s0x2dd7fbccba796005:0xa429a1aa5b3e8113!8m2!3d-7.280181!4d112.762115!16s%2Fg%2F11bc7rf0bp!19sChIJBWB5usz71y0RE4E-W6qhKaQ?authuser=0&hl=id&rclk=1","Combi Road Cafe","4,6","(29)","","","Kafe","·","","no Jl Raya No.70","","Buka","· Tutup pukul 04.00","https://lh3.googleusercontent.com/gps-cs-s/APNQkAHKNQZy6UUjmHqRjHqSmIPjX_x8kPBSVmkjdNuHZSfXiXXr7gwuMqKsDjh8LUOR7scBmJgUoc7DnfrhNplueHUpYkr-_dOgwMwxmToFitVLoKiFok_uscqVk4eGQ_O4DY2VCr9Qxg=w80-h142-k-no","https://ssl.gstatic.com/local/servicebusiness/default_user.png","""Tempatnya nyaman, harga terjangkau sering ksni bersama teman teman""","",""
"https://www.google.com/maps/place/Kedai+Budget/data=!4m7!3m6!1s0x2dd7fb5fbab49203:0xde9a15fa3908175d!8m2!3d-7.27167!4d112.755111!16s%2Fg%2F11hz6tlg70!19sChIJA5K0ul_71y0RXRcIOfoVmt4?authuser=0&hl=id&rclk=1","Kedai Budget","4,9","(34)","·","Rp 1–25.000","Kafe","·","","Jl. Dharmawangsa Barat No.55, RT.014/RW.01","","Tutup","· Buka Sen pukul 09.00","https://lh3.googleusercontent.com/gps-cs-s/APNQkAHn2z-cQbKxqgIPh48xPK6o-Zk0avyMyu_V2bnWsTu94YfkNvyON9bphRo8L4MZ60JnqJ_27zoYTDVIIikl0W0f5gsXNJ35jpPj16zLNnmshHa18z34WnJOujqB2YXWDXcBtWU=w92-h92-k-no","https://ssl.gstatic.com/local/servicebusiness/default_user.png","""Milk tea dan green teanya bikin nagih""","",""
"https://www.google.com/maps/place/Kedai+Kopi+32/data=!4m7!3m6!1s0x2dd7fbd2481d157d:0x1ccd30a96aa39181!8m2!3d-7.2742503!4d112.7584447!16s%2Fg%2F11fz9x47ms!19sChIJfRUdSNL71y0RgZGjaqkwzRw?authuser=0&hl=id&rclk=1","Kedai Kopi 32","4,7","(361)","·","Rp 1–25.000","Kedai Kopi","·","","·","Jl. Srikana No.32","Buka 24 jam","","https://lh3.googleusercontent.com/gps-cs-s/APNQkAHl14PyK9QIXqpzx5gv1018r7F4RJQXo2sHZtm5ztRU3x4LjMmRcJBrpKEToevUp6N-679YUWbA03PyhYCo_SIYYNMTU2Yp7HWX19CrPjAOWUzRnlrK2WubnzxwJIqgRZwcKHT7Fw=w80-h106-k-no","https://ssl.gstatic.com/local/servicebusiness/default_user.png","""Nyaman ramah....cocok banget buat ngopi bareng teman""""","",""
"https://www.google.com/maps/place/Warung+Kopi+Stela/data=!4m7!3m6!1s0x2dd7fbcd996aaa39:0x323c3c10af2a0bce!8m2!3d-7.2714365!4d112.7624184!16s%2Fg%2F11tnglkjxc!19sChIJOapqmc371y0RzgsqrxA8PDI?authuser=0&hl=id&rclk=1","Warung Kopi Stela","4,8","(39)","·","Rp 1–25.000","Kedai Kopi","·","","Jl. Karang Menjangan II No.77","","Buka","· Tutup pukul 02.00","https://lh3.googleusercontent.com/gps-cs-s/APNQkAHBppzWRHDgfTFdZQm9wCCa8WD4BZ1qdL21RJt__Djcp60IRpkDPGA_aISW8u1AFjhS87K2y9yzzcGM5WTqD1z3Up6lzKtnypL6hBSnLna0P52gpOh7VQwHd7tuQRUDt9ltnYJ3=w122-h92-k-no","https://ssl.gstatic.com/local/servicebusiness/default_user.png","""Di jamin betaahh nongkrong di tempaat ini.""","",""
"https://www.google.com/maps/place/Keris+%2F+kedai+Legendaris/data=!4m7!3m6!1s0x2dd7fb004a9b2757:0xdf34966629fd91d8!8m2!3d-7.2739877!4d112.7625481!16s%2Fg%2F11xp9gjhbr!19sChIJVyebSgD71y0R2JH9KWaWNN8?authuser=0&hl=id&rclk=1","Keris / kedai Legendaris","4,9","(148)","·","Rp 25–50 rb","Kedai Kopi","·","","Jl. Jojoran III No.1","","Buka","· Tutup pukul 23.00","https://lh3.googleusercontent.com/gps-cs-s/APNQkAGf7-Sew5EOv-GVt3T7s1Ji8u3sIPigZ-bD3WQNIz7owBuqMMMofQ63kiiErUpmtnvYwLaoKsqW2x0Erur3IugKayI8o0iESE4CEDXqQuKfWBp198DzKePM1YE2IaqeJILfe_WVujCSsJQV=w80-h142-k-no","https://ssl.gstatic.com/local/servicebusiness/default_user.png","""Caffenya hidden gem banget.""","",""
"https://www.google.com/maps/place/Rasya+Coffee/data=!4m7!3m6!1s0x2dd7fbce39745123:0x1eab6182e081fcfb!8m2!3d-7.2772987!4d112.754954!16s%2Fg%2F11ngt0hwdw!19sChIJI1F0Oc771y0R-_yB4IJhqx4?authuser=0&hl=id&rclk=1","Rasya Coffee","4,5","(15)","","","Kafe","·","","PQF3+3XP, Jl. Gubeng Kertajaya VIIA","","Buka","· Tutup pukul 22.00","https://streetviewpixels-pa.googleapis.com/v1/thumbnail?panoid=g2Nq0LOE26mvGrb-ZVuMHg&cb_client=search.gws-prod.gps&w=80&h=92&yaw=70.34427&pitch=0&thumbfov=100","https://ssl.gstatic.com/local/servicebusiness/default_user.png","""Menyenangkan untuk ngopi sambil ngobrol santai""","",""
"https://www.google.com/maps/place/Cafe+ESCO/data=!4m7!3m6!1s0x2dd7fbce25c287b7:0xdd91c7a3f01bfed!8m2!3d-7.276797!4d112.75474!16s%2Fg%2F11f11pwv4q!19sChIJt4fCJc771y0R7b8BP3oc2Q0?authuser=0&hl=id&rclk=1","Cafe ESCO","4,5","(475)","·","Rp 1–25.000","Kafe","·","","·","Jl. Gubeng Kertajaya V B No.58","Buka","· Tutup pukul 22.00","https://lh3.googleusercontent.com/gps-cs-s/APNQkAG9-01EUrhSODBfWRL711eP1J3aAqSndq7zpzrMDkV77LwQjzXJoJEXTER-oVl-xAyJOAcH-6XsugBR5Ubt_CAlYnXH2qAhV8rcgpCbrhw_sbnpC_wpiju3NA_Yy_7q1eVo4OY=w122-h92-k-no","https://ssl.gstatic.com/local/servicebusiness/default_user.png","""Pesen es latte 15k rasanya mantap sampai esnya mencair masih manis.""","",""
"https://www.google.com/maps/place/Point+Cafe+Dharmawangsa+41/data=!4m7!3m6!1s0x2dd7fbe6a14c9e89:0xe19ba3b59189d31c!8m2!3d-7.274703!4d112.7564588!16s%2Fg%2F11fj6w5yrm!19sChIJiZ5Moeb71y0RHNOJkbWjm-E?authuser=0&hl=id&rclk=1","Point Cafe Dharmawangsa 41","4,7","(200)","·","Rp 25–50 rb","Kedai Kopi","·","","·","Jl. Dharmawangsa No.41","Buka","· Tutup pukul 22.00","https://lh3.googleusercontent.com/gps-cs-s/APNQkAHgBk8X9swFTmSOKGxO3gpfSw_oIOeRn3UfONA1o7JMNStQtT0DlzOV8LM_lNzQhBXHAmZOPmFv_rSQ70RctGVG5IeRrt4XdGmigiIFdt-0R-xFIWsQYU98_r_rJmFEmYtnSnP25w=w138-h92-k-no","https://ssl.gstatic.com/local/servicebusiness/default_user.png","""Kafenta baru buka jam 6 pagi kalo terlalu awal terpaksa beli kopi instan.""","",""
"https://www.google.com/maps/place/Kedai+Loteng/data=!4m7!3m6!1s0x2dd7fbd1a1895e55:0xe8da710cc0d48e!8m2!3d-7.2741116!4d112.755352!16s%2Fg%2F11c20bbbyc!19sChIJVV6JodH71y0RjtTADHHa6AA?authuser=0&hl=id&rclk=1","Kedai Loteng","4,6","(319)","·","Rp 1–25.000","Kafe","·","","·","Jl. Gubeng Kertajaya VII H No.4","Buka","· Tutup pukul 00.00","https://lh3.googleusercontent.com/gps-cs-s/APNQkAGTG_IN7Nioete57Jgdkr0JGW4Taih8Qa_KzJzrp3D1LBWW43jYsDP2UgYrdu4nHla1nKkXAYgb-lJp-V57dLIJN5WmgVbAR0AWttvoXJVX0HJoCYJoA027aN2uUZq1pc4D1Cc9kg=w163-h92-k-no","https://ssl.gstatic.com/local/servicebusiness/default_user.png","""Free wifi, playlist musik menenangkan.""","",""
"https://www.google.com/maps/place/Renjana+Coffee/data=!4m7!3m6!1s0x2dd7fb8e76a4574b:0x21f332d1b13227b1!8m2!3d-7.2758414!4d112.7532943!16s%2Fg%2F11gnsr3n9w!19sChIJS1ekdo771y0RsScysdEy8yE?authuser=0&hl=id&rclk=1","Renjana Coffee","4,7","(92)","","","Kedai Kopi","·","","Jl. Gubeng Kertajaya V C No.11, RT.004/RW.03","","Tutup","· Buka Sen pukul 08.00","https://lh3.googleusercontent.com/gps-cs-s/APNQkAGQHsZm_kgKHBFfdQ66FxDZmRbOSrVvGsAYq-Z0lSFjX6xxilskZsG0ees3oFRy113W9XNvffuKCmCpbqL6lwV8xnqh3yRpo8e03j8b0FFb1vK0ss0p45fV0013OjThyE2BN-17=w80-h142-k-no","https://ssl.gstatic.com/local/servicebusiness/default_user.png","""SUDAH TUTUP SEJAK COVID YAA GAESS...""","",""
"https://www.google.com/maps/place/Cafe+d%27WarCofFE/data=!4m7!3m6!1s0x2dd7fb9ff0113d8d:0xca57d59d4e79440d!8m2!3d-7.2696832!4d112.7553574!16s%2Fg%2F11h6tkf92g!19sChIJjT0R8J_71y0RDUR5Tp3VV8o?authuser=0&hl=id&rclk=1","Cafe d'WarCofFE","4,2","(18)","","","Kafe","·","","Jl. Dharmawangsa IV No.18","","Buka","· Tutup pukul 03.00","https://lh3.googleusercontent.com/gps-cs-s/APNQkAGDa80QL8HK_LlWKsNL39vYvlRhS_TbFWxkFzqkbwbzy7Prqyci4H0_bsOByft9cQ7tEYFps06FQBHxhuPfne9d4scuoREjJLkRxqgX3uv4hLg-K5GU-HUF-rXbhJB_rErr4-MG=w122-h92-k-no","","Makan di tempat","Bawa pulang","·"
"https://www.google.com/maps/place/safehouse/data=!4m7!3m6!1s0x2dd7fb1f0ffc2d47:0xb38681e8a8139444!8m2!3d-7.2759969!4d112.7625079!16s%2Fg%2F11l6zjtbtf!19sChIJRy38Dx_71y0RRJQTqOiBhrM?authuser=0&hl=id&rclk=1","safehouse","4,9","(27)","·","Rp 1–25.000","Kafe","·","","Jl. Raya Menur No.23","","","","https://lh3.googleusercontent.com/gps-cs-s/APNQkAF0NQx5sOrSSNcY-8br0GkhXE1y8nMCnVUAZ8o6fMZOltTvq2lZbLOSLWhDJtOCDfzUO3luIwa3J1a3gRDx-S7-GJ6Mf6CjhBRxR3i9VKdH9KFFAmFV86fj-6yO3FtjSENZcF62xZnZAkZn=w80-h141-k-no","https://ssl.gstatic.com/local/servicebusiness/default_user.png","""Tempatnya enak, barista dan waiters nya ganteng juga""","",""
"https://www.google.com/maps/place/TONG%27S+CAFE/data=!4m7!3m6!1s0x2dd7fb19ca84bbef:0xe29efa8c1034781f!8m2!3d-7.278452!4d112.759321!16s%2Fg%2F11h4p_7sxs!19sChIJ77uEyhn71y0RH3g0EIz6nuI?authuser=0&hl=id&rclk=1","TONG'S CAFE","4,9","(32)","","","Kafe","·","","Gubeng Kertajaya XI No.6","","Tutup","· Buka Sen pukul 17.00","https://lh3.googleusercontent.com/gps-cs-s/APNQkAGP_C7G1zjPDZurFzz3S2MtYSEqy2eciO5-NfX8GILpZSQpuf-l8DvrptoXDqaiWeBU5B5ujTRvBT2NGaNBPTLSejFRbtWqLbByvAgBdwPaLhAlV8nk3Pvdbv7msnTfhNIle40=w122-h92-k-no","","Makan di tempat","Bawa pulang","·"
"https://www.google.com/maps/place/Waroenk+Ojol/data=!4m7!3m6!1s0x2dd7fbd519753d77:0xbbc3b02ddfa89e6!8m2!3d-7.2678919!4d112.7610059!16s%2Fg%2F11f15m9kpn!19sChIJdz11GdX71y0R5on63QI7vAs?authuser=0&hl=id&rclk=1","Waroenk Ojol","4,8","(45)","·","$","Kedai Kopi","·","","·","Jl. Karang Menjangan No.33","Tutup","· Buka Sen pukul 06.00","https://lh3.googleusercontent.com/gps-cs-s/APNQkAH1lFHA6n1_ZnKswI-zjQBMvMRhWme2yky-yoW7-FEW5LPslQ4RVGdHZCQZH1ZZ56y9zZhoShliLYPlV5_mtsJCZQwnyOwvv9ZkqJp2fPAOjS2GYfwekKdQCSlIVCbjo2Qbrh4E=w80-h106-k-no","","Makan di tempat","Bawa pulang","·"
"https://www.google.com/maps/place/Chronos+Kopi/data=!4m7!3m6!1s0x2dd7fbb4b2f6f295:0xf67739867fe93c6c!8m2!3d-7.2711343!4d112.7550872!16s%2Fg%2F11hzjgyn8z!19sChIJlfL2srT71y0RbDzpf4Y5d_Y?authuser=0&hl=id&rclk=1","Chronos Kopi","4,7","(35)","","","Kedai Kopi","·","","Jl. Dharmawangsa Barat No.41","","Tutup","· Buka Sen pukul 14.00","https://lh3.googleusercontent.com/gps-cs-s/APNQkAHFjNkoD_gIQ9bMVYsJBVZBVWuq3JwEJ5DKneI6ytXb8siGCZghXJ_ggzIeucmu2As5nkDHFaD8xhI_glReYH6k9HJ7BQLOtjNlo37oLXBdJYh-Q7SXI5RSSmJVAsRi8SJ34ZOA=w92-h92-k-no","","Makan di tempat","Bawa pulang","·"
"https://www.google.com/maps/place/Nuang+Kopi/data=!4m7!3m6!1s0x2dd7fb5a9bc1059d:0xb7384bb7d13f8811!8m2!3d-7.2786341!4d112.7497702!16s%2Fg%2F11hsvnct1x!19sChIJnQXBm1r71y0REYg_0bdLOLc?authuser=0&hl=id&rclk=1","Nuang Kopi","4,7","(43)","","","Kedai Kopi","·","","Jl. Nias No.138","","Buka","· Tutup pukul 22.00","https://lh3.googleusercontent.com/gps-cs-s/APNQkAE8otnklinfzO0uqa7ipc-fR3WRrCQUxwEivAcVT-a9cR5jAalaqSPypDRx8Xfuwz3AcLJz735VRPWzHpTyGtwZ9Oh5cmhR6sORDYg4AYubSRYnBV55PQKBTKt26As9xtSjUy5AkQ=w80-h155-k-no","https://ssl.gstatic.com/local/servicebusiness/default_user.png","""Tempat Cozy, kopi sesuai kantong pelajar""","",""
"https://www.google.com/maps/place/Basecamp+Ngopi/data=!4m7!3m6!1s0x2dd7fbd223b3bdf5:0xc4a708004de3e19c!8m2!3d-7.2747309!4d112.7575179!16s%2Fg%2F11f3cc396m!19sChIJ9b2zI9L71y0RnOHjTQAIp8Q?authuser=0&hl=id&rclk=1","Basecamp Ngopi","4,7","(159)","·","Rp 1–25.000","Kafe","·","","·","Jl. Gubeng Kertajaya IX Raya No.68","Buka","· Tutup pukul 01.00","https://lh3.googleusercontent.com/gps-cs-s/APNQkAEUZZ2mdHxQhRY5tH4rAUtZZNJyysZZt7Cmdn7fPbZo7C-xEg8FsJMWeLfsYb7jLSKElACVVLfdDcXKJDZSkPymq-cGWcx3THXA1gkQO4a4yyxChshQTAMASnk1MihErWqIYj6s=w148-h92-k-no","https://ssl.gstatic.com/local/servicebusiness/default_user.png","""ada wifi dan tv.""","",""
"https://www.google.com/maps/place/Coffe123/data=!4m7!3m6!1s0x2dd7fb000f6e7e67:0xb5ec5c5286a9d841!8m2!3d-7.2699944!4d112.7623003!16s%2Fg%2F11wxhftbnf!19sChIJZ35uDwD71y0RQdiphlJc7LU?authuser=0&hl=id&rclk=1","Coffe123","5,0","(4)","","","Kedai Kopi","·","","Jl. Karang Menjangan Gg. 2 No.32","","Buka","· Tutup pukul 23.30","https://lh3.googleusercontent.com/gps-cs-s/APNQkAHTXJgG1-pnRNQJBk_Qf4JZOzR0hbb4a2ZgQPBuDZvmu595h68gfXYoMETXzwd4vcO51fkWPnRUr6f9VlUpx9_fBoirRXwJ6OIoPCSptJbnnV1tYVR-9y4OcGRWkPUxi8yMrEDG5A=w80-h142-k-no","","Makan di tempat","",""
"https://www.google.com/maps/place/letsbrew+coffee/data=!4m7!3m6!1s0x2dd7fb64c6a18a19:0xb52f9bc4f778b985!8m2!3d-7.2771039!4d112.7559961!16s%2Fg%2F11kxs540b8!19sChIJGYqhxmT71y0Rhbl498SbL7U?authuser=0&hl=id&rclk=1","letsbrew coffee","4,9","(9)","","","Kedai Kopi","·","","Jl. Dharmawangsa No.77","","Buka","· Tutup pukul 23.00","https://lh3.googleusercontent.com/gps-cs-s/APNQkAH6qTpWXv8hP9mC06BpY0bTq5oGJ3RmlDW7WzhaIbRBLYL_GzszmuktYT_g-skzTozJGazZJcPuH8mfERuFXzphIM7Kp1T5Z8SjcEDguryiJhmTCDIim2dUhgIvYv9FhTARY7Rb=w84-h92-k-no","","Makan di tempat","Bawa pulang","·"
"https://www.google.com/maps/place/Yanto%27s+Cafe/data=!4m7!3m6!1s0x2dd7fbd0d73ba1d3:0x961909d7be8c8c97!8m2!3d-7.2719094!4d112.7536354!16s%2Fg%2F11c3x7tz_9!19sChIJ06E719D71y0Rl4yMvtcJGZY?authuser=0&hl=id&rclk=1","Yanto's Cafe","4,7","(55)","·","Rp 1–25.000","Kafe","·","","·","PQH3+6FJ, Jl. Gubeng Jaya SR","Buka","· Tutup pukul 00.00","https://lh3.googleusercontent.com/gps-cs-s/APNQkAGVLTDyp_3YAetVttrauzgfJLftLaV_i4qs9RkQmKzDr2wwg3FU_eZjCYG35h3DCfnh3zMRXPfdifCACoGLJT_wHNCInSLt6gQ09CfC-FJRUQmKccVMN-OTKMwqCoh_aT4zF0DvIQ=w80-h106-k-no","https://ssl.gstatic.com/local/servicebusiness/default_user.png","""Lokasinya dipinggir jalan dalam gang jadi gak rame banget.""","",""
"https://www.google.com/maps/place/Warung+Makan+%26+Kedai+Kopi+Sekawan/data=!4m7!3m6!1s0x2dd7fb39357b6795:0x9afb61e0cf0cf836!8m2!3d-7.2741978!4d112.7597304!16s%2Fg%2F11fcvb5g5s!19sChIJlWd7NTn71y0RNvgMz-Bh-5o?authuser=0&hl=id&rclk=1","Warung Makan & Kedai Kopi Sekawan","4,7","(133)","·","Rp 1–25.000","Kafe","·","","·","Jl. Srikana Tim. No.44","Buka","· Tutup pukul 23.00","https://lh3.googleusercontent.com/gps-cs-s/APNQkAEu73IeefWhaKu_WvbDkiWOeOIWha4FwLcY5iZ6IbHuJjfNdNl_BX5JkYi_FTjM2FgsIjglN750UXgmBBrwe3y2peou2dt6gd-HtiMbWqoBnglpQvSEZpLyB7HWY5Bud_-Q0u0H=w122-h92-k-no","https://ssl.gstatic.com/local/servicebusiness/default_user.png","""Tempatnya sederhana, namun terasa nyaman.""","",""
"https://www.google.com/maps/place/Giras+24+Jam/data=!4m7!3m6!1s0x2dd7fbd701b4de6f:0x496e5c26ac7ac6f1!8m2!3d-7.269007!4d112.753839!16s%2Fg%2F11b6gpgpxn!19sChIJb960Adf71y0R8cZ6rCZcbkk?authuser=0&hl=id&rclk=1","Giras 24 Jam","4,4","(16)","·","$","Kedai Kopi","·","","Jl. Gubeng Klingsingan","","Buka 24 jam","","https://lh3.googleusercontent.com/gps-cs-s/APNQkAHAmKfMKxrQWNOmrm2FdCBETRgS4R5uwzKAkINw-xrmeMUD6cZDeQy9JELvFhrUitY7V1JRMcFtrs9V64LbbONTIpNmurxkmILBcjL5ZNfKo2GrZRQaA63u2O0OVvpsS0HuCkZl6A=w122-h92-k-no","https://ssl.gstatic.com/local/servicebusiness/default_user.png","""Tempat cangkrukan asoy... indomie goreng varian lengkap mantap ...""","",""
"https://www.google.com/maps/place/De+Layana+eatery/data=!4m7!3m6!1s0x2dd7fb1aee803f75:0x942ef0caf9325336!8m2!3d-7.2778774!4d112.7594121!16s%2Fg%2F11n752dzm_!19sChIJdT-A7hr71y0RNlMy-crwLpQ?authuser=0&hl=id&rclk=1","De Layana eatery","4,9","(7)","","","Kafe","·","","Gubeng Kertajaya XI No.20","","Buka","· Tutup pukul 22.00","https://lh3.googleusercontent.com/gps-cs-s/APNQkAG-6Wf6bLiawF9i7T2gxOgOjavLq3O0uEoP1P9lYas6hpxm9aifiYqWaIJhU27QY0TyZj16NXhic51LOcDyj05ju9vcDzu5XpJywHckXmoXibAd1SP52DZRHL4WvyFL4BcsIGCy=w122-h92-k-no","","Makan di tempat","Bawa pulang","·"
"https://www.google.com/maps/place/Kedai+POP+Cafe/data=!4m7!3m6!1s0x2dd7fbf933a9b343:0x52f97a3ef4d86694!8m2!3d-7.2780821!4d112.7593922!16s%2Fg%2F11h4kmnlys!19sChIJQ7OpM_n71y0RlGbY9D56-VI?authuser=0&hl=id&rclk=1","Kedai POP Cafe","4,6","(31)","","","Kafe","·","","Gubeng Kertajaya XI No.14","","Buka","· Tutup pukul 22.00","https://lh3.googleusercontent.com/gps-cs-s/APNQkAGy0JNPgVVRQy2efLwAbFhCOMHHPuLe2owsm4KAWp1GVcOoPfK-_LMStuI3emNerAXWw3_10hB77z33APEDSDHWI0t_O25ja3fPkomn5BQ1Uv543dx3czpw186Fycfyzgonns8=w92-h92-k-no","https://ssl.gstatic.com/local/servicebusiness/default_user.png","""Tempat enak buat ngrumpi dekat dengan jalan kertajaya (raya)""","",""
"https://www.google.com/maps/place/Kafe+Tengah+Kota/data=!4m7!3m6!1s0x2dd7fb2c79c6ad1b:0xedb822902c998c83!8m2!3d-7.2677091!4d112.7512059!16s%2Fg%2F11jw_wgwpt!19sChIJG63GeSz71y0Rg4yZLJAiuO0?authuser=0&hl=id&rclk=1","Kafe Tengah Kota","4,2","(13)","·","Rp 25–50 rb","Kafe","·","","PQJ2+WF8, Jl. Sumatera","","Buka","· Tutup pukul 22.00","https://lh3.googleusercontent.com/gps-cs-s/APNQkAEMxTGS6x4D778zBAHAV-g10ID4Qazb1HEHIBUNaC5OROcD8SRoM9PFc3H1CwJ-X8HYQxII1nNTdAZrSOFF0rp2frggrsfe4uNMfMe8sK6--oaCHJQ3UDM5hGPg5isfb8lgCXwcow=w80-h106-k-no","https://ssl.gstatic.com/local/servicebusiness/default_user.png","""Suka banget lokasinya pas, looks cozy .""","",""
"https://www.google.com/maps/place/Vier+Cafe/data=!4m7!3m6!1s0x2dd7f9a79178e3e9:0x86e64a79634dbbe6!8m2!3d-7.2598152!4d112.7536852!16s%2Fg%2F11h55ysv1b!19sChIJ6eN4kaf51y0R5rtNY3lK5oY?authuser=0&hl=id&rclk=1","Vier Cafe","4,8","(56)","·","Rp 1–25.000","Kafe","·","","Jl. Residen Sudirman No.66","","Buka","· Tutup pukul 00.00","https://lh3.googleusercontent.com/gps-cs-s/APNQkAGRtzCr_xIhPuy8lnahndnydJKftRwFm-RL8pcbqGfa_FbUGRYm9ojk50VqxeOXOb8kaw6zKGWW0--7-4UCGWjDb_2ydbU5eVrS9C7G0YptMill_v8e0OOwIqSGHA7QqE4a8hi9-Q=w80-h106-k-no","https://ssl.gstatic.com/local/servicebusiness/default_user.png","""tempatnya nyaman banget, apalagi saya pas kesitu tadi sepi.""","",""
"https://www.google.com/maps/place/Fifteenth+Cafe+by+Mark+Design/data=!4m7!3m6!1s0x2dd7fb058f8b2b57:0xa650e8fa56becfa7!8m2!3d-7.2781271!4d112.7466016!16s%2Fg%2F11s5qvpzyp!19sChIJVyuLjwX71y0Rp8--VvroUKY?authuser=0&hl=id&rclk=1","Fifteenth Cafe by Mark Design","4,9","(1.387)","·","Rp 25–50 rb","Kafe","·","","Jl. Lombok No.15","","Buka","· Tutup pukul 00.00","https://lh3.googleusercontent.com/gps-cs-s/APNQkAEVxDDwv0wrt_pvsQOIX7C7Oeork3W6iE5uq3JTPqDAv2ef_99Z92vPFMENTKRkiFF30yljVZcYnSR73qMCtUnSdsTuPJbur_UOI_-dWLRudP8aKxLJ9Lx9-XF1EoC49O7EwLxc5A=w83-h92-k-no","https://ssl.gstatic.com/local/servicebusiness/default_user.png","""kopi enak, tempat comfy, terjangkau, service juga oke.""","",""
"https://www.google.com/maps/place/Pesonacoffee+karmen/data=!4m7!3m6!1s0x2dd7fb0acfa1f88f:0xd80991975b1423ca!8m2!3d-7.2671949!4d112.7611024!16s%2Fg%2F11j0zr_2_0!19sChIJj_ihzwr71y0RyiMUW5eRCdg?authuser=0&hl=id&rclk=1","Pesonacoffee karmen","5,0","(7)","","","Kafe","·","","Dekat Indomaret - SUB, Jl. Karang Menjangan No.19","","Segera tutup","· 19.00 · Buka Sen pukul 00.00","https://lh3.googleusercontent.com/gps-cs-s/APNQkAGynRBMa6Hy7dYtxF3hmUnRNEvacqVoxlYOvsU6SrCFug00ZCvlWkEN9rdl_F5Cu97IDROl5rabylQ-EFvT4jTz53b59C9PtvrW6S1JuWsVoKFpzSJHIKfx1cU44wxJI7hpSW2g=w80-h106-k-no","","Makan di tempat","Bawa pulang","·"
"https://www.google.com/maps/place/Warkop+78+%26+TOKO+IVA/data=!4m7!3m6!1s0x2dd7fb81db5ab733:0x1d72da34854e3819!8m2!3d-7.2739833!4d112.7576154!16s%2Fg%2F11t65cfwvx!19sChIJM7da24H71y0RGThOhTTach0?authuser=0&hl=id&rclk=1","Warkop 78 & TOKO IVA","5,0","(13)","","","Kedai Kopi","·","","Srikana Food Walk, Jl. Srikana","","Buka 24 jam","","https://lh3.googleusercontent.com/gps-cs-s/APNQkAFex_XG4rq2dy9VXxkcgwNwHd9H9txXlMonOXF2vnwM51d5ncb6Ma-_jTRh4Z9Nc9d9w6RZDQdZmMUPuqWCuhgDFYfRu5s6utpcFA1e3X-Iaeb3dHzbSkSTl0CF-b7ZolExkWl9fQ=w122-h92-k-no","https://ssl.gstatic.com/local/servicebusiness/default_user.png","""Warkopnya enak nyaman bisa request music asyik pokoknya buat nongkrong""","",""
"https://www.google.com/maps/place/Kedai+G+%28GARASI%29/data=!4m7!3m6!1s0x2dd7fbcda5375975:0x7691a9f00dcb7bc9!8m2!3d-7.2744991!4d112.7574039!16s%2Fg%2F11c606h9tm!19sChIJdVk3pc371y0RyXvLDfCpkXY?authuser=0&hl=id&rclk=1","Kedai G (GARASI)","4,9","(32)","","","Kafe","·","","·","Jl. Gubeng Kertajaya IX Raya No.55","Buka","· Tutup pukul 00.00","https://lh3.googleusercontent.com/gps-cs-s/APNQkAEdGeeQ0UtcfpQ_wA57v42vTlVhs5GIgGpcseRLfFZQQXXIZGJb9MN0h5v3EWkXIgR3ulm6igTDhSQNaUzc3W26gKynR6tMZ7ZEuZa0PvSp2ZgBlhRAHuIhtVyGFEZ5Ki67GKzk=w122-h92-k-no","","Makan di tempat","Bawa pulang","·"
"https://www.google.com/maps/place/Kedai+Kopi+Pancing+Cak+Wid/data=!4m7!3m6!1s0x2dd7fbcc2665e165:0x3ea18ae5cddb89b1!8m2!3d-7.2794868!4d112.7571054!16s%2Fg%2F11clstq_7h!19sChIJZeFlJsz71y0RsYnbzeWKoT4?authuser=0&hl=id&rclk=1","Kedai Kopi Pancing Cak Wid","4,7","(70)","·","$","Kedai Kopi","·","","·","Gubeng B Dalam Jl. Kertajaya No.2","Buka","· Tutup pukul 01.00","https://lh3.googleusercontent.com/gps-cs-s/APNQkAFJriwO65PzTYkzesC-BckF5al2gWyCbegZS4Ve0eCv3MvL7b0AC1Eft9K_kYJ2Aaw9CNUmIJ6l8aLqEKt0VigwiPA4ZjvLjuZj10B0TP6JPSvQeIgL4Q9YAH7-V4Na3GcbZ_qIeQ=w80-h106-k-no","https://ssl.gstatic.com/local/servicebusiness/default_user.png","""Bapak Penjualnya lucu dan imut.👍""","",""
"https://www.google.com/maps/place/Cafe+Mbah+Til/data=!4m7!3m6!1s0x2dd7fbd7a833aaff:0x46ac68bdc11e74aa!8m2!3d-7.2688887!4d112.7533285!16s%2Fg%2F11b6dp3m8y!19sChIJ_6ozqNf71y0RqnQewb1orEY?authuser=0&hl=id&rclk=1","Cafe Mbah Til","4,5","(6)","·","$","Kafe","·","","PQJ3+C8W, Jl. Gubeng Klingsingan","","Buka","· Tutup pukul 22.00","https://lh3.googleusercontent.com/gps-proxy/ALd4DhFC4CnIu5kriKs5YvtQFrlzBGHKRCgLXbEQDmKCq1NV4x3YB4u1_U7dlAjMTHi8ZnKf8lkQVfPYF3h-7hm2d2Dn02V3SwxvefTZRU7tSNbkg4pYuwEslNSNii9gkTIakKQ-m_1mm-b5wSFGKYfVgWqwrxGpZ5sYDOfsPB7QAZGQOwlpMiNKAeJdqcIAKFLpuMlHM5A=w122-h92-k-no","","Makan di tempat","Bawa pulang","·"
"https://www.google.com/maps/place/Calibre+Coffee+Roasters/data=!4m7!3m6!1s0x2dd7f96484aa2e85:0x9a8add2fb2242a50!8m2!3d-7.2612075!4d112.7488144!16s%2Fg%2F11bvvzglbt!19sChIJhS6qhGT51y0RUCoksi_dipo?authuser=0&hl=id&rclk=1","Calibre Coffee Roasters","4,5","(2.147)","·","Rp 25–50 rb","Kedai Kopi","·","","·","Jl. Walikota Mustajab No.67 - 69","Buka","· Tutup pukul 22.00","https://lh3.googleusercontent.com/gps-cs-s/APNQkAEN5Ldkl25sfgcLkLCN13-y9NZKhP6Qaw3f9R3NdGMW2LHmHCA2I-m4PgAdiX-IZCm4yT4ff7VSpoVrCMu5xARR6wIZxDCm0ylvHuFNA9chhv5TfVoYdLY9CJVgG-t7fWppspcb=w80-h106-k-no","https://ssl.gstatic.com/local/servicebusiness/default_user.png","""Ga sempat coba makanannya tapi Calibre signature lattenya enak pol!""","",""
"https://www.google.com/maps/place/Pesonacoffee+karmen/data=!4m7!3m6!1s0x2dd7fb0acfa1f88f:0xd80991975b1423ca!8m2!3d-7.2671949!4d112.7611024!16s%2Fg%2F11j0zr_2_0!19sChIJj_ihzwr71y0RyiMUW5eRCdg?authuser=0&hl=id&rclk=1","Pesonacoffee karmen","5,0","(7)","","","Kafe","·","","Dekat Indomaret - SUB, Jl. Karang Menjangan No.19","","Segera tutup","· 19.00 · Buka Sen pukul 00.00","https://lh3.googleusercontent.com/gps-cs-s/APNQkAGynRBMa6Hy7dYtxF3hmUnRNEvacqVoxlYOvsU6SrCFug00ZCvlWkEN9rdl_F5Cu97IDROl5rabylQ-EFvT4jTz53b59C9PtvrW6S1JuWsVoKFpzSJHIKfx1cU44wxJI7hpSW2g=w80-h106-k-no","","Makan di tempat","Bawa pulang","·"
"https://www.google.com/maps/place/Wapo+Resto/data=!4m7!3m6!1s0x2dd7fbd486736e29:0x703f50fba3cdfe7e!8m2!3d-7.2705024!4d112.7602896!16s%2Fg%2F11gzwlgp9!19sChIJKW5zhtT71y0Rfv7No_tQP3A?authuser=0&hl=id&rclk=1","Wapo Resto","4,4","(7.117)","·","Rp 25–50 rb","Nasi Goreng","·","","·","Jl. Airlangga No.43","Buka","· Tutup pukul 22.00","https://lh3.googleusercontent.com/gps-cs-s/APNQkAFrzIqxl7jDuOrnyQ1O6dVsGguUHucjd09_QK1ziRLW9XQXS5XaF32epHm4h2k_hIjv6yYfAFYPLUbx_kShjHcrA5td8FVWrDXcwMwbgpu5S8TqKpcpuSzvUA11d-4jgIVgPPxa=w122-h92-k-no","https://ssl.gstatic.com/local/servicebusiness/default_user.png","""Overall it is a good place to eat, drink, and chill for a moment.""","",""
"https://www.google.com/maps/place/Warung+Kopi+Sancaka/data=!4m7!3m6!1s0x2dd7f9454447db55:0xa4c1b15bfb07d52f!8m2!3d-7.2666248!4d112.7530542!16s%2Fg%2F11g0_lzzlw!19sChIJVdtHREX51y0RL9UH-1uxwaQ?authuser=0&hl=id&rclk=1","Warung Kopi Sancaka","4,8","(6)","","","Kedai Kopi","·","","·","Pojok UMKM Stasiun Gubeng, Jl. Stasiun Gubeng Stand No.5","Buka","· Tutup pukul 22.00","https://lh3.googleusercontent.com/gps-cs-s/APNQkAFhKIaQuwrEKEE3glA_mK2rPdrcfhNCl_ZvUTatrz6Y7QVGme3y34Q9hMrG9jWwQ5GYtpoSB9dKXBn5OpXFPovVT_DE3OOxtj0rB38owA4pWt-y056bxJB3zrh3uwBHjAeZCiK6=w163-h92-k-no","","Makan di tempat","Bawa pulang","·"
"https://www.google.com/maps/place/Kresna+2+Cafe/data=!4m7!3m6!1s0x2dd7f9007d8f938d:0x179bd34940fd53c3!8m2!3d-7.2655682!4d112.7596906!16s%2Fg%2F11y6qqs888!19sChIJjZOPfQD51y0Rw1P9QEnTmxc?authuser=0&hl=id&rclk=1","Kresna 2 Cafe","4,3","(3)","","","Restoran","·","","PQM5+QVG, Jl. Prof. DR. Moestopo","","","","https://lh3.googleusercontent.com/gps-cs-s/APNQkAHdSTZCIEc5M3aADnL1rLm0cvu9qS5MSgRE9KkPoSEs54t1J0bMLDu-pRfpRsHoaNw2oWtM66-DFVpHay7eZMGXTbDtWkxQ7GXduS9mtd7lojAnT-FhTKToLRf-ZsDUUPa91wwIMzcOAhXm=w122-h92-k-no","https://ssl.gstatic.com/local/servicebusiness/default_user.png","""Ruangan tidak terlalu luas, ada meja biasa dan meja tinggi.""","",""
"https://www.google.com/maps/place/Grandfather+Coffeeshop/data=!4m7!3m6!1s0x2dd7f9798f58c959:0x7b3d395d91372f73!8m2!3d-7.2579476!4d112.7573536!16s%2Fg%2F11ckrhlylv!19sChIJWclYj3n51y0Rcy83kV05PXs?authuser=0&hl=id&rclk=1","Grandfather Coffeeshop","4,5","(1.101)","·","Rp 25–50 rb","Kedai Kopi","·","","Jl. Kalasan No.25 I","Kafe simpel untuk kopi dan camilan","Buka","· Tutup pukul 00.00","https://lh3.googleusercontent.com/gps-cs-s/APNQkAHpQAUBpjYbBmC3qgooLKN5Fx2nSlAdesOAhNnKb1fO8Nt2eIhhWH4C2N9aZWh99IdU_otU13-oZc__G4hpHP3BNZ9LHDzUTN8N40T5Jt9qZe27TnqE472Hjogju_IwKPhkRKG9=w122-h92-k-no","https://ssl.gstatic.com/local/servicebusiness/default_user.png","""Untuk minuman coffee of the day disajikan dengan metode french press""","",""
"https://www.google.com/maps/place/Calibre+Coffee+Roasters/data=!4m7!3m6!1s0x2dd7f96484aa2e85:0x9a8add2fb2242a50!8m2!3d-7.2612075!4d112.7488144!16s%2Fg%2F11bvvzglbt!19sChIJhS6qhGT51y0RUCoksi_dipo?authuser=0&hl=id&rclk=1","Calibre Coffee Roasters","4,5","(2.147)","·","Rp 25–50 rb","Kedai Kopi","·","","·","Jl. Walikota Mustajab No.67 - 69","Buka","· Tutup pukul 22.00","https://lh3.googleusercontent.com/gps-cs-s/APNQkAEN5Ldkl25sfgcLkLCN13-y9NZKhP6Qaw3f9R3NdGMW2LHmHCA2I-m4PgAdiX-IZCm4yT4ff7VSpoVrCMu5xARR6wIZxDCm0ylvHuFNA9chhv5TfVoYdLY9CJVgG-t7fWppspcb=w80-h106-k-no","https://ssl.gstatic.com/local/servicebusiness/default_user.png","""Ga sempat coba makanannya tapi Calibre signature lattenya enak pol!""","",""
"https://www.google.com/maps/place/Point+Coffee+-+Indomaret+Menur/data=!4m7!3m6!1s0x2dd7fbd2c89e946f:0xdf02eaf549d8c495!8m2!3d-7.2744385!4d112.7622205!16s%2Fg%2F11b6zt2_wd!19sChIJb5SeyNL71y0RlcTYSfXqAt8?authuser=0&hl=id&rclk=1","Point Coffee - Indomaret Menur","4,5","(283)","·","Rp 25–50 rb","Kedai Kopi","·","","Jl. Karang Menjangan No.2","","Buka 24 jam","","https://lh3.googleusercontent.com/gps-cs-s/APNQkAHSzKyp1ghD_76MGUI0pbIGXWkAji-pvFnP5OgWIZMKKiUobs1hm-AQGVxBWxyqUG53mXgJ8S86DEnU9FAJpDWUQds5YEzibESXCvj0mH7S6e_bfSnRCUNXMnu79BEI0NuJ0iNM5Q=w80-h106-k-no","https://ssl.gstatic.com/local/servicebusiness/default_user.png","""kopinya enak, promonya mantap, baristanya cantik dan ramah.""","",""
"https://www.google.com/maps/place/Coffe+Sekawan/data=!4m7!3m6!1s0x2dd7fbde2bf8a06b:0x21254caaaffb56c0!8m2!3d-7.2742409!4d112.758059!16s%2Fg%2F11s4by9txb!19sChIJa6D4K9771y0RwFb7r6pMJSE?authuser=0&hl=id&rclk=1","Coffe Sekawan","3,8","(6)","","","Kedai Kopi","·","","Jl. Srikana No.34","","Buka","· Tutup pukul 03.00","https://lh3.googleusercontent.com/gps-cs-s/APNQkAHK-ZWqq9GBNUV0KEmpNxwgkHzZSzELM46pwmYcBgOKoHNKa49Jn-dcJWNlxItrhXtwJvHMi7KEzYA1Y1Y83haOc2wCICaHUhIMIKwSR18Do6Wv-4iSqvz5Y8rYTsZvhzE-AGqHXA=w122-h92-k-no","","Makan di tempat","Bawa pulang","·"
"https://www.google.com/maps/place/LOPEGADA/data=!4m7!3m6!1s0x2dd7fbc5090127a1:0xd587db5960fa7b6e!8m2!3d-7.2778479!4d112.7595098!16s%2Fg%2F11fp8x6x4d!19sChIJoScBCcX71y0Rbnv6YFnbh9U?authuser=0&hl=id&rclk=1","LOPEGADA","4,7","(32)","","","Pujasera","·","","Gubeng Kertajaya XI Raya No.20, RT.012/RW.06","","Buka","· Tutup pukul 00.00","https://lh3.googleusercontent.com/gps-cs-s/APNQkAHlwEEAB0D9wFaot6aLbv_KvmkdIWPDeTozuCMty5dd3TaCZlHzVfPNfFH_947XKlcYvbGYoOnMK6QBkYFQYwRsswdt5S_VETwfR9KqJxG-3CPpgTglvvgSec09sJBQa5gj3lvnBw=w80-h106-k-no","","Makan di tempat","Bawa pulang","·"
"https://www.google.com/maps/place/Amalia+Bakery+%26+Cafe%27/data=!4m7!3m6!1s0x2dd7fbd5595d4647:0x402d154a270b284!8m2!3d-7.2661849!4d112.7618921!16s%2Fg%2F11cltsmhk6!19sChIJR0ZdWdX71y0RhLJwolTRAgQ?authuser=0&hl=id&rclk=1","Amalia Bakery & Cafe'","4,0","(1)","","","Toko Roti","·","","Jl. Dharmahusada No.16, RT.001/RW.04","","Buka","· Tutup pukul 21.00","https://streetviewpixels-pa.googleapis.com/v1/thumbnail?panoid=wobHDa4YI4ca7WVVs_U0mg&cb_client=search.gws-prod.gps&w=80&h=92&yaw=173.73068&pitch=0&thumbfov=100","","Bawa pulang","",""
"https://www.google.com/maps/place/Cafe+mie-atamu+cox/data=!4m7!3m6!1s0x2dd7fbff155ff715:0x35125f0d0866755a!8m2!3d-7.2734893!4d112.7559169!16s%2Fg%2F11l0xn3c26!19sChIJFfdfFf_71y0RWnVmCA1fEjU?authuser=0&hl=id&rclk=1","Cafe mie-atamu cox","4,5","(6)","","","Kafe","·","","Jl. Gubeng Airlangga IV No.4","","Buka 24 jam","","https://lh3.googleusercontent.com/gps-cs-s/APNQkAERl4xJ3Szv17qM2lpboWCNKcL_Vt1RCx6NRSo1if-Dcgbn939tK3AHwu-Wzt9xoybY9NbRq9yua0cbd0XsVSAx9Yr5Qr9n36fk7ER800cmSxgn3OabKwlED3VsyTnORVBnCyTq=w122-h92-k-no","","Makan di tempat","Bawa pulang","·"
"https://www.google.com/maps/place/Halaman+78/data=!4m7!3m6!1s0x2dd7f94651674125:0x9248d36128b30aa9!8m2!3d-7.2564304!4d112.7434309!16s%2Fg%2F11mcrr_qw0!19sChIJJUFnUUb51y0RqQqzKGHTSJI?authuser=0&hl=id&rclk=1","Halaman 78","4,9","(3.968)","·","Rp 25–50 rb","Kafe","·","","Jl. Genteng Kali No.6","","Buka","· Tutup pukul 00.00","https://lh3.googleusercontent.com/gps-cs-s/APNQkAFnvY2VizpLaG7PDfGHH4UhabBCMhEafbIfzUe2ZnfdLk4DU2UjG7RTBXfhGr4T80IxkxKrwlFQKjLoV-2v83N5yeDnHd-XLJXwrnQBPcct7lm4ai40PyCxZh7DFO1sY3v4vrSB6bgQtI8=w80-h106-k-no","https://ssl.gstatic.com/local/servicebusiness/default_user.png","""tempatnya enak banget buat ngopi nyantaii, makanan, kopi nya enak.""","",""
"https://www.google.com/maps/place/Canda+Tawa+Gubeng/data=!4m7!3m6!1s0x2dd7fb7fc5fd2b9f:0x6abcc212cd563788!8m2!3d-7.2742883!4d112.7555303!16s%2Fg%2F11sx01t7yj!19sChIJnyv9xX_71y0RiDdWzRLCvGo?authuser=0&hl=id&rclk=1","Canda Tawa Gubeng","4,3","(22)","·","Rp 1–25.000","Kafe","·","","Jl. Gubeng Kertajaya VII H No.6","","","","https://lh3.googleusercontent.com/gps-cs-s/APNQkAEM5Rqyfis94D7Jx4VlqhJgLWY0JjbyAmidvIxNYArZpPzm6JYapZ-qNmsHDjWeaKZXSxXVMgCqD-FTWhzBFEOphZ5upiwhc4Ixf2b11WNHoe8yJSyOebi-AF9RDhSaaQxFcQKQ_Q=w80-h106-k-no","https://ssl.gstatic.com/local/servicebusiness/default_user.png","""Enak banget, manisnya pas dan tempat nyaman.""","",""
"https://www.google.com/maps/place/Cafe+KM+10/data=!4m7!3m6!1s0x2dd7fbec25ea3abb:0x2ccad4d9ab6f5643!8m2!3d-7.2750382!4d112.7597418!16s%2Fg%2F11qh88_wmn!19sChIJuzrqJez71y0RQ1Zvq9nUyiw?authuser=0&hl=id&rclk=1","Cafe KM 10","3,0","(2)","","","Kedai Kopi","·","","Jl. Karang Menur No.10","","Tutup","· Buka Sen pukul 07.00","https://lh3.googleusercontent.com/gps-cs-s/APNQkAEBuTnOlNQzutjZLWmfFgHjtkdGdiFxSuZjdJpEeWRWmwHkzIVSe69k5ncnVN3h1TrhNKYbonoMIGPhO1PenvHPQQt0bmMI-NV2lbcn6jtNklks2VFDyR0shgM6Ok7mVcwSTQVV=w80-h106-k-no","","Makan di tempat","Bawa pulang","·"
"https://www.google.com/maps/place/Warkop+Ramonez/data=!4m7!3m6!1s0x2dd7fbe0531454d5:0xe6ee60bafd0d0804!8m2!3d-7.2772737!4d112.7621614!16s%2Fg%2F11hd8_ry2h!19sChIJ1VQUU-D71y0RBAgN_bpg7uY?authuser=0&hl=id&rclk=1","Warkop Ramonez","4,6","(1.216)","·","Rp 1–25.000","Kedai Kopi","·","","·","Jl. Raya Menur No.22-24","Buka","· Tutup pukul 00.00","https://lh3.googleusercontent.com/gps-cs-s/APNQkAETpz-Z3OkmdSP0pHXGjpHfLWIUpIKT1N6KRoPh14J0vTL-jnpAgXycTwt-OOx8YXhSOQSJqYf1Iyc5M5jQdb7JPQAfUcn4aGcvxCtZCIewF80AvcbtpX65IJW7rFra0DoXcEI9Uw=w80-h141-k-no","https://ssl.gstatic.com/local/servicebusiness/default_user.png","""Kopinya oke, variasi makanan dan menu camilan bisa ditambahkan opsinya.""","",""
"https://www.google.com/maps/place/Marlin+Cafe+Dan+Resto+,/data=!4m7!3m6!1s0x2dd7fbd3663d11a5:0x2786f90cc202d741!8m2!3d-7.2715611!4d112.7611218!16s%2Fg%2F11h2fmd9q5!19sChIJpRE9ZtP71y0RQdcCwgz5hic?authuser=0&hl=id&rclk=1","Marlin Cafe Dan Resto ,","3,9","(10)","","","Kafe seni","·","","Jl. Karang Menjangan No.105b","","Buka","· Tutup pukul 21.00","https://lh3.googleusercontent.com/gps-cs-s/APNQkAHGUNmt844BF6-Zctd5yXGpIUZkFaj6YIZDelP-a6PKxSQWrMK7SjKCKK-rypNmmyrcsdN_4tV4Q54duWTQ-NIvupqbUY1EulLILhsudkofC9o8Qtaih2iffeXhgC2Om8EUYaBW=w80-h106-k-no","https://ssl.gstatic.com/local/servicebusiness/default_user.png","""Ladies nya juga terjangkau dan banyak pilihannya.""","",""
"https://www.google.com/maps/place/Warung+Imood/data=!4m7!3m6!1s0x2dd7fbd206d1ff59:0xde078d6cb22d2aa3!8m2!3d-7.2760394!4d112.7573194!16s%2Fg%2F12hq3ghky!19sChIJWf_RBtL71y0RoyotsmyNB94?authuser=0&hl=id&rclk=1","Warung Imood","4,7","(1.491)","·","Rp 1–25.000","Ayam Penyet","·","","·","Jl. Gubeng Kertajaya IX Raya No.40-A","Buka","· Tutup pukul 20.00","https://lh3.googleusercontent.com/gps-cs-s/APNQkAGUlrP8I_uJ6C94yR2W9stefj6JDOoQKsgvbZ0SLD4NkWV2gTrgvUhTYx58eQXEZt9OuLkLmErHEEgC5eQEg5domUwsqvJt2IBVqDWRvXwAzKVI9xJnIY5t1TYoL7H57wjOJ0c=w122-h92-k-no","https://ssl.gstatic.com/local/servicebusiness/default_user.png","""Been eating here for almost 3ys++ and the services keep improving!""","",""
"https://www.google.com/maps/place/Ruangkata+Coffee/data=!4m7!3m6!1s0x2dd7f9661ee707d5:0xf781c89181b9aaab!8m2!3d-7.263091!4d112.7412265!16s%2Fg%2F11h7_vtznq!19sChIJ1QfnHmb51y0Rq6q5gZHIgfc?authuser=0&hl=id&rclk=1","Ruangkata Coffee","4,8","(75)","·","Rp 25–50 rb","Kafe seni","·","","Jl. Gubernur Suryo No.6","","Buka","· Tutup pukul 23.30","https://lh3.googleusercontent.com/gps-cs-s/APNQkAF5F1tpFWBSLpIcKUfafka91OHI7GBBONb-M1ZEyk8PhpNomVI9J7GfIj3-XVBpyoBlgkMmUT0IN06PEv8xJO-BGEe2M5FeUQmc-Zetch8ClOa59thrgz8RUJasftCRlK_aQHtV=w122-h92-k-no","https://ssl.gstatic.com/local/servicebusiness/default_user.png","""Tempatnya lumayan nyaman, dan barista-nya juga pada asik2..""","",""
"https://www.google.com/maps/place/MonCafe+Surabaya/data=!4m7!3m6!1s0x2dd7f96ec2b235b9:0xd030b69ac3907780!8m2!3d-7.265132!4d112.7502967!16s%2Fg%2F11j_0l31t6!19sChIJuTWywm751y0RgHeQw5q2MNA?authuser=0&hl=id&rclk=1","MonCafe Surabaya","3,7","(19)","","","Kafe","·","","Jl. Pemuda No.39","","Buka","· Tutup pukul 21.00","https://lh3.googleusercontent.com/gps-cs-s/APNQkAEof8-xLuF1nZSL00rpu3G90NDlQt4Ci9usOh4lQMEzyY7arP7xw_9uU0umdpXz3aqYroYm8-Gjpa85iA1yFCDTvLHAfVBG_7WQSb7Z3H5QQrtIiRSxw5YMxCSVf05ZkK-2atNi4NsAzVtT=w163-h92-k-no","https://ssl.gstatic.com/local/servicebusiness/default_user.png","""Nice tasty nasik goreng ayam.""","",""
"https://www.google.com/maps/place/good+people+coffee/data=!4m7!3m6!1s0x2dd7fbd70fa8ff07:0x9c565380a212a36b!8m2!3d-7.2776291!4d112.7479545!16s%2Fg%2F11jtds1qdh!19sChIJB_-oD9f71y0Ra6MSooBTVpw?authuser=0&hl=id&rclk=1","good people coffee","4,8","(24)","·","Rp 1–25.000","Kedai Kopi","·","","Jl. Bawean No.35","","Buka","· Tutup pukul 21.00","","https://ssl.gstatic.com/local/servicebusiness/default_user.png","""Kopi bamboeRoentjing nya mantap.""","",""
"https://www.google.com/maps/place/Warung+Kopi+Cuk/data=!4m7!3m6!1s0x2dd7fbd516a83cb3:0xae8c260137ec8811!8m2!3d-7.2675239!4d112.7610604!16s%2Fg%2F11f_c04cmd!19sChIJszyoFtX71y0REYjsNwEmjK4?authuser=0&hl=id&rclk=1","Warung Kopi Cuk","5,0","(1)","","","Kafe","·","","Jl. Karang Menjangan No.25","","Buka","· Tutup pukul 00.00","https://lh3.googleusercontent.com/gps-cs-s/APNQkAEVC55gWnzWWlQgh3XSZ6_FioDNpXtu-jDwSYp3w5kTet_Vom8q7q5k3WwBdRqyTfpxryDDgAzKX267HsJX7ELpYUClSk3ssldRaNxrhiqAvMAeucxkaLh1f1CyPMqRKVQ3J6dQdA=w163-h92-k-no","","Makan di tempat","Bawa pulang","·"
"https://www.google.com/maps/place/OPANG+RESTO+GRAB+KITCHEN+KERTAJAYA/data=!4m7!3m6!1s0x2dd7fb5666a8dcc5:0xc6aa4330ff871ab1!8m2!3d-7.2787092!4d112.7585995!16s%2Fg%2F11j23ms8s4!19sChIJxdyoZlb71y0RsRqH_zBDqsY?authuser=0&hl=id&rclk=1","OPANG RESTO GRAB KITCHEN KERTAJAYA","4,5","(63)","","","Restoran","","","","","Buka","· Tutup pukul 21.00","https://lh3.googleusercontent.com/gps-cs-s/APNQkAGEov8P8fmPlwfWy-SMJtUThp8otUdPXzTtVd8m4o5rly3KruYOG_BHmyjRNBpliFjbyTqEhKO5mhViOHItpeGUPooGK9_OEoeN-IZzRmDO5XOChG5FiO7Mn8brnPSNP0ZpumqF=w163-h92-k-no","","Makan di tempat","Bawa pulang","·"
"https://www.google.com/maps/place/lo.ka.si/data=!4m7!3m6!1s0x2dd7fbd1741191ad:0x99b3cdaa50b1a829!8m2!3d-7.2783665!4d112.749031!16s%2Fg%2F11g1dyk9_4!19sChIJrZERdNH71y0RKaixUKrNs5k?authuser=0&hl=id&rclk=1","lo.ka.si","4,5","(123)","","","Kedai Kopi","·","","Jl. Flores No.10","","Buka","· Tutup pukul 23.00","https://lh3.googleusercontent.com/gps-cs-s/APNQkAEPMdLvxVOI9aHeKRG9OrpJNv-kfv9-rY_WFZ0dFrbX4CLWEh2BonMQORHfHy2f0P9iiB7qKPV4MSfLP6RLsB1BxxtibIGsu8ctbwo-s4piiZLLl1ox6xq-_TxX2uNjhIPq7j4rwg=w122-h92-k-no","https://ssl.gstatic.com/local/servicebusiness/default_user.png","""Bisa minum kopi sambil ngemil dan makanan berat juga ada.""","",""
"https://www.google.com/maps/place/Aluama+coffee+bar/data=!4m7!3m6!1s0x2dd7f979d17fbd23:0xd550a4b94fc1aee2!8m2!3d-7.2526441!4d112.7446897!16s%2Fg%2F11mpv8qr24!19sChIJI71_0Xn51y0R4q7BT7mkUNU?authuser=0&hl=id&rclk=1","Aluama coffee bar","4,9","(212)","·","Rp 25–50 rb","Kedai Kopi","·","","Jl. Undaan Wetan No.30a","","Buka","· Tutup pukul 21.00","https://lh3.googleusercontent.com/gps-cs-s/APNQkAEy_r9xjLbh0rITR3cB93x60itzz7TjI4AQU4CtEuXo0JbN5vQTfI3F0gmcp0UJ0fq8haBlCbFfFOW_uuYhx-Y4z_X8evAdNKJiNJCu149wgOZ9YfRS5w9GcseW3ht0zFCZyhQ=w80-h106-k-no","https://ssl.gstatic.com/local/servicebusiness/default_user.png","""Best place to have  hot coffe.. Small but cozy, good service.""","",""
"https://www.google.com/maps/place/Coffee+Toffee+Taman+Apsari/data=!4m7!3m6!1s0x2dd7fa2fc1a83ad5:0x1af37aad0f30d0ba!8m2!3d-7.2638516!4d112.7433775!16s%2Fg%2F1hc1snx8k!19sChIJ1TqowS_61y0RutAwD6168xo?authuser=0&hl=id&rclk=1","Coffee Toffee Taman Apsari","4,5","(3.000)","·","Rp 25–50 rb","Kafe","·","","Jl. Taman Apsari No.1","","Buka","· Tutup pukul 00.00","https://lh3.googleusercontent.com/gps-cs-s/APNQkAEPk0sF4g9zuxOInvSOOI7POV_6n1i_Pw5tgJiKPhcolOKAf7FZsIWWHfz5zwqUMaplNzmwvuJaSD85Rr8JCTcRQ_FCfQdq3w7HLjMtjOKd-5EkeuC0TD_o-yXGuRHOUB0I_Ojxrw=w80-h106-k-no","https://ssl.gstatic.com/local/servicebusiness/default_user.png","""Menu coffee dan non coffee nya enak, suasananya nyaman dan bersih.""","",""
"https://www.google.com/maps/place/Kedai+Kangen+Ortu/data=!4m7!3m6!1s0x2dd7fb007e875e4d:0x37b48ed27b8d3d4b!8m2!3d-7.2699944!4d112.7623003!16s%2Fg%2F11vpcgdqby!19sChIJTV6HfgD71y0RSz2Ne9KOtDc?authuser=0&hl=id&rclk=1","Kedai Kangen Ortu","4,4","(7)","·","Rp 1–25.000","Kedai Kopi","·","","Jl. Karang Menjangan Gg. 2 No.32","","Buka","· Tutup pukul 23.30","https://lh3.googleusercontent.com/gps-cs-s/APNQkAEr4YL4ltBKNJMYsPk66Jifbaqrf9ldU6Zs98WMf2T4JErkCo4v3J7vI3w-DNPw6cuewIG0jQ4wNQOpsrRkPPv1wE5sI5kTnhSqwi9Z1A2acr-jtQXmeARSnPNb05IUDiGtbE93Sw=w80-h142-k-no","https://ssl.gstatic.com/local/servicebusiness/default_user.png","""Tempatnya ala-ala hidden gem gitu, vintage, klasik juga""","",""
"https://www.google.com/maps/place/Kopi.mountain/data=!4m7!3m6!1s0x2dd7fbb7c5d2bb8d:0x166e376017a4b330!8m2!3d-7.2894596!4d112.7441407!16s%2Fg%2F11b6tfgy4m!19sChIJjbvSxbf71y0RMLOkF2A3bhY?authuser=0&hl=id&rclk=1","Kopi.mountain","4,4","(848)","·","Rp 25–50 rb","Kedai Kopi","·","","·","Jl. Ngagel No.127b","Buka","· Tutup pukul 02.00","https://lh3.googleusercontent.com/gps-cs-s/APNQkAEQjR02PrSZFVqQ5gnEumcjkPHU5Z8Ldcrhpdsk5UumKj2VcIQ3VpaynYud_440aV6BnFUksVl50IVeB9DBbDxit2Y56lEnCTeX4sHw1FICe9ekPy4kAJ-byIMn0iH0Ou4m92U5=w163-h92-k-no","https://ssl.gstatic.com/local/servicebusiness/default_user.png","""cafenya sendiri depan pas hotel Malibu.""","",""
"https://www.google.com/maps/place/Tasty+Resto+%26+Caf%C3%A9/data=!4m7!3m6!1s0x2dd7fbd48dd5b393:0xe01c11f9268581cc!8m2!3d-7.2700625!4d112.760472!16s%2Fg%2F11b76mgtjj!19sChIJk7PVjdT71y0RzIGFJvkRHOA?authuser=0&hl=id&rclk=1","Tasty Resto & Café","4,2","(316)","·","Rp 25–50 rb","Hidangan Laut","·","","Jl. Karang Menjangan No.34","","Tutup","· Buka Sen pukul 08.00","https://lh3.googleusercontent.com/gps-cs-s/APNQkAGO0fTkF7V2_O4gN3KcSZvdOo8deLyUDlGjY_yTfK9chbkwxX0bo2ohARRSXTCdQUjxxS0VX-504jFc5QS7ahY89i9vysoOjUvsbwuquG3u5diOwXzOQHc155jMNuwYklooSvAj=w204-h92-k-no","https://ssl.gstatic.com/local/servicebusiness/default_user.png","""Pelayanan ramah, menunya beragam!""","",""
"https://www.google.com/maps/place/Pisange+Sultan/data=!4m7!3m6!1s0x2dd7fb218bde8da5:0x771dc9a472e7194d!8m2!3d-7.276466!4d112.7523147!16s%2Fg%2F11m2fgc8_h!19sChIJpY3eiyH71y0RTRnncqTJHXc?authuser=0&hl=id&rclk=1","Pisange Sultan","5,0","(3)","","","Kafe","·","","Jl. Gubeng Kertajaya III No.c No 4","","Buka","· Tutup pukul 23.00","https://lh3.googleusercontent.com/gps-cs-s/APNQkAHPafiqKCgsOJMgqPcRIxgRqYyuCY5F9-4XBH_inonffy0HK372us6m0idcg9MToLmS8ZuKWnfbtkSoItOy6wHF-FbAY1MCZdZej-zYUnKWU9ryPh6U43jmxehGKBvafdBAw2okGw=w122-h92-k-no","","Makan di tempat","Bawa pulang","·"
"https://www.google.com/maps/place/Warkop+GTO/data=!4m7!3m6!1s0x2dd7f9b0dd42e1ed:0xc43dd1b2fac4c755!8m2!3d-7.2660794!4d112.7533116!16s%2Fg%2F11qgc651lj!19sChIJ7eFC3bD51y0RVcfE-rLRPcQ?authuser=0&hl=id&rclk=1","Warkop GTO","4,7","(15)","·","Rp 1–25.000","Kedai Kopi","·","","Jl. Gubeng Masjid No.35","","Buka 24 jam","","https://lh3.googleusercontent.com/gps-cs-s/APNQkAHOp5IDGd6zjJ0tTSql3QwkxIGe4KPUzFyzCK66UmCBFOexb2vMHzKMdF8hm3xDaJ4uP8fJz81hA357vbWCx2iPfsofeli9zake35StiJaUlZL3E2zG9nMh7_OyvSqxDCeRB9A=w163-h92-k-no","https://ssl.gstatic.com/local/servicebusiness/default_user.png","""Pemilik ramah.""","",""
"https://www.google.com/maps/place/KANTHI+COFFEE+AND+EATERY/data=!4m7!3m6!1s0x2dd7fbf2ac1f9d7d:0x234b8523b5097bf2!8m2!3d-7.2766519!4d112.7558043!16s%2Fg%2F11llfc6dxj!19sChIJfZ0frPL71y0R8nsJtSOFSyM?authuser=0&hl=id&rclk=1","KANTHI COFFEE AND EATERY","4,5","(326)","·","Rp 25–50 rb","Kedai Kopi","·","","Jl. Dharmawangsa No.138A","","","","https://lh3.googleusercontent.com/gps-cs-s/APNQkAGA2ZVfKr4_KDDHhQZJ1sVVeJaSScCbGN7GenhawAT43qzxby8q7T5RuHeZRY2QD3Z2WAR50zzGRv_GQ2Aw6qv3iiPzXuF3yG8ayg3T3_wupkDFb12JPFLSglsFsJlYdBp-3yAC_A=w122-h92-k-no","https://ssl.gstatic.com/local/servicebusiness/default_user.png","""Good affordable beverages & good coffee too.""","",""
"https://www.google.com/maps/place/Airlangga+Food+Point+KAMPUS+B/data=!4m7!3m6!1s0x2dd7fbc3707b2c05:0x9cea0a58f8d682fa!8m2!3d-7.2719373!4d112.760414!16s%2Fg%2F11t5xdcw3f!19sChIJBSx7cMP71y0R-oLW-FgK6pw?authuser=0&hl=id&rclk=1","Airlangga Food Point KAMPUS B","4,7","(39)","·","Rp 1–25.000","Restoran","·","","PQH6+65F Universitas airlangga kampus b","","","","https://lh3.googleusercontent.com/gps-cs-s/APNQkAFhwR0VSjnIH_DSiGCjutxIL6e7DRQxK28gYqSZo0G0t4JxI24zdYF2oLOeXSWU7E6S9BaIoNNCSu1adF8o32ZgXQsBsXQWVMw8N4F7E7nrL6fvxYD6Z2Y8OvNFb2xfOiN9hmR0=w122-h92-k-no","https://ssl.gstatic.com/local/servicebusiness/default_user.png","""menu sangat beragam dann tempatny nyaman ...""","",""
"https://www.google.com/maps/place/TryMe+Cafe/data=!4m7!3m6!1s0x2dd7fb582bad5d93:0x5312f1e13fc16f32!8m2!3d-7.2728452!4d112.7532715!16s%2Fg%2F11fpfq36tw!19sChIJk12tK1j71y0RMm_BP-HxElM?authuser=0&hl=id&rclk=1","TryMe Cafe","5,0","(5)","","","Restoran","·","","Jl. Gubeng Jaya Langgar No.22b","","Buka","· Tutup pukul 21.00","https://lh3.googleusercontent.com/gps-cs-s/APNQkAHplLKR-MkghxLSAEXSCXojcOzz7zYPJOlWFANwgQa8gMaLdkTC5O7Bmf37fElVQLPzwoU4qR_rwhhn0uJqLvK6ejho5OmH8ywl9Ax40obFRn1fgLYnPo5oAHt7Uty8vvVkG5sR=w122-h92-k-no","https://ssl.gstatic.com/local/servicebusiness/default_user.png","""Tempatnya nyaman buat nugas or kalian yg mau wfc.""","",""
"https://www.google.com/maps/place/Gibran%27s+Cafe+%26+Eatery/data=!4m7!3m6!1s0x2dd7fb6a2b0e494f:0xec7f9144865f0b53!8m2!3d-7.2890908!4d112.7360856!16s%2Fg%2F11ft1yswp4!19sChIJT0kOK2r71y0RUwtfhkSRf-w?authuser=0&hl=id&rclk=1","Gibran's Cafe & Eatery","4,6","(73)","","","Kafe","·","","Jl. Kapuas No.59","","Buka","· Tutup pukul 22.15","https://lh3.googleusercontent.com/gps-cs-s/APNQkAG364UxVQxS1PRh9wryWIeEyxgHtkiiHkv-YAqz28Jkybyqflt-bzqdGFUEoy8XE9dUkhdiiQC6ZtSJ7_v2S_ik9jSEH7UrUzrY2kfk00Sn4Hjnx8_A-KtnoVK34jX-URTg9Uu0aQ=w80-h142-k-no","","Makan di tempat","Bawa pulang","·"
"https://www.google.com/maps/place/Kedai+Kopi+Musa/data=!4m7!3m6!1s0x2dd7fbd040b34b89:0x1a8f8d24e0c024ce!8m2!3d-7.2751308!4d112.752861!16s%2Fg%2F11gdkq0lw7!19sChIJiUuzQND71y0RziTA4CSNjxo?authuser=0&hl=id&rclk=1","Kedai Kopi Musa","4,2","(23)","","","Kedai Kopi","·","","·","Jl. Gub. Kertajaya V Raya No.32","Tutup","· Buka Sen pukul 16.00","https://lh3.googleusercontent.com/gps-cs-s/APNQkAEy4GDzW3eMmtHUkAdjSIdJUAcMJBk9S5ux1fpqudjQqTbQlAOAt0a-y_jLLYDH_1OnKQAmIBHxgsOshezZT0aeXT-_4_FgyRnLQjASbVop77ZyNynP4oQk7PxKxmd-YtIukj2_=w163-h92-k-no","","Makan di tempat","Bawa pulang","·"
"https://www.google.com/maps/place/Warkop+Nico/data=!4m7!3m6!1s0x2dd7fbd1bc171b09:0x29a715b11618e2ba!8m2!3d-7.2746829!4d112.7550778!16s%2Fg%2F11c6f0bclf!19sChIJCRsXvNH71y0RuuIYFrEVpyk?authuser=0&hl=id&rclk=1","Warkop Nico","4,8","(13)","","","Kafe","·","","·","Jl. Gubeng Kertajaya VII Raya No.45 Blok B, RT.004/RW.04","Buka","· Tutup Sen pukul 05.00","https://lh3.googleusercontent.com/gps-cs-s/APNQkAFptkuOOOSRuHX3OGMwm2V04EbvYKaMQKzx2q-t9k-Q2zM5uUu5bBGreCqT63CPo3vgC_-oROFLOlemwonQEqQOpzWYsqTc8JEJ8szm2FCpDuHdNTi-FQzdsqmtozlDBmyg_yQ=w80-h106-k-no","","Makan di tempat","Bawa pulang","·"
"https://www.google.com/maps/place/Chills+Cafe+%26+Shoes+Bag+Laundry/data=!4m7!3m6!1s0x2dd7fbee7346822d:0x5046768379aae7e4!8m2!3d-7.2758709!4d112.752422!16s%2Fg%2F11hmzrpcf9!19sChIJLYJGc-771y0R5OeqeYN2RlA?authuser=0&hl=id&rclk=1","Chills Cafe & Shoes Bag Laundry","","","","","Kafe","·","","Jl. Gub. Kertajaya V Raya No.17, RT.003/RW.01","","Buka","· Tutup pukul 22.00","https://lh3.googleusercontent.com/gps-cs-s/APNQkAEWTuRW32d-HRgu05cDDIfDKEyyDcfjHhQRzWsF-ogjyQQdppOpLupweNz7TCjNWWhJlMNe0XZSFb8jgFzcwScGhOWdzgUa8NuyipI2Lc8uVHagf0ltwo0TGxLkYOkaxIzefmhY=w122-h92-k-no","","Makan di tempat","Bawa pulang","·"
"https://www.google.com/maps/place/Threelogy+Coffee/data=!4m7!3m6!1s0x2dd7fbc229dfbcbf:0x49390c3a3758eacf!8m2!3d-7.2819229!4d112.7415054!16s%2Fg%2F11d_z77p6v!19sChIJv7zfKcL71y0Rz-pYNzoMOUk?authuser=0&hl=id&rclk=1","Threelogy Coffee","4,6","(1.396)","·","$$","Kedai Kopi","·","","·","Jl. Mojopahit No.46","Buka","· Tutup pukul 22.00","https://lh3.googleusercontent.com/gps-cs-s/APNQkAGh8c0nrxmLdkPk60cx85p82pay9KVYRstCdgavbgT4s555ZNb2IisK_-f7qenFQJyBNMFZyrtmd-F1LSgse2dnhPVl_mr9iax1OPQxNyu9LXkZy0fjTx6Z1twOYsblxhvUUCmW7Q=w122-h92-k-no","https://ssl.gstatic.com/local/servicebusiness/default_user.png","""","Cafe",""
"https://www.google.com/maps/place/Cartel+House+%7C+Coffee+and+Talk/data=!4m7!3m6!1s0x2dd7f9f646b21809:0xd4d6d6ce5f531b4c!8m2!3d-7.2628957!4d112.7412922!16s%2Fg%2F11lcr_kk67!19sChIJCRiyRvb51y0RTBtTX87W1tQ?authuser=0&hl=id&rclk=1","Cartel House | Coffee and Talk","5,0","(18)","·","Rp 25–50 rb","Kafe","·","","·","Jl. Gubernur Suryo No.6","Buka","· Tutup pukul 02.00","https://lh3.googleusercontent.com/gps-cs-s/APNQkAF9-kj0_xW31Kk___6eQGo9vwAFQ3cqdrhMneQ1-VRTF396k-KmA-s_8g5kgUmJ_L7Yjjc3F_0F6boeFbj3nhVnB0UHBKpgCMct1QXLoqQrS80ssesUGbP2u1w2kJhctAcaFjem=w80-h142-k-no","https://ssl.gstatic.com/local/servicebusiness/default_user.png","""Nongki asik hanya di Cartel House""","",""
"https://www.google.com/maps/place/WARUNG+MADHANG+-+SUB/data=!4m7!3m6!1s0x2dd7fb88bfff3d7d:0xcc729aa13d36535!8m2!3d-7.2742492!4d112.7584329!16s%2Fg%2F11fd4q1kkb!19sChIJfT3_v4j71y0RNWXTE6opxww?authuser=0&hl=id&rclk=1","WARUNG MADHANG - SUB","4,8","(13)","","","Prasmanan","·","","Jl. Srikana No.32, RT.010/RW.04","","Buka","· Tutup pukul 21.00","https://lh3.googleusercontent.com/gps-cs-s/APNQkAFVAgR2QCpFYhtZW5ZvrWcziw6L2r-mZaL3Agpk_CHVgtcaDql8Kr2Q7faDywCUsTY_eeB-2LeZofdbJAR_m__nar0-hlFSh_VvdjOqyVDW9OC9LFGtVnL3hltWMlFthtd1c_k=w80-h142-k-no","","Makan di tempat","Bawa pulang","·"
"https://www.google.com/maps/place/MEGANTARA+COFFEE/data=!4m7!3m6!1s0x2dd7f975477acaa9:0x8d75b20953415b83!8m2!3d-7.2534359!4d112.7549284!16s%2Fg%2F11hd1t47gx!19sChIJqcp6R3X51y0Rg1tBUwmydY0?authuser=0&hl=id&rclk=1","MEGANTARA COFFEE","4,5","(28)","","","Kafe","·","","Jl. Tambak Sari Sel. Lebar No.1","","Buka 24 jam","","https://lh3.googleusercontent.com/gps-cs-s/APNQkAE1skO5B1XzLusXbHrCRXW0Bo9gOUILfBv0E-kDdk0cSE7A3QC6ZrOvmQf_SsMnN1hVXrueFxL_lhYtLsZNuw0ByOE-hG277ihfK9uL0BzgTtaOa--DYWN5ddmuJxYWfVb3bRbP=w80-h142-k-no","https://ssl.gstatic.com/local/servicebusiness/default_user.png","""apakah ayam gepreknya bisa bayar via dana atau qris?""","",""
"https://www.google.com/maps/place/Kafe+Kata+Kata/data=!4m7!3m6!1s0x2dd7f9630f7d8119:0xf0eb8aa61e2076b0!8m2!3d-7.2632176!4d112.7478727!16s%2Fg%2F1pzppp5kn!19sChIJGYF9D2P51y0RsHYgHqaK6_A?authuser=0&hl=id&rclk=1","Kafe Kata Kata","4,3","(84)","","","Kafe","·","","WTC TS 5-6, Jl. Pemuda No.27-31","","Buka","· Tutup Sen pukul 06.00","https://lh3.googleusercontent.com/gps-cs-s/APNQkAFiwNco5FjBodwnUkp5VDgis9kWOktG43DM-Uylc_uBBd4sszh676DO-0aFwolwuFIepWli0glVS8TGBuw802F4lUgXFDiC8E0hl0RtKqV1N-5WZgQIQ708sfoKR0Z4bMQMP7Ftvg=w163-h92-k-no","","Makan di tempat","Bawa pulang","·"
"https://www.google.com/maps/place/KOPITIAM+RSUD+DR+Seotomo/data=!4m7!3m6!1s0x2dd7fb3b0e7f90b3:0x495cc1a16a03e40d!8m2!3d-7.268539!4d112.7581268!16s%2Fg%2F11fnh6m0mf!19sChIJs5B_Djv71y0RDeQDaqHBXEk?authuser=0&hl=id&rclk=1","KOPITIAM RSUD DR Seotomo","4,1","(31)","·","Rp 50–75 rb","Restoran","·","","RSUD Dr Soetomo Surabaya, Depan Instalasi Farmasi RSUD Dr Soetomo, Jl. Prof. DR. Moestopo No.6-8","","Tutup","· Buka Sen pukul 07.00","https://lh3.googleusercontent.com/gps-cs-s/APNQkAHQguhaa47JZRqV6AvYYJmlRoD7RMgBUIm6susZIwug4UjCtqWgX4LLmSgokF7Gl9yivTamxonDV_B-zUH3yciqkcAuVxJFcmZFBmmn1eCstsdmekHIt_qwBnP8pK4qLh5IlT0YHRSA2MXc=w163-h92-k-no","https://ssl.gstatic.com/local/servicebusiness/default_user.png","""Suasana kafe-nya bersih nyaman.""","",""
"https://www.google.com/maps/place/Fifteenth+Coffee+Kota+Lama/data=!4m7!3m6!1s0x2dd7f9b3993beaf9:0xbea16fad9924d02a!8m2!3d-7.2371665!4d112.7366854!16s%2Fg%2F11lf5mqknp!19sChIJ-eo7mbP51y0RKtAkma1vob4?authuser=0&hl=id&rclk=1","Fifteenth Coffee Kota Lama","4,8","(753)","·","Rp 25–50 rb","Kafe","·","","Jl. Mliwis No.9, RT.003/RW.10","","Buka","· Tutup pukul 00.00","https://lh3.googleusercontent.com/gps-cs-s/APNQkAFYjbBEpkOEDT0y2C_od4jS8sfNJQZCJiMGL3W3NjOTj1n6BDEBm7Gt5KrlQxCVPTEyywDu7EX2LHYfzuI0D0mq2cwQu91ckumEUTRAqCSdi5gCL1eu8PfZ3ScGdozlykyD_wix5Q=w80-h120-k-no","https://ssl.gstatic.com/local/servicebusiness/default_user.png","""Tmptnya cozy, buat foto2 bagus, staf ramah2 bgt, kopi dan cakenya enak""","",""
"https://www.google.com/maps/place/KOPA+KOPI+Terrace/data=!4m7!3m6!1s0x2dd7f907fd84724b:0xe368ac4b8a76ec95!8m2!3d-7.25979!4d112.7422951!16s%2Fg%2F11j6mt7c6x!19sChIJS3KE_Qf51y0Rlex2ikusaOM?authuser=0&hl=id&rclk=1","KOPA KOPI Terrace","4,3","(229)","·","Rp 1–25.000","Kedai Kopi","·","","·","Jl. Simpang Dukuh No.18","Buka","· Tutup pukul 00.00","https://lh3.googleusercontent.com/gps-cs-s/APNQkAH3xChPgbUv_BizFqqRWWrKoecmBf4coFY9M3P0CU6KRSUHPfw0UU3VVyWdc6yS9cO0p25RBZFsUGZWzgKMAh-rOWHM75FhjyVwUZjhE492p4vRRERJHg24arsqdu94fKv7v_7q=w163-h92-k-no","https://ssl.gstatic.com/local/servicebusiness/default_user.png","""Arabica espresso, enak kopinya.""","",""
"https://www.google.com/maps/place/Rumah+Makan+%22Airlangga+%22/data=!4m7!3m6!1s0x2dd7fbd13f9444c5:0xea23919261cc39a7!8m2!3d-7.2723593!4d112.7555504!16s%2Fg%2F11cly8w74g!19sChIJxUSUP9H71y0RpznMYZKRI-o?authuser=0&hl=id&rclk=1","Rumah Makan ""Airlangga ""","5,0","(2)","","","Brunch","·","","Jl. Gubeng Airlangga II A No.21","","Buka","· Tutup pukul 21.00","https://streetviewpixels-pa.googleapis.com/v1/thumbnail?panoid=aOFEwj5LJufn-w0-CIAclw&cb_client=search.gws-prod.gps&w=80&h=92&yaw=181.52211&pitch=0&thumbfov=100","","Makan di tempat","Bawa pulang","·"
"https://www.google.com/maps/place/Cafe+B.ARU/data=!4m7!3m6!1s0x2dd7fb64cce2caa1:0x709aa53cf94c0da2!8m2!3d-7.288892!4d112.734595!16s%2Fg%2F11k9d48hy_!19sChIJocrizGT71y0Rog1M-TylmnA?authuser=0&hl=id&rclk=1","Cafe B.ARU","4,8","(323)","·","Rp 25–50 rb","Kafe","·","","Jl. Opak No.22","","Buka","· Tutup pukul 22.00","https://lh3.googleusercontent.com/gps-cs-s/APNQkAHvTCac2FPfgSDvTdZjGZ8BDOlW0iOkQyqToZBbJQspjuJMf8_etXdVZ_LbZ9xjPO9BB0gHwepHvGAXZB6uoZCUvVODWXjVk7itOXEZ8HsQMkh6krYwBerA1J5uD4dyg_X9vXRY=w163-h92-k-no","https://ssl.gstatic.com/local/servicebusiness/default_user.png","""AMBIENCE","CAFE",""
"https://www.google.com/maps/place/Deckside+Lounge+%26+Cafe/data=!4m7!3m6!1s0x2dd7fb62be784477:0xb5079bc1d5e8f087!8m2!3d-7.2800527!4d112.7814105!16s%2Fg%2F11fmdc6m87!19sChIJd0R4vmL71y0Rh_Do1cGbB7U?authuser=0&hl=id&rclk=1","Deckside Lounge & Cafe","4,5","(112)","","","Kafe","·","","·","Oakwood Hotel & Residence Surabaya, Jl. Raya Kertajaya Indah No.79","Buka","· Tutup pukul 23.00","https://lh3.googleusercontent.com/gps-cs-s/APNQkAFKX4VMJT5qQADVuOVFmPpQp1ugbnGaJ4f580AjBPXlQN9gAPmx7lzoKgw8t8cWUQTcb8w07QxTYTn-0WDgFsXId5REx-eUchNDv6OVPmuEDmXx05BDpZ9XmucG_ygLqPV4RXulkA=w137-h92-k-no","https://ssl.gstatic.com/local/servicebusiness/default_user.png","""Lokasi yg keren buat kumpul bersantai dengan teman dan keluarga""","",""
"https://www.google.com/maps/place/DOMINION+STORE/data=!4m7!3m6!1s0x2dd7fbcb07a24509:0x9922ce6733cfa318!8m2!3d-7.2770989!4d112.7546825!16s%2Fg%2F11b6_k3m1q!19sChIJCUWiB8v71y0RGKPPM2fOIpk?authuser=0&hl=id&rclk=1","DOMINION STORE","4,6","(505)","","","Toko Pakaian","·","","·","Jl. Gubeng Kertajaya VII Raya No.5","Buka","· Tutup pukul 22.00","https://lh3.googleusercontent.com/gps-cs-s/APNQkAEgZshVBsvotXzJ5k-3zTv9tzQYPKW43MyxAGrXuE1c8Ip3ry75DrQpn8LFW7xrzk6zF3Vfsc70o1XW328q8G-U7_oRBR8vDZSpf9BmRWwp12UVIeRlL-1a1I6taKln4RMDt9vg=w122-h92-k-no","https://ssl.gstatic.com/local/servicebusiness/default_user.png","""bagus dan rapih barang”nya authentic dan classis,,rekom bgt""","",""
"https://www.google.com/maps/place/De+Mandailing+Cafe+%26+Eatery+-+Kertajaya+Indah/data=!4m7!3m6!1s0x2dd7fa4632f8b83d:0x5a4692767504e38c!8m2!3d-7.2831208!4d112.7767691!16s%2Fg%2F11b697ct43!19sChIJPbj4Mkb61y0RjOMEdXaSRlo?authuser=0&hl=id&rclk=1","De Mandailing Cafe & Eatery - Kertajaya Indah","4,5","(2.558)","·","Rp 50–75 rb","Kafe","·","","·","Jl. Klampis Jaya No.144","Buka","· Tutup pukul 22.00","https://lh3.googleusercontent.com/gps-cs-s/APNQkAHo0oYbCHgFxwYaJKh0er_t-mFQ1JZ6Y0_1xy6efxKjKS3ls-6MayshiFcD-viO9ve9UxQjLbjFb4Lw0GBrFtJTeJPYMr85eEslmvQNVDMreh4XNlusGdyNNlPtQXfz_Uu0jlLQ=w122-h92-k-no","https://ssl.gstatic.com/local/servicebusiness/default_user.png","""Double shot babycino rekom buat penggemar kopi.""","",""
"https://www.google.com/maps/place/Libreria+Eatery/data=!4m7!3m6!1s0x2dd7fbb16bb3bc49:0x4a9e2261a522d98b!8m2!3d-7.2927417!4d112.7556076!16s%2Fg%2F11bc70zwsm!19sChIJSbyza7H71y0Ri9kipWEinko?authuser=0&hl=id&rclk=1","Libreria Eatery","4,5","(1.929)","·","Rp 25–50 rb","Kafe","·","","·","Jl. Ngagel Jaya No.89","Buka","· Tutup pukul 22.00","https://lh3.googleusercontent.com/gps-cs-s/APNQkAHMAzvNa3aYzeSpr_OaQe31QA2YNrLrPfKiR81tI3wEnkiEovU1Lb1TrLh3pLmlVr5ZobXVss-czgMDK-tjS0upvmY0XPOfO7ckti-VVSYsaWyA2ZpT4oWfEiDPw89768MLAU0=w122-h92-k-no","https://ssl.gstatic.com/local/servicebusiness/default_user.png","""The very best cappuccino so far, and I have tasted many.""","",""
"https://www.google.com/maps/place/Titik+Koma+Parang+Kusuma/data=!4m7!3m6!1s0x2dd7f930fde81d03:0xe1067e0bebc833ec!8m2!3d-7.2393189!4d112.730795!16s%2Fg%2F11mtm66q72!19sChIJAx3o_TD51y0R7DPI6wt-BuE?authuser=0&hl=id&rclk=1","Titik Koma Parang Kusuma","4,9","(160)","·","Rp 25–50 rb","Kedai Kopi","·","","Jl. Parang Kusumo No.2I","","Buka","· Tutup pukul 21.00","https://lh3.googleusercontent.com/gps-cs-s/APNQkAHJoGUlgy7vyuTkoUZqS46QlfkQr6MLgEhhQn0dn-sLE1A6DmfUJa3ztloFySV0iHx66QluL7gnZV3qjQHnoY39PN5AXAHbXmX2rZw05DKEBgCOek3NtcmmPtj8OQeSIyt6u4AW=w122-h92-k-no","https://ssl.gstatic.com/local/servicebusiness/default_user.png","""Ambiencenya oke banget, kopinya enak, tempatnya luas.""","",""
"https://www.google.com/maps/place/Omah+Tua+Coffee+%26+Library/data=!4m7!3m6!1s0x2dd7f9409a4c6393:0x5ed7a395c108ffce!8m2!3d-7.2477813!4d112.7356376!16s%2Fg%2F11gg98_c16!19sChIJk2NMmkD51y0Rzv8IwZWj114?authuser=0&hl=id&rclk=1","Omah Tua Coffee & Library","4,8","(126)","·","Rp 1–25.000","Kedai Kopi","·","","·","Jl. Maspati V No.31","Buka","· Tutup pukul 22.00","https://lh3.googleusercontent.com/gps-cs-s/APNQkAEFupa9Wx266KeHfLOmNYNGCGUZpEp396ryvDe18tyrP8TlLILFT51UrJzNC7jrynQStCZFKdkj68sPV8dLotqTN9dHhC0RoXy3C97NsnmXedxNviTQSc2gIjnerRzoUlickFTkUA=w80-h106-k-no","https://ssl.gstatic.com/local/servicebusiness/default_user.png","""Tempatnya nyaman, kopi enak, staff ramah.""","",""
"https://www.google.com/maps/place/Warkop+1927+Free+Wifi/data=!4m7!3m6!1s0x2dd7fbd70aba1871:0xf4361e2ba096d9cb!8m2!3d-7.269006!4d112.7524873!16s%2Fg%2F11c5_lv4r3!19sChIJcRi6Ctf71y0Ry9mWoCseNvQ?authuser=0&hl=id&rclk=1","Warkop 1927 Free Wifi","4,4","(9)","","","Kafe","·","","Jl. Gubeng Klingsingan No.32 G","","Buka","· Tutup pukul 00.00","https://lh3.googleusercontent.com/gps-cs-s/APNQkAH77rDZC1XCImEnLEvIZ6ohX9s0YaFwQYsH7a3qmN8RajgRuwnWqCIG7XF6i4gJYifvdz7Vl8bLSHjZHtSfNb6sCdEbzm-mMieJfR39izhWcnHXY9ixoj2V4-WAFLVYWJWMG98XNQ=w122-h92-k-no","","Makan di tempat","Bawa pulang","·"
"https://www.google.com/maps/place/Kedai+Seket+Songo/data=!4m7!3m6!1s0x2dd7fbafa25cdc19:0x90c235f3cb2f5500!8m2!3d-7.2687978!4d112.7610091!16s%2Fg%2F11gm9knw2m!19sChIJGdxcoq_71y0RAFUvy_M1wpA?authuser=0&hl=id&rclk=1","Kedai Seket Songo","4,0","(1)","","","Kafe","·","","Jl. Karang Menjangan No.59, RT.002/RW.07","","Buka 24 jam","","https://lh3.googleusercontent.com/gps-cs-s/APNQkAHCJyWaSDWvMnROG9VAu4uveN1PVJnnrJAguFMr3wBKluVs4pI1lDT5ZTfQYmw7z5E3wxJUX6wS0evQS_F2PjXSxd0rZy7yYQr71G5mPH04fU9kZCPcgqiDNAF-PjWjBCViYbWT=w80-h142-k-no","","Makan di tempat","Bawa pulang","·"
"https://www.google.com/maps/place/OGIRI/data=!4m7!3m6!1s0x2e7851f4100bd581:0xc8341e770e47bb!8m2!3d-7.2736156!4d112.7565472!16s%2Fg%2F11h9nqhq2c!19sChIJgdULEPRReC4Ru0cOdx40yAA?authuser=0&hl=id&rclk=1","OGIRI","","","","","Kafe","·","","Jl. Dharmawangsa","","Tutup","· Buka Sen pukul 08.00","https://lh3.googleusercontent.com/gps-cs-s/APNQkAFVQQRpZ6k70pkew7YfI-JvUrlHrKi4o49Nnmp3bJHOr1xCiEgL3bMQM_8iTBfjKxYm42sano4NitPyXRCko2OwIg4Ewt9x2ZvvhYr0U-81NWU7a4cSx224DKBc9uaPN_xmEWYQ=w92-h92-k-no","","Makan di tempat","Bawa pulang","·"
"https://www.google.com/maps/place/Selikur+Coffee/data=!4m7!3m6!1s0x2dd7fbba4eb01597:0xa32fbfd65a49294!8m2!3d-7.2933308!4d112.7484266!16s%2Fg%2F11b6d3hw6f!19sChIJlxWwTrr71y0RlJKkZf37Mgo?authuser=0&hl=id&rclk=1","Selikur Coffee","4,9","(44)","","","Kedai Kopi","·","","Jl. Ngagel Dadi III No.21","","Buka 24 jam","","https://lh3.googleusercontent.com/gps-cs-s/APNQkAF8w0ddiAhbW4KMoB0hn3hJiRTQ4BsZCddkOsR7aDH_CLGZ-8D-uWoiCJrset_SfS_9QNNZa_ACixTyWB5WAC3DKIGbvERX-2L05NPyam3eHqBSpRskrZACIyTpqH0xCiIcsH_m=w80-h142-k-no","https://ssl.gstatic.com/local/servicebusiness/default_user.png","""Dipertahankan Ya kuwalitasnya""","",""
"https://www.google.com/maps/place/Bintang+Internet/data=!4m7!3m6!1s0x2dd7fbd51a3c52bd:0xee8d935f81410886!8m2!3d-7.2679769!4d112.7609368!16s%2Fg%2F1hm1t24ll!19sChIJvVI8GtX71y0RhghBgV-Tje4?authuser=0&hl=id&rclk=1","Bintang Internet","4,4","(69)","","","Warnet","·","","·","Jl. Karang Menjangan No.35","Buka 24 jam","","https://lh3.googleusercontent.com/gps-cs-s/APNQkAGTEvDscSvohUE4Sdc7TfVU3UmRtFMqpN85UmAAArNTfzi6q6vE0oXExeXZ6YzewWfPM0dDEBFmPej85JPLt7qeDybghqvQvVtIknu4XNy7990s1krfnAsEOjwqS374Ven3tkER=w122-h92-k-no","https://ssl.gstatic.com/local/servicebusiness/default_user.png","""Perjam nya 3k, 2 jam 6k, 3 jam 8k.""","",""
"https://www.google.com/maps/place/Seblak+Aulia+Khas+Bandung+-+Gubeng+Airlangga/data=!4m7!3m6!1s0x2dd7fbd144ac6381:0x7268cfe09e8b58e1!8m2!3d-7.2722599!4d112.7562448!16s%2Fg%2F11d_87cg58!19sChIJgWOsRNH71y0R4ViLnuDPaHI?authuser=0&hl=id&rclk=1","Seblak Aulia Khas Bandung - Gubeng Airlangga","4,6","(421)","·","Rp 1–25.000","Seblak","·","","·","PQH4+3FX, Jl. Gubeng Airlangga II","Buka","· Tutup pukul 21.00","https://lh3.googleusercontent.com/gps-cs-s/APNQkAHHcl2aZfXnN4DDQ7hc58U22W-FEcfwYXZCmMOgfY0Yf805WrKC2hG7wTmWDYi76kCUSvkBlhdF663Tr4y9P-52D0IwE6ylGAH0YShMcMvuNnBSwJo-h-chX_JD-1vPpm7UcLfc=w122-h92-k-no","https://ssl.gstatic.com/local/servicebusiness/default_user.png","""Harus antri dan bersabar saat memesan.""","",""
"https://www.google.com/maps/place/Cafe+Doho+22/data=!4m7!3m6!1s0x2dd7fbc16a818fc9:0x483fbcbe9d209a91!8m2!3d-7.2831793!4d112.7435248!16s%2Fg%2F11bwkdzfgy!19sChIJyY-BasH71y0RkZognb68P0g?authuser=0&hl=id&rclk=1","Cafe Doho 22","4,3","(404)","·","Rp 25–50 rb","Kafe","·","","·","Jl. Doho No.22, RT.002/RW.07","Tutup","· Buka Sen pukul 10.30","","https://ssl.gstatic.com/local/servicebusiness/default_user.png","""","Cafe",""
"","","","","","","","","","","","","","","","","",""