"hfpxzc href","qBF1Pd","MW4etd","UY7F9","W4Efsd","W4Efsd 2","W4Efsd 3","W4Efsd 4","W4Efsd 5","UsdlK","Cw1rxd","R8c4Qb","Jn12ke src","ah5Ghc","W4Efsd 6","doJOZc","W4Efsd 7"
"","","","","","","","","","","","","","","","",""
"","","","","","","","","","","","","","","","",""
"https://www.google.com/maps/place/Puskrip+Karmen,+Print+,+Foto+Copy+24+Jam/data=!4m7!3m6!1s0x2dd7fbd33ffa294b:0x304b5af10990437d!8m2!3d-7.2722215!4d112.7614908!16s%2Fg%2F1hm5xxxmg!19sChIJSyn6P9P71y0RfUOQCfFaSzA?authuser=0&hl=id&rclk=1","Puskrip Karmen, Print , Foto Copy 24 Jam","4,1","(335)","Penyedia Layanan Internet","·","Jl. Karang Menjangan No.113A","Buka 24 jam","·","0853-3733-3314","","Rute","https://ssl.gstatic.com/local/servicebusiness/default_user.png","""Secara harga memang sedikit lebih di atas tempat","","",""
"https://www.google.com/maps/place/Pijar+Copy+Center/data=!4m7!3m6!1s0x2dd7fbd49377441f:0x769a910cef1d60b7!8m2!3d-7.2715235!4d112.7606601!16s%2Fg%2F11clvbt2g6!19sChIJH0R3k9T71y0Rt2Ad7wyRmnY?authuser=0&hl=id&rclk=1","Pijar Copy Center","3,9","(19)","Toko Fotokopi","·","Jl. Karang Menjangan No.64","Buka","·","0857-6267-3046","","Rute","","Layanan di tempat","· Tutup pukul 22.00","",""
"https://www.google.com/maps/place/Aneka+Jaya+Fotocopy/data=!4m7!3m6!1s0x2dd7fbd1e4ed8af7:0xb2ad1ffcef73ad3a!8m2!3d-7.2758141!4d112.7559016!16s%2Fg%2F1hm3xcslj!19sChIJ94rt5NH71y0ROq1z7_wfrbI?authuser=0&hl=id&rclk=1","Aneka Jaya Fotocopy","4,2","(43)","Toko Fotokopi","·","·","Buka","Jl. Dharmawangsa No.130","(031) 5031446","","Rute","https://ssl.gstatic.com/local/servicebusiness/default_user.png","""Tempat print dan","· Tutup pukul 20.00","","·"
"https://www.google.com/maps/place/Foto+Copy+Tunggal+Jaya/data=!4m7!3m6!1s0x2dd7fbd32668bf79:0xbc30f4c9d2240bc2!8m2!3d-7.273189!4d112.7619981!16s%2Fg%2F11clvv56vs!19sChIJeb9oJtP71y0Rwgsk0sn0MLw?authuser=0&hl=id&rclk=1","Foto Copy Tunggal Jaya","3,5","(6)","Toko Fotokopi","·","Jl. Karang Menjangan No.131","Buka","·","0812-1632-2210","","Rute","https://ssl.gstatic.com/local/servicebusiness/default_user.png","""Fotocopy dengan harga murah meriah, per lembar 200""","· Tutup pukul 21.00","",""
"https://www.google.com/maps/place/Foto+Copy+Murah+Harapan+Jaya+Dharmawangsa/data=!4m7!3m6!1s0x2dd7fb0a28058975:0x304100d7e1dc07ed!8m2!3d-7.2750878!4d112.7560536!16s%2Fg%2F11lm7k77x_!19sChIJdYkFKAr71y0R7Qfc4dcAQTA?authuser=0&hl=id&rclk=1","Foto Copy Murah Harapan Jaya Dharmawangsa","4,7","(39)","Toko Fotokopi","·","·","Buka","JL DHARMAWANGSA NO : 116 SURABAYA Pindahan dari gubeng kertajaya 9 d no :35","0821-4587-4561","","Rute","https://ssl.gstatic.com/local/servicebusiness/default_user.png","""Pelayanan cepat, murah dan hasil nya bagus""","· Tutup pukul 21.00","","·"
"https://www.google.com/maps/place/Wisnu+Print+%26+Fotocopy/data=!4m7!3m6!1s0x2dd7fbd51deace99:0xfadfa0d2426fed!8m2!3d-7.2683822!4d112.7610269!16s%2Fg%2F11b76lth7p!19sChIJmc7qHdX71y0R7W9C0qDf-gA?authuser=0&hl=id&rclk=1","Wisnu Print & Fotocopy","4,7","(30)","Toko Alat Tulis","·","·","Buka","Jl. Karang Menjangan No.47","0857-2477-8556","","Rute","https://ssl.gstatic.com/local/servicebusiness/default_user.png","""Pelayanan cepat,sat set
Mau nge print warna dan copy cepat dan murah""","· Tutup pukul 21.00","","·"
"https://www.google.com/maps/place/Foto+Copy+Srikana+Jaya/data=!4m7!3m6!1s0x2dd7fb18d15510cd:0x93308ed9e983da49!8m2!3d-7.2743221!4d112.7564239!16s%2Fg%2F11f5m15d7h!19sChIJzRBV0Rj71y0RSdqD6dmOMJM?authuser=0&hl=id&rclk=1","Foto Copy Srikana Jaya","4,1","(35)","Toko Fotokopi","·","·","Buka","Jl. Dharmawangsa No.35","0812-4949-0611","","Rute","https://ssl.gstatic.com/local/servicebusiness/default_user.png","""","· Tutup pukul 21.00","","·"
"https://www.google.com/maps/place/Foto+copy+murah+pangestu+dharmawangsa+no+:+39+surabaya/data=!4m7!3m6!1s0x2dd7fb5bce548b9d:0x362e5f97b1a69633!8m2!3d-7.2745239!4d112.7563566!16s%2Fg%2F11whjllwmr!19sChIJnYtUzlv71y0RM5amsZdfLjY?authuser=0&hl=id&rclk=1","Foto copy murah pangestu dharmawangsa no : 39 surabaya","4,8","(16)","Toko Fotokopi","·","Jl. Dharmawangsa No.39","Buka","·","0857-9115-1535","","Rute","https://ssl.gstatic.com/local/servicebusiness/default_user.png","""Murah banget dan hasilnya bagus, sangat recommended""","· Tutup pukul 23.00","",""
"https://www.google.com/maps/place/Fotocopy+%26+Penjilidan+Barokah/data=!4m7!3m6!1s0x2dd7fbd1839ab015:0xf36af367c4265090!8m2!3d-7.2741493!4d112.756399!16s%2Fg%2F11clwky5tz!19sChIJFbCag9H71y0RkFAmxGfzavM?authuser=0&hl=id&rclk=1","Fotocopy & Penjilidan Barokah","5,0","(3)","Pemasok peralatan percetakan","·","Jl. Dharmawangsa No.32","Buka","·","0812-3554-3877","","Rute","https://ssl.gstatic.com/local/servicebusiness/default_user.png","""Sekitar jam 7 an sdh ready""","· Tutup pukul 22.00","",""
"https://www.google.com/maps/place/Puskrip+Dharmawangsa/data=!4m7!3m6!1s0x2dd7fbd6a4bd3edd:0xef32aa3a375c668e!8m2!3d-7.2703497!4d112.7563017!16s%2Fg%2F11b69zzw2x!19sChIJ3T69pNb71y0RjmZcNzqqMu8?authuser=0&hl=id&rclk=1","Puskrip Dharmawangsa","4,5","(106)","Toko Percetakan","·","Jl. Dharmawangsa No.40","Buka 24 jam","·","0856-4085-8906","","Rute","https://ssl.gstatic.com/local/servicebusiness/default_user.png","""Pelayan baik dan ramah, harga terjangkau, kualitas baguss""","","",""
"https://www.google.com/maps/place/Budaya+Print+Percetakan+%26+Fotocopy/data=!4m7!3m6!1s0x2dd7fbd4c25adbc3:0xac443ae5326554!8m2!3d-7.269083!4d112.7615303!16s%2Fg%2F11f4pnf73t!19sChIJw9tawtT71y0RVGUy5TpErAA?authuser=0&hl=id&rclk=1","Budaya Print Percetakan & Fotocopy","5,0","(11)","Toko Fotokopi","·","Jl. Karang Menjangan II No.10","Buka","·","0812-3141-3580","","Rute","https://ssl.gstatic.com/local/servicebusiness/default_user.png","""Rekomendasi deh buat mahasiswa, murah, bapaknya baik 👍""","· Tutup pukul 22.00","",""
"https://www.google.com/maps/place/P,DE%22FOTOCOPY/data=!4m7!3m6!1s0x2dd7fbd24bd2546d:0x9f753b3ea55c4d82!8m2!3d-7.2740118!4d112.7587117!16s%2Fg%2F11cn0nf2r6!19sChIJbVTSS9L71y0Rgk1cpT47dZ8?authuser=0&hl=id&rclk=1","P,DE""FOTOCOPY","5,0","(2)","Toko Fotokopi","·","Jl. Srikana Tim. No.2","Buka","·","0812-4930-9448","","Rute","","","· Tutup pukul 20.00","",""
"https://www.google.com/maps/place/Fotocopy+Siswi/data=!4m7!3m6!1s0x2dd7fbd6ae3dc0c3:0x7ef938700c347b59!8m2!3d-7.2757992!4d112.757361!16s%2Fg%2F11cly8cms_!19sChIJw8A9rtb71y0RWXs0DHA4-X4?authuser=0&hl=id&rclk=1","Fotocopy Siswi","5,0","(5)","Toko Fotokopi","·","Gubeng Kertajaya IX E No.2","Buka","·","0877-7336-8485","","Rute","","","· Tutup pukul 21.00","",""
"https://www.google.com/maps/place/Ramayana+Fotokopi+%26+Percetakan/data=!4m7!3m6!1s0x2dd7fbd18e287f43:0xe89d5299a636ca8c!8m2!3d-7.2746057!4d112.7561146!16s%2Fg%2F1hm2h_t4j!19sChIJQ38ojtH71y0RjMo2pplSneg?authuser=0&hl=id&rclk=1","Ramayana Fotokopi & Percetakan","4,4","(405)","Layanan cetak digital","·","·","Tutup","MJl, Jl. Dharmawangsa No.106 A","(031) 5032117","","Rute","https://ssl.gstatic.com/local/servicebusiness/default_user.png","""Pengerjaannya sangat detail dan selalu dipacking dengan rapi.""","· Buka Sen pukul 08.30","","·"
"https://www.google.com/maps/place/RIZQY+FOTOCOPY+MURAH/data=!4m7!3m6!1s0x2dd7fbd49d75ca63:0xccec174e9a2c2a45!8m2!3d-7.2709173!4d112.7608317!16s%2Fg%2F11cnl7ljf9!19sChIJY8p1ndT71y0RRSosmk4X7Mw?authuser=0&hl=id&rclk=1","RIZQY FOTOCOPY MURAH","4,7","(65)","Toko Fotokopi","·","·","Tutup","Jl. Karang Menjangan VII No.14","0877-5537-3520","","Rute","https://ssl.gstatic.com/local/servicebusiness/default_user.png","""langganan bgt sejak sems 1 karena emang sesuai claim, MURAH!""","· Buka Sen pukul 08.30","","·"
"https://www.google.com/maps/place/Tri+Rasyad+Copy+Center+and+Printing/data=!4m7!3m6!1s0x2dd7fb86b00a7d8d:0xeba5037228f6e193!8m2!3d-7.2739637!4d112.7526992!16s%2Fg%2F11yh473846!19sChIJjX0KsIb71y0Rk-H2KHIDpes?authuser=0&hl=id&rclk=1","Tri Rasyad Copy Center and Printing","5,0","(1)","Layanan cetak digital","·","Jl. Gubeng Kertajaya 1 G No.32","Buka","·","0857-8480-0816","","Rute","https://ssl.gstatic.com/local/servicebusiness/default_user.png","""Keren banget bisa chat lewat wa trs tinggal ambil kalau udah beres!!""","· Tutup pukul 21.00","",""
"https://www.google.com/maps/place/Surya+Copy+Center+Digital+Printing+Percetakan+Surabaya/data=!4m7!3m6!1s0x2dd7f97fcdfddd91:0x8ab708e63ad9eda9!8m2!3d-7.265295!4d112.760531!16s%2Fg%2F11ffm0t6kt!19sChIJkd39zX_51y0Rqe3ZOuYIt4o?authuser=0&hl=id&rclk=1","Surya Copy Center Digital Printing Percetakan Surabaya","4,7","(50)","Toko Fotokopi","·","·","Jl. Kedung Sroko No.127","Tutup","(031) 5994737","","Situs Web","https://ssl.gstatic.com/local/servicebusiness/default_user.png","""Koleksi alkesnya lumayan lengkap dan harganya bersaing juga""","· Buka Sen pukul 07.00","","·"
"https://www.google.com/maps/place/Foto+Copy+Sastra/data=!4m7!3m6!1s0x2dd7fbd3ad6b9a35:0x7b9bacaba9d8d8b5!8m2!3d-7.273499!4d112.759238!16s%2Fg%2F11b6t_6grw!19sChIJNZprrdP71y0RtdjYqausm3s?authuser=0&hl=id&rclk=1","Foto Copy Sastra","5,0","(1)","Toko Fotokopi","·","PQG5+JM5, Jl. Dharmawangsa Dalam","","","0851-0052-6617","","Rute","","","","",""
"https://www.google.com/maps/place/Hemat+Print/data=!4m7!3m6!1s0x2dd7fbd174834803:0x76efc3c35773ba31!8m2!3d-7.2735175!4d112.7555144!16s%2Fg%2F11f03lfnpn!19sChIJA0iDdNH71y0RMbpzV8PD73Y?authuser=0&hl=id&rclk=1","Hemat Print","4,5","(12)","Layanan cetak digital","·","Jl. Gubeng Airlangga IV No.14","·","Buka","0857-3034-4876","","Situs Web","","","· Tutup pukul 22.00","",""
"https://www.google.com/maps/place/Soponyono+Foto+Copy/data=!4m7!3m6!1s0x2dd7fb1030021255:0x30f9c6454cb857d9!8m2!3d-7.2743099!4d112.7563792!16s%2Fg%2F11tn0rchth!19sChIJVRICMBD71y0R2Ve4TEXG-TA?authuser=0&hl=id&rclk=1","Soponyono Foto Copy","3,9","(7)","Layanan cetak digital","·","Jl. Dharmawangsa No.35","Tutup","·","0852-5782-8539","","Rute","https://ssl.gstatic.com/local/servicebusiness/default_user.png","""Fotocopy yg worth it si, pelayanan cepat + ramah + murah""","· Buka Sen pukul 08.00","",""
"https://www.google.com/maps/place/Putra+jasa+mandiri+%28PJM%29+1/data=!4m7!3m6!1s0x2dd7fbe2009b97b7:0xad1ca19feda4d285!8m2!3d-7.2741701!4d112.7599245!16s%2Fg%2F11try9q1y2!19sChIJt5ebAOL71y0RhdKk7Z-hHK0?authuser=0&hl=id&rclk=1","Putra jasa mandiri (PJM) 1","4,8","(38)","Toko Fotokopi","","","","","0821-4326-2407","","Rute","https://ssl.gstatic.com/local/servicebusiness/default_user.png","""Pelayanan mantap Sangat bersahabat dan harga menawan""","","",""
"https://www.google.com/maps/place/Lucky+Cell/data=!4m7!3m6!1s0x2dd7f97fc93dbb31:0x3dd8819bea16bcb9!8m2!3d-7.2650015!4d112.7603878!16s%2Fg%2F11bwqp_47r!19sChIJMbs9yX_51y0RubwW6puB2D0?authuser=0&hl=id&rclk=1","Lucky Cell","4,5","(4)","Toko Fotokopi","·","Jalan Kedung Sroko No. 121, Pacar Keling","Buka","·","0812-3536-9898","","Rute","","","· Tutup pukul 21.00","",""
"https://www.google.com/maps/place/Rajawali+Fotocopy/data=!4m7!3m6!1s0x2dd7fbd188a058cd:0x2887a89d1061d3be!8m2!3d-7.2743238!4d112.7563759!16s%2Fg%2F1pzsmt198!19sChIJzVigiNH71y0RvtNhEJ2ohyg?authuser=0&hl=id&rclk=1","Rajawali Fotocopy","4,5","(36)","Toko Fotokopi","·","·","Tutup","Jl. Dharmawangsa No.35A","0853-3432-3782","","Rute","https://ssl.gstatic.com/local/servicebusiness/default_user.png","""Sangat baik pelayanannya""","· Buka Sen pukul 08.00","","·"
"https://www.google.com/maps/place/Edipeni+Gravir/data=!4m7!3m6!1s0x2dd7fb5e053768c1:0xfb47dcbf443962ed!8m2!3d-7.2671274!4d112.7528644!16s%2Fg%2F11qqmy17j1!19sChIJwWg3BV771y0R7WI5RL_cR_s?authuser=0&hl=id&rclk=1","Edipeni Gravir","","","Layanan cetak digital","·","Jl. Gubeng Masjid No.49","Buka","·","0822-3393-5550","","Rute","","","· Tutup pukul 22.00","",""
"https://www.google.com/maps/place/Mitra+Jaya+Fotocopy/data=!4m7!3m6!1s0x2dd7fbd18fac50dd:0xbc300c40342e5687!8m2!3d-7.2745238!4d112.7563566!16s%2Fg%2F11clvsnvxm!19sChIJ3VCsj9H71y0Rh1YuNEAMMLw?authuser=0&hl=id&rclk=1","Mitra Jaya Fotocopy","4,6","(25)","Toko Fotokopi","·","Jl. Dharmawangsa No.39","·","Tutup","0896-7783-6951","","Situs Web","https://ssl.gstatic.com/local/servicebusiness/default_user.png","""Fotocopy murah, harga bersahabat, tempatnya strategis dekat unair""","· Buka Sen pukul 08.00","",""
"https://www.google.com/maps/place/Bumi+Fotocopy+%26+Printing/data=!4m7!3m6!1s0x2dd7fb7dafd04d77:0xaaa076c7e52f62f5!8m2!3d-7.2810291!4d112.7528269!16s%2Fg%2F11q3mp1gqx!19sChIJd03Qr3371y0R9WIv5cd2oKo?authuser=0&hl=id&rclk=1","Bumi Fotocopy & Printing","5,0","(5)","Toko Fotokopi","·","·","Buka","Jl. Juwingan No.57","0895-1462-9395","","Rute","https://ssl.gstatic.com/local/servicebusiness/default_user.png","""buat yang mau fotocopy ngeprint cetak foto dan lain lain bisa ke sini""","· Tutup pukul 21.00","","·"
"https://www.google.com/maps/place/GUTEN+2+Digital+Fotocopy+Dharmawangsa/data=!4m7!3m6!1s0x2dd7fbd15cb280af:0xf5d48f3f74971e5b!8m2!3d-7.2727119!4d112.7562106!16s%2Fg%2F11bc7tkb_j!19sChIJr4CyXNH71y0RWx6XdD-P1PU?authuser=0&hl=id&rclk=1","GUTEN 2 Digital Fotocopy Dharmawangsa","4,5","(45)","Toko Fotokopi","·","·","Tutup","Jl. Dharmawangsa No.80c","0856-4812-4620","","Rute","https://ssl.gstatic.com/local/servicebusiness/default_user.png","""Harga Murah Dari tempat lain Print Hitam putih cuman 200rupiah""","· Buka Sen pukul 09.00","","·"
"https://www.google.com/maps/place/Snopy+Copy+Center/data=!4m7!3m6!1s0x2dd7fbd36cbb8611:0xb559d5f2811897dc!8m2!3d-7.272187!4d112.76096!16s%2Fg%2F11b6v4p56m!19sChIJEYa7bNP71y0R3JcYgfLVWbU?authuser=0&hl=id&rclk=1","Snopy Copy Center","5,0","(4)","Toko Fotokopi","·","Jl. Karang Menjangan No.82","Tutup","·","0812-1711-3139","","Rute","","","· Buka Sen pukul 08.00","",""
"https://www.google.com/maps/place/Joyo+Corner+Print+%26+Foto+Copy/data=!4m7!3m6!1s0x2dd7fb4f52847a13:0xf1517c0af64e45f2!8m2!3d-7.2720685!4d112.7610352!16s%2Fg%2F11h4g9ht4w!19sChIJE3qEUk_71y0R8kVO9gp8UfE?authuser=0&hl=id&rclk=1","Joyo Corner Print & Foto Copy","4,8","(21)","Toko Perlengkapan Mesin Fotokopi","·","·","Tutup","Jl. Karang Menjangan No.82, RT.001/RW.08","0856-4507-9609","","Rute","https://ssl.gstatic.com/local/servicebusiness/default_user.png","""mas-masnya baik pooolll, hasilnya hardcovernya juga bagus.""","· Buka Sen pukul 08.00","","·"
"https://www.google.com/maps/place/DH+Fotokopi+%28chat+via+WA%29/data=!4m7!3m6!1s0x2dd7f97fe9766701:0x3b4b6197e42fa8f9!8m2!3d-7.265032!4d112.761589!16s%2Fg%2F11g6mx84l_!19sChIJAWd26X_51y0R-agv5JdhSzs?authuser=0&hl=id&rclk=1","DH Fotokopi (chat via WA)","4,3","(24)","Toko Fotokopi","·","Jl. Dharmahusada III No.7","Tutup","·","0851-7506-4869","","Rute","https://ssl.gstatic.com/local/servicebusiness/default_user.png","""Bisa kirim file lewat wa, line, email dan bluetooth""","· Buka Sen pukul 08.00","",""
"https://www.google.com/maps/place/Foto+Copy+Makmur/data=!4m7!3m6!1s0x2dd7fbd177ff51dd:0xd1e568d4fb06e82a!8m2!3d-7.2737074!4d112.7561957!16s%2Fg%2F11b6c9g98l!19sChIJ3VH_d9H71y0RKugG-9Ro5dE?authuser=0&hl=id&rclk=1","Foto Copy Makmur","4,9","(11)","Toko Fotokopi","·","·","Tutup","Jl. Dharmawangsa No.92","0838-5633-3222","","Rute","https://ssl.gstatic.com/local/servicebusiness/default_user.png","""Pelayanan cepat, bisa wa dan langsung ambil, murah, dan bagus.""","· Buka Sen pukul 09.00","","·"
"https://www.google.com/maps/place/Kurnia+Jaya+Foto+Copy/data=!4m7!3m6!1s0x2dd7e40949f2effb:0xb4f5dd066191faf9!8m2!3d-7.2691561!4d112.757037!16s%2Fg%2F11b6yfb3yq!19sChIJ--_ySQnk1y0R-fqRYQbd9bQ?authuser=0&hl=id&rclk=1","Kurnia Jaya Foto Copy","5,0","(1)","Toko Fotokopi","·","·","Tutup","Jl. Pucang Anom No.6","(031) 5019676","","Rute","","","· Buka Sen pukul 08.00","","·"
"https://www.google.com/maps/place/Fotocopy+%22+Nirwana+%22/data=!4m7!3m6!1s0x2dd7fbd185806e79:0x7d959ae063836afd!8m2!3d-7.2742963!4d112.7563716!16s%2Fg%2F11clw6stjt!19sChIJeW6AhdH71y0R_WqDY-CalX0?authuser=0&hl=id&rclk=1","Fotocopy "" Nirwana ""","4,5","(90)","Toko Fotokopi","·","·","Tutup","Jl. Dharmawangsa Barat No.35b i no","0813-3020-0079","","Rute","https://ssl.gstatic.com/local/servicebusiness/default_user.png","""Walaupun sudah tua dan jadi bos tetap turun langsung ke lapangan.""","· Buka Sen pukul 08.00","","·"
"https://www.google.com/maps/place/Centro+Dua+%282%29+Digital+Copier/data=!4m7!3m6!1s0x2dd7fbd6c5fe2945:0x76d9c757db0b1628!8m2!3d-7.2707552!4d112.7550617!16s%2Fg%2F11b6dx0v9j!19sChIJRSn-xdb71y0RKBYL21fH2XY?authuser=0&hl=id&rclk=1","Centro Dua (2) Digital Copier","4,2","(21)","Toko Fotokopi","·","·","Tutup","Jl. Dharmawangsa Barat No.31","0821-3156-3619","","Rute","","","· Buka Sen pukul 08.00","","·"
"https://www.google.com/maps/place/Bintang+Mas+Digital+Printing+-+Offset+Printing+-+Percetakan+Dharmawangsa/data=!4m7!3m6!1s0x2dd7fbce89f3c9c5:0xaecee926f9abd601!8m2!3d-7.2788013!4d112.7560142!16s%2Fg%2F1hm5yjflt!19sChIJxcnzic771y0RAdar-Sbpzq4?authuser=0&hl=id&rclk=1","Bintang Mas Digital Printing - Offset Printing - Percetakan Dharmawangsa","4,3","(128)","Layanan cetak digital","·","·","Dharmawangsa 99 (d/h, Jl. Dharmawangsa No.93","Tutup","0812-3267-3000","","Situs Web","https://ssl.gstatic.com/local/servicebusiness/default_user.png","""hasilnya memuaskan,harga murah terimakasih""","· Buka Sen pukul 08.30","","·"
"https://www.google.com/maps/place/Maju+Jaya/data=!4m7!3m6!1s0x2dd7f97fda3d52f7:0x7c98ea360717e498!8m2!3d-7.2657544!4d112.7604605!16s%2Fg%2F11clvm3cq0!19sChIJ91I92n_51y0RmOQXBzbqmHw?authuser=0&hl=id&rclk=1","Maju Jaya","4,0","(4)","Toko Fotokopi","·","Jl. Prof. DR. Moestopo No.55","Tutup","·","0813-3156-1016","","Rute","","Layanan di tempat","· Buka Sen pukul 08.00","",""
"https://www.google.com/maps/place/Farra+Foto+Copy/data=!4m7!3m6!1s0x2dd7fbd363307ac9:0x869cf50589f48b5!8m2!3d-7.2712051!4d112.7606923!16s%2Fg%2F11q24kl7nk!19sChIJyXowY9P71y0RtUifWFDPaQg?authuser=0&hl=id&rclk=1","Farra Foto Copy","","","Toko Fotokopi","","","","","","","Rute","","","","",""
"https://www.google.com/maps/place/GUTEN+1+Digital+Fotocopy,+Airlangga/data=!4m7!3m6!1s0x2dd7fbd47bb9bf23:0x8ab885ff00ef4533!8m2!3d-7.2707519!4d112.7602247!16s%2Fg%2F11clvwlbj2!19sChIJI7-5e9T71y0RM0XvAP-FuIo?authuser=0&hl=id&rclk=1","GUTEN 1 Digital Fotocopy, Airlangga","4,7","(13)","Toko Fotokopi","·","Jl. Airlangga No.12","Tutup","·","0812-3888-7548","","Rute","https://ssl.gstatic.com/local/servicebusiness/default_user.png","""Mau","· Buka Sen pukul 08.30","",""
"https://www.google.com/maps/place/Pink+Fotocopy/data=!4m7!3m6!1s0x2dd7fbd1929d276f:0x20f6e2ed898a8e9d!8m2!3d-7.2748496!4d112.7560412!16s%2Fg%2F11b6cqm4tv!19sChIJbyedktH71y0RnY6Kie3i9iA?authuser=0&hl=id&rclk=1","Pink Fotocopy","4,5","(33)","Toko Fotokopi","·","·","Tutup","Jl. Dharmawangsa No.112","(031) 5035047","","Rute","https://ssl.gstatic.com/local/servicebusiness/default_user.png","""Pelayanan cepat dan dikerjakan dengan baik meski cetak sedikit""","· Buka Sen pukul 08.00","","·"
"https://www.google.com/maps/place/Media+Stasionary/data=!4m7!3m6!1s0x2dd7fbd156d8eb05:0xa5f1bda23d0dffc5!8m2!3d-7.271682!4d112.756615!16s%2Fg%2F1ptzm0w5g!19sChIJBevYVtH71y0Rxf8NPaK98aU?authuser=0&hl=id&rclk=1","Media Stasionary","5,0","(2)","Jl. Dharmawangsa No.47","","","","","(031) 5013410","","Rute","","","","",""
"https://www.google.com/maps/place/Duta+Photocopy/data=!4m7!3m6!1s0x2dd7f97ee41dfecf:0x3314220702cc50db!8m2!3d-7.2639126!4d112.7605321!16s%2Fg%2F1pzvwd46g!19sChIJz_4d5H751y0R21DMAgciFDM?authuser=0&hl=id&rclk=1","Duta Photocopy","4,9","(45)","Toko Fotokopi","·","·","Tutup","Jl. Kedung Sroko No.99A 009, RT.009/RW.03","0857-3388-8538","","Rute","https://ssl.gstatic.com/local/servicebusiness/default_user.png","""Fast response, sumber lengkap, joss""","· Buka Sen pukul 07.30","","·"
"https://www.google.com/maps/place/Fotocopy+murah+Friend%27s+Penjilidan+%26+Print/data=!4m7!3m6!1s0x2dd7fbd48b04eced:0x12777fd2c8d773da!8m2!3d-7.2710248!4d112.760823!16s%2Fg%2F11bc7prmd_!19sChIJ7ewEi9T71y0R2nPXyNJ_dxI?authuser=0&hl=id&rclk=1","Fotocopy murah Friend's Penjilidan & Print","4,2","(32)","Toko Fotokopi","·","Jl. Karang Menjangan VII No.4","Tutup","·","0856-3459-171","","Rute","https://ssl.gstatic.com/local/servicebusiness/default_user.png","""Pelayanan mantap.. Cepat dan hasil bagus.. Harga terjangkau..""","· Buka Sen pukul 08.00","",""
"https://www.google.com/maps/place/CENTRO+%283%29+DUA+DIGITAL+PRINT/data=!4m7!3m6!1s0x2dd7fbc315809d77:0x3f1fb56e4a2b7075!8m2!3d-7.2707552!4d112.7550617!16s%2Fg%2F11fmz8_4sr!19sChIJd52AFcP71y0RdXArSm61Hz8?authuser=0&hl=id&rclk=1","CENTRO (3) DUA DIGITAL PRINT","5,0","(3)","Toko Fotokopi","·","Jl. Dharmawangsa Barat No.31","Tutup","·","0821-3156-3619","","Rute","","","· Buka Sen pukul 08.00","",""
"https://www.google.com/maps/place/Cathay+Digital+Printing+Dharmawangsa/data=!4m7!3m6!1s0x2dd7fb00501fbdc1:0xc9c5886f3441598f!8m2!3d-7.2731074!4d112.7561562!16s%2Fg%2F11wtdwwxzz!19sChIJwb0fUAD71y0Rj1lBNG-Ixck?authuser=0&hl=id&rclk=1","Cathay Digital Printing Dharmawangsa","4,8","(295)","Toko Percetakan","·","Jl. Dharmawangsa No.84","·","Tutup","0811-3088-6689","","Situs Web","https://ssl.gstatic.com/local/servicebusiness/default_user.png","""Tempat bersih, wangi, pelayanan baik, sistem toko nya juga bagus banget.""","· Buka Sen pukul 08.00","",""
"https://www.google.com/maps/place/Agen+Es+Kristal+Bu%27Ci/data=!4m7!3m6!1s0x2dd7fb8fde60d6c5:0xb932fe4463496ca2!8m2!3d-7.2773299!4d112.7585424!16s%2Fg%2F11w4vycpdg!19sChIJxdZg3o_71y0RomxJY0T-Mrk?authuser=0&hl=id&rclk=1","Agen Es Kristal Bu'Ci","5,0","(2)","Toko Fotokopi","·","Jl. Gubeng Kertajaya IX B No.30A","Buka","·","0822-3169-0723","","Rute","","","· Tutup pukul 20.00","",""
"https://www.google.com/maps/place/Fotocopy+Shafa/data=!4m7!3m6!1s0x2dd7fbd3651876ad:0x732046df2cc0d915!8m2!3d-7.2709952!4d112.7606162!16s%2Fg%2F11clvt48h_!19sChIJrXYYZdP71y0RFdnALN9GIHM?authuser=0&hl=id&rclk=1","Fotocopy Shafa","4,5","(2)","Toko Fotokopi","·","Jl. Karang Menjangan No.97","Tutup","·","0822-3393-2407","","Rute","","","· Buka Sen pukul 08.00","",""
"https://www.google.com/maps/place/FOTOCOPY+GATRA+1/data=!4m7!3m6!1s0x2dd7fb42562e267f:0xab803bd67913f0bf!8m2!3d-7.2749528!4d112.7563593!16s%2Fg%2F1hm2rlqlv!19sChIJfyYuVkL71y0Rv_ATedY7gKs?authuser=0&hl=id&rclk=1","FOTOCOPY GATRA 1","4,6","(18)","Toko Fotokopi","·","Jl. Dharmawangsa No.47","·","Tutup","0813-3104-0336","","Situs Web","https://ssl.gstatic.com/local/servicebusiness/default_user.png","""Harganya murah dan cepat sekali""","· Buka Sen pukul 08.00","",""
"https://www.google.com/maps/place/FOTOCOPY+TERANG/data=!4m7!3m6!1s0x2dd7fbd4491e8985:0xf7f4f2929ac383dc!8m2!3d-7.2690522!4d112.7586742!16s%2Fg%2F11c563s5bx!19sChIJhYkeSdT71y0R3IPDmpLy9Pc?authuser=0&hl=id&rclk=1","FOTOCOPY TERANG","4,5","(2)","Toko Fotokopi","·","Jl. Prof. DR. Moestopo No.6-8","Tutup","·","0899-3861-186","","Rute","","Layanan di tempat","· Buka Sen pukul 08.30","",""
"https://www.google.com/maps/place/Toko+Era+Fotocopy/data=!4m7!3m6!1s0x2dd7fbcd87195a63:0x16e2d2d090a8cdfb!8m2!3d-7.2761903!4d112.7594889!16s%2Fg%2F11frdn0rhs!19sChIJY1oZh8371y0R-82okNDS4hY?authuser=0&hl=id&rclk=1","Toko Era Fotocopy","4,0","(2)","Toko Fotokopi","·","Jalan karang wismo III 29, Jl. Karang Wismo III No.29, RW.07","Tutup","·","0813-3054-2653","","Rute","","","· Buka Sen pukul 07.00","",""
"https://www.google.com/maps/place/Media+Fotocopy/data=!4m7!3m6!1s0x2dd7fbd18d1e87f5:0xaaa036c8b3ab6d01!8m2!3d-7.2749262!4d112.7563616!16s%2Fg%2F11b6gqwl3_!19sChIJ9YcejdH71y0RAW2rs8g2oKo?authuser=0&hl=id&rclk=1","Media Fotocopy","4,1","(16)","Toko Fotokopi","·","Jl. Dharmawangsa No.47","Tutup","·","0858-5099-9179","","Rute","https://ssl.gstatic.com/local/servicebusiness/default_user.png","""Maaf mau tanya apakah toko ini bisa pesan buku untuk di jual lagi?""","· Buka Sen pukul 08.00","",""
"https://www.google.com/maps/place/UD.+AMAN+Kertas+%2B+Digital+Print/data=!4m7!3m6!1s0x2dd7fbd237e7c967:0x235e183a449b767a!8m2!3d-7.274183!4d112.756959!16s%2Fg%2F1hc8r3f80!19sChIJZ8nnN9L71y0RenabRDoYXiM?authuser=0&hl=id&rclk=1","UD. AMAN Kertas + Digital Print","5,0","(29)","Layanan cetak digital","·","Jl. Srikana No.44","Tutup","·","0817-0337-8299","","Rute","https://ssl.gstatic.com/local/servicebusiness/default_user.png","""termurah di antara yang termurah, gercep dan pengerjaannya bagusssss""","· Buka Sen pukul 08.30","",""
"https://www.google.com/maps/place/Entry+Copier/data=!4m7!3m6!1s0x2dd7fbf57fc1aff9:0x955ca15102ceb44c!8m2!3d-7.2686648!4d112.7647217!16s%2Fg%2F11nybjyk4y!19sChIJ-a_Bf_X71y0RTLTOAlGhXJU?authuser=0&hl=id&rclk=1","Entry Copier","5,0","(3)","Toko Fotokopi","·","Jl. Mojo V No.17","Buka","·","0857-4520-6853","","Rute","https://ssl.gstatic.com/local/servicebusiness/default_user.png","""Kebutuhan sekolah cukup lengkap""","· Tutup pukul 21.00","",""
"https://www.google.com/maps/place/CV.+Sentra+Mandiri+Lestari/data=!4m7!3m6!1s0xac5d70f7e319bde7:0x3ddab595a9adb3f9!8m2!3d-7.2738947!4d112.7525838!16s%2Fg%2F11t6z0_9f9!19sChIJ570Z4_dwXawR-bOtqZW12j0?authuser=0&hl=id&rclk=1","CV. Sentra Mandiri Lestari","4,6","(11)","Pemasok peralatan percetakan","·","Jl. Gubeng Kertajaya 1 G No.27e","Tutup","·","0838-3122-1133","","Rute","https://ssl.gstatic.com/local/servicebusiness/default_user.png","""Rekomendasi sewa dan service mesin fotocopy dan printer laser.""","· Buka Sen pukul 09.00","",""
"https://www.google.com/maps/place/Hafiz+fotocopy/data=!4m7!3m6!1s0x2dd7fbd18faedc13:0x7b0ed4eb68cd2d80!8m2!3d-7.2745054!4d112.7563581!16s%2Fg%2F11krpr2hk0!19sChIJE9yuj9H71y0RgC3NaOvUDns?authuser=0&hl=id&rclk=1","Hafiz fotocopy","4,0","(4)","Toko Fotokopi","·","Jl. Dharmawangsa No.39","·","Tutup","0857-0777-0871","","Situs Web","https://ssl.gstatic.com/local/servicebusiness/default_user.png","""Tempat print dan foto copy terbaik, orangnya juga ramah""","· Buka Sen pukul 08.00","",""
"https://www.google.com/maps/place/Agung+Media+Fotocopy/data=!4m7!3m6!1s0x2dd7fbd50fff45ff:0xaa4f05e02b45c1eb!8m2!3d-7.2678551!4d112.7606282!16s%2Fg%2F11b76ty0tj!19sChIJ_0X_D9X71y0R68FFK-AFT6o?authuser=0&hl=id&rclk=1","Agung Media Fotocopy","","","Toko Fotokopi","·","Jl. Karang Menjangan No.16","Tutup","·","0878-5276-1945","","Rute","","","· Buka Sen pukul 08.00","",""
"https://www.google.com/maps/place/Central+Media/data=!4m7!3m6!1s0x2dd7fbd4e956e467:0x855199aa4ef2624a!8m2!3d-7.26779!4d112.7606024!16s%2Fg%2F1hc2w4320!19sChIJZ-RW6dT71y0RSmLyTqqZUYU?authuser=0&hl=id&rclk=1","Central Media","4,5","(209)","Layanan cetak digital","·","·","Tutup","Jl. Karang Menjangan No.14","(031) 5046969","","Rute","https://ssl.gstatic.com/local/servicebusiness/default_user.png","""Kualitas bagus, harga cocok banget, gak pake lama lama""","· Buka Sen pukul 08.30","","·"
"https://www.google.com/maps/place/RAM+FOTOCOPY+DAN+PRINT/data=!4m7!3m6!1s0x2dd7fbd37d64c9d3:0xe102852a524f0941!8m2!3d-7.2710693!4d112.7604167!16s%2Fg%2F11b6x3rgdj!19sChIJ08lkfdP71y0RQQlPUiqFAuE?authuser=0&hl=id&rclk=1","RAM FOTOCOPY DAN PRINT","4,3","(6)","Toko Fotokopi","·","Jl. Karang Menjangan No.97","Tutup","·","0812-2903-0090","","Rute","","","· Buka Sen pukul 08.00","",""
"https://www.google.com/maps/place/Adilah+Fotocopy/data=!4m7!3m6!1s0x2dd7fbc62799f023:0x924a938593c9539!8m2!3d-7.2834466!4d112.7509001!16s%2Fg%2F11clg_qjq8!19sChIJI_CZJ8b71y0ROZU8WTipJAk?authuser=0&hl=id&rclk=1","Adilah Fotocopy","4,5","(53)","Toko Fotokopi","·","·","Buka","No Pucangan IX No.24","(031) 5010923","","Rute","https://ssl.gstatic.com/local/servicebusiness/default_user.png","""Melayani","· Tutup pukul 23.30","","·"
"https://www.google.com/maps/place/BENGKEL+PRINT+INDONESIA/data=!4m7!3m6!1s0x2dd7fa52bcb4660b:0xa6fab756ab0f1b5a!8m2!3d-7.2747886!4d112.7526347!16s%2Fg%2F1pzwy8kv7!19sChIJC2a0vFL61y0RWhsPq1a3-qY?authuser=0&hl=id&rclk=1","BENGKEL PRINT INDONESIA","4,5","(438)","Printer Digital","·","·","Tutup","Jl. Gub. Kertajaya V Raya No.31A","(031) 99443406","","Rute","https://ssl.gstatic.com/local/servicebusiness/default_user.png","""Recomend untuk pembelian mesin dan segala kebutuhan digital printing""","· Buka Sen pukul 09.00","","·"
"https://www.google.com/maps/place/FOTOCOPY+GATRA+2/data=!4m7!3m6!1s0x2dd7fbd1313a1359:0x59c49cd506c957d6!8m2!3d-7.2718109!4d112.755008!16s%2Fg%2F11v9q2gkb9!19sChIJWRM6MdH71y0R1lfJBtWcxFk?authuser=0&hl=id&rclk=1","FOTOCOPY GATRA 2","5,0","(7)","Toko Fotokopi","·","Jl. Gubeng Airlangga I No.12b","Tutup","·","0882-0226-05708","","Rute","https://ssl.gstatic.com/local/servicebusiness/default_user.png","""Lengkap dan murah sekali""","· Buka Sen pukul 07.00","",""
"https://www.google.com/maps/place/Tinta+Digital+Printing/data=!4m7!3m6!1s0x2dd7fbd1e01f196d:0x2dfd5e86d0255820!8m2!3d-7.2766659!4d112.7571137!16s%2Fg%2F1pzth2qdd!19sChIJbRkf4NH71y0RIFgl0IZe_S0?authuser=0&hl=id&rclk=1","Tinta Digital Printing","5,0","(1)","Layanan cetak digital","·","Jl. Gubeng Kertajaya VIIC No. 56","Tutup","·","0813-3527-2790","","Rute","","","· Buka Sen pukul 09.00","",""
"https://www.google.com/maps/place/Fotocopy+Elta/data=!4m7!3m6!1s0x2dd7fbd2e8fb8a49:0xfd43cb452a964e86!8m2!3d-7.2742208!4d112.761167!16s%2Fg%2F11clt8j9qx!19sChIJSYr76NL71y0Rhk6WKkXLQ_0?authuser=0&hl=id&rclk=1","Fotocopy Elta","","","Toko Fotokopi","·","Jl. Srikana No.4","Tutup","·","0877-5887-3921","","Rute","","","· Buka Sen pukul 08.00","",""
"https://www.google.com/maps/place/Dapur+Print/data=!4m7!3m6!1s0x2dd7fbd043b1e793:0xae77ec22ddfa817a!8m2!3d-7.2747678!4d112.7526703!16s%2Fg%2F11ssdmvsrx!19sChIJk-exQ9D71y0ReoH63SLsd64?authuser=0&hl=id&rclk=1","Dapur Print","4,6","(76)","Produsen pakaian dan kain","·","·","Jl. Gub. Kertajaya V Raya No.31 A","Tutup","(031) 99443409","","Situs Web","https://ssl.gstatic.com/local/servicebusiness/default_user.png","""Pengerjaannya rapi, barangnya berkualitas, tentu dengan cetakannya.""","· Buka Sen pukul 09.00","","·"
"https://www.google.com/maps/place/Insatsu+One+Stop+Printing/data=!4m7!3m6!1s0x2dd7fb003403c5cd:0xce5d99bf8b499247!8m2!3d-7.2709797!4d112.7562175!16s%2Fg%2F11ldhx2z_n!19sChIJzcUDNAD71y0RR5JJi7-ZXc4?authuser=0&hl=id&rclk=1","Insatsu One Stop Printing","5,0","(26)","Toko Kaos Custom","·","Jl. Dharmawangsa No.54","·","Tutup","0822-2657-2700","","Situs Web","https://ssl.gstatic.com/local/servicebusiness/default_user.png","""suka sama tempatnya bersih, rapi, kualitas produknya juga bagus.""","· Buka Sen pukul 09.00","",""
"https://www.google.com/maps/place/Fotokopi/data=!4m7!3m6!1s0x2dd7fbd5bc806da1:0xefc6d34dde5b1023!8m2!3d-7.2821916!4d112.7663185!16s%2Fg%2F11v5vljth6!19sChIJoW2AvNX71y0RIxBb3k3Txu8?authuser=0&hl=id&rclk=1","Fotokopi","","","Toko Fotokopi","·","Jl. Manyar Sabrangan No.113, RT.006/RW.03","Buka","·","0812-1603-5572","","Rute","","","· Tutup pukul 21.30","",""
"https://www.google.com/maps/place/iZONA+GRAPHIA/data=!4m7!3m6!1s0x2dd7fbdd89296d99:0x798f39b8dc3468d5!8m2!3d-7.2759282!4d112.7539189!16s%2Fg%2F11fr1nltxm!19sChIJmW0pid371y0R1Wg03Lg5j3k?authuser=0&hl=id&rclk=1","iZONA GRAPHIA","4,3","(13)","Layanan cetak digital","·","Jl. Gubeng Kertajaya V C No.31","Tutup","·","0813-3436-6836","","Rute","","","· Buka Sen pukul 08.00","",""
"https://www.google.com/maps/place/Arfi+Sablon/data=!4m7!3m6!1s0x2dd7f940ebb5bd5d:0x483d483e55700f5c!8m2!3d-7.275067!4d112.757608!16s%2Fg%2F1hm2lklcj!19sChIJXb2160D51y0RXA9wVT5IPUg?authuser=0&hl=id&rclk=1","Arfi Sablon","3,9","(34)","Toko Peralatan Sablon","·","·","Tutup","Jl. Gubeng Kertajaya IX F No.1a","0812-3239-935","","Rute","https://ssl.gstatic.com/local/servicebusiness/default_user.png","""Pelayanan sangat ramah 👍🏻""","· Buka Sen pukul 07.30","","·"
"https://www.google.com/maps/place/patra+ranchana/data=!4m7!3m6!1s0x2dd7fb31d2991eb5:0x8d6aa8d802d71f47!8m2!3d-7.2763978!4d112.7518962!16s%2Fg%2F11w34r44zj!19sChIJtR6Z0jH71y0RRx_XAtioao0?authuser=0&hl=id&rclk=1","patra ranchana","","","Layanan cetak digital","·","Jl. Gubeng Klingsingan III","Tutup","·","0858-4753-0889","","Rute","","","· Buka Sen pukul 09.00","",""
"https://www.google.com/maps/place/Karunia+Fotocopy/data=!4m7!3m6!1s0x2dd7fbcc7066793d:0x9f70f8572571dcb2!8m2!3d-7.2812967!4d112.7590221!16s%2Fg%2F11fy19mhwm!19sChIJPXlmcMz71y0RstxxJVf4cJ8?authuser=0&hl=id&rclk=1","Karunia Fotocopy","3,3","(6)","Toko Fotokopi","·","Jl. Manyar Sambongan No.63","Tutup","·","(031) 5048920","","Rute","","","· Buka Sen pukul 08.00","",""
"https://www.google.com/maps/place/Rent+Buy+Mesin+Fotokopi/data=!4m7!3m6!1s0x2dd7f906bde82b9b:0xf4ed32589bc4bca5!8m2!3d-7.2653885!4d112.762052!16s%2Fg%2F11s9h5qs_n!19sChIJmyvovQb51y0RpbzEm1gy7fQ?authuser=0&hl=id&rclk=1","Rent Buy Mesin Fotokopi","","","Persewaan Peralatan Kantor","·","Jl. Dharmahusada III No.16a","Tutup","·","0877-7724-5001","","Rute","","","· Buka Sen pukul 08.00","",""
"https://www.google.com/maps/place/FOTOCOPY+RAPOPO+%26+DIGITAL+PRINTING/data=!4m7!3m6!1s0x2dd7fa537365ffa5:0x6d9c13e60b528cc2!8m2!3d-7.300162!4d112.768859!16s%2Fg%2F11b6cs90w0!19sChIJpf9lc1P61y0RwoxSC-YTnG0?authuser=0&hl=id&rclk=1","FOTOCOPY RAPOPO & DIGITAL PRINTING","4,8","(354)","Toko Fotokopi","·","·","Buka","Timur ayam bakar rejosari, Barat pom bensin brimob, sebelah masakan padang saroso, Jl. Nginden Semolo No.74","0851-9832-9660","","Rute","https://ssl.gstatic.com/local/servicebusiness/default_user.png","""cari print malem kesini aja, bisa by wa juga, kesini tinggal ambil""","· Tutup pukul 00.00","","·"
"https://www.google.com/maps/place/FOTOCOPY+PANDAWA+KALIJUDAN/data=!4m7!3m6!1s0x2dd7f98603c47597:0xfb082068043242ea!8m2!3d-7.260464!4d112.774738!16s%2Fg%2F11dzsxql3x!19sChIJl3XEA4b51y0R6kIyBGggCPs?authuser=0&hl=id&rclk=1","FOTOCOPY PANDAWA KALIJUDAN","4,6","(43)","Toko Fotokopi","·","·","Buka","Jl. Kalijudan No.36","0838-4952-8355","","Rute","https://ssl.gstatic.com/local/servicebusiness/default_user.png","""lengkap tempatnya, apa aja bisa fotocopy print, cetak foto dll""","· Tutup pukul 21.00","","·"
"https://www.google.com/maps/place/Konter+Dhifa/data=!4m7!3m6!1s0x2dd7fbd7c0450121:0x74b9e3584890d81f!8m2!3d-7.2670458!4d112.7551581!16s%2Fg%2F11cnpb03n6!19sChIJIQFFwNf71y0RH9iQSFjjuXQ?authuser=0&hl=id&rclk=1","Konter Dhifa","","","Toko Fotokopi","·","Gubeng Masjid I No.57-A","Tutup","·","(031) 99022239","","Rute","","","· Buka Sen pukul 09.00","",""
"https://www.google.com/maps/place/PD.+Erasindo+Inter+Nusa/data=!4m7!3m6!1s0x2dd7fa32e0fe2fe3:0xab1db7cee3afe3d9!8m2!3d-7.2780197!4d112.7645611!16s%2Fg%2F11f3ws61hz!19sChIJ4y_-4DL61y0R2eOv4863Has?authuser=0&hl=id&rclk=1","PD. Erasindo Inter Nusa","3,4","(5)","Toko Fotokopi","·","XIII Jl. Manyar Kertoarjo No.31","Tutup","·","(031) 5925427","","Rute","","Layanan di tempat","· Buka Sen pukul 07.30","",""
"https://www.google.com/maps/place/Istana+Fotocopy+%26+Alat+Tulis/data=!4m7!3m6!1s0x2dd7fb07dc9c6e21:0xf0601a26d7c632eb!8m2!3d-7.2831875!4d112.7440635!16s%2Fg%2F11ny4_kcl8!19sChIJIW6c3Af71y0R6zLG1yYaYPA?authuser=0&hl=id&rclk=1","Istana Fotocopy & Alat Tulis","5,0","(11)","Toko Fotokopi","·","Jl. Dinoyo Tangsi I No.28","","","","","Rute","https://ssl.gstatic.com/local/servicebusiness/default_user.png","""hasil print nya baguss bgtt, sukakk 🥰""","","",""
"https://www.google.com/maps/place/Fotocopy+Sumber+Jaya/data=!4m7!3m6!1s0x2dd7f973a31ba269:0x3bc9729f520a87c8!8m2!3d-7.2491605!4d112.7551547!16s%2Fg%2F11cjk6njw9!19sChIJaaIbo3P51y0RyIcKUp9yyTs?authuser=0&hl=id&rclk=1","Fotocopy Sumber Jaya","4,3","(48)","Toko Fotokopi","·","·","Buka","Raya No Jl. Ngaglik No.85","(031) 3710440","","Rute","https://ssl.gstatic.com/local/servicebusiness/default_user.png","""Jasa tukang servis pompa air""","· Tutup pukul 22.30","","·"
"https://www.google.com/maps/place/Beautify+E+Money+-+Jasa+Custom+E+Money/data=!4m7!3m6!1s0x2dd7fb3e51f935a3:0x8b1befc8a31b5d0!8m2!3d-7.2764618!4d112.7535276!16s%2Fg%2F11kq68r6g8!19sChIJozX5UT771y0R0LUxivy-sQg?authuser=0&hl=id&rclk=1","Beautify E Money - Jasa Custom E Money","","","Layanan cetak digital","·","Jl. Gubeng Kertajaya V B No.29","Tutup","·","0813-3008-9093","","Rute","","","· Buka Sen pukul 09.00","",""
"https://www.google.com/maps/place/Prima+Jasa+Copy+%26+Printing/data=!4m7!3m6!1s0x2dd7fa533287bc83:0xb9e7d1c91edaa1e!8m2!3d-7.2992317!4d112.763007!16s%2Fg%2F1hm2w86b_!19sChIJg7yHMlP61y0RHqrtkRx9ngs?authuser=0&hl=id&rclk=1","Prima Jasa Copy & Printing","4,2","(208)","Toko Fotokopi","·","·","Buka","No Jl. Pumpungan II No.21","0812-4949-7727","","Rute","https://ssl.gstatic.com/local/servicebusiness/default_user.png","""Order yang diberikan dikerjakan dengan cepat dan tepat.""","· Tutup pukul 22.00","","·"
"https://www.google.com/maps/place/Alfa+Grafika,+CV/data=!4m7!3m6!1s0x2dd7f981f24dfacb:0x5256bc3ffbf24ebe!8m2!3d-7.2638697!4d112.7573007!16s%2Fg%2F1tfn50k7!19sChIJy_pN8oH51y0Rvk7y-z-8VlI?authuser=0&hl=id&rclk=1","Alfa Grafika, CV","5,0","(4)","Layanan cetak digital","·","Jl. Petojo No.2","Tutup","·","(031) 5036773","","Rute","","","· Buka Sen pukul 08.00","",""
"https://www.google.com/maps/place/Digital+Fotocopy/data=!4m7!3m6!1s0x2dd7fb2c80518c6b:0xe534859badb70e51!8m2!3d-7.2835757!4d112.7617709!16s%2Fg%2F11h5vm76ps!19sChIJa4xRgCz71y0RUQ63rZuFNOU?authuser=0&hl=id&rclk=1","Digital Fotocopy","1,0","(1)","Layanan cetak digital","·","Jl. Pucang Jajar Tengah No.81, RT.003/RW.01","","","0813-3252-0345","","Rute","","","","",""
"https://www.google.com/maps/place/D%27queen+Fotocopy+Printing+Penjilidan+dan+Percetakan/data=!4m7!3m6!1s0x2dd7f98a19e3b651:0x6878241f8d43abdf!8m2!3d-7.2640614!4d112.7815074!16s%2Fg%2F11ggbrqfxn!19sChIJUbbjGYr51y0R36tDjR8keGg?authuser=0&hl=id&rclk=1","D'queen Fotocopy Printing Penjilidan dan Percetakan","4,7","(62)","Toko Fotokopi","·","·","Buka","Jl. Mulyorejo Utara No.121","0856-2268-010","","Rute","https://ssl.gstatic.com/local/servicebusiness/default_user.png","""Bagus banget hasilnya dan super cepat hardcovernya.""","· Tutup pukul 22.00","","·"
"https://www.google.com/maps/place/Foto+Copy+Rizky/data=!4m7!3m6!1s0x2dd7f970750b5c0b:0xe9462574d1465ff4!8m2!3d-7.256246!4d112.75262!16s%2Fg%2F11b6v5s8y9!19sChIJC1wLdXD51y0R9F9G0XQlRuk?authuser=0&hl=id&rclk=1","Foto Copy Rizky","4,1","(14)","Toko Fotokopi","·","·","Buka","Jl. Ambengan No.60 B","(031) 5483561","","Rute","https://ssl.gstatic.com/local/servicebusiness/default_user.png","""Pelayanan  satset""","· Tutup pukul 21.00","","·"
"https://www.google.com/maps/place/Fotokopi+Eka+Jaya/data=!4m7!3m6!1s0x2dd7f910db6c4747:0x1dbc3b3b29571df7!8m2!3d-7.2616189!4d112.7695891!16s%2Fg%2F11kb94j34q!19sChIJR0ds2xD51y0R9x1XKTs7vB0?authuser=0&hl=id&rclk=1","Fotokopi Eka Jaya","4,0","(1)","Toko Alat Tulis","·","Jl. Kalikepiting Jaya VI No.54","","","(031) 3812547","","Rute","","","","",""
"https://www.google.com/maps/place/Photocopy+Julia/data=!4m7!3m6!1s0x2dd7fb9e37bc3193:0x1d96517337edfec3!8m2!3d-7.28803!4d112.764414!16s%2Fg%2F1hm35stt6!19sChIJkzG8N5771y0Rw_7tN3NRlh0?authuser=0&hl=id&rclk=1","Photocopy Julia","4,0","(43)","Toko Fotokopi","·","·","Tutup","Jl. Menur Pumpungan No.2A","0851-5678-2321","","Rute","https://ssl.gstatic.com/local/servicebusiness/default_user.png","""Kak untuk open jam berapa""","· Buka Sen pukul 08.00","","·"
"https://www.google.com/maps/place/Galaxy+Fotocopy/data=!4m7!3m6!1s0x2dd7fbe6c16b8a87:0xaba8ca245ee89f6e!8m2!3d-7.2734142!4d112.7347994!16s%2Fg%2F11bxfrbl7w!19sChIJh4prweb71y0Rbp_oXiTKqKs?authuser=0&hl=id&rclk=1","Galaxy Fotocopy","4,2","(154)","Toko Fotokopi","·","·","Buka","Jl. Kp. Malang Tengah I No.56","0857-0494-9631","","Rute","https://ssl.gstatic.com/local/servicebusiness/default_user.png","""Fotocopy murah, print juga murah, makanya selalu rame n antri.""","· Tutup pukul 21.00","","·"
"https://www.google.com/maps/place/Makmur+Fotocopy/data=!4m7!3m6!1s0x2dd7fbe37ddb9b09:0xb09f67ceb25389f6!8m2!3d-7.2728148!4d112.7315204!16s%2Fg%2F11b6d4yqrf!19sChIJCZvbfeP71y0R9olTss5nn7A?authuser=0&hl=id&rclk=1","Makmur Fotocopy","4,6","(24)","Toko Fotokopi","·","Jl. Tempel Sukorejo I No.81, RT.005/RW.07","Buka","·","(031) 5354937","","Rute","https://ssl.gstatic.com/local/servicebusiness/default_user.png","""Foto kopi murah sekali
Orangnya juga ramah""","· Tutup pukul 22.00","",""
"https://www.google.com/maps/place/BAROKAH+FOTOCOPY-PRINT-ATK/data=!4m7!3m6!1s0x2dd7f90660ed2df9:0x202fa8d245390297!8m2!3d-7.2335354!4d112.7583476!16s%2Fg%2F11dybbzvj8!19sChIJ-S3tYAb51y0RlwI5RdKoLyA?authuser=0&hl=id&rclk=1","BAROKAH FOTOCOPY-PRINT-ATK","4,6","(58)","Toko Swalayan","·","·","Buka","Sidotopo Wetan Gg. V No.12","0821-1172-5757","","Rute","https://ssl.gstatic.com/local/servicebusiness/default_user.png","""Tempat yg strategis dekat sd dan kelurahan.. Pelayanan ramah dan cekatan""","· Tutup pukul 21.00","","·"
"https://www.google.com/maps/place/Foto+Copy+HOKY/data=!4m7!3m6!1s0x2dd7fa2c4a890cd5:0x23e32b45817405e7!8m2!3d-7.2730653!4d112.7672628!16s%2Fg%2F11b6dfnjtl!19sChIJ1QyJSiz61y0R5wV0gUUr4yM?authuser=0&hl=id&rclk=1","Foto Copy HOKY","4,6","(47)","Toko Fotokopi","·","Jl. Jojoran I No.94","Tutup","·","0815-1573-7292","","Rute","https://ssl.gstatic.com/local/servicebusiness/default_user.png","""Pelayanannya bagus, Cepat harga cocok untuk mahasiswa sprti sy""","· Buka Sen pukul 07.00","",""
"https://www.google.com/maps/place/Barokah+68/data=!4m7!3m6!1s0x2dd7f97934e5bc5b:0x3aecc7fbf931cd!8m2!3d-7.2609575!4d112.758705!16s%2Fg%2F11ckyc6_q9!19sChIJW7zlNHn51y0RzTH5-8fsOgA?authuser=0&hl=id&rclk=1","Barokah 68","4,8","(37)","Toko Fotokopi","·","No Jl. Tambang Boyo No.68","Tutup","·","0812-3177-9493","","Rute","https://ssl.gstatic.com/local/servicebusiness/default_user.png","""Segala hal tentang pencetakan buku ada di sini.""","· Buka Sen pukul 08.00","",""
"https://www.google.com/maps/place/Fotocopy+Karunia/data=!4m7!3m6!1s0x2dd7f976168a3761:0x6f189e65253a989c!8m2!3d-7.2519887!4d112.7617829!16s%2Fg%2F11gg65fwk6!19sChIJYTeKFnb51y0RnJg6JWWeGG8?authuser=0&hl=id&rclk=1","Fotocopy Karunia","4,6","(98)","Toko Fotokopi","·","·","Buka","Jl. Ploso Bogen No.39 A","0877-5071-0353","","Rute","https://ssl.gstatic.com/local/servicebusiness/default_user.png","""Pelayananya baik,,orangnya ramah
Harganya terjangkau""","· Tutup pukul 20.00","","·"
"https://www.google.com/maps/place/Fotokopi,Pengetikan,CetakFoto/data=!4m7!3m6!1s0x2dd7f90020a1e67d:0xfb0e13b9a3275c81!8m2!3d-7.249307!4d112.7538161!16s%2Fg%2F11xncdfy3y!19sChIJfeahIAD51y0RgVwno7kTDvs?authuser=0&hl=id&rclk=1","Fotokopi,Pengetikan,CetakFoto","1,0","(1)","Warnet","·","Jl. Ngaglik No.48c","Buka","·","0813-3330-1907","","Rute","","","· Tutup pukul 20.00","",""
"https://www.google.com/maps/place/Family+Fotocopy/data=!4m7!3m6!1s0x2dd7fbdd04e466e5:0xddfeb62a9275c4a9!8m2!3d-7.2747433!4d112.7415447!16s%2Fg%2F11bwpz5fys!19sChIJ5WbkBN371y0RqcR1kiq2_t0?authuser=0&hl=id&rclk=1","Family Fotocopy","4,4","(16)","Toko Fotokopi","·","·","Tutup","Jl. Urip Sumoharjo No.46-48, RT.001/RW.14","0817-0357-3488","","Rute","https://ssl.gstatic.com/local/servicebusiness/default_user.png","""Bapak fotocopynya baik, mau nolongin saya  sehat selalu pak""","· Buka Sen pukul 08.00","","·"
"https://www.google.com/maps/place/Fotocopy+Center/data=!4m7!3m6!1s0x2dd7fbb1d761eb33:0xb9ed626bd4955dba!8m2!3d-7.2962457!4d112.7546839!16s%2Fg%2F11b6nmtc4f!19sChIJM-th17H71y0Rul2V1Gti7bk?authuser=0&hl=id&rclk=1","Fotocopy Center","4,5","(4)","Toko Fotokopi","·","Bratang Wetan IV No.18","Buka","","","","Rute","","","· Tutup pukul 23.00","",""
"https://www.google.com/maps/place/Pink+Foto+Copy/data=!4m7!3m6!1s0x2dd7fbadccd86667:0x1867f1e9171457e1!8m2!3d-7.2988891!4d112.7578102!16s%2Fg%2F1hm4z2l2m!19sChIJZ2bYzK371y0R4VcUF-nxZxg?authuser=0&hl=id&rclk=1","Pink Foto Copy","4,4","(45)","Toko Fotokopi","·","·","Buka","Jl. Barata Jaya No.30 B","(031) 5011599","","Rute","https://ssl.gstatic.com/local/servicebusiness/default_user.png","""Tempat Fotocopy yang murah dengan hasil rapi,""","· Tutup pukul 20.00","","·"
"https://www.google.com/maps/place/Sentra+Fotokopi/data=!4m7!3m6!1s0x2dd7f961e0c5d06d:0x39c99651164e5333!8m2!3d-7.266598!4d112.743636!16s%2Fg%2F11gg72rl_5!19sChIJbdDF4GH51y0RM1NOFlGWyTk?authuser=0&hl=id&rclk=1","Sentra Fotokopi","4,0","(2)","Toko Fotokopi","·","Jl. Embong Wungu No.9","·","Tutup","(031) 5482000","","Situs Web","","","· Buka Sen pukul 08.00","",""
"https://www.google.com/maps/place/Toko+Tasra/data=!4m7!3m6!1s0x2dd7fa53efa563cf:0x169b45729ee4cc8!8m2!3d-7.2999857!4d112.7679362!16s%2Fg%2F1hm5h5rtw!19sChIJz2Ol71P61y0RyEzuKVe0aQE?authuser=0&hl=id&rclk=1","Toko Tasra","3,7","(3)","Toko Fotokopi","·","Jl. Nginden Semolo No.60","Buka","·","0851-6186-6088","","Rute","","","· Tutup pukul 21.00","",""
"https://www.google.com/maps/place/Akar+Jaya+Fotokopi/data=!4m7!3m6!1s0x2dd7f98ae8a378e9:0xdb3a3b5cfb843d5c!8m2!3d-7.2630409!4d112.7846417!16s%2Fg%2F11clyc9_yt!19sChIJ6Xij6Ir51y0RXD2E-1w7Ots?authuser=0&hl=id&rclk=1","Akar Jaya Fotokopi","4,7","(11)","Toko Percetakan","·","Jl. Mulyorejo No.174","Buka","·","0857-0746-2866","","Rute","https://ssl.gstatic.com/local/servicebusiness/default_user.png","""Mantap, murah murah barangny""","· Tutup pukul 21.00","",""
"https://www.google.com/maps/place/Toko+Wijaya+Fotocopy/data=!4m7!3m6!1s0x2dd7fbc374888737:0x887f41b5f646e22!8m2!3d-7.2792325!4d112.743651!16s%2Fg%2F11b6b6_rrk!19sChIJN4eIdMP71y0RIm5kXxv0hwg?authuser=0&hl=id&rclk=1","Toko Wijaya Fotocopy","4,2","(20)","Toko Fotokopi","·","·","Tutup","PPCV+6GR, Jl. Dinoyo No.22/1","(031) 5632634","","Rute","","","· Buka Sen pukul 07.00","","·"
"https://www.google.com/maps/place/Superstar+Foto+Copy+Ondomohen/data=!4m7!3m6!1s0x2dd7f96685d6bdbb:0xc6cf117a5c8b8565!8m2!3d-7.2599346!4d112.7446786!16s%2Fg%2F1pzsy2c1t!19sChIJu73WhWb51y0RZYWLXHoRz8Y?authuser=0&hl=id&rclk=1","Superstar Foto Copy Ondomohen","3,9","(488)","Toko Fotokopi","·","·","Jl. Walikota Mustajab No.27","Tutup","(031) 5454625","","Situs Web","https://ssl.gstatic.com/local/servicebusiness/default_user.png","""Pelayanan yg ramah, cepat, hasil yg memuaskan, harga bersahabat""","· Buka Sen pukul 07.00","","·"
"https://www.google.com/maps/place/Fotocopy+Duta/data=!4m7!3m6!1s0x2dd7f90c3d46a129:0x684b657630dfc322!8m2!3d-7.2417646!4d112.7553659!16s%2Fg%2F11f54z4smy!19sChIJKaFGPQz51y0RIsPfMHZlS2g?authuser=0&hl=id&rclk=1","Fotocopy Duta","4,6","(41)","Toko Fotokopi","·","·","Buka","Jl. Donorejo No.68","","","Rute","https://ssl.gstatic.com/local/servicebusiness/default_user.png","""apa ada kontak wa yg bisa dihubungi kak?🙏""","· Tutup pukul 22.00","",""
"https://www.google.com/maps/place/Artha+Jaya/data=!4m7!3m6!1s0x2dd7fbe44d889c67:0xd82ed48f89a5c510!8m2!3d-7.2748088!4d112.7308973!16s%2Fg%2F1hm5c_6mc!19sChIJZ5yITeT71y0REMWliY_ULtg?authuser=0&hl=id&rclk=1","Artha Jaya","4,4","(27)","Toko Fotokopi","·","·","Buka","Jl. Pandegiling No.320","(031) 5465845","","Rute","https://ssl.gstatic.com/local/servicebusiness/default_user.png","""Kesini karena mau nge print 2 lembar (durasi print 2 menit)""","· Tutup pukul 20.00","","·"
"https://www.google.com/maps/place/RR+Print+%26+Fotocopy/data=!4m7!3m6!1s0x2dd7f91e37f610f9:0x84a8a0acf22c8416!8m2!3d-7.2332037!4d112.7772198!16s%2Fg%2F11fpjly91v!19sChIJ-RD2Nx751y0RFoQs8qygqIQ?authuser=0&hl=id&rclk=1","RR Print & Fotocopy","4,9","(15)","Printer Digital","·","·","Buka","Bulak Rukem Timur II-J No.4","0858-5321-9813","","Rute","https://ssl.gstatic.com/local/servicebusiness/default_user.png","""Bisa dipakai kalau lagi ndak ada print dan butuh delivery.""","· Tutup pukul 21.30","","·"
"https://www.google.com/maps/place/Fotocopy+Halim/data=!4m7!3m6!1s0x2dd7f8e20da6f11f:0xc07c57b915e2dd31!8m2!3d-7.2261953!4d112.7462075!16s%2Fg%2F11b8_07hwv!19sChIJH_GmDeL41y0RMd3iFblXfMA?authuser=0&hl=id&rclk=1","Fotocopy Halim","4,8","(9)","Toko Alat Tulis","·","QPFW+GFG","Buka","·","0838-4904-1117","","Rute","https://ssl.gstatic.com/local/servicebusiness/default_user.png","""Deket kawasan ampel dan lengkao""","· Tutup pukul 22.00","",""
"https://www.google.com/maps/place/Toko+Fotokopi+ALIF+PRINT/data=!4m7!3m6!1s0x2dd7f9b2a02b569b:0x80c33ba74ad77353!8m2!3d-7.2320272!4d112.7797123!16s%2Fg%2F11b77ggb12!19sChIJm1YroLL51y0RU3PXSqc7w4A?authuser=0&hl=id&rclk=1","Toko Fotokopi ALIF PRINT","5,0","(7)","Toko Fotokopi","·","QQ9H+5VP, Jl. Tambak Kyai Deres, RT.06/RW.03","Buka","","","","Rute","https://ssl.gstatic.com/local/servicebusiness/default_user.png","""Pelayanan disitu ramah""","· Tutup pukul 22.00","",""
"https://www.google.com/maps/place/Foto+Copy/data=!4m7!3m6!1s0x2dd7f95e3c7765c7:0xe7696d5b3abfc4a8!8m2!3d-7.263454!4d112.738166!16s%2Fg%2F11b6z00pln!19sChIJx2V3PF751y0RqMS_Olttaec?authuser=0&hl=id&rclk=1","Foto Copy","3,9","(21)","Toko Fotokopi","·","Gg. Pompa Jl. Kaliasin Pompa No.83 A","Tutup","·","(031) 5340465","","Rute","https://ssl.gstatic.com/local/servicebusiness/default_user.png","""Fc terdekat dri tp, bisa utk kprluan perpanjangan sim""","· Buka Sen pukul 09.00","",""
"https://www.google.com/maps/place/Fotokopi+Print+Cetak+Scan+%22Arjuna+II%22/data=!4m7!3m6!1s0x2dd7fa15c65de395:0xa70c99f65897dd9a!8m2!3d-7.2804831!4d112.7887581!16s%2Fg%2F1hm60r8mn!19sChIJleNdxhX61y0Rmt2XWPaZDKc?authuser=0&hl=id&rclk=1","Fotokopi Print Cetak Scan ""Arjuna II""","4,3","(116)","Toko Fotokopi","·","·","Buka","Jl. Gebang Lor No.95","(031) 5926823","","Rute","https://ssl.gstatic.com/local/servicebusiness/default_user.png","""Cepat pelayanannya, mas nya ramah banget, balas chat wa juga fast respon""","· Tutup pukul 22.00","","·"
"https://www.google.com/maps/place/Barokah+Jaya+Fotocopy/data=!4m7!3m6!1s0x2dd7fbaf597df5db:0xebd5e8bdd77a2c03!8m2!3d-7.3006548!4d112.7513691!16s%2Fg%2F11f53qdtql!19sChIJ2_V9Wa_71y0RAyx6173o1es?authuser=0&hl=id&rclk=1","Barokah Jaya Fotocopy","5,0","(8)","Toko Fotokopi","·","Jl. Bratang Gede VI A No.04","Buka","·","0812-3354-8988","","Rute","https://ssl.gstatic.com/local/servicebusiness/default_user.png","""Mau foto copy ato mau beli mesin foto copy semua ada pokoknya...""","· Tutup pukul 21.30","",""
"https://www.google.com/maps/place/Raka+Fotocopy/data=!4m7!3m6!1s0x2dd7fb35556aa00f:0x21b337a0e73775b!8m2!3d-7.3087186!4d112.7621987!16s%2Fg%2F11f5vc90hb!19sChIJD6BqVTX71y0RW3dzDnozGwI?authuser=0&hl=id&rclk=1","Raka Fotocopy","5,0","(1)","Percetakan Komersial","·","Jl. Panjang Jiwo Gg. 6 No.8","Buka","·","0813-3205-0279","","Rute","https://ssl.gstatic.com/local/servicebusiness/default_user.png","""Deket sama tempat tinggal""","· Tutup pukul 21.00","",""
"https://www.google.com/maps/place/Print+fotocopy+scan+mama+ita/data=!4m7!3m6!1s0x2dd7f90040a350f7:0xb75ee7d39499c5ad!8m2!3d-7.2272671!4d112.7331615!16s%2Fg%2F11w9r52gr7!19sChIJ91CjQAD51y0RrcWZlNPnXrc?authuser=0&hl=id&rclk=1","Print fotocopy scan mama ita","5,0","(13)","Printer Digital","·","Jl. Indrapura Dapuan Tegal III No.22, RT.004/RW.04","Buka","·","0896-2002-1877","","Rute","https://ssl.gstatic.com/local/servicebusiness/default_user.png","""layanan bagus dan sangat membantu bila mengerjakan tugas sekolah""","· Tutup pukul 23.00","",""
"https://www.google.com/maps/place/Bintang+Sakti/data=!4m7!3m6!1s0x2dd7f96020b49b73:0x9dfe35a96d2a40a!8m2!3d-7.267171!4d112.7409655!16s%2Fg%2F1pzqxkdjw!19sChIJc5u0IGD51y0RCqTSllrj3wk?authuser=0&hl=id&rclk=1","Bintang Sakti","4,1","(102)","Toko Fotokopi","·","·","Tutup","Jl. Jenderal Basuki Rachmat No.62-64","(031) 5310423","","Rute","https://ssl.gstatic.com/local/servicebusiness/default_user.png","""Print a4 kualitas sangat bagus perlembar 4 ribu rupiah.""","· Buka Sen pukul 08.00","","·"
"https://www.google.com/maps/place/MJ+Home+Print+%26+Fotokopi/data=!4m7!3m6!1s0x2dd7fb00378ba6f1:0xfb1b4d18cb4e3129!8m2!3d-7.2684898!4d112.789798!16s%2Fg%2F11mm80mm8c!19sChIJ8aaLNwD71y0RKTFOyxhNG_s?authuser=0&hl=id&rclk=1","MJ Home Print & Fotokopi","","","Toko Percetakan","·","Jl. Sutorejo Barat No.10","Buka 24 jam","·","0895-4015-96434","","Rute","","","","",""
"https://www.google.com/maps/place/Fotokopi/data=!4m7!3m6!1s0x2dd7fb1dc8f9b1cb:0x9e72910103cbb296!8m2!3d-7.2894801!4d112.7784112!16s%2Fg%2F11qsmjl2vg!19sChIJy7H5yB371y0RlrLLAwGRcp4?authuser=0&hl=id&rclk=1","Fotokopi","3,3","(3)","Toko Buku","·","PQ6H+693, Arief Rahman Hakim","","","","","Rute","https://ssl.gstatic.com/local/servicebusiness/default_user.png","""Hubungi kami pekerja kami segera datang kerumah anda.""","","",""
"https://www.google.com/maps/place/PROSPECS+PRINT+%26+PHOTO+COPY/data=!4m7!3m6!1s0x2dd7fa46118645c7:0xf5558df18615e4a4!8m2!3d-7.2912571!4d112.780177!16s%2Fg%2F11b6dp_4n4!19sChIJx0WGEUb61y0RpOQVhvGNVfU?authuser=0&hl=id&rclk=1","PROSPECS PRINT & PHOTO COPY","4,6","(18)","Toko Fotokopi","·","·","Tutup","Jl. Dr. Ir. H. Soekarno No.208","0813-5900-7850","","Rute","https://ssl.gstatic.com/local/servicebusiness/default_user.png","""Murah murah, ibunya juga ramah""","· Buka Sen pukul 08.00","","·"
"https://www.google.com/maps/place/Mimik+Fotocopy/data=!4m7!3m6!1s0x2dd7fb949309c0cd:0xd481aff52fa91487!8m2!3d-7.2864001!4d112.7393562!16s%2Fg%2F1pzslzjm1!19sChIJzcAJk5T71y0RhxSpL_WvgdQ?authuser=0&hl=id&rclk=1","Mimik Fotocopy","4,7","(9)","Toko Fotokopi","·","Jl. Raya Wadung Asri No.16","","","(031) 8678141","","Rute","","","","",""
"https://www.google.com/maps/place/Spectrum/data=!4m7!3m6!1s0x2dd7fa512711e08f:0x1a1f998ed9830007!8m2!3d-7.299796!4d112.771699!16s%2Fg%2F11b6xdz5wd!19sChIJj-ARJ1H61y0RBwCD2Y6ZHxo?authuser=0&hl=id&rclk=1","Spectrum","4,3","(1.059)","Toko Fotokopi","·","Ruko Manyar Garden Regency No. 27, Jl. Nginden Semolo No.101","·","Buka","(031) 5998267","","Situs Web","https://ssl.gstatic.com/local/servicebusiness/default_user.png","""hasil cetakannya juara, cuttingnya alus muluss!""","· Tutup pukul 00.00","",""
"https://www.google.com/maps/place/TOKO+BINTANG+alat+tulis+dan+studio+photo/data=!4m7!3m6!1s0x2dd7f9a68d02bfb7:0xaac85d1be461783a!8m2!3d-7.2383517!4d112.7674569!16s%2Fg%2F11dzdc3vr9!19sChIJt78Cjab51y0ROnhh5BtdyKo?authuser=0&hl=id&rclk=1","TOKO BINTANG alat tulis dan studio photo","4,7","(29)","Toko Fotokopi","·","TOKO BINTANG, Jl. Kapas Madya I Jl. Kapas Madya II No.42","Buka","·","0851-0210-0997","","Rute","https://ssl.gstatic.com/local/servicebusiness/default_user.png","""Harga fotocopy murah dan tersedia perlengkapan ATK yg bny pilihan.""","· Tutup pukul 22.00","",""
"https://www.google.com/maps/place/IQBAL+FOTO+COPY/data=!4m7!3m6!1s0x2dd7f8e049eee049:0x82ee9f9837607d2f!8m2!3d-7.2253928!4d112.7414971!16s%2Fg%2F11b6bjgzym!19sChIJSeDuSeD41y0RL31gN5if7oI?authuser=0&hl=id&rclk=1","IQBAL FOTO COPY","4,2","(9)","Toko Alat Tulis Kantor","·","·","Buka","Jl. Sultan Iskandar Muda No.83A, RT.006/RW.14","","","Rute","https://ssl.gstatic.com/local/servicebusiness/default_user.png","""Di sini apakah bisa nge Foto 4x6 sekalian di cetak ya ?""","· Tutup pukul 21.00","",""
"https://www.google.com/maps/place/fotokopi+Amanah/data=!4m7!3m6!1s0x2dd7fba0953dbdbd:0x8f4669b89d63b7ab!8m2!3d-7.3059663!4d112.7434289!16s%2Fg%2F11b6dg1xmk!19sChIJvb09laD71y0Rq7djnbhpRo8?authuser=0&hl=id&rclk=1","fotokopi Amanah","4,5","(2)","Toko Fotokopi","·","Jl. Bendul Merisi No.84","Buka","·","0856-4289-878","","Rute","","","· Tutup pukul 22.00","",""
"https://www.google.com/maps/place/Vindi+Copy+Service/data=!4m7!3m6!1s0x2dd7fbb3f16cf801:0x2fd8ffe8c4fad9d1!8m2!3d-7.2914799!4d112.758059!16s%2Fg%2F1hm2lqscr!19sChIJAfhs8bP71y0R0dn6xOj_2C8?authuser=0&hl=id&rclk=1","Vindi Copy Service","4,7","(3)","Toko Fotokopi","·","Jl. Ngagel Jaya Tengah No.69","Tutup","·","(031) 5027852","","Rute","","","· Buka Sen pukul 08.00","",""
"https://www.google.com/maps/place/Foto+Copy+karo+Print+Surabaya+%28Foto+Copy+Center%29/data=!4m7!3m6!1s0x2dd7f9aed5e182b1:0xd4989d44f3058120!8m2!3d-7.2327632!4d112.769215!16s%2Fg%2F11gh08c79j!19sChIJsYLh1a751y0RIIEF80SdmNQ?authuser=0&hl=id&rclk=1","Foto Copy karo Print Surabaya (Foto Copy Center)","3,5","(108)","Toko Fotokopi","·","·","Jl. Pogot No.79","Buka","0822-2905-4380","","Situs Web","https://ssl.gstatic.com/local/servicebusiness/default_user.png","""Pelayanan josss mantap bagi saya yg tua gini bisa dibantu ngirim file""","· Tutup pukul 21.00","","·"
"","","","","","","","","","","","","","","","",""