"hfpxzc href","qBF1Pd","MW4etd","UY7F9","AJB7ye","AJB7ye 2","W4Efsd","W4Efsd 2","W4Efsd 3","W4Efsd 4","W4Efsd 5","FQ2IWe src","Jn12ke src","ah5Ghc","doJOZc","W4Efsd 6","A1zNzb href","J8zHNe","bbPy1","ah5Ghc 2","ah5Ghc 3"
"","","","","","","","","","","","","","","","","","","","",""
"","","","","","","","","","","","","","","","","","","","",""
"https://www.google.com/maps/place/Dapur+Fizzul+%28Surabaya%29+-+Rumah+Makan+Khas+Maluku+No.1+di+Dunia/data=!4m7!3m6!1s0x2dd7fb5d013c8d39:0x4079c2499408aefc!8m2!3d-7.2670573!4d112.7611443!16s%2Fg%2F11vlt3q20h!19sChIJOY08AV371y0R_K4IlEnCeUA?authuser=0&hl=id&rclk=1","Dapur Fizzul (Surabaya) - Rumah Makan Khas Maluku No.1 di Dunia","4,7","(187)","·","Rp 25–50 rb","Restoran","·","depan Politeknik Kesehatan Kemeskes Surabaya Samping Hotel Kita, Jl. Karang Menjangan No.15","Buka","· Tutup pukul 20.00","https://lh3.googleusercontent.com/gps-cs-s/APNQkAEuKlMavYhw3k9k2Dx7UkzxqTWJPUwYg313vl_xDEGteOcfxEruqm0uD6-gXmFyHh2_RvMeh9nTeRVMDJkAmmzLoxOIWKGtCA_c6KUYuSR1U8fi7Y1LZ58_ppYjyblmSAIG2fUciW1takLk=w122-h92-k-no","https://ssl.gstatic.com/local/servicebusiness/default_user.png","""ikan kuah kuning, ikan bakarnya, colo-colo, teh pala ennnaakkkk semua.""","","","","","","",""
"https://www.google.com/maps/place/Wapo+Resto/data=!4m7!3m6!1s0x2dd7fbd486736e29:0x703f50fba3cdfe7e!8m2!3d-7.2705024!4d112.7602896!16s%2Fg%2F11gzwlgp9!19sChIJKW5zhtT71y0Rfv7No_tQP3A?authuser=0&hl=id&rclk=1","Wapo Resto","4,4","(7.117)","·","Rp 25–50 rb","Nasi Goreng","·","·","Buka","· Tutup pukul 22.00","https://lh3.googleusercontent.com/gps-cs-s/APNQkAE78e3x2Faxigbl_AwowqE8Y5JKpeRwn0jCkzjZRc5oLP1WXd0uC12_U7Hx-V6Vny3rfgSpagZ8_aVhZiVLoO4KORE7UA4Yfay19dbv_qKbs6dv0T0XIrQYtGrvqZYdEpdAe93_=w122-h92-k-no","https://ssl.gstatic.com/local/servicebusiness/default_user.png","""Nasi goreng ikan asin ⭐️⭐️⭐️⭐️
Tahu crispy ⭐️⭐️⭐️⭐️
Fruit salad ⭐️⭐️⭐️⭐️""","","Jl. Airlangga No.43","https://www.google.com/searchviewer/42?cvd=CLw_EiYKJOICITIfEhgiFtLX29IPEAoML2cvMTFnendsZ3A5GAA6AwjwDQ%3D%3D&hl=id-ID&gl=id&fo_m=MfohQo559jFvMUOzJVpjPL1YMfZ3bInYwBDuMfaXTPp5KXh-&utm_source=tactile&gei=MTD3aYD7CfiG4-EP7ZXP6Q0&ei=MTD3aYD7CfiG4-EP7ZXP6Q0&fo_s=OA&opi=79508299&ebb=1&cs=0&foub=mcpp","Pesan online","","",""
"https://www.google.com/maps/place/Gubug+Makan+Mang+Engking+Gubeng+Surabaya/data=!4m7!3m6!1s0x2dd7fb27e4e5d3f5:0x1f44be80d59668d1!8m2!3d-7.2671284!4d112.7526298!16s%2Fg%2F11tmdwt8wm!19sChIJ9dPl5Cf71y0R0WiW1YC-RB8?authuser=0&hl=id&rclk=1","Gubug Makan Mang Engking Gubeng Surabaya","4,4","(754)","·","$$","Sunda","·","Jl. Gubeng Masjid","Buka","· Tutup pukul 21.30","https://lh3.googleusercontent.com/gps-cs-s/APNQkAHiasyQteYTQdG8RX6o__0_92VKZzxgZE2kLdiMniCu-O13FrFSWE1YQyLGN4cuYBKXDZ_yr2tdWrXAsrKDYRoban2BmcyeNjSmmK3U7B-rEwFcssNySvZhspYuA0N5dKLSxzx6lM_vT1Jz=w163-h92-k-no","https://ssl.gstatic.com/local/servicebusiness/default_user.png","""Ikan bakarnya mantap, bumbu ayam gorengnya enak skli, mantaps""","","","","","","",""
"https://www.google.com/maps/place/Warung+Imood/data=!4m7!3m6!1s0x2dd7fbd206d1ff59:0xde078d6cb22d2aa3!8m2!3d-7.2760394!4d112.7573194!16s%2Fg%2F12hq3ghky!19sChIJWf_RBtL71y0RoyotsmyNB94?authuser=0&hl=id&rclk=1","Warung Imood","4,7","(1.491)","·","Rp 1–25.000","Ayam Penyet","·","·","Buka","· Tutup pukul 20.00","https://lh3.googleusercontent.com/gps-cs-s/APNQkAErIQ-NDcDrqyUoG2QAmO206a0Mt0ySP7q5hR_VLNaw6dCWkHSDd3kQcJg8Upky7wWcj_IrEF9oG-3Efq2jsB1Gqr5MCxN3aDQtaB33GmV99QFCcyagObv3VtlNhKHqPvJZwJxE=w122-h92-k-no","https://ssl.gstatic.com/local/servicebusiness/default_user.png","""Makanannya enak, sambelnya juara, langganan trs.""","","Jl. Gubeng Kertajaya IX Raya No.40-A","https://www.google.com/searchviewer/42?cvd=CLw_EiYKJOICITIfEhgiFtLX29IPEAoML2cvMTJocTNnaGt5GAA6AwjwDQ%3D%3D&hl=id-ID&gl=id&fo_m=MfohQo559jFvMUOzJVpjPL1YMfZ3bInYwBDuMfaXTPp5KXh-&utm_source=tactile&gei=MTD3aYD7CfiG4-EP7ZXP6Q0&ei=MTD3aYD7CfiG4-EP7ZXP6Q0&fo_s=OA&opi=79508299&ebb=1&cs=0&foub=mcpp","Pesan online","","",""
"https://www.google.com/maps/place/Sentra+Wisata+Kuliner+Dharmawangsa/data=!4m7!3m6!1s0x2dd7fbd60d244851:0x1bd60c87ef84a349!8m2!3d-7.2673172!4d112.7561795!16s%2Fg%2F11b69bcrbv!19sChIJUUgkDdb71y0RSaOE74cM1hs?authuser=0&hl=id&rclk=1","Sentra Wisata Kuliner Dharmawangsa","4,4","(240)","·","Rp 1–25.000","Pujasera","·","PQM4+3FF, Jl. Dharmawangsa","Buka","· Tutup pukul 22.00","https://lh3.googleusercontent.com/gps-cs-s/APNQkAEwM5wNYuyNxHsFobunIOtZE36ByfCjEBCD_UdCgZa4Iugzbp4J4dzp1qgATGa_2R4pAtFri3Bq8VprcfsqP7M6BEeDxpWUjAYbCfL_Fvo3PgGNe7ucoXFJwbUk8DiBQ8tR9-ts=w163-h92-k-no","https://ssl.gstatic.com/local/servicebusiness/default_user.png","""","","","","","","Makanan","juga enak-enak disini, apalagi makannya pas lagi laper 😀."""
"https://www.google.com/maps/place/Warung+SONGDJI+%28Kuliner+Komplit%29/data=!4m7!3m6!1s0x2dd7fb4a86f579ed:0x95fa575bc9629d8c!8m2!3d-7.2703899!4d112.7606009!16s%2Fg%2F11gjtxvyx5!19sChIJ7Xn1hkr71y0RjJ1iyVtX-pU?authuser=0&hl=id&rclk=1","Warung SONGDJI (Kuliner Komplit)","4,7","(230)","·","Rp 1–25.000","Kedai Kopi","·","·","Buka","· Tutup pukul 23.00","https://lh3.googleusercontent.com/gps-cs-s/APNQkAFt4hZKsfb9TDeEYmA5p5Hz-EsXnn3DR-e9QvdRF3I_AVSdmvkehgCcyoyKaza90AafumYhXR-aOs8gkufRAR9exrKP38yJZrxGJYGryNaqIpP7UNg0bPFUULygY4BjBpcEw_Bu=w80-h106-k-no","https://ssl.gstatic.com/local/servicebusiness/default_user.png","""Mantap ada bakso yg enak dipojokan""","","Jl. Karang Menjangan No.81, RT.005/RW.07","","","","",""
"https://www.google.com/maps/place/Sun+Sun+Kedai+Makan+dan+Kopi/data=!4m7!3m6!1s0x2dd7fb92e51eef37:0x8aa4e41b40be7d7c!8m2!3d-7.2758818!4d112.7599079!16s%2Fg%2F11v5z1sm5b!19sChIJN-8e5ZL71y0RfH2-QBvkpIo?authuser=0&hl=id&rclk=1","Sun Sun Kedai Makan dan Kopi","4,7","(339)","·","Rp 1–25.000","Kedai Kopi","·","Jl. Karang Menur No.22","Buka","· Tutup pukul 23.00","https://lh3.googleusercontent.com/gps-cs-s/APNQkAEy0XYtAQICR32inmGU1FpKlaS5yl1szQ7hweUtt2v2aFm-yK416PSuRvJCVf-Qf3FRL2lAyooBCWleLgRj_vQY5_9MzoYpHBHu0a0CsQXx36iNsk6KAS_xiiEN0IUstr417dzZ_NMAvGUk=w80-h141-k-no","https://ssl.gstatic.com/local/servicebusiness/default_user.png","""nasi ayam kungpao nya crunchy sekalii & teh tariknya enak bgt!""","","","","","","",""
"https://www.google.com/maps/place/Ayam+Kremes+Suroboyo+karmen+pitu+wolu/data=!4m7!3m6!1s0x2dd7fbc50c8f872b:0x6c000ad90b63a070!8m2!3d-7.2720832!4d112.7610346!16s%2Fg%2F11h32x474k!19sChIJK4ePDMX71y0RcKBjC9kKAGw?authuser=0&hl=id&rclk=1","Ayam Kremes Suroboyo karmen pitu wolu","4,7","(1.129)","·","Rp 1–25.000","Ayam","·","Jl. Karang Menjangan No.78, RT.001/RW.08","Buka","· Tutup pukul 21.30","https://lh3.googleusercontent.com/gps-cs-s/APNQkAHJrP48BNdkj8zKxpz7WAnnqG-hhPoKbgY5A3egkhqhBOMKHM61_uKMBr2DC9IfEMjJQkxcSXLb6k0Vs0pnlTwBlENxtz80ipO-TghBAC98Akzc5vWarBc6Lwo1mZL30aoD8LyI=w122-h92-k-no","https://ssl.gstatic.com/local/servicebusiness/default_user.png","""Makanannya, menurut saya, rasanya enak, dan harganya terjangkau.""","","","","","","",""
"https://www.google.com/maps/place/Warung+Makan+Tegal+Aero/data=!4m7!3m6!1s0x2dd7fb98c4bd510d:0xdbf8e70f8f8d4c00!8m2!3d-7.272211!4d112.761565!16s%2Fg%2F11tdzsgcqc!19sChIJDVG9xJj71y0RAEyNjw_n-Ns?authuser=0&hl=id&rclk=1","Warung Makan Tegal Aero","4,4","(92)","·","Rp 1–25.000","Tegal","·","·","Buka 24 jam","","https://lh3.googleusercontent.com/gps-cs-s/APNQkAH8XmUV63LfBh8AQabJNsYi37MuYlpT7Jo0OjmOpUt1LH45IbvxBZb9pgLfL2PQo0gF1mUdzBkBpYCVlH399DxgHJIiymz0yeLszzaxwy0CcEO4osU-8VYdkErZ-RHzRH4tVuDP=w163-h92-k-no","https://ssl.gstatic.com/local/servicebusiness/default_user.png","""Enak makanannya..
Harga oke banget..
Murah meriah...""","","Jl. Jojoran I No.2a","","","","",""
"https://www.google.com/maps/place/Warung+Makan+Lesehan+Bu+Mar/data=!4m7!3m6!1s0x2dd7fbedbbb52635:0xd42b70b87cd53456!8m2!3d-7.2717088!4d112.7541279!16s%2Fg%2F11g19r0qfx!19sChIJNSa1u-371y0RVjTVfLhwK9Q?authuser=0&hl=id&rclk=1","Warung Makan Lesehan Bu Mar","4,6","(161)","·","Rp 1–25.000","Rumah Makan","·","·","Buka","· Tutup pukul 19.30","https://lh3.googleusercontent.com/gps-cs-s/APNQkAH1vu2qGRD5HjmEaT1ubFCq12kxHUrEUDzZ-Gb8gh7D6qn4PqqIVGkOPlZ126fioBcV_9IaHXF1FaLm4SVLmOqRbFHD7jcBGL2u1hNcYVZPo92JriO1y28Y-2PvtIrgg2p4l0k=w122-h92-k-no","https://ssl.gstatic.com/local/servicebusiness/default_user.png","""","","Jl. Gubeng Jaya II No.61","","","","Makanan","nya enak harganya murah"""
"https://www.google.com/maps/place/Sego+Sambel+Ho-Ha+GTLC/data=!4m7!3m6!1s0x2dd7fbd15b1c9391:0xfc531c12919d14dd!8m2!3d-7.2745922!4d112.7552301!16s%2Fg%2F1hf35z88v!19sChIJkZMcW9H71y0R3RSdkRIcU_w?authuser=0&hl=id&rclk=1","Sego Sambel Ho-Ha GTLC","4,4","(600)","·","Rp 1–25.000","Jawa","·","·","Buka","· Tutup pukul 22.00","https://lh3.googleusercontent.com/gps-cs-s/APNQkAGrCN8cfK-1MZdSzb3-gKTNXWjKFRgy_NMhdQp1zUBpVOXqNZfiRCGOPTKlPsQ2BTco_NUr-GfuYeCUPsTpu_aGzCvauFuPAeTdezRuAhtrynHcAUmqwNhhrnNQ88ohSFLAOOui=w122-h92-k-no","https://ssl.gstatic.com/local/servicebusiness/default_user.png","""Nasi Sambel Pe Telor Tempe..plus sambal pedas""","","Jl. Gubeng Kertajaya VII Raya No.70","https://www.google.com/searchviewer/42?cvd=CLw_EiYKJOICITIfEhgiFtLX29IPEAoML2cvMWhmMzV6ODh2GAE6AwjwDQ%3D%3D&hl=id-ID&gl=id&fo_m=MfohQo559jFvMUOzJVpjPL1YMfZ3bInYwBDuMfaXTPp5KXh-&utm_source=tactile&gei=MTD3aYD7CfiG4-EP7ZXP6Q0&ei=MTD3aYD7CfiG4-EP7ZXP6Q0&fo_s=OA&opi=79508299&orderType=1&ebb=1&cs=0&foub=mcpp","Pesan online","","",""
"https://www.google.com/maps/place/Spesial+Belut+Bu+Yuli/data=!4m7!3m6!1s0x2dd7fbcce4403fab:0xbad55b42431d18ef!8m2!3d-7.2788937!4d112.7607022!16s%2Fg%2F11dz_xsl6j!19sChIJqz9A5Mz71y0R7xgdQ0Jb1bo?authuser=0&hl=id&rclk=1","Spesial Belut Bu Yuli","4,5","(2.369)","·","Rp 25–50 rb","Restoran","·","·","Buka","· Tutup pukul 22.00","https://lh3.googleusercontent.com/gps-cs-s/APNQkAFYl7XSKVe9SqTFij-P4D7f2aASe-tgjWexDTAExUjmPLnvoyXfPn8klZHYVQ4JfCs5MD1glsFl5lghgo8yoDIEpYb7_YrfdOvIDXZMxS3KjhMODraTiRiofVw_BbiV7dwUR3g0=w80-h106-k-no","https://ssl.gstatic.com/local/servicebusiness/default_user.png","""Belut goreng crispy nya TOP sambal bawangnya Enak POLL.""","","Jl. Kertajaya No.173A","","","","",""
"https://www.google.com/maps/place/Depot+Cak+Win/data=!4m7!3m6!1s0x2dd7fbcd6a881939:0x5921cd3aafe11214!8m2!3d-7.2771498!4d112.7613594!16s%2Fg%2F1hm5sc0md!19sChIJORmIas371y0RFBLhrzrNIVk?authuser=0&hl=id&rclk=1","Depot Cak Win","4,4","(2.130)","·","Rp 25–50 rb","China","·","·","Buka","· Tutup pukul 20.00","https://lh3.googleusercontent.com/gps-cs-s/APNQkAF6jMy2_EQ_Vh8lgg5SDuIBCHX8Q7gpE2OJntDxS4EBT0WWB4pgVh2B6U_AQ2-D-e50-vyjBJ_dwK49rq8FxtKsRDpRdP8KLH2roGSTqG_eY2owYJ14StJjVFdtO85Cn8X-F7NZ=w80-h106-k-no","https://ssl.gstatic.com/local/servicebusiness/default_user.png","""recommended nasi goreng seafood nya + fuyung Hay nya josss.""","","Jl. Gubeng Kertajaya XIII E No.33, RT.06/RW.06","","","","",""
"https://www.google.com/maps/place/Ayam+Kremes+%26+Soto+Suroboyo/data=!4m7!3m6!1s0x2dd7fbcdfdb1ee0d:0xd59a31db9b2cdd83!8m2!3d-7.276653!4d112.757084!16s%2Fg%2F11cnpjnjx_!19sChIJDe6x_c371y0Rg90sm9sxmtU?authuser=0&hl=id&rclk=1","Ayam Kremes & Soto Suroboyo","4,7","(1.969)","·","Rp 1–25.000","Restoran","·","·","Buka","· Tutup pukul 22.00","https://lh3.googleusercontent.com/gps-cs-s/APNQkAEC6lYiv1LVGr7mdnzi9BKR1ZXC_etmczmrF5seRi3gC1xO8EN9RbZpUXJ_ATgFYW-7Rf78O-VMVS8LNNQnwXJ_4diuGNTlArlu6lkJ--KD2_DLVOlOsO0_5Gq9k55ZhzVG6NxFYQ=w122-h92-k-no","https://ssl.gstatic.com/local/servicebusiness/default_user.png","""Ayam kremesnya enak, murah, sambelnya enak tapi kurang pedes.""","","Jl. Gubeng Kertajaya VII C No.56","","","","",""
"https://www.google.com/maps/place/Depot+Mustikarasa/data=!4m7!3m6!1s0x2dd7fb36a098586f:0x36fd7e893007c850!8m2!3d-7.2756286!4d112.7573724!16s%2Fg%2F11v_8y556v!19sChIJb1iYoDb71y0RUMgHMIl-_TY?authuser=0&hl=id&rclk=1","Depot Mustikarasa","4,8","(296)","·","Rp 1–25.000","Makanan Kecil","·","Jl. Gubeng Kertajaya IX Raya No.46","Buka","· Tutup pukul 23.00","https://lh3.googleusercontent.com/gps-cs-s/APNQkAH5gQlqsZ7xgXqSkDy1ULBjFfGiQ-R11gdAkGpP5ZsvMXE8bEDvZ7UOaAn2aOBnyH86PoCbocDxXbqupo8BC558jGEfb1MkgL7fRtlk9x7z9Th1hXEjugza9nRrH4vmKu86x22tVw=w163-h92-k-no","https://ssl.gstatic.com/local/servicebusiness/default_user.png","""Kereeeeeenn ini enak banget","","","","","","makanan","dan minumannya harganya juga murah"""
"https://www.google.com/maps/place/Warung+Prasmanan+Shafira/data=!4m7!3m6!1s0x2dd7fbd02cb28525:0xa0fb6203e75de12a!8m2!3d-7.2743434!4d112.7527633!16s%2Fg%2F11bwf7_t8n!19sChIJJYWyLND71y0RKuFd5wNi-6A?authuser=0&hl=id&rclk=1","Warung Prasmanan Shafira","4,6","(571)","·","Rp 1–25.000","Prasmanan","·","·","Tutup","· Buka Sen pukul 06.00","https://lh3.googleusercontent.com/gps-cs-s/APNQkAESYIOW5eu_KnGnXYyLH5NvZUww4bKOIHL0a-mUn_iKryXz-t22XlcWgZp-BxSZXKx-eKhfINTJmf40Xn-2EnQ-mMhXLz8pskAtw6FngvTQZK29fdG6vaTUeyKyHeV00jCrl5v5kA=w122-h92-k-no","https://ssl.gstatic.com/local/servicebusiness/default_user.png","""Banyak menu pilihannya, enak dan murah juga bersih..""","","Jl. Gub. Kertajaya V Raya No.37","","","","",""
"https://www.google.com/maps/place/Depot+Slamet/data=!4m7!3m6!1s0x2dd7f97df8943357:0x7ce7975a766ef034!8m2!3d-7.2660748!4d112.7563232!16s%2Fg%2F11rs17fdy!19sChIJVzOU-H351y0RNPBudlqX53w?authuser=0&hl=id&rclk=1","Depot Slamet","4,4","(3.663)","·","Rp 25–50 rb","China","·","·","Buka","· Tutup pukul 21.00","https://lh3.googleusercontent.com/gps-cs-s/APNQkAH1tT1aWmYTxt7oBX9fvQzbFWgo0wto1TcXjCdo5MB0Hh4VRlEB2fNJjk8bA5I89_sovUUDIraz0uIZtD3cArflgXhb2ewQcxyXXM1mo93xFflj39EnWuOTt-IiVzW6BN320Wvd=w163-h92-k-no","https://ssl.gstatic.com/local/servicebusiness/default_user.png","""makananya enak bgt, porsi jumbo, tempatnya bersih, pelayanannya satset!""","","Jl. Dharmahusada No.6B","https://www.google.com/searchviewer/42?cvd=CLw_EiYKJOICITIfEhgiFtLX29IPEAoML2cvMTFyczE3ZmR5GAE6AwjwDQ%3D%3D&hl=id-ID&gl=id&fo_m=MfohQo559jFvMUOzJVpjPL1YMfZ3bInYwBDuMfaXTPp5KXh-&utm_source=tactile&gei=MTD3aYD7CfiG4-EP7ZXP6Q0&ei=MTD3aYD7CfiG4-EP7ZXP6Q0&fo_s=OA&opi=79508299&orderType=1&ebb=1&cs=0&foub=mcpp","Pesan online","","",""
"https://www.google.com/maps/place/Rasa+Ramen/data=!4m7!3m6!1s0x2dd7fb002e7d6a49:0x665e650e3a8f66b3!8m2!3d-7.2770554!4d112.7522543!16s%2Fg%2F11y8sqsyjb!19sChIJSWp9LgD71y0Rs2aPOg5lXmY?authuser=0&hl=id&rclk=1","Rasa Ramen","4,8","(440)","·","Rp 1–25.000","Ramen","·","Jl. Gub. Kertajaya V Raya No.5","Buka","· Tutup pukul 21.00","https://lh3.googleusercontent.com/gps-cs-s/APNQkAGL8CkSKylFw0dvha6eDDoSBmnwAsaNFXLvNcaAzTcQ0B3oH5cID_VgvHJX-ETWKU6_ZvIaZh2XTGOdezP1cfjCIknJgVFRwFSQGVCdmk7XKg57dkH-TT-6tk73ZyWd8YBuMtmHr-cm268=w80-h106-k-no","https://ssl.gstatic.com/local/servicebusiness/default_user.png","""makanannya enak banget dan affordable, cocok buat kantong mahasiswa.""","","","","","","",""
"https://www.google.com/maps/place/SRIKANA+FOOD+WALK/data=!4m7!3m6!1s0x2dd7fb0075e7c6cd:0x17830b09db6af09d!8m2!3d-7.2737424!4d112.7566622!16s%2Fg%2F11w33m2xll!19sChIJzcbndQD71y0RnfBq2wkLgxc?authuser=0&hl=id&rclk=1","SRIKANA FOOD WALK","5,0","(23)","·","Rp 1–25.000","Indonesia","·","Jl. Srikana No.51-63","Buka","· Tutup pukul 23.59","https://lh3.googleusercontent.com/gps-cs-s/APNQkAFkhI6ZpjTe7oy2utDB93u0Cdne3ZGVNHPtDpMhsOReeAF7PHfr0XVWaVmNm7HtTH54UzWD7lLYWe9yj2JM8HkA4Cvq5i18rFiArW38Obi66wq6Zr41k5Ez69c6QeOxLiLYG4OVskWxBhY=w80-h141-k-no","https://ssl.gstatic.com/local/servicebusiness/default_user.png","""Banyak pilihan","","","","","","makanan",", walaupun murah tp rasanya tetep enak."""
"https://www.google.com/maps/place/Kedai+Srikana/data=!4m7!3m6!1s0x2dd7fbd22927f29d:0x21f9151f9406596a!8m2!3d-7.274258!4d112.757379!16s%2Fg%2F11c3ts1_xz!19sChIJnfInKdL71y0RalkGlB8V-SE?authuser=0&hl=id&rclk=1","Kedai Srikana","4,6","(31)","·","Rp 1–25.000","Restoran","·","·","Buka","· Tutup pukul 21.00","https://lh3.googleusercontent.com/gps-cs-s/APNQkAHL-7RRFfl6ppVtWL0zfmFxkDC9VYtx80Kf-9CXX-tlOqEUHaTRw-MYSLK-qHFzqYL6w3rbyaxMo621Ern7kQDATRsmezL7q2gkXo_K6NQtQPOSTNF2uznUQCW6-lrh9S-QbJip=w122-h92-k-no","https://ssl.gstatic.com/local/servicebusiness/default_user.png","""Ayam bakar ter-enak dan ter-murah se-surabaya!!!""","","Jl. Srikana No.56","","","","",""
"https://www.google.com/maps/place/Warung+Anda/data=!4m7!3m6!1s0x2dd7fbd0cc361797:0x72cc6d99a4bdc28f!8m2!3d-7.2717247!4d112.752896!16s%2Fg%2F11f1l87jlg!19sChIJlxc2zND71y0Rj8K9pJltzHI?authuser=0&hl=id&rclk=1","Warung Anda","4,6","(87)","","","Jawa","·","·","Tutup","· Buka Sen pukul 09.00","https://lh3.googleusercontent.com/gps-cs-s/APNQkAH6jHJUO0cTxSp5sUDJZu02khvEmkc2lRKcWR1IuEQf3Zsb-Xad5bpBF_AjuAmMJvbvC4TpANa1JKkBnvIne2e1YDcjE_0wSq1GmF-jBLxTsXiyPMA6_J0zs6cRAWd6O2QUxOEiHA=w163-h92-k-no","https://ssl.gstatic.com/local/servicebusiness/default_user.png","""","","Jl. Gubeng Jaya II No.30","","","","Makanan","rumahan cocok di lidah"""
"https://www.google.com/maps/place/Halim+Restaurant/data=!4m7!3m6!1s0x2dd7fbcdd8610cb5:0x94b23ce99f18a23!8m2!3d-7.2782845!4d112.7575782!16s%2Fg%2F1tlnst93!19sChIJtQxh2M371y0RI4rxmc4jSwk?authuser=0&hl=id&rclk=1","Halim Restaurant","4,2","(1.389)","·","$$","China","·","·","Buka","· Tutup pukul 21.00","https://lh3.googleusercontent.com/gps-cs-s/APNQkAFpUkMtMCdOXpfnyXT03I3Kdr_MXUD56LJlkeKKHyz3u_NpYZ__uhxYt-RYiF7KbSbHtRLuTj66e8wH0GiQDgYjh6tl49NEuj8-9NRS2WcXSMUZIXJQUJGYGlFvtq5rRfd6iCbN=w122-h92-k-no","https://ssl.gstatic.com/local/servicebusiness/default_user.png","""𝕸𝖊𝖓𝖚 𝖑𝖊𝖓𝖌𝖐𝖆𝖕, 𝖒𝖆𝖘𝖆𝖐𝖆𝖓 𝖊𝖓𝖆𝖐, 𝖍𝖆𝖗𝖌𝖆 𝖙𝖊𝖗𝖏𝖆𝖓𝖌𝖐𝖆𝖚.""","","Jl. Kertajaya No.111-113","https://www.google.com/searchviewer/42?cvd=CLw_EiUKI-ICIDIeEhciFdLX29IPDwoLL2cvMXRsbnN0OTMYAToDCPAN&hl=id-ID&gl=id&fo_m=MfohQo559jFvMUOzJVpjPL1YMfZ3bInYwBDuMfaXTPp5KXh-&utm_source=tactile&gei=MzD3acHgDtHo4-EPrOrg2Q4&ei=MzD3acHgDtHo4-EPrOrg2Q4&fo_s=OA&opi=79508299&orderType=1&ebb=1&cs=0&foub=mcpp","Pesan online","","",""
"https://www.google.com/maps/place/Depot+%22Chi-Ki%22+Bu+Liem/data=!4m7!3m6!1s0x2dd7fbce1fb97dd3:0xd376fc2a16fd9e09!8m2!3d-7.2764484!4d112.7556393!16s%2Fg%2F11b6dw08nr!19sChIJ0325H8771y0RCZ79Fir8dtM?authuser=0&hl=id&rclk=1","Depot ""Chi-Ki"" Bu Liem","4,5","(221)","·","Rp 25–50 rb","Nasi Goreng","·","·","Buka","· Tutup pukul 19.30","https://lh3.googleusercontent.com/gps-cs-s/APNQkAG50TFC8sT7txaIpp52H8xi-V9tEXyKTx6KAxMMVizCe0sXiQDfLJWFct1OiKDqrvejpdLDrwDCrsqUqNRoInUl4fMq2sscZo3vSvHXl_MWxx3XjjsJdsXkzWh4PWR-baD3GwIX=w163-h92-k-no","https://ssl.gstatic.com/local/servicebusiness/default_user.png","""Nasi goreng babat tahu pong nya jossss""","","Jalan Gubeng Kertajaya No.7c No. 20, Airlangga, Gubeng","https://www.google.com/searchviewer/42?cvd=CLw_EicKJeICIjIgEhkiF9LX29IPEQoNL2cvMTFiNmR3MDhuchgBOgMI8A0%3D&hl=id-ID&gl=id&fo_m=MfohQo559jFvMUOzJVpjPL1YMfZ3bInYwBDuMfaXTPp5KXh-&utm_source=tactile&gei=MzD3acHgDtHo4-EPrOrg2Q4&ei=MzD3acHgDtHo4-EPrOrg2Q4&fo_s=OA&opi=79508299&orderType=1&ebb=1&cs=0&foub=mcpp","Pesan online","","",""
"https://www.google.com/maps/place/Ronde+Moon+Moon/data=!4m7!3m6!1s0x2dd7fbd1e48459e5:0xf18d7f54ec3493a9!8m2!3d-7.2758983!4d112.7559411!16s%2Fg%2F1jkyd7xgp!19sChIJ5VmE5NH71y0RqZM07FR_jfE?authuser=0&hl=id&rclk=1","Ronde Moon Moon","4,2","(477)","·","Rp 25–50 rb","Indonesia","·","·","Buka","· Tutup pukul 22.00","https://lh3.googleusercontent.com/gps-cs-s/APNQkAGxp0A337KUbdM9kfFj9-TJdGY50bwjovTojjtUZ-XBP00p0tRz1mf99_dVcDzmXH4UI6yu8vwKwkU2DpQS136pwbL4LowfYqJeI8LkW8qajLsJ5YTf2SGnqWmSl-rd3Po1U-lAgA=w138-h92-k-no","https://ssl.gstatic.com/local/servicebusiness/default_user.png","""Rasa enak tapi biasa aja bukan yang enak banget.""","","Jl. Dharmawangsa No.130","https://www.google.com/searchviewer/42?cvd=CLw_EiYKJOICITIfEhgiFtLX29IPEAoML2cvMWpreWQ3eGdwGAE6AwjwDQ%3D%3D&hl=id-ID&gl=id&fo_m=MfohQo559jFvMUOzJVpjPL1YMfZ3bInYwBDuMfaXTPp5KXh-&utm_source=tactile&gei=MzD3acHgDtHo4-EPrOrg2Q4&ei=MzD3acHgDtHo4-EPrOrg2Q4&fo_s=OA&opi=79508299&orderType=1&ebb=1&cs=0&foub=mcpp","Pesan online","","",""
"https://www.google.com/maps/place/Warung+Makan+AERO+BANGKIT+24+Jam/data=!4m7!3m6!1s0x2dd7fb8067a33667:0xa6df86d4bcea47b3!8m2!3d-7.2769123!4d112.7557798!16s%2Fg%2F11l77rx31s!19sChIJZzajZ4D71y0Rs0fqvNSG36Y?authuser=0&hl=id&rclk=1","Warung Makan AERO BANGKIT 24 Jam","4,1","(41)","·","Rp 1–25.000","Tegal","·","PQF4+775, Jl. Gubeng Kertajaya","Buka 24 jam","","https://lh3.googleusercontent.com/gps-cs-s/APNQkAGbQ4imGTwGhfG1Quo6pIVNkKPOMh7nooWW8QolbFipDKfeaM0GiNQph6TX4e2HVkjYgY6T8BZbrrieK3QR446fwXO97F1fQv4Jm9j2q3-iuyYi3OpTM7mEtWrrjhyTP96c5wI=w122-h92-k-no","https://ssl.gstatic.com/local/servicebusiness/default_user.png","""Enak, murah, pelayanan oke""","","","","","","",""
"https://www.google.com/maps/place/Warung+Makan+Bu+Titis/data=!4m7!3m6!1s0x2dd7fbd7d3325f99:0xccb6835dfead670d!8m2!3d-7.266751!4d112.753933!16s%2Fg%2F11g8w8825x!19sChIJmV8y09f71y0RDWet_l2Dtsw?authuser=0&hl=id&rclk=1","Warung Makan Bu Titis","4,8","(20)","","","Tegal","·","·","Tutup","· Buka Sel pukul 11.00","https://lh3.googleusercontent.com/gps-cs-s/APNQkAFueaSsUrX1ZeG1ik2w25Lr5lLzYP_Ei9gMT_90E48paQDcas2uL8GUbgHc6cpcW3WkjZTXrqX69_CZ-r-Rc6RvynuzcrMMeO6Db4uJ6WONmTbQHZgSK6TWfe4D97v3Kqu5xbZCdg=w163-h92-k-no","https://ssl.gstatic.com/local/servicebusiness/default_user.png","""Terdapat gado-gado, rujak uleg, rusak pasrah, mie ayam, lontong mie.""","","Gubeng Masjid I No.18","","","","",""
"https://www.google.com/maps/place/Warung+Makan+SK/data=!4m7!3m6!1s0x2dd7fb676d131b01:0x13be9d344ec9f7ba!8m2!3d-7.2703948!4d112.7563045!16s%2Fg%2F11tsc_kyxn!19sChIJARsTbWf71y0RuvfJTjSdvhM?authuser=0&hl=id&rclk=1","Warung Makan SK","2,8","(79)","·","Rp 1–25.000","Indonesia","·","PQH4+RGM, Jl. Dharmawangsa Dalam","Buka 24 jam","","https://lh3.googleusercontent.com/gps-cs-s/APNQkAF5ls0_CGK_fsVWhgtyQkO01CMntlQ5y5YbYz1E4YHaLSH1jFyQoegflwhUxUo-xbuJqT_b3qDh4C1h5_0VTXZ4JO47h3lgmyy8guPFp86wLi1B9XtrTaGWzMWQyXp4L1z0o5QThQ=w122-h92-k-no","https://ssl.gstatic.com/local/servicebusiness/default_user.png","""Pilihan menu","","","","","","makanan","lumayan banyak, harga juga murah."""
"https://www.google.com/maps/place/Warung+Lestari/data=!4m7!3m6!1s0x2dd7fbd51a53fd0b:0xfc7f7263d86582bd!8m2!3d-7.26804!4d112.7611173!16s%2Fg%2F1hf2vv3r2!19sChIJC_1TGtX71y0RvYJl2GNyf_w?authuser=0&hl=id&rclk=1","Warung Lestari","4,5","(86)","·","Rp 1–25.000","Jawa","·","·","Tutup","· Buka Sen pukul 05.00","https://lh3.googleusercontent.com/gps-cs-s/APNQkAFoFjV8fypJuV4-GXXEIA5jiYDyh4IgnWwaF4-_YaZ_do0vIg8XyL92YIvuOI_X_LhYWoCVj_RFSOc_tLSFX_Z8x4ETl68zfJYOwjzpce3B3D39FskW76HOfR-c-4gQdpg-1wHn9w=w163-h92-k-no","https://ssl.gstatic.com/local/servicebusiness/default_user.png","""Masakannya enak semua, terutama rawon, urap dan pare pake telur dadar.""","","Jl. Karang Menjangan No.37","","","","",""
"https://www.google.com/maps/place/Kluwen+Ayam+Geprek+Oatmeal+Surabaya/data=!4m7!3m6!1s0x2dd7fb0047597a5b:0xf563c35535d8579f!8m2!3d-7.2757864!4d112.7613306!16s%2Fg%2F11x22wphc9!19sChIJW3pZRwD71y0Rn1fYNVXDY_U?authuser=0&hl=id&rclk=1","Kluwen Ayam Geprek Oatmeal Surabaya","4,9","(46)","·","Rp 1–25.000","Restoran","·","Jl. Karang Menur Timur No.17, RT.08/RW.07","Buka","· Tutup pukul 22.00","https://lh3.googleusercontent.com/gps-cs-s/APNQkAHzZcVtNGS6xbLTreVQhbwRA76XiwlWdUXp9chNgA2sonoEelgNMM570Q3TyyS62Ws7NeG-7OXtVsKI8TiVbAeXwnY5QOA2e2lOXE4RMqvxbQUePM-I2WgspTZKu6M54ZEWqXVAZxOIGtM=w80-h142-k-no","https://ssl.gstatic.com/local/servicebusiness/default_user.png","""Rasa ayamnya uenak dan tempatnya asik buat makan sambil berbincang.""","","","https://www.google.com/searchviewer/42?cvd=CLw_EicKJeICIjIgEhkiF9LX29IPEQoNL2cvMTF4MjJ3cGhjORgBOgMI8A0%3D&hl=id-ID&gl=id&fo_m=MfohQo559jFvMUOzJVpjPL1YMfZ3bInYwBDuMfaXTPp5KXh-&utm_source=tactile&gei=MzD3acHgDtHo4-EPrOrg2Q4&ei=MzD3acHgDtHo4-EPrOrg2Q4&fo_s=OA&opi=79508299&orderType=1&ebb=1&cs=0&foub=mcpp","Pesan online","","",""
"https://www.google.com/maps/place/Warung+Nasi+Gudeg+Bu+Arif+Prasmanan/data=!4m7!3m6!1s0x2dd7fbcd31ed07cb:0xdc7f2e7659effc1b!8m2!3d-7.2779499!4d112.7624716!16s%2Fg%2F1hm2jxh3x!19sChIJywftMc371y0RG_zvWXYuf9w?authuser=0&hl=id&rclk=1","Warung Nasi Gudeg Bu Arif Prasmanan","4,5","(375)","·","Rp 1–25.000","Jawa","·","Jl. Raya Menur No.31","Tutup","· Buka Sen pukul 06.00","https://lh3.googleusercontent.com/gps-cs-s/APNQkAGGWGSRt9GshBOZDd2QWBaew0zCnMqPX92mm4dM2hXMBUsk8JrkR1CZkt-m1EqyCsgOhcTW4bWeULFAmg2dyOQ-fp-KHKNlghFknKgc_CJGqw84xHLr6bUMyjZjkbLPpHvF148X=w138-h92-k-no","https://ssl.gstatic.com/local/servicebusiness/default_user.png","""Bayam, sup, bali tahu telur, dadar, ceplok, oseng oseng tempe.""","","","https://www.google.com/searchviewer/42?cvd=CLw_EiYKJOICITIfEhgiFtLX29IPEAoML2cvMWhtMmp4aDN4GAE6AwjwDQ%3D%3D&hl=id-ID&gl=id&fo_m=MfohQo559jFvMUOzJVpjPL1YMfZ3bInYwBDuMfaXTPp5KXh-&utm_source=tactile&gei=MzD3acHgDtHo4-EPrOrg2Q4&ei=MzD3acHgDtHo4-EPrOrg2Q4&fo_s=OA&opi=79508299&orderType=1&ebb=1&cs=0&foub=mcpp","Pesan online","","",""
"https://www.google.com/maps/place/Seblak+Aulia+Khas+Bandung+-+Gubeng+Airlangga/data=!4m7!3m6!1s0x2dd7fbd144ac6381:0x7268cfe09e8b58e1!8m2!3d-7.2722599!4d112.7562448!16s%2Fg%2F11d_87cg58!19sChIJgWOsRNH71y0R4ViLnuDPaHI?authuser=0&hl=id&rclk=1","Seblak Aulia Khas Bandung - Gubeng Airlangga","4,6","(421)","·","Rp 1–25.000","Seblak","·","·","Buka","· Tutup pukul 21.00","https://lh3.googleusercontent.com/gps-cs-s/APNQkAGVAEm7QrFG1ZJoMkP_Epb1zPPOmh18GSAlVbjFbGaXosNE2yPQPPL8w3APsJmd8Nsb5MZzCVybN6tW8iSOUhmL5117R6HH67S3SCTEhCXq9PxlVsRy_Sh8P2x5X8LNQgqOCWsG=w122-h92-k-no","https://ssl.gstatic.com/local/servicebusiness/default_user.png","""","","PQH4+3FX, Jl. Gubeng Airlangga II","","","","Makanan","khas Bandung, harga sangat terjangkau cuman belasan ribu saja."""
"https://www.google.com/maps/place/Mie+Hokkian+Rejeki+-+Profesor+DR.+Moestopo/data=!4m7!3m6!1s0x2dd7f97dfa1d2423:0x64507f1c9e10a35e!8m2!3d-7.2660273!4d112.7563667!16s%2Fg%2F1hm2msn9p!19sChIJIyQd-n351y0RXqMQnhx_UGQ?authuser=0&hl=id&rclk=1","Mie Hokkian Rejeki - Profesor DR. Moestopo","4,4","(47)","·","Rp 50–75 rb","Mi","·","Jl. Prof. DR. Moestopo No.6a","Buka","· Tutup pukul 21.00","https://lh3.googleusercontent.com/gps-cs-s/APNQkAH8v_bXrVElfkODalU5puljfjb517Z0b4NQ0uSnB86UlJMHTxewSiTKNBp_u1eZyiJHFjuyYzcXBCKXJtsHuzvdTkgyBRZcZF1Z-ybQFM_UaXa_xZuaQyPn8blsljYvwB-4XynsxgvJGUkU=w122-h92-k-no","https://ssl.gstatic.com/local/servicebusiness/default_user.png","""Bakmie gr terenak menurutku.menu lainya juga recomended""","","","","","","",""
"https://www.google.com/maps/place/Rumah+Keena/data=!4m7!3m6!1s0x2dd7fbe74a19e331:0xe201aae7cf1c1500!8m2!3d-7.2744373!4d112.7592752!16s%2Fg%2F11t5y2kgww!19sChIJMeMZSuf71y0RABUcz-eqAeI?authuser=0&hl=id&rclk=1","Rumah Keena","4,7","(277)","·","Rp 25–50 rb","Kafe","·","Jl. Srikana No.144","Buka","· Tutup pukul 23.00","https://lh3.googleusercontent.com/gps-cs-s/APNQkAHtJ1nM53xormZozY41A9dMCXBsR0GvbkP90hyfihZ_ZkrkX51HeO0f0patMpvsu7WbRJ0nGpnjX9uMZgJFYOWot0q_RpqnRWahDg8LfUj9V0ZvMqa_VSYMasqYthkTJeZXwMA=w80-h106-k-no","https://ssl.gstatic.com/local/servicebusiness/default_user.png","""Makanannya harganya affordable,suananya enak cuma ac nya kurang dingin""","","","https://www.google.com/searchviewer/42?cvd=CLw_EicKJeICIjIgEhkiF9LX29IPEQoNL2cvMTF0NXkya2d3dxgBOgMI8A0%3D&hl=id-ID&gl=id&fo_m=MfohQo559jFvMUOzJVpjPL1YMfZ3bInYwBDuMfaXTPp5KXh-&utm_source=tactile&gei=MzD3acHgDtHo4-EPrOrg2Q4&ei=MzD3acHgDtHo4-EPrOrg2Q4&fo_s=OA&opi=79508299&orderType=1&ebb=1&cs=0&foub=mcpp","Pesan online","","",""
"https://www.google.com/maps/place/Mie+AYAM+YAMIN+Jakarta+Cak+Hendrat/data=!4m7!3m6!1s0x2dd7fbebd16a2d69:0x2ef5955759c32bf2!8m2!3d-7.2710826!4d112.7538405!16s%2Fg%2F11mvw6ryts!19sChIJaS1q0ev71y0R8ivDWVeV9S4?authuser=0&hl=id&rclk=1","Mie AYAM YAMIN Jakarta Cak Hendrat","4,4","(570)","·","Rp 1–25.000","Mi","·","·","Buka","· Tutup pukul 21.00","https://lh3.googleusercontent.com/gps-cs-s/APNQkAGAgWOY4HxXw83sgDiEDQqRbRQzW0yXmN-dznzJnmIC8MnVWrS99ww5lNZbmNiUCwk3htIA8UcdbZdG8Pb4vPyU85_HArQiH15UmDSaw20Sk5d23032ScNtV0Igjpp4D7JBKP8=w80-h106-k-no","https://ssl.gstatic.com/local/servicebusiness/default_user.png","""Rasa mienya jg cukup enak, dengan harga 15ribu.""","","Jl. Gubeng Jaya IX No.18B","https://www.google.com/searchviewer/42?cvd=CLw_EicKJeICIjIgEhkiF9LX29IPEQoNL2cvMTFtdnc2cnl0cxgBOgMI8A0%3D&hl=id-ID&gl=id&fo_m=MfohQo559jFvMUOzJVpjPL1YMfZ3bInYwBDuMfaXTPp5KXh-&utm_source=tactile&gei=MzD3acHgDtHo4-EPrOrg2Q4&ei=MzD3acHgDtHo4-EPrOrg2Q4&fo_s=OA&opi=79508299&orderType=1&ebb=1&cs=0&foub=mcpp","Pesan online","","",""
"https://www.google.com/maps/place/NASI+COKOT+YAZEERA/data=!4m7!3m6!1s0x2dd7fb0034f7e50d:0x4950d8dc5fe91675!8m2!3d-7.2677453!4d112.7610859!16s%2Fg%2F11zkfzmm9j!19sChIJDeX3NAD71y0RdRbpX9zYUEk?authuser=0&hl=id&rclk=1","NASI COKOT YAZEERA","5,0","(2)","","","Dapur Umum","·","Jl. Karang Menjangan No.29","Buka","· Tutup pukul 22.00","https://lh3.googleusercontent.com/gps-cs-s/APNQkAF-hNwAI-hNQqJNClTD9or_LDl9RpDQEdrtD2sZTsLaoY7DxDJ6qmoNerCBu5hTQeC4teIE0nKGBT8lH4bX7PyZwifQzCnbAixUG7ijQNhfsMzu7l0XnV_I961fJZ2kX6n9xNH5TIWzpZ9A=w80-h142-k-no","https://ssl.gstatic.com/local/servicebusiness/default_user.png","""Enakk murahh""","","","","","","",""
"https://www.google.com/maps/place/Makanan+rumahan/data=!4m7!3m6!1s0x2dd7fba5ddf14e41:0x79eca1cfa28808f3!8m2!3d-7.2768991!4d112.7583754!16s%2Fg%2F11scq35rqc!19sChIJQU7x3aX71y0R8wiIos-h7Hk?authuser=0&hl=id&rclk=1","Makanan rumahan","5,0","(1)","","","Restoran","·","KOST PUTRI CHIKA, Gubeng Kertajaya IX E No.25a","Buka","· Tutup pukul 20.30","","","Makan di tempat","","","","","","Bawa pulang",""
"https://www.google.com/maps/place/Sate+Pak+Mat+Jami%27i/data=!4m7!3m6!1s0x2dd7fb2584cf7ad5:0x667b5fd9a408567e!8m2!3d-7.2750425!4d112.7622081!16s%2Fg%2F11f624k8v8!19sChIJ1XrPhCX71y0RflYIpNlfe2Y?authuser=0&hl=id&rclk=1","Sate Pak Mat Jami'i","4,4","(270)","·","Rp 25–50 rb","Sate","·","·","Buka","· Tutup pukul 02.00","https://lh3.googleusercontent.com/gps-cs-s/APNQkAEFUoHQucBPSPa4w4JCtMAoRQUCsSydNLhc6K1IAnMK8S2fg7WXf6ieR1MTdH7hbfFJoZ3KIt47L0U_uizBcbM9JtNqO9iHGomL0rpaWA7laGh_wazjVvxMfSjb2YrwXaUtNogZ9Q=w122-h92-k-no","https://ssl.gstatic.com/local/servicebusiness/default_user.png","""Satenya enak..ada sate ayam,sate klopo daging, sate kambing.""","","Jl. Raya Menur No.2c","https://www.google.com/searchviewer/42?cvd=CLw_EicKJeICIjIgEhkiF9LX29IPEQoNL2cvMTFmNjI0azh2OBgBOgMI8A0%3D&hl=id-ID&gl=id&fo_m=MfohQo559jFvMUOzJVpjPL1YMfZ3bInYwBDuMfaXTPp5KXh-&utm_source=tactile&gei=MzD3acHgDtHo4-EPrOrg2Q4&ei=MzD3acHgDtHo4-EPrOrg2Q4&fo_s=OA&opi=79508299&orderType=1&ebb=1&cs=0&foub=mcpp","Pesan online","","",""
"https://www.google.com/maps/place/Bakwan+Sari+Murni+Kalidami/data=!4m7!3m6!1s0x2dd7fbd2b106d7c5:0x5ee42aaad1b5890c!8m2!3d-7.275007!4d112.7622771!16s%2Fg%2F1hm5gfbn2!19sChIJxdcGsdL71y0RDIm10aoq5F4?authuser=0&hl=id&rclk=1","Bakwan Sari Murni Kalidami","4,4","(420)","","","Bakso","·","·","Buka","· Tutup pukul 22.00","https://lh3.googleusercontent.com/gps-cs-s/APNQkAF2kZmvl0XcSMaPugsSTVB5znCtSZOCpsowTodJSdLWUIzSVL2-ZS4eQT2nDu75vAxNxrajXGtVlZUTTJdDhy4ufcw5uHUM16jN_LYkTuBbhr698WlcwrZd6tUJ1NL9xSUQXgpN=w184-h92-k-no","https://ssl.gstatic.com/local/servicebusiness/default_user.png","""Kebantu 1 gorengan lumayan enak.""","","C Jl. Raya Menur No.2","","","","",""
"https://www.google.com/maps/place/Soto+Ayam+Pak+Umar+Kertajaya/data=!4m7!3m6!1s0x2dd7fbce124d5b1b:0xbcfda0ca0b2b0a4c!8m2!3d-7.2772998!4d112.7561402!16s%2Fg%2F11bwhb6j72!19sChIJG1tNEs771y0RTAorC8qg_bw?authuser=0&hl=id&rclk=1","Soto Ayam Pak Umar Kertajaya","4,4","(606)","·","Rp 1–25.000","Soto Ayam","·","·","Buka","· Tutup pukul 03.00","https://lh3.googleusercontent.com/gps-cs-s/APNQkAGzMXLtNIHHxhPyRJKQYaCA1AoIdd_QfyP1JkIW79Phqwvtvxa6gAAX-r4AOw3fhxXMfEuk0Z3ffehoqzZ8myEzJPk1aZOFQ42vSQTIy__q4yIKMH0RrbLX5H-ZqtR-Ovoyjg4b=w122-h92-k-no","https://ssl.gstatic.com/local/servicebusiness/default_user.png","""Soto ayam masakannya maknyus dan ikan ayamnya maksimal rasa dan banyak""","","No Jl. Dharmawangsa No.81A, RT.002/RW.04","","","","",""
"https://www.google.com/maps/place/Kedai+Samarata/data=!4m7!3m6!1s0x2dd7fb1687795065:0xf09e613ddb04edbd!8m2!3d-7.2757764!4d112.7530242!16s%2Fg%2F11xztfqdqb!19sChIJZVB5hxb71y0Rve0E2z1hnvA?authuser=0&hl=id&rclk=1","Kedai Samarata","4,8","(439)","·","Rp 1–25.000","Kedai Kopi","·","Jl. Gubeng Kertajaya V C No.7A","Buka","· Tutup pukul 00.00","https://lh3.googleusercontent.com/gps-cs-s/APNQkAF4XUuUJRfIc5wFVF7LFb8rMKAJxiBMHdzcaIjF-bfhmKvGLZ9cvh41YqHdHCzMlu1dAtcX_7mqnfqQOGYuWdV_ZUGurULhouCm-jx7BTbOuG-nbCU5gAizCPt3aLmtlhp5w9cnZBszgLg=w132-h92-k-no","https://ssl.gstatic.com/local/servicebusiness/default_user.png","""harga terjangkau dan","","","","","","makanan","dan minuman enak enak semua"""
"https://www.google.com/maps/place/Soto+Ayam+Pak+Umar+Kertajaya/data=!4m7!3m6!1s0x2dd7fbce124d5b1b:0xbcfda0ca0b2b0a4c!8m2!3d-7.2772998!4d112.7561402!16s%2Fg%2F11bwhb6j72!19sChIJG1tNEs771y0RTAorC8qg_bw?authuser=0&hl=id&rclk=1","Soto Ayam Pak Umar Kertajaya","4,4","(606)","·","Rp 1–25.000","Soto Ayam","·","·","Buka","· Tutup pukul 03.00","https://lh3.googleusercontent.com/gps-cs-s/APNQkAGzMXLtNIHHxhPyRJKQYaCA1AoIdd_QfyP1JkIW79Phqwvtvxa6gAAX-r4AOw3fhxXMfEuk0Z3ffehoqzZ8myEzJPk1aZOFQ42vSQTIy__q4yIKMH0RrbLX5H-ZqtR-Ovoyjg4b=w122-h92-k-no","https://ssl.gstatic.com/local/servicebusiness/default_user.png","""Soto ayam masakannya maknyus dan ikan ayamnya maksimal rasa dan banyak""","","No Jl. Dharmawangsa No.81A, RT.002/RW.04","","","","",""
"https://www.google.com/maps/place/Sate+Ayam+Ponorogo+Pak+Pandi/data=!4m7!3m6!1s0x2dd7fbce1a26ff39:0x776933aaf0b0191e!8m2!3d-7.2765687!4d112.7547232!16s%2Fg%2F11bxf_tv8w!19sChIJOf8mGs771y0RHhmw8KozaXc?authuser=0&hl=id&rclk=1","Sate Ayam Ponorogo Pak Pandi","4,4","(790)","·","Rp 25–50 rb","Sate","·","·","Buka","· Tutup pukul 22.00","https://lh3.googleusercontent.com/gps-cs-s/APNQkAFYNeS2Y1Hp42pyITad6mRXe-KtGKUzLnUFSrPlCPPPvWURWYQAyO26CGu5Ye9cBF9kVnxN0Mc5UirCrOjfQZvEpc6sMbn5u57jtAgilKxAbIsKEFQBRBoOEvim_dj6CtfDyao=w122-h92-k-no","https://ssl.gstatic.com/local/servicebusiness/default_user.png","""Sate ayamnya empuk,bumbu sate juga wuenak.""","","Jl. Gubeng Kertajaya V B No.59, RT.009/RW.03","","","","",""
"https://www.google.com/maps/place/Rumah+Makan+Palapa/data=!4m7!3m6!1s0x2dd7fb43d2e292a1:0xdfb564102b73d538!8m2!3d-7.2741477!4d112.7559026!16s%2Fg%2F11f730fglc!19sChIJoZLi0kP71y0RONVzKxBktd8?authuser=0&hl=id&rclk=1","Rumah Makan Palapa","4,3","(201)","·","Rp 1–25.000","Padang","·","·","Buka","· Tutup pukul 23.00","https://lh3.googleusercontent.com/gps-cs-s/APNQkAGX6LbkGcrlUvG3vTvwfFm_J3M_GJA130NlZ2KqSWwEqjXCGpSGVZivrm-3q696Cbowky1INM_HojwV95JxX42fzyCGqDCR94lR0YvNLoEN-eCdZ-CH8DlfZPsJJpN5OzoDmAT7=w122-h92-k-no","https://ssl.gstatic.com/local/servicebusiness/default_user.png","""Dgn harga 18 rb untuk nasi rendangnya kita udah kenyang.Rasanya jg enak.""","","Jl. Gubeng Kertajaya 7H","","","","",""
"https://www.google.com/maps/place/GOKIL+AYAM+GEPREK/data=!4m7!3m6!1s0x2dd7fbd7c518f125:0x8a2885f1e0cedcfe!8m2!3d-7.2673333!4d112.7528177!16s%2Fg%2F11f5dg1b22!19sChIJJfEYxdf71y0R_tzO4PGFKIo?authuser=0&hl=id&rclk=1","GOKIL AYAM GEPREK","3,9","(294)","·","Rp 1–25.000","Ayam","·","Jl. Gubeng Masjid No.53","Buka 24 jam","","https://lh3.googleusercontent.com/gps-cs-s/APNQkAGk9TqAwSAIFaZOtg0t-2y6xbaBJRvNUWGK17atCrn_B4Hh9F_2s5cA6TRoddBI36e7tpeKIXVSlD3cmwZzJTrg_nzXTJ03uYRphazoXzpuQiZD7xc1Ap1uNvHYvJ5MzOgo84I8=w80-h106-k-no","https://ssl.gstatic.com/local/servicebusiness/default_user.png","""","","","https://www.google.com/searchviewer/42?cvd=CLw_EicKJeICIjIgEhkiF9LX29IPEQoNL2cvMTFmNWRnMWIyMhgBOgMI8A0%3D&hl=id-ID&gl=id&fo_m=MfohQo559jFvMUOzJVpjPL1YMfZ3bInYwBDuMfaXTPp5KXh-&utm_source=tactile&gei=NTD3aZ-_DoGr4-EPzKmCgAY&ei=NTD3aZ-_DoGr4-EPzKmCgAY&fo_s=OA&opi=79508299&orderType=1&ebb=1&cs=0&foub=mcpp","Pesan online","","Makanan","geprek yang sambelnya pedes tapi enak"""
"https://www.google.com/maps/place/DEPOT+ENAAAK+Enak+Kikil+Sapi+%26+Bakso+Urat+%26+Cwie+Mie/data=!4m7!3m6!1s0x2dd7fbd6a51a5da3:0x57de0be2501d32ed!8m2!3d-7.2704795!4d112.7563054!16s%2Fg%2F11g8cwdgsb!19sChIJo10apdb71y0R7TIdUOIL3lc?authuser=0&hl=id&rclk=1","DEPOT ENAAAK Enak Kikil Sapi & Bakso Urat & Cwie Mie","4,5","(86)","·","Rp 1–25.000","Rumah Makan","·","·","Buka","· Tutup pukul 21.00","https://lh3.googleusercontent.com/gps-cs-s/APNQkAFeTOTv77jsdZYgxeZ63znUgBWegKSEHTdEtuDTBTXFTmR5hGQh8x5iokOyH-D2jqQ2MydsXKeUrJKg42t5qTRRjJtl89A1SY9TUEjnkOTwz4sciZ1W8AgWCPBz7H-ByuAG5J3H7w=w164-h92-k-no","https://ssl.gstatic.com/local/servicebusiness/default_user.png","""Menu soto boyolali juga enak banget.""","","Jl. Dharmawangsa No.44","","","","",""
"https://www.google.com/maps/place/Dapur+ARUM/data=!4m7!3m6!1s0x2dd7fbd6fc26631d:0xe7c2fd38e24bc6d4!8m2!3d-7.269126!4d112.7540813!16s%2Fg%2F11dxdmtxcx!19sChIJHWMm_Nb71y0R1MZL4jj9wuc?authuser=0&hl=id&rclk=1","Dapur ARUM","5,0","(6)","·","$","Rumah Makan","·","Jl. Gubeng Klingsingan No.84","Segera tutup","· 19.00 · Buka Sen pukul 09.00","https://lh3.googleusercontent.com/gps-cs-s/APNQkAFOxJrqdWrR-XnyqvmaC9toizsvdLN7_8bBRz8H7S5ck90lgJeP_yjJP1h3JYVdomnZ5ZBIzQYVBK_DRaRnubXY0p765Hxc-1yxbZWi_T2XsPS-dhTBTGoGxhkmOieGXQ9vl1Jj8A=w80-h100-k-no","","Makan di tempat","","","","","","Bawa pulang","Pesan antar"
"https://www.google.com/maps/place/Kuliner+22+dan+Es+Teh+Suroboyo/data=!4m7!3m6!1s0x2dd7fba8f52ef433:0x7a6b016c0e25d877!8m2!3d-7.2740767!4d112.759217!16s%2Fg%2F11kbb1s52f!19sChIJM_Qu9aj71y0Rd9glDmwBa3o?authuser=0&hl=id&rclk=1","Kuliner 22 dan Es Teh Suroboyo","5,0","(5)","","","Kedai Kopi","·","Jl. Srikana Tim. No.22","Buka","· Tutup pukul 21.00","https://lh3.googleusercontent.com/gps-cs-s/APNQkAHDxUCgYuwR9th7uukZo6kCiRmSEbbT5456l8xSkm9pPJ4OGGT7A6xjcSDAz4ls9IHjc0nJlNmIe3Oggd4QOPVkrO5z2vXk-3qpPOEVT-nzpkW2-wP54E46j1W8bQFnypI66ngH=w80-h106-k-no","https://ssl.gstatic.com/local/servicebusiness/default_user.png","""Es coklatnya juga enak berasa coklatnya pake van houten ya pak.""","","","https://www.google.com/searchviewer/42?cvd=CLw_EicKJeICIjIgEhkiF9LX29IPEQoNL2cvMTFrYmIxczUyZhgBOgMI8A0%3D&hl=id-ID&gl=id&fo_m=MfohQo559jFvMUOzJVpjPL1YMfZ3bInYwBDuMfaXTPp5KXh-&utm_source=tactile&gei=NTD3aZ-_DoGr4-EPzKmCgAY&ei=NTD3aZ-_DoGr4-EPzKmCgAY&fo_s=OA&opi=79508299&orderType=1&ebb=1&cs=0&foub=mcpp","Pesan online","","",""
"https://www.google.com/maps/place/Warkomindo+DapuRangga/data=!4m7!3m6!1s0x2dd7fb00143fce83:0x4cbd8aae8e0d2d9e!8m2!3d-7.2760589!4d112.7549933!16s%2Fg%2F11ww70393t!19sChIJg84_FAD71y0Rni0Njq6KvUw?authuser=0&hl=id&rclk=1","Warkomindo DapuRangga","5,0","(13)","","","Kedai Kopi","·","Jl. Gubeng Kertajaya VII Raya No.38","Buka","· Tutup pukul 22.00","https://lh3.googleusercontent.com/gps-cs-s/APNQkAHPGAAHeSIvjWaO1nsirKlW7Id-gCrVXlOhwPMi70uUQLm8NazGANCTbxuIQI7dhVemOcSmeQbzYlEaop0Of5mHUa_rD3cUyhEECNEKOQrKxnNC1XKVHBOVl5x6U6AN2op0fHe06-DSt_sk=w80-h132-k-no","https://ssl.gstatic.com/local/servicebusiness/default_user.png","""","","","https://www.google.com/searchviewer/42?cvd=CLw_EicKJeICIjIgEhkiF9LX29IPEQoNL2cvMTF3dzcwMzkzdBgBOgMI8A0%3D&hl=id-ID&gl=id&fo_m=MfohQo559jFvMUOzJVpjPL1YMfZ3bInYwBDuMfaXTPp5KXh-&utm_source=tactile&gei=NTD3aZ-_DoGr4-EPzKmCgAY&ei=NTD3aZ-_DoGr4-EPzKmCgAY&fo_s=OA&opi=79508299&orderType=1&ebb=1&cs=0&foub=mcpp","Pesan online","","Makanan","beraneka macam dengan harga hemat sesuai kantong anak kost 👍👍"""
"https://www.google.com/maps/place/Sate+%26+Gule+Cak+Wit/data=!4m7!3m6!1s0x2dd7fbd4e4544487:0xe5be9d92baec707d!8m2!3d-7.2690352!4d112.7609644!16s%2Fg%2F11cm0mljf8!19sChIJh0RU5NT71y0RfXDsupKdvuU?authuser=0&hl=id&rclk=1","Sate & Gule Cak Wit","4,3","(704)","·","Rp 25–50 rb","Sate","·","·","Buka","· Tutup pukul 00.00","https://lh3.googleusercontent.com/gps-cs-s/APNQkAHRIdl5Pqk44ZlygcV_c5PNIRrYfmDoWKGWWyXuEVBEMHc_wViFMjKfcwO-yvL6Oua0VGkgV-YFeMmGfTGoiTsqlAHRWFwxDD8clV99spH6HzF69WUoW3utpf6p4DPYesKqIKCq=w122-h92-k-no","https://ssl.gstatic.com/local/servicebusiness/default_user.png","""Satenya enak, lembut dagingnya dan harganya cukup murah..""","","Jl. Karang Menjangan No.61","","","","",""
"https://www.google.com/maps/place/Pecel+Suzanna+Kertajaya/data=!4m7!3m6!1s0x2dd7fb33c3cb9063:0x24678d7f8ea39f61!8m2!3d-7.278818!4d112.760226!16s%2Fg%2F11glb9ww6m!19sChIJY5DLwzP71y0RYZ-jjn-NZyQ?authuser=0&hl=id&rclk=1","Pecel Suzanna Kertajaya","4,5","(161)","·","Rp 1–25.000","Restoran","·","·","Tutup","· Buka Sen pukul 02.00","","https://ssl.gstatic.com/local/servicebusiness/default_user.png","""Lauk byk bgt macemnya, porsi nasi cukupan bwt cwek, harga relatif""","","PQC6+F3H, Jl. Gubeng Kertajaya XIII","https://www.google.com/searchviewer/42?cvd=CLw_EicKJeICIjIgEhkiF9LX29IPEQoNL2cvMTFnbGI5d3c2bRgBOgMI8A0%3D&hl=id-ID&gl=id&fo_m=MfohQo559jFvMUOzJVpjPL1YMfZ3bInYwBDuMfaXTPp5KXh-&utm_source=tactile&gei=NTD3aZ-_DoGr4-EPzKmCgAY&ei=NTD3aZ-_DoGr4-EPzKmCgAY&fo_s=OA&opi=79508299&orderType=1&ebb=1&cs=0&foub=mcpp","Pesan online","","",""
"https://www.google.com/maps/place/Kedai+Sembari/data=!4m7!3m6!1s0x2dd7fb00017050bd:0xb780d10e9194aadc!8m2!3d-7.2744826!4d112.7587782!16s%2Fg%2F11ywrkkh1x!19sChIJvVBwAQD71y0R3KqUkQ7RgLc?authuser=0&hl=id&rclk=1","Kedai Sembari","5,0","(41)","","","Kedai Kopi","·","Jl. Srikana No.140","Buka","· Tutup pukul 01.00","https://lh3.googleusercontent.com/gps-cs-s/APNQkAEWPloiGEE0fepOZnqNXnquXnKrgw007Z8NZckWjfx8Hf68geQu0QhogIlJBdZN9BnCXpcEc-19ZkUzujzBw5ZqOC8suIorvCsqjEuAiFyJ68Pl_ZMUjO00KxTg7mBASMJ2nXv44jEI6KtS=w80-h106-k-no","https://ssl.gstatic.com/local/servicebusiness/default_user.png","""tempatnya enak nyaman, ada musholla dan toilet bersih juga.""","","","","","","",""
"https://www.google.com/maps/place/Curry+On+Kitchen/data=!4m7!3m6!1s0x2dd7fb000e74eec7:0x5964cf96c6280d0a!8m2!3d-7.2748654!4d112.7550346!16s%2Fg%2F11vpwfxr99!19sChIJx-50DgD71y0RCg0oxpbPZFk?authuser=0&hl=id&rclk=1","Curry On Kitchen","4,6","(125)","","","Dapur Umum","·","Jl. Gubeng Kertajaya VII Raya No.41","","","https://lh3.googleusercontent.com/gps-cs-s/APNQkAFxXvH_SId09BzT6EUIaxxpBAClPqkZf4hG34RvgCK2yse2QJbI8WcbVCMiTEjeS9ILF9iSPMu0PaRrMK1FI5PWbb8qF7epA8lDhQLvJ9IrOSApsnS8r0UPMdEDPvAsOtz8a9oluQ=w92-h92-k-no","https://ssl.gstatic.com/local/servicebusiness/default_user.png","""","","","https://www.google.com/searchviewer/42?cvd=CLw_EicKJeICIjIgEhkiF9LX29IPEQoNL2cvMTF2cHdmeHI5ORgBOgMI8A0%3D&hl=id-ID&gl=id&fo_m=MfohQo559jFvMUOzJVpjPL1YMfZ3bInYwBDuMfaXTPp5KXh-&utm_source=tactile&gei=NTD3aZ-_DoGr4-EPzKmCgAY&ei=NTD3aZ-_DoGr4-EPzKmCgAY&fo_s=OA&opi=79508299&orderType=1&ebb=1&cs=0&foub=mcpp","Pesan online","","Makanan","higeinis enak banget mantappp pokoknya dijamin enk banget"""
"https://www.google.com/maps/place/Tasty+Resto+%26+Caf%C3%A9/data=!4m7!3m6!1s0x2dd7fbd48dd5b393:0xe01c11f9268581cc!8m2!3d-7.2700625!4d112.760472!16s%2Fg%2F11b76mgtjj!19sChIJk7PVjdT71y0RzIGFJvkRHOA?authuser=0&hl=id&rclk=1","Tasty Resto & Café","4,2","(316)","·","Rp 25–50 rb","Hidangan Laut","·","Jl. Karang Menjangan No.34","Tutup","· Buka Sen pukul 08.00","https://lh3.googleusercontent.com/gps-cs-s/APNQkAHDZcuikOgCvEhw-wDNmJD0J5NkL1XhpCIbhaO926mxFXvzoFQh28u2LBkbVKhKPRcW-rzsFPR_3Ouqkwl1WIlwFfyXaBDah6X7ELXnBk1rOy69yLuF6xbYhXlMuPfXOxD4K-z2dg=w122-h92-k-no","https://ssl.gstatic.com/local/servicebusiness/default_user.png","""","","","","","","Makanan","rasanya enak, cocok dgn selera saya."""
"https://www.google.com/maps/place/Gemilang+jaya/data=!4m7!3m6!1s0x2dd7f97d6b41701b:0xf69de20ebbdd8720!8m2!3d-7.2661728!4d112.753272!16s%2Fg%2F11f5h5ts16!19sChIJG3BBa3351y0RIIfduw7infY?authuser=0&hl=id&rclk=1","Gemilang jaya","3,8","(4)","","","Rumah Makan","·","Pojok UMKM, Jl. Stasiun Gubeng Stand No. 3","Buka","· Tutup pukul 23.00","https://lh3.googleusercontent.com/gps-cs-s/APNQkAHj99HK_argsR9KUSMwpCKeiMiNwFOy1yjelrlBTAG5EFHf9K1zXI0J5bP3cCfXi9J0w1bMfEaleRDdkn7FGeNVGfyewWrGqqFSOlxOnuoUtYko961QZ0hKDlHdnPBDuY0Lk6Y=w80-h142-k-no","https://ssl.gstatic.com/local/servicebusiness/default_user.png","""Harganya juga nggak murah, nasinya keras.""","","","","","","",""
"https://www.google.com/maps/place/depot+bu+nur/data=!4m7!3m6!1s0x2dd7fba0e585ec39:0xed74bf12af6f2303!8m2!3d-7.27838!4d112.759506!16s%2Fg%2F11gjm6y5f4!19sChIJOeyF5aD71y0RAyNvrxK_dO0?authuser=0&hl=id&rclk=1","depot bu nur","4,5","(15)","","","Restoran","·","Jl. Gubeng Kerta Jaya XI A No.2A, RT.010/RW.06","Tutup","· Buka Sen pukul 08.00","https://lh3.googleusercontent.com/gps-cs-s/APNQkAH8CNwBaUfrpDvhN8DillIJbarshqGBlOvj5JDtKlzUNISQuQJNN8mHPEO8Y6f9qPuTxgl5zmKrGv3ZXX34OfZxM2ebKniacQt-MoT3jNxxxmsmZJ0m1fIVOI2Q9LgBA-SDcg0o=w92-h92-k-no","","Makan di tempat","","","","","","Bawa pulang",""
"https://www.google.com/maps/place/Nasi+Goreng+Dok+Dok/data=!4m7!3m6!1s0x2dd7fbd1994c24e9:0x7ba123dd1fc47c9c!8m2!3d-7.2741318!4d112.7557339!16s%2Fg%2F11b6c97mjv!19sChIJ6SRMmdH71y0RnHzEH90joXs?authuser=0&hl=id&rclk=1","Nasi Goreng Dok Dok","4,5","(64)","","","Nasi Goreng","·","·","Buka","· Tutup pukul 00.00","","https://ssl.gstatic.com/local/servicebusiness/default_user.png","""Pedas yg bervariasi dengan berbagai macam topping.""","","Jl. Gubeng Kertajaya VII I No.14","","","","",""
"https://www.google.com/maps/place/Loko+Cafe+Surabaya+-+Stasiun+Gubeng+Surabaya/data=!4m7!3m6!1s0x2dd7fbd7e6dd7341:0x7cfc1dcd6af793ad!8m2!3d-7.2656872!4d112.7523443!16s%2Fg%2F11np7l316q!19sChIJQXPd5tf71y0RrZP3as0d_Hw?authuser=0&hl=id&rclk=1","Loko Cafe Surabaya - Stasiun Gubeng Surabaya","4,6","(209)","·","Rp 25–50 rb","Kafe","·","Jl. Gubeng Masjid","Buka","· Tutup pukul 22.00","https://lh3.googleusercontent.com/gps-cs-s/APNQkAF1XKAaNOu4q4EIsRNFAxErXaKg76dxhD5DbmVu_gXEoZcMnZ8hoQwuvyXumy1p2itYRPfOYJHPUVHXkodNM7uF3hVIWhXe0qMRxmd4Y8FnKVD8aPezZm-T0Bq0YkoGT7F7LW4i=w80-h106-k-no","https://ssl.gstatic.com/local/servicebusiness/default_user.png","""Cocok sambil nunggu kereta datang, bolognese tambah irican cabe mantap""","","","https://www.google.com/searchviewer/42?cvd=CLw_EicKJeICIjIgEhkiF9LX29IPEQoNL2cvMTFucDdsMzE2cRgBOgMI8A0%3D&hl=id-ID&gl=id&fo_m=MfohQo559jFvMUOzJVpjPL1YMfZ3bInYwBDuMfaXTPp5KXh-&utm_source=tactile&gei=NTD3aZ-_DoGr4-EPzKmCgAY&ei=NTD3aZ-_DoGr4-EPzKmCgAY&fo_s=OA&opi=79508299&orderType=1&ebb=1&cs=0&foub=mcpp","Pesan online","","",""
"https://www.google.com/maps/place/Ayam+Gepuk+Pak+Gembus+Airlangga+University/data=!4m7!3m6!1s0x2dd7fb45fd5362dd:0x81217ce7e60ab94a!8m2!3d-7.2727286!4d112.7562202!16s%2Fg%2F11lnzkt_s8!19sChIJ3WJT_UX71y0RSrkK5ud8IYE?authuser=0&hl=id&rclk=1","Ayam Gepuk Pak Gembus Airlangga University","4,3","(257)","·","Rp 25–50 rb","Ayam","·","Jl. Dharmawangsa No.80B","Buka","· Tutup pukul 04.00","https://lh3.googleusercontent.com/gps-cs-s/APNQkAFderfJn8ZMJExr2iIXruHVWqo6MvAz10B30s1F43hm5nAXn4V3-fwQT_Mt1S_E-ffJT7zXz4GYEaFynEyJhKCuInelu9QDs2sADQrZ9OyJd0wDdpldFRHzTPtEP14ZDc7ssDnbyw=w80-h106-k-no","https://ssl.gstatic.com/local/servicebusiness/default_user.png","""","","","https://www.google.com/searchviewer/42?cvd=CLw_EicKJeICIjIgEhkiF9LX29IPEQoNL2cvMTFsbnprdF9zOBgBOgMI8A0%3D&hl=id-ID&gl=id&fo_m=MfohQo559jFvMUOzJVpjPL1YMfZ3bInYwBDuMfaXTPp5KXh-&utm_source=tactile&gei=NTD3aZ-_DoGr4-EPzKmCgAY&ei=NTD3aZ-_DoGr4-EPzKmCgAY&fo_s=OA&opi=79508299&orderType=1&ebb=1&cs=0&foub=mcpp","Pesan online","","Makanan","nya sangat mantap sambal nya enak bersih playanan ramah"""
"https://www.google.com/maps/place/Kedai+Kopi+32/data=!4m7!3m6!1s0x2dd7fbd2481d157d:0x1ccd30a96aa39181!8m2!3d-7.2742503!4d112.7584447!16s%2Fg%2F11fz9x47ms!19sChIJfRUdSNL71y0RgZGjaqkwzRw?authuser=0&hl=id&rclk=1","Kedai Kopi 32","4,7","(361)","·","Rp 1–25.000","Kedai Kopi","·","·","Buka 24 jam","","https://lh3.googleusercontent.com/gps-cs-s/APNQkAEsN1kwLkEFJer8JYrf_Z7kig9LieUMB0pZM-cqEnKS3rwNHO6EI3oW8aJCPGIvw_bhHDEqq2F-UXM2xllFdCyJFyWRsPBN0T-WwOyeudSskDvEQP3H9G9WSiEqcQnBbA7549Rj=w80-h142-k-no","https://ssl.gstatic.com/local/servicebusiness/default_user.png","""Kalau lapaaar, ada nasgor miegor, mie ayam, pecel, wah banyak pokonya.""","","Jl. Srikana No.32","","","","",""
"https://www.google.com/maps/place/CFC+-+Stasiun+Gubeng/data=!4m7!3m6!1s0x2dd7f94b5a1871f7:0xa1d3a62a8e8df90c!8m2!3d-7.2656457!4d112.7525514!16s%2Fg%2F11gx_f515d!19sChIJ93EYWkv51y0RDPmNjiqm06E?authuser=0&hl=id&rclk=1","CFC - Stasiun Gubeng","3,0","(168)","·","Rp 25–50 rb","Makanan Siap Saji","·","PQM3+P2V, Surabaya Gubeng, Jl. Stasiun Gubeng","Buka 24 jam","","https://lh3.googleusercontent.com/gps-cs-s/APNQkAFAQJYkaXU-TZFIbpX_OAl7EbNNDKUEKZTWxVIvq5beOnVzGVvUbjm6i52v1DuBCBbv5lTTLIJYkdk9JV0p2aUhYZMsXAi3Qtc8PPwhk4MtZJwjkcOVnj0KHlFjpi5ARskcxCb2=w122-h92-k-no","https://ssl.gstatic.com/local/servicebusiness/default_user.png","""makanannya enak, tempatnya sejuk dan nyaman buat nunggu kereta.""","","","https://www.google.com/searchviewer/42?cvd=CLw_EicKJeICIjIgEhkiF9LX29IPEQoNL2cvMTFneF9mNTE1ZBgBOgMI8A0%3D&hl=id-ID&gl=id&fo_m=MfohQo559jFvMUOzJVpjPL1YMfZ3bInYwBDuMfaXTPp5KXh-&utm_source=tactile&gei=NTD3aZ-_DoGr4-EPzKmCgAY&ei=NTD3aZ-_DoGr4-EPzKmCgAY&fo_s=OA&opi=79508299&orderType=1&ebb=1&cs=0&foub=mcpp","Pesan online","","",""
"https://www.google.com/maps/place/Tomoro+Coffee+-+Moestopo/data=!4m7!3m6!1s0x2dd7f997c3365c1d:0xe8c59141173a8c9!8m2!3d-7.2657816!4d112.7553943!16s%2Fg%2F11y_w_w590!19sChIJHVw2w5f51y0RyahzERRZjA4?authuser=0&hl=id&rclk=1","Tomoro Coffee - Moestopo","4,9","(83)","·","Rp 25–50 rb","Kedai Kopi","·","Jl. Prof. DR. Moestopo No.4","Buka","· Tutup pukul 22.00","https://lh3.googleusercontent.com/gps-cs-s/APNQkAFUNub65iH7BaY85UxMaptj--m5IU5t5n814ZWcA0xsPc0voRePbnB8l1E37MFX7SEGrW2pTF-0NPSW38gS4ANtqz3N2Pi6KjQEgyL-RLHRhw9JcNgBDlI6ZcIV6k4ZrmFo40fHH7OAtXM=w122-h92-k-no","https://ssl.gstatic.com/local/servicebusiness/default_user.png","""Makanannya juga fresh dan porsinya pas.""","","","https://www.google.com/searchviewer/42?cvd=CLw_EicKJeICIjIgEhkiF9LX29IPEQoNL2cvMTF5X3dfdzU5MBgBOgMI8A0%3D&hl=id-ID&gl=id&fo_m=MfohQo559jFvMUOzJVpjPL1YMfZ3bInYwBDuMfaXTPp5KXh-&utm_source=tactile&gei=NjD3aYahMoqr4-EPjMmK2Ao&ei=NjD3aYahMoqr4-EPjMmK2Ao&fo_s=OA&opi=79508299&orderType=1&ebb=1&cs=0&foub=mcpp","Pesan online","","",""
"https://www.google.com/maps/place/Warung+Biru/data=!4m7!3m6!1s0x2dd7f97d7ce70e93:0xfd5a637db0f046c2!8m2!3d-7.2662163!4d112.7533419!16s%2Fg%2F11b6btvbbw!19sChIJkw7nfH351y0RwkbwsH1jWv0?authuser=0&hl=id&rclk=1","Warung Biru","4,0","(37)","","","Rumah Makan","·","·","Tutup","· Buka Sen pukul 09.00","https://lh3.googleusercontent.com/gps-cs-s/APNQkAFflG1l-aPyFJIGeJm6RFPmPKAcG3S6SmkLKJGiMuO6Q0_wubAWEmFkb1S_9aXjyzWkKT-T4LiRFK2s1qSp4J8qNucX164kQlRq7JIv7QtUgL98xqDvHL1hcVBfJlT11lwOR3fs=w80-h106-k-no","https://ssl.gstatic.com/local/servicebusiness/default_user.png","""Makanannya pun lumayan baik.""","","Jl. Gubeng Masjid No.37","","","","",""
"https://www.google.com/maps/place/sego+krenyes/data=!4m7!3m6!1s0x2dd7fbd144407cd3:0x34066399c6dcc704!8m2!3d-7.276286!4d112.7571504!16s%2Fg%2F11c208qzy7!19sChIJ03xARNH71y0RBMfcxpljBjQ?authuser=0&hl=id&rclk=1","sego krenyes","4,0","(61)","·","$","Pengiriman Makanan","·","·","Buka","· Tutup pukul 22.00","https://lh3.googleusercontent.com/gps-cs-s/APNQkAEvpbs8u-XSIv0EeBbqlJtTcer3OLsR0ROjZuaKXD-fH2iZ7XlDZqeGXZVCE_uhX0IKJ1IV7AF169DF28rwDmy4jQl3z333XFDeHsTzypnuYBnGMf5eOGfLmWX0x8ulk0gmyjRyUg=w92-h92-k-no","","Makan di tempat","","004, Jl. Gubeng Kertajaya VII D No.52","","","","Bawa pulang","Pesan antar"
"https://www.google.com/maps/place/Nasi+Goreng+SEMPAL/data=!4m7!3m6!1s0x2dd7fbd49bbd90fd:0x855ac312e2d7e095!8m2!3d-7.2706007!4d112.7609148!16s%2Fg%2F11hd7dzcmj!19sChIJ_ZC9m9T71y0RleDX4hLDWoU?authuser=0&hl=id&rclk=1","Nasi Goreng SEMPAL","4,3","(528)","·","Rp 1–25.000","Nasi Goreng","·","·","Tutup","· Buka Sen pukul 15.00","https://lh3.googleusercontent.com/gps-cs-s/APNQkAHHGrIOeMlp-hiLqRZagA0AE6WkLSaDPOU0mMW8ySdPYEhW0K0Hz3RsVXuXce0nn9RPclQQrOvAjEc52VLo_DPCnvu7Kdv-dqLgXgQ3liuWQR1w03m6t5ZDoY1kCcuCDISdLTjCBA=w122-h92-k-no","https://ssl.gstatic.com/local/servicebusiness/default_user.png","""","","Jl. Karang Menjangan No.77","","","","makanan","enak dan harga murah, rasanya mantap"""
"https://www.google.com/maps/place/Sela+Sela+House/data=!4m7!3m6!1s0x2dd7fb614e1e4305:0x5ed667b856307999!8m2!3d-7.2766519!4d112.7558043!16s%2Fg%2F11ygsp7vwm!19sChIJBUMeTmH71y0RmXkwVrhn1l4?authuser=0&hl=id&rclk=1","Sela Sela House","4,9","(29)","·","Rp 25–50 rb","Kafe","·","Jl. Dharmawangsa No.138A","Buka","· Tutup pukul 01.00","https://lh3.googleusercontent.com/gps-cs-s/APNQkAEGFNkGKdG-UCyDIvpSFiyLbX-yquAI1OOJUTBOulyClI3OQ9eS7HLrdR2JwNcL2NQ_nOsj6OKGKPtEbhs-ifjfa2rQQ0RrHSfLZf0YfFscP6t7lVD4xE0NMBrcOqQJuJPNgfciPJ8vlT9f=w80-h142-k-no","https://ssl.gstatic.com/local/servicebusiness/default_user.png","""padahal cafe tapi makanannya enak""","","","","","","",""
"https://www.google.com/maps/place/Nasi+Goreng+Ranjau+Kertajaya/data=!4m7!3m6!1s0x2dd7fbcfea7a8505:0x735cc57ec4ea84af!8m2!3d-7.2779818!4d112.7529874!16s%2Fg%2F11c37qd_fx!19sChIJBYV66s_71y0Rr4TqxH7FXHM?authuser=0&hl=id&rclk=1","Nasi Goreng Ranjau Kertajaya","4,2","(397)","·","Rp 1–25.000","Nasi Goreng","·","·","Tutup","· Buka Sen pukul 18.00","https://lh3.googleusercontent.com/gps-cs-s/APNQkAF8xLwtWSxCKn-Frs2WX44L0ZRqBra99o5k7b3uu2K5rDyFQmqEXXeMHdqn3Cvgo0RXYjvLe5ZYxr84TjaGRH1Gnq_zsk8xzVURnj8jMXVEGMobkFIqtMLme2cgeeXs1HKApLYD=w138-h92-k-no","https://ssl.gstatic.com/local/servicebusiness/default_user.png","""jujur pas","","Jl. Kertajaya No.33","https://www.google.com/searchviewer/42?cvd=CLw_EicKJeICIjIgEhkiF9LX29IPEQoNL2cvMTFjMzdxZF9meBgBOgMI8A0%3D&hl=id-ID&gl=id&fo_m=MfohQo559jFvMUOzJVpjPL1YMfZ3bInYwBDuMfaXTPp5KXh-&utm_source=tactile&gei=NjD3aYahMoqr4-EPjMmK2Ao&ei=NjD3aYahMoqr4-EPjMmK2Ao&fo_s=OA&opi=79508299&orderType=1&ebb=1&cs=0&foub=mcpp","Pesan online","","makanan","dateng kaget, porsinya gede tapi cukup buat 1 orang."""
"https://www.google.com/maps/place/Fudokato+%28+spesial+japanese+fried+chicken+%29/data=!4m7!3m6!1s0x2dd7fb8544c315b5:0x718832e4b66ba28f!8m2!3d-7.2720187!4d112.7559234!16s%2Fg%2F11qyljfqnd!19sChIJtRXDRIX71y0Rj6JrtuQyiHE?authuser=0&hl=id&rclk=1","Fudokato ( spesial japanese fried chicken )","5,0","(1)","","","Toko Makanan Jepang","·","Jl. Gubeng Airlangga II No.12","Buka","· Tutup pukul 21.10","https://lh3.googleusercontent.com/gps-cs-s/APNQkAFhA1lyjXQO5g3SiS0brhiX-qmkTi7gnxrAXRikivomPP_qJkl9Ue5J6s3T7vcYmBYVkcrEIz6UmtVjdd_MWJlDjeBEDSgKx6v0v3ACoptB0rt3m82ya_xdxAYuqMRZEnxZhq1U=w80-h142-k-no","","Pesan antar","","","","","","",""
"https://www.google.com/maps/place/Kedai+Loteng/data=!4m7!3m6!1s0x2dd7fbd1a1895e55:0xe8da710cc0d48e!8m2!3d-7.2741116!4d112.755352!16s%2Fg%2F11c20bbbyc!19sChIJVV6JodH71y0RjtTADHHa6AA?authuser=0&hl=id&rclk=1","Kedai Loteng","4,6","(319)","·","Rp 1–25.000","Kafe","·","·","Buka","· Tutup pukul 00.00","https://lh3.googleusercontent.com/gps-cs-s/APNQkAHFmWIP_zaRDjbJti8VD80NdrgtIsFTbb16PfiRiD5h2S4aMGBeI5JhqdNGScUpxXmgPrRgSsBRO4lIrHtPlCOSqJJuPhW1SQ0c1gD7NVRD1v7ul2WvAbi5hqzC3qIKLAUM5X6c=w163-h92-k-no","https://ssl.gstatic.com/local/servicebusiness/default_user.png","""","","Jl. Gubeng Kertajaya VII H No.4","https://www.google.com/searchviewer/42?cvd=CLw_EicKJeICIjIgEhkiF9LX29IPEQoNL2cvMTFjMjBiYmJ5YxgBOgMI8A0%3D&hl=id-ID&gl=id&fo_m=MfohQo559jFvMUOzJVpjPL1YMfZ3bInYwBDuMfaXTPp5KXh-&utm_source=tactile&gei=NjD3aYahMoqr4-EPjMmK2Ao&ei=NjD3aYahMoqr4-EPjMmK2Ao&fo_s=OA&opi=79508299&orderType=1&ebb=1&cs=0&foub=mcpp","Pesan online","","Makanan","dan minumannya recommended, harganya affordable banget."""
"https://www.google.com/maps/place/KARMENSEVE+Coffee+Shop/data=!4m7!3m6!1s0x2dd7fbd49a32bf13:0xa41d1f0b078e68b1!8m2!3d-7.2704953!4d112.7609238!16s%2Fg%2F11bw_5mp3f!19sChIJE78ymtT71y0RsWiOBwsfHaQ?authuser=0&hl=id&rclk=1","KARMENSEVE Coffee Shop","4,6","(454)","·","Rp 25–50 rb","Kafe","·","·","Buka","· Tutup pukul 22.00","https://lh3.googleusercontent.com/gps-cs-s/APNQkAEzLWu_qjDp6yiz50stQFCdkdyhUtcsJzk3Yu0FbA88stMludnujA6_NkAkvBxTkI1vB1ZSMGzjPM0ovBpt0JtCMSnlHQJrZjWkDVjIM2BOzqbeXR2e3Myi4MYaEo4Pz_W4NgklJw=w122-h92-k-no","https://ssl.gstatic.com/local/servicebusiness/default_user.png","""Menu menu modern tapi enak dan terjangkau harganya.""","","Jl. Karang Menjangan V No.8","https://www.google.com/searchviewer/42?cvd=CLw_EicKJeICIjIgEhkiF9LX29IPEQoNL2cvMTFid181bXAzZhgBOgMI8A0%3D&hl=id-ID&gl=id&fo_m=MfohQo559jFvMUOzJVpjPL1YMfZ3bInYwBDuMfaXTPp5KXh-&utm_source=tactile&gei=NjD3aYahMoqr4-EPjMmK2Ao&ei=NjD3aYahMoqr4-EPjMmK2Ao&fo_s=OA&opi=79508299&orderType=1&ebb=1&cs=0&foub=mcpp","Pesan online","","",""
"https://www.google.com/maps/place/Tarantula+Barak+Coffee/data=!4m7!3m6!1s0x2dd7f97fd150dacd:0x69b73bd2f505f12e!8m2!3d-7.2657292!4d112.7604638!16s%2Fg%2F11mtd05j9w!19sChIJzdpQ0X_51y0RLvEF9dI7t2k?authuser=0&hl=id&rclk=1","Tarantula Barak Coffee","4,8","(142)","·","Rp 25–50 rb","Kedai Kopi","·","Jl. Kedung Sroko No.135, RW.03","Buka","· Tutup pukul 22.00","https://lh3.googleusercontent.com/gps-cs-s/APNQkAGIZF2oHPMcatuxjp_vc9wQN5sTbxUcr_8OUq_xxG9ArA5CwMiGVXv_lR8Xmj6PziNqR-Rxc19lHngj3xJzus69RqhxkUfnhSL3hra5IqLDKToLfl9cgPEZoRqE_ftmTvMe284PLw=w80-h106-k-no","https://ssl.gstatic.com/local/servicebusiness/default_user.png","""Cukup nyaman untuk WFC, harga","","","","","","makanan","juga relatif affordable"""
"https://www.google.com/maps/place/Taichan+Nyot2/data=!4m7!3m6!1s0x2dd7fbcdffc52ecd:0x343a0798ffc06d34!8m2!3d-7.2792099!4d112.7560165!16s%2Fg%2F11fhr7nfjg!19sChIJzS7F_8371y0RNG3A_5gHOjQ?authuser=0&hl=id&rclk=1","Taichan Nyot2","4,4","(803)","·","Rp 25–50 rb","Sate","·","·","Buka","· Tutup pukul 22.00","https://lh3.googleusercontent.com/gps-cs-s/APNQkAH0sEOw0ITWGuJqVHH6JIsU0lDvbrns88KF0VLw37To3CmIMj5z0Q7PQNNURs_OTphguR4RUHV-h89U3DU2NvtwSI7sdBMhtfOTwO18enHQzrznsd8rQjBAcT3EUEMMlcIIZLiQ=w92-h92-k-no","https://ssl.gstatic.com/local/servicebusiness/default_user.png","""Satenya enak gurih, sambelnya pedas banget 👍""","","Jl. Dharmawangsa No.109","https://www.google.com/searchviewer/42?cvd=CLw_EicKJeICIjIgEhkiF9LX29IPEQoNL2cvMTFmaHI3bmZqZxgBOgMI8A0%3D&hl=id-ID&gl=id&fo_m=MfohQo559jFvMUOzJVpjPL1YMfZ3bInYwBDuMfaXTPp5KXh-&utm_source=tactile&gei=NjD3aYahMoqr4-EPjMmK2Ao&ei=NjD3aYahMoqr4-EPjMmK2Ao&fo_s=OA&opi=79508299&orderType=1&ebb=1&cs=0&foub=mcpp","Pesan online","","",""
"https://www.google.com/maps/place/WARTEG+PRIMA+BAHARI/data=!4m7!3m6!1s0x2dd7fbd4ac5baec1:0x956559a535bff418!8m2!3d-7.2671529!4d112.7527593!16s%2Fg%2F11vly4mzvp!19sChIJwa5brNT71y0RGPS_NaVZZZU?authuser=0&hl=id&rclk=1","WARTEG PRIMA BAHARI","3,9","(8)","","","Brunch","·","No Jl. Gubeng Masjid No.49","Buka 24 jam","","https://lh3.googleusercontent.com/gps-cs-s/APNQkAGCQ7tcSkolrP5D777HSQ4_mFAJ9QPZWnlA3f13X30D9J2RU1P9mh67rf7GP6KSpD6_BVwfSyV--KI39eSuTveg4EAwO57Fp83sr9b9Y-JnstNN4jdztESrIiWWx-g_FwEItbJiq66wCHNe=w80-h106-k-no","https://ssl.gstatic.com/local/servicebusiness/default_user.png","""Enak, terjangkau harganya""","","","","","","",""
"https://www.google.com/maps/place/SEBLAK+%26+BASO+ACI+ASLI+GARUT+TEH+KINANTHI/data=!4m7!3m6!1s0x2dd7fbd01915c011:0xc8bd6f63812d516c!8m2!3d-7.2767789!4d112.7570613!16s%2Fg%2F11t7k2913l!19sChIJEcAVGdD71y0RbFEtgWNvvcg?authuser=0&hl=id&rclk=1","SEBLAK & BASO ACI ASLI GARUT TEH KINANTHI","4,9","(41)","·","Rp 1–25.000","Seblak","·","Jl. Gubeng Kertajaya IX Raya No.9a, RT.011/RW.05","Buka","· Tutup pukul 20.30","https://lh3.googleusercontent.com/gps-cs-s/APNQkAHzTa89w3cC105x3UOqo1EbuhmZ58Dvp9zeARBklhfAEAW2DVxTKuatNpmWaZhz_MBOsnLv4HRP6ArBJVzxNt-30ASI8_46lY3ILNvZpZPKAyOXwcZZT_31ZL2E1CR7qTfc2qnZFQ=w80-h106-k-no","https://ssl.gstatic.com/local/servicebusiness/default_user.png","""Enak banget, kuahnya asin asin gurih enak.""","","","https://www.google.com/searchviewer/42?cvd=CLw_EicKJeICIjIgEhkiF9LX29IPEQoNL2cvMTF0N2syOTEzbBgBOgMI8A0%3D&hl=id-ID&gl=id&fo_m=MfohQo559jFvMUOzJVpjPL1YMfZ3bInYwBDuMfaXTPp5KXh-&utm_source=tactile&gei=NjD3aYahMoqr4-EPjMmK2Ao&ei=NjD3aYahMoqr4-EPjMmK2Ao&fo_s=OA&opi=79508299&orderType=1&ebb=1&cs=0&foub=mcpp","Pesan online","","",""
"https://www.google.com/maps/place/Putu+Campur+Kertajaya+Cak+Nasir/data=!4m7!3m6!1s0x2dd7fb3a6b9c680f:0x829c40a3c21339c7!8m2!3d-7.2782423!4d112.756958!16s%2Fg%2F11j12h2s21!19sChIJD2icazr71y0RxzkTwqNAnII?authuser=0&hl=id&rclk=1","Putu Campur Kertajaya Cak Nasir","4,8","(10)","·","Rp 1–25.000","Jawa","·","Jl. Gubeng Kertajaya IX Raya No.4-2","Tutup","· Buka Sen pukul 17.00","https://lh3.googleusercontent.com/gps-cs-s/APNQkAEG5gwD-Sin4PzVWBcTiH92W9-EGFhOAh14aYc2__65s0trq-bX8KDO8t4yj2T8bBGZVLwvEvEW6hNlYsah4Il2IAygIxAULRK_Y4iLRkDZLySDOJgyd32auU3EzEEwRIF1DiHN=w122-h92-k-no","https://ssl.gstatic.com/local/servicebusiness/default_user.png","""Rasanya enak, lembut dan lumayan bersih.""","","","","","","",""
"https://www.google.com/maps/place/Fruit+vitamin+%26+makanan+khas+surabaya/data=!4m7!3m6!1s0x2dd7fb5e0e0552a3:0x12b4c33b2d77c317!8m2!3d-7.2747442!4d112.7531378!16s%2Fg%2F11tdpq3h7b!19sChIJo1IFDl771y0RF8N3LTvDtBI?authuser=0&hl=id&rclk=1","Fruit vitamin & makanan khas surabaya","","","","","Makanan Sehat","·","Jl. Gubeng Kertajaya V. E No.5","Buka","· Tutup pukul 22.00","https://lh3.googleusercontent.com/gps-cs-s/APNQkAEggM2eJpxxtXXFwX9xjNgr3n6wQIc4R0G3tfOhxNNhnJdyyEsYc0Ya2kEcFMSCYSledvEcew7pBM9W6pIuSw6Vt6skel43rZJQMjFa6pG-Y8nXBBFTfUW_6lcyRLyHso-OsJzf=w196-h92-k-no","","Makan di tempat","","","","","","Ambil di tepi jalan","Antar tanpa bertemu"
"https://www.google.com/maps/place/Hungry+Master+Indonesia/data=!4m7!3m6!1s0x2dd7fb6aa3c34ed5:0xcc8ef9d4919d5ad1!8m2!3d-7.2721245!4d112.7559616!16s%2Fg%2F11fkn074tz!19sChIJ1U7Do2r71y0R0VqdkdT5jsw?authuser=0&hl=id&rclk=1","Hungry Master Indonesia","5,0","(2)","","","Pasta","·","Goes Food, Jl. Dharmawangsa No.214","Tutup","· Buka Sen pukul 11.00","https://streetviewpixels-pa.googleapis.com/v1/thumbnail?panoid=y0PPd6PmLqHxwmVMUuxTnw&cb_client=search.gws-prod.gps&w=80&h=92&yaw=31.307112&pitch=0&thumbfov=100","","Pesan antar","","","","","","",""
"https://www.google.com/maps/place/Martabak+Terang+Bulan+Kuno+Kini/data=!4m7!3m6!1s0x2dd7fba7fe21a3dd:0x346ac57c318b1130!8m2!3d-7.2717773!4d112.7611292!16s%2Fg%2F11sbv9m1rc!19sChIJ3aMh_qf71y0RMBGLMXzFajQ?authuser=0&hl=id&rclk=1","Martabak Terang Bulan Kuno Kini","3,2","(55)","·","Rp 1–25.000","Restoran","·","·","Buka","· Tutup pukul 23.00","https://lh3.googleusercontent.com/gps-cs-s/APNQkAFw6jizWphEGUabOkhniOiO28_54yqyYoMFYr37ZHBe6oIbsfG4d3y4Z-fWKyVJay_OJoIOddBLtIG1HzFEZ-xaBeCkHgVS1lA4HFU6Jczv9IuV1cxd0z1c-7ed1v3CK7KOuTE=w163-h92-k-no","https://ssl.gstatic.com/local/servicebusiness/default_user.png","""enak, sesuai dg.harga lah, tersedia di shopee food juga 👍🏻""","","Jl. Karang Menjangan No.105","","","","",""
"https://www.google.com/maps/place/TECO+Specialty+Coffee+-+Dharmawangsa/data=!4m7!3m6!1s0x2dd7fbf81ca1ba3d:0x2f08f97fc9657491!8m2!3d-7.2725268!4d112.7562024!16s%2Fg%2F11pyyzm2bv!19sChIJPbqhHPj71y0RkXRlyX_5CC8?authuser=0&hl=id&rclk=1","TECO Specialty Coffee - Dharmawangsa","4,5","(105)","·","Rp 1–25.000","Kedai Kopi","·","Jl. Dharmawangsa No.78","Buka","· Tutup pukul 23.30","https://lh3.googleusercontent.com/gps-cs-s/APNQkAGvOzsrdqkaQAivi_2JXx62KzDoo7810BkNg_FAh8Pf_VEZMbdZQXsa98AFHIBjkK1cdKtV9dnGijwnehav9-8POpF2kRkRaD_ZWz6JrUBvnWZGSPYGzqv3D2c5eJ0CbWHKSbM=w80-h142-k-no","https://ssl.gstatic.com/local/servicebusiness/default_user.png","""Pelayanan baik dan ramah,","","","","","","makanan","sesuai harga pokoknya enak dan nyaman"""
"https://www.google.com/maps/place/Salad+Buah+SIHASZ/data=!4m7!3m6!1s0x2dd7fb1bc8d2cbbb:0xb1801465a822d9e7!8m2!3d-7.2679949!4d112.761079!16s%2Fg%2F11j0008cjt!19sChIJu8vSyBv71y0R59kiqGUUgLE?authuser=0&hl=id&rclk=1","Salad Buah SIHASZ","4,8","(22)","","","Salad","·","Jl. Karang Menjangan No.33","Buka","· Tutup pukul 20.00","https://lh3.googleusercontent.com/gps-cs-s/APNQkAEi5CD9k4tWBa65DZkeLsxYwybCO8LmOc3mWOmy1xz1h1EBWt7s3BxFVxpYSU0ibRkMeXV4tZwB0AGr5usaLfvDGFukv7BFxk_hG2xt-OxVTu3jQGQSSighZax0FbtJGs_GKygDdA=w92-h92-k-no","https://ssl.gstatic.com/local/servicebusiness/default_user.png","""Made by order, salad buah kita di kemas saat kita pesan.""","","","","","","",""
"https://www.google.com/maps/place/CAPTAIN+TAKO+-+Street+Food+Takoyaki/data=!4m7!3m6!1s0x2dd7fbd1443675c3:0x449c1c6aa1f54a21!8m2!3d-7.2720508!4d112.7559247!16s%2Fg%2F11f3xz4kjn!19sChIJw3U2RNH71y0RIUr1oWocnEQ?authuser=0&hl=id&rclk=1","CAPTAIN TAKO - Street Food Takoyaki","4,7","(3)","","","Taiwan","·","Jl. Gubeng Airlangga II No.12","Buka","· Tutup pukul 22.00","https://lh3.googleusercontent.com/gps-cs-s/APNQkAGjsNqITzcKDGi-efq7tBNi4-cEkQpcUqfir8CCs3O81bJh-s-80xm4VYhgml-InMBMEcQnSGnN4SlDmGO5EJr7Z7nnnsC7_Tc9jFj2LfBlZEJz9c65FoCMneKXxiGXnq-ofyZ9=w163-h92-k-no","","Makan di tempat","","","","","","Bawa pulang",""
"https://www.google.com/maps/place/Warkop+Markeso/data=!4m7!3m6!1s0x2dd7fb0e96abdee1:0xb9be82a149ccd4da!8m2!3d-7.2715226!4d112.7549572!16s%2Fg%2F11fd3l5054!19sChIJ4d6rlg771y0R2tTMSaGCvrk?authuser=0&hl=id&rclk=1","Warkop Markeso","4,7","(54)","","","Kafe","·","·","Buka 24 jam","","https://lh3.googleusercontent.com/gps-cs-s/APNQkAH6SgpS5_M91vcXM8VUN6fi1fVGvUkiJd1zmQt0T0ep7MoCadyAYDN1JvPLgMtXx4QXCeMNs05Joo-SS3_I_WAGR_4UZfjesK0BhVF_Q5fn0U-F_mtcnRMS9PK-a06BhdNHbvwdjQ=w163-h92-k-no","https://ssl.gstatic.com/local/servicebusiness/default_user.png","""ramah banget mbaknya👍🏻""","","Jl. Dharmawangsa Barat No.62-56","","","","",""
"https://www.google.com/maps/place/Depot+Ampel+-+Walikota+Mustajab/data=!4m7!3m6!1s0x2dd7f9669dd3c591:0x616bcf6a4c9ce9a6!8m2!3d-7.2600771!4d112.7449758!16s%2Fg%2F1hm5q15bm!19sChIJkcXTnWb51y0RpumcTGrPa2E?authuser=0&hl=id&rclk=1","Depot Ampel - Walikota Mustajab","4,5","(1.438)","·","$$","Timur Tengah","·","·","Buka","· Tutup pukul 21.00","https://lh3.googleusercontent.com/gps-cs-s/APNQkAFSTk1thUTmitTcDcQRkVxksqDZinhLrMx2sZ1ck0Of0OoNGoxjnlqk0vEU07CO6QvP3kX_rbveSUIvcxPvO1iXpCAGmAa6_M2rRuwg9pdNXkTpSg9dHMxtPygNuib6nQ1E3c9NvA=w163-h92-k-no","https://ssl.gstatic.com/local/servicebusiness/default_user.png","""Sate kambing bumbu kecap, kecapnya bold dagingnya empuk.""","","Jl. Walikota Mustajab No.33B","","","","",""
"https://www.google.com/maps/place/OBA+Japanese+Express+Kertajaya/data=!4m7!3m6!1s0x2dd7fbcc53360d7f:0x4c134061f994e0c4!8m2!3d-7.278639!4d112.759433!16s%2Fg%2F11hcncq_2q!19sChIJfw02U8z71y0RxOCU-WFAE0w?authuser=0&hl=id&rclk=1","OBA Japanese Express Kertajaya","3,7","(23)","","","Jepang","·","Jl. Kertajaya No.149","Buka","· Tutup pukul 21.00","https://lh3.googleusercontent.com/gps-cs-s/APNQkAGNW-o5ooPbcFBO1JJnXAU41BLdm4NsA36QX5u3J-Kt9AvnfVSy1BiI3WQteDyYRkTzB9coFnu5jyJzquH2OiMhUQg4EnQ0D0hU7bzTELiHQoV2Hctlvf3m_2bRC4cvt39I6iDw=w80-h119-k-no","https://ssl.gstatic.com/local/servicebusiness/default_user.png","""Enak dan murah.""","","","https://www.google.com/searchviewer/42?cvd=CLw_EicKJeICIjIgEhkiF9LX29IPEQoNL2cvMTFoY25jcV8ycRgBOgMI8A0%3D&hl=id-ID&gl=id&fo_m=MfohQo559jFvMUOzJVpjPL1YMfZ3bInYwBDuMfaXTPp5KXh-&utm_source=tactile&gei=ODD3aZDVOMnD4-EPjri8-QI&ei=ODD3aZDVOMnD4-EPjri8-QI&fo_s=OA&opi=79508299&orderType=1&ebb=1&cs=0&foub=mcpp","Pesan online","","",""
"https://www.google.com/maps/place/Pukul+Satu+Kopi/data=!4m7!3m6!1s0x2dd7fbe0a7893f01:0x821f3404de8a92d5!8m2!3d-7.2767447!4d112.7557838!16s%2Fg%2F11h5p_l04j!19sChIJAT-Jp-D71y0R1ZKK3gQ0H4I?authuser=0&hl=id&rclk=1","Pukul Satu Kopi","4,7","(759)","·","Rp 1–25.000","Kedai Kopi","·","·","Buka","· Tutup pukul 00.00","https://lh3.googleusercontent.com/gps-cs-s/APNQkAEf0K9RadhpuzXlc12nethNnPxCuRiIJ5QbqtxFMCCz0Xn8poEq6aGfFETtIvFa3M78vygMduAmfuBFyJBPeXVFT-DY2C_IsRyIXcKVLOBn8VVaP9xr-I2W5r7oBneSahrlFwr7YA=w80-h106-k-no","https://ssl.gstatic.com/local/servicebusiness/default_user.png","""Top markotop lah nongki dan jajan dimari, terbaek lah""","","Jl. Dharmawangsa No.142a","https://www.google.com/searchviewer/42?cvd=CLw_EicKJeICIjIgEhkiF9LX29IPEQoNL2cvMTFoNXBfbDA0ahgAOgMI8A0%3D&hl=id-ID&gl=id&fo_m=MfohQo559jFvMUOzJVpjPL1YMfZ3bInYwBDuMfaXTPp5KXh-&utm_source=tactile&gei=ODD3aZDVOMnD4-EPjri8-QI&ei=ODD3aZDVOMnD4-EPjri8-QI&fo_s=OA&opi=79508299&ebb=1&cs=0&foub=mcpp","Pesan online","","",""
"https://www.google.com/maps/place/Balango+Group/data=!4m7!3m6!1s0x2dd7f977b4f8e13b:0xcc3a64d05298afbe!8m2!3d-7.2659638!4d112.7525561!16s%2Fg%2F11yfcjf147!19sChIJO-H4tHf51y0Rvq-YUtBkOsw?authuser=0&hl=id&rclk=1","Balango Group","5,0","(1)","","","Toko Makanan","·","Jl. Gubeng Masjid No.1/7","Tutup","· Buka Sen pukul 12.00","https://lh3.googleusercontent.com/gps-cs-s/APNQkAHWdWfZfaE8cLWDgeRDha5o4S2rIkRm7x5cpFceDVskHLgZX7QdggxrHVENF1kPPzjZeQy12I8aEO2T4woTuIG92Pyi26zZw0EoPnDNLc_W-i9_WJgKUY0Rm6WaLjBwXB4WarigDQqk3564=w122-h92-k-no","https://ssl.gstatic.com/local/servicebusiness/default_user.png","""Sudah repeat order beberapa kali, rendangnya enak.""","","","https://www.google.com/searchviewer/42?cvd=CLw_EicKJeICIjIgEhkiF9LX29IPEQoNL2cvMTF5ZmNqZjE0NxgAOgMI8A0%3D&hl=id-ID&gl=id&fo_m=MfohQo559jFvMUOzJVpjPL1YMfZ3bInYwBDuMfaXTPp5KXh-&utm_source=tactile&gei=ODD3aZDVOMnD4-EPjri8-QI&ei=ODD3aZDVOMnD4-EPjri8-QI&fo_s=OA&opi=79508299&ebb=1&cs=0&foub=mcpp","Pesan online","","",""
"https://www.google.com/maps/place/Eco+Surabaya/data=!4m7!3m6!1s0x2dd7fb6337d38a3b:0x4a9b68f510e78d5d!8m2!3d-7.275983!4d112.7566371!16s%2Fg%2F11fjmmgwmj!19sChIJO4rTN2P71y0RXY3nEPVom0o?authuser=0&hl=id&rclk=1","Eco Surabaya","4,7","(76)","","","Dapur komersial bersama","·","Jl. Gubeng Kertajaya VII D No.43, RT.005/RW.04","Tutup","· Buka Sen pukul 16.00","https://lh3.googleusercontent.com/gps-cs-s/APNQkAGB-zIOFGR4S6eyRVsQvk4MaOO4cYxDxSQqtF2V06xGshdIGWGboQZDEc8WpWPtQc2T_eU5m_PPBC36o5SY1LxC_MVf6n4ICNW-FMQ2CZ5OSEp8FZpli92vErFEsTzbXX4Fpq6Q=w80-h106-k-no","https://ssl.gstatic.com/local/servicebusiness/default_user.png","""Mampir gaes, lokasi mudah, harga murah meriah,","","","","","","makanan","enak"""
"https://www.google.com/maps/place/Warung+Sederhana/data=!4m7!3m6!1s0x2dd7fbd4e389a67f:0x2ad442cd9aa46ebf!8m2!3d-7.2689175!4d112.7609655!16s%2Fg%2F11clybkwtq!19sChIJf6aJ49T71y0Rv26kms1C1Co?authuser=0&hl=id&rclk=1","Warung Sederhana","3,7","(6)","","","Brunch","·","·","Tutup","· Buka Sen pukul 07.00","https://lh3.googleusercontent.com/gps-cs-s/APNQkAHBhn042IrbX9tn5qI9bc6w4qJQ46z5fAExhtBuquk4ZdgROaVjiUkNjwGmqXuZw4Fzmp1yWUhVkXS3Dk7-_qlxPHVsR-RT80s4pGkeETuYD7NDRcvsu4C2EMiX1_cxkKE1TLHw=w122-h92-k-no","","Makan di tempat","","Jl. Karang Menjangan No.61","","","","Bawa pulang",""
"https://www.google.com/maps/place/Angkringan+N%27deso/data=!4m7!3m6!1s0x2dd7fbc970e53555:0x381a41348a04ca23!8m2!3d-7.2716827!4d112.7611295!16s%2Fg%2F11r_fjkrz3!19sChIJVTXlcMn71y0RI8oEijRBGjg?authuser=0&hl=id&rclk=1","Angkringan N'deso","5,0","(10)","·","Rp 1–25.000","Kedai Kopi","·","PQH6+8FC, Jl. Karang Menjangan","Buka","· Tutup pukul 00.00","https://lh3.googleusercontent.com/gps-cs-s/APNQkAF3xFYqUkyDW_9s00KWievBoAMesKvoqIxT77j_D9PYtqtwHiq58gW96D9Kp4iBdlfkEp43057plTDdo-muMCUxrXSXnmk83wxisyiPagYma9emd_t-OuOxxsEc6gd47bBV6xHPcQ=w80-h106-k-no","https://ssl.gstatic.com/local/servicebusiness/default_user.png","""","","","","","","Makanan","enak dan murah daripada angkringan lain."""
"https://www.google.com/maps/place/MURANIAN/data=!4m7!3m6!1s0x2dd7fbd6b32c7427:0x7a621ffe32ab85bc!8m2!3d-7.2711108!4d112.7559747!16s%2Fg%2F11cly50mlc!19sChIJJ3Qss9b71y0RvIWrMv4fYno?authuser=0&hl=id&rclk=1","MURANIAN","5,0","(6)","","","Pemasok makanan dan minuman katering","·","Jl. Dharmawangsa IX No.04","Tutup","· Buka Sen pukul 08.00","https://lh3.googleusercontent.com/gps-cs-s/APNQkAEVKMeACAFleXfgppwlGpVoH42p7raf4dVjOGZ9o1p5Y9bY1fphPao_86WxuuoVsOEAcQcivhhNUdv71wkx4b7pVhlnb-FZ6ARy_Q--dhroUgLIlpl1-b6wA4Qwgwr8ruTJ0LY=w163-h92-k-no","","Ambil di tepi jalan","","","https://www.google.com/searchviewer/42?cvd=CLw_EicKJeICIjIgEhkiF9LX29IPEQoNL2cvMTFjbHk1MG1sYxgBOgMI8A0%3D&hl=id-ID&gl=id&fo_m=MfohQo559jFvMUOzJVpjPL1YMfZ3bInYwBDuMfaXTPp5KXh-&utm_source=tactile&gei=ODD3aZDVOMnD4-EPjri8-QI&ei=ODD3aZDVOMnD4-EPjri8-QI&fo_s=OA&opi=79508299&orderType=1&ebb=1&cs=0&foub=mcpp","Pesan online","","Pesan antar","Tidak melayani makan di tempat"
"https://www.google.com/maps/place/angkringan+morokabeh/data=!4m7!3m6!1s0x2dd7fb2bce25d0d9:0xfe056c62cf8f9a0c!8m2!3d-7.2779416!4d112.7554579!16s%2Fg%2F11y48w_70d!19sChIJ2dAlziv71y0RDJqPz2JsBf4?authuser=0&hl=id&rclk=1","angkringan morokabeh","5,0","(1)","","","Makanan Kecil","·","Jl. Kertajaya No.83","Buka","· Tutup pukul 23.00","https://lh3.googleusercontent.com/gps-cs-s/APNQkAGcIL96f9Xt7uLLtvgpdotNbqyOjUFq2S1vGYdVWy-fAXcbI1D1S8naZRBb0VETfRlshElWnvePJEV_J-UXDyz6oAifkJwnkgInayB-GdcWq1C6NwxsztEBsiMPSvBqHWRfppiF=w80-h106-k-no","","Makan di tempat","","","","","","Bawa pulang","Pesan antar"
"https://www.google.com/maps/place/Cafetaria+kksp+RSUD+dr.+Soetomo/data=!4m7!3m6!1s0x2dd7fb0e4bd79cd1:0xc3b6dd9c5e7d12d6!8m2!3d-7.270061!4d112.7576608!16s%2Fg%2F11pdf81lh7!19sChIJ0ZzXSw771y0R1hJ9XpzdtsM?authuser=0&hl=id&rclk=1","Cafetaria kksp RSUD dr. Soetomo","3,2","(11)","","","Toko bahan makanan","·","PQH5+X3F","Buka","· Tutup pukul 21.00","https://lh3.googleusercontent.com/gps-cs-s/APNQkAE9MbuWyLqIBvcUKuEblrnHTPjiBbIXrm8U-slOO_HUgVpTUOD-u2bkYcqS2iMqabw3jaxaRCmODllw1sQ6h-7S9n9Nj9wpI_guhOcHd_RzWkua-iN45d_7gBozeEvJDxCynU1T=w122-h92-k-no","https://ssl.gstatic.com/local/servicebusiness/default_user.png","""makanannya enak cuma pelayanan ga ramah mas mas tinggi marah marah malah…""","","","","","","",""
"https://www.google.com/maps/place/WARUNG+BU+PON/data=!4m7!3m6!1s0x2dd7fbf67abfb601:0xcddcf1742e84289e!8m2!3d-7.2783893!4d112.7433874!16s%2Fg%2F11f7sqtqft!19sChIJAba_evb71y0RniiELnTx3M0?authuser=0&hl=id&rclk=1","WARUNG BU PON","4,7","(19)","·","Rp 1–25.000","Indonesia","·","depan hotel istana permata, Jl. Dinoyo No.16","Buka 24 jam","","https://lh3.googleusercontent.com/gps-cs-s/APNQkAHghujYwnb5fvxEg_w4cZnpVmMvSl1H-Xj6-5CoL92zuWYac4i7b7kzWFwx7heO46c9mcQyh4mQgKV6ZTWRcaxBw5oz2i1mOBsy7HiT765i0R_uaMOwgV6Ev2-OYA1mUPUjiF2ABA8_PDQ0=w122-h92-k-no","https://ssl.gstatic.com/local/servicebusiness/default_user.png","""","","","","","","makanan","enak sesuai harga,
sayang tempatnya aja."""
"https://www.google.com/maps/place/Soto+Ayam+%22Legendaris%22+Surabaya/data=!4m7!3m6!1s0x2dd7fb4107645fe7:0x27677020591e4416!8m2!3d-7.2715639!4d112.752906!16s%2Fg%2F11jrsl6ttx!19sChIJ519kB0H71y0RFkQeWSBwZyc?authuser=0&hl=id&rclk=1","Soto Ayam ""Legendaris"" Surabaya","5,0","(1)","","","Soto Ayam","·","Jl. Gubeng Jaya II No.31, RT.009/RW.02","Tutup","· Buka Sen pukul 07.00","https://lh3.googleusercontent.com/gps-cs-s/APNQkAEEidZU_mgzgk6mv7Zl__1HgbaYh8hiUutOuYmKjsDyZX3wSES7DZga2HS9qp52mdOrt3S8B9t0_dROpwpy51WrjhbTmfZFabO_nILjSsWi-0WYYHZyJ8Gy3BPAXccPKfBjgf5LAQ=w163-h92-k-no","","Makan di tempat","","","","","","Bawa pulang",""
"https://www.google.com/maps/place/Warkop+Gondrong+Lawu/data=!4m7!3m6!1s0x2dd7fbd0ba11ab07:0xfa82ff0286dcfa31!8m2!3d-7.2724432!4d112.7531699!16s%2Fg%2F11gfk1cg48!19sChIJB6sRutD71y0RMfrchgL_gvo?authuser=0&hl=id&rclk=1","Warkop Gondrong Lawu","4,8","(37)","","","Kedai Kopi","·","Jl. Gubeng Jaya VI No.11 B","Buka 24 jam","","https://lh3.googleusercontent.com/gps-cs-s/APNQkAGpMiiikl5Ad09ohlLirqvm5GhX9b0CxfxtdmJQZ2PGjk2qIjR-M-bUkShdWbmdOPZWkMHY8pvC6D-wIc0O_FDqy-NccYTeYgw5FENiR9nC-f7nhEyQPf3jvk9Ifl_vRwofWHDa=w163-h92-k-no","https://ssl.gstatic.com/local/servicebusiness/default_user.png","""Suasana ramah penuh keakraban""","","","","","","",""
"https://www.google.com/maps/place/Fauzan+Frozen+Food/data=!4m7!3m6!1s0x2dd7fbb4e2436a6b:0x7eb1f619264f5c0f!8m2!3d-7.2775558!4d112.7602071!16s%2Fg%2F11hzy8tq8y!19sChIJa2pD4rT71y0RD1xPJhn2sX4?authuser=0&hl=id&rclk=1","Fauzan Frozen Food","5,0","(1)","","","Toko Makanan","·","Jl. Gubeng Kertajaya XIII No.19A","Buka","· Tutup pukul 22.00","https://lh3.googleusercontent.com/gps-cs-s/APNQkAFh4D49nbPgJndeYPKDaGHsCmK1N2Mq_1sy9Eee_941JaA_A-XmboYUDd_LP45_mhAF0AhWiADdyEn8EbV_tlkn57nAvUuS5QdccyOTDFRmGJaDJcAaxF53-EVgqgbueNarvSxnjMCkM3dz=w122-h92-k-no","","Bawa pulang","","","","","","",""
"https://www.google.com/maps/place/Cafe+ESCO/data=!4m7!3m6!1s0x2dd7fbce25c287b7:0xdd91c7a3f01bfed!8m2!3d-7.276797!4d112.75474!16s%2Fg%2F11f11pwv4q!19sChIJt4fCJc771y0R7b8BP3oc2Q0?authuser=0&hl=id&rclk=1","Cafe ESCO","4,5","(475)","·","Rp 1–25.000","Kafe","·","·","Buka","· Tutup pukul 22.00","https://lh3.googleusercontent.com/gps-cs-s/APNQkAH02E34QlmVgZQYZsAG7U1ehHBpverE3-MqkGEDsquDC_Pv-bXWLOLz46QvZqJcscAD02uCQTzdnx4CSyur5Vk7Jg3KhDyKjSnAQRws7P8WhlKOodsmWS3fKBWxHSUqWPbpqpm2=w80-h106-k-no","https://ssl.gstatic.com/local/servicebusiness/default_user.png","""Bagus banget dan murah di kantong, ini foto menu nya""","","Jl. Gubeng Kertajaya V B No.58","https://www.google.com/searchviewer/42?cvd=CLw_EicKJeICIjIgEhkiF9LX29IPEQoNL2cvMTFmMTFwd3Y0cRgBOgMI8A0%3D&hl=id-ID&gl=id&fo_m=MfohQo559jFvMUOzJVpjPL1YMfZ3bInYwBDuMfaXTPp5KXh-&utm_source=tactile&gei=ODD3aZDVOMnD4-EPjri8-QI&ei=ODD3aZDVOMnD4-EPjri8-QI&fo_s=OA&opi=79508299&orderType=1&ebb=1&cs=0&foub=mcpp","Pesan online","","",""
"https://www.google.com/maps/place/WarKop+KM+35/data=!4m7!3m6!1s0x2dd7fb796b23c35b:0x50ce02a0bcc3382e!8m2!3d-7.2679858!4d112.761009!16s%2Fg%2F11f6z1wb6j!19sChIJW8Mja3n71y0RLjjDvKACzlA?authuser=0&hl=id&rclk=1","WarKop KM 35","4,6","(124)","·","$","Kedai Kopi","·","·","Buka","· Tutup pukul 00.00","https://lh3.googleusercontent.com/gps-cs-s/APNQkAHdqCBej_Pxf4N4DU2Jk6ZtXL8fMbF4RjP-QovHLRBmrQ7nM4VywkeE7SOjAwFTDKKOfeljWiSC-O84JmQLD7E3LqcQ6rz6yqDawpbQORICI28Jag3AJ6ToiO1CtPpMY-YjG78LBQ=w80-h106-k-no","https://ssl.gstatic.com/local/servicebusiness/default_user.png","""Nasi goreng jawa depan warkop, enak dan murmer""","","Jl. Karang Menjangan No.35","","","","",""
"https://www.google.com/maps/place/Jorz+Coffee/data=!4m7!3m6!1s0x2dd7f9c68dd03fc9:0xf8f866e07ea533f2!8m2!3d-7.2663089!4d112.7532259!16s%2Fg%2F11vrcpk55x!19sChIJyT_Qjcb51y0R8jOlfuBm-Pg?authuser=0&hl=id&rclk=1","Jorz Coffee","5,0","(41)","·","Rp 1–25.000","Kedai Kopi","·","·","Tutup","· Buka Sen pukul 10.00","https://lh3.googleusercontent.com/gps-cs-s/APNQkAFJD4b4GRKJM6nlZkfPT8t93SXf1iOqfMM047-ed3722bYY7DyvdEGQJ23jugeBVzFtomBLkSo4DKWYR-_tLanQjK7D9tGpd2QkgJCbM2y5cJjnER4kAXaAiQp2TSgCTleS31iAI_DHglvm=w80-h106-k-no","https://ssl.gstatic.com/local/servicebusiness/default_user.png","""ricebowl cabe garam nya the best, takaran Milo ice jumbonya pas manisnya.""","","Jl. Gubeng Masjid No.39, RT.001/RW.07","","","","",""
"https://www.google.com/maps/place/Warung+Makan+ENAK+19/data=!4m7!3m6!1s0x2dd7fbc9595c3da7:0xc8f5ac6b82a3d88c!8m2!3d-7.2828707!4d112.756104!16s%2Fg%2F11g6ykwcxg!19sChIJpz1cWcn71y0RjNijgmus9cg?authuser=0&hl=id&rclk=1","Warung Makan ENAK 19","4,7","(3)","","","Restoran","·","Jl. Pucang Anom Tim. No.19","Tutup","· Buka Sen pukul 00.00","https://streetviewpixels-pa.googleapis.com/v1/thumbnail?panoid=dTr8pfCyYRzr7XZ9K6lK_g&cb_client=search.gws-prod.gps&w=80&h=92&yaw=95.627846&pitch=0&thumbfov=100","","Makan di tempat","","","","","","Bawa pulang",""
"https://www.google.com/maps/place/Toko+Bakmie+Saudagar+Dharmawangsa/data=!4m7!3m6!1s0x2dd7fb5f79bc1e45:0xc01b9a35b60deab2!8m2!3d-7.2716068!4d112.7562028!16s%2Fg%2F11txgyqk91!19sChIJRR68eV_71y0RsuoNtjWaG8A?authuser=0&hl=id&rclk=1","Toko Bakmie Saudagar Dharmawangsa","4,6","(1.807)","·","Rp 25–50 rb","Mi","·","·","","","https://lh3.googleusercontent.com/gps-cs-s/APNQkAGumeJncEB5xe4BGIlkl2OCWYoQhw-aOmbLOU1E9Mz4793kpmJSveAXiTpJlIfc3Ht8NtPf8Srhkk5VnYLju_UzBRsGw19RBiSFjNiE2yox2hbkB91y90HwswQA2OKkrPFx6-l5dQZmTHr7=w80-h106-k-no","https://ssl.gstatic.com/local/servicebusiness/default_user.png","""rasanya enak, dimsumnya juga berasa banget daging ayam nya""","","Jl. Dharmawangsa No.70","","","","",""
"https://www.google.com/maps/place/Warung+Kopi+Sancaka/data=!4m7!3m6!1s0x2dd7f9454447db55:0xa4c1b15bfb07d52f!8m2!3d-7.2666248!4d112.7530542!16s%2Fg%2F11g0_lzzlw!19sChIJVdtHREX51y0RL9UH-1uxwaQ?authuser=0&hl=id&rclk=1","Warung Kopi Sancaka","4,8","(6)","","","Kedai Kopi","·","·","Buka","· Tutup pukul 22.00","https://lh3.googleusercontent.com/gps-cs-s/APNQkAFhKIaQuwrEKEE3glA_mK2rPdrcfhNCl_ZvUTatrz6Y7QVGme3y34Q9hMrG9jWwQ5GYtpoSB9dKXBn5OpXFPovVT_DE3OOxtj0rB38owA4pWt-y056bxJB3zrh3uwBHjAeZCiK6=w163-h92-k-no","","Makan di tempat","","Pojok UMKM Stasiun Gubeng, Jl. Stasiun Gubeng Stand No.5","","","","Bawa pulang",""
"https://www.google.com/maps/place/Beras+Sehat+Organik/data=!4m7!3m6!1s0x2dd7fbce1fd2de1b:0x3f3130402dd4201b!8m2!3d-7.2764413!4d112.7554134!16s%2Fg%2F11bwfmk28s!19sChIJG97SH8771y0RGyDULUAwMT8?authuser=0&hl=id&rclk=1","Beras Sehat Organik","4,7","(10)","","","Toko Makanan Alami","·","Jl. Gubeng Kertajaya VII C No.14","Buka","· Tutup pukul 22.00","https://lh3.googleusercontent.com/gps-cs-s/APNQkAHuQy9UPANjX1w0Vk62DtlP0QOLLL5pqqkS8sZhqwsrPChqTX9ZJiygFpcki0HCfiOUe4nFMrRHVXluFD9-hrHuUGzxHbYl-PxxP6jUVAEwp4ug2HZcXVtUR1ravqox0bWW5uLMNg=w92-h92-k-no","","Pesan antar","","","","","","",""
"https://www.google.com/maps/place/Belut+Suroboyo+Arie/data=!4m7!3m6!1s0x2dd7fbd33d8cceb5:0x4937bbc87a006d09!8m2!3d-7.2720027!4d112.7612653!16s%2Fg%2F11c464xvcv!19sChIJtc6MPdP71y0RCW0Aesi7N0k?authuser=0&hl=id&rclk=1","Belut Suroboyo Arie","4,5","(544)","·","Rp 25–50 rb","Restoran Masakan Belut","·","·","","","","https://ssl.gstatic.com/local/servicebusiness/default_user.png","""Belut keringnya enak,ayam gorengnya enak & empuk tapi agak bau.""","","Jl. Karang Menjangan No.111","","","","",""
"https://www.google.com/maps/place/Sahabat+Jaya+Catering/data=!4m7!3m6!1s0x2dd7fbd140e2366b:0x3cca04abb2c14b78!8m2!3d-7.2722781!4d112.755504!16s%2Fg%2F1q6j3whsz!19sChIJazbiQNH71y0ReEvBsqsEyjw?authuser=0&hl=id&rclk=1","Sahabat Jaya Catering","3,9","(22)","","","Katering","·","Jl. Gubeng Airlangga II No.25B","Buka","· Tutup pukul 20.30","https://lh3.googleusercontent.com/gps-cs-s/APNQkAEzqXnUvBycF0N59Lz5S195Fj3_uukyNGX34JMOvID-MgqPJX5SAhacsETykDfPX0LvzbTAzNd2hsH9-R4STn0wEqiJ-yMO1huOppg5RqP0bHbVLdxZ_Wbd8rZjVqBDgo7D1HO_=w122-h92-k-no","https://ssl.gstatic.com/local/servicebusiness/default_user.png","""Cocok untuk pesan sedikit kurang cocok untuk banyak""","","","","","","",""
"https://www.google.com/maps/place/Warung+Bu+Kris/data=!4m7!3m6!1s0x2dd7fbd8fe821f07:0xef0c8aa179f7bd65!8m2!3d-7.2697603!4d112.7467382!16s%2Fg%2F1hd_fk36b!19sChIJBx-C_tj71y0RZb33eaGKDO8?authuser=0&hl=id&rclk=1","Warung Bu Kris","4,5","(3.831)","·","Rp 25–50 rb","Jawa","·","·","Tutup","· Buka Sen pukul 08.00","https://lh3.googleusercontent.com/gps-cs-s/APNQkAF_1eap4MuNvTi3hwP-_lvq91FyddpsaB82gHt7fJ1oIIwc4oamF8f4HfO-lSlMbOUYEruWsDMmx9qxDNleeHTC0n-24imw7mj0k8Xio6KvXgBHLrAsHaUs41QO30IY9cch-fNg=w163-h92-k-no","https://ssl.gstatic.com/local/servicebusiness/default_user.png","""Sop buntut enak, pecel empal, rawon, ayam penyet dll.enakkk semua.""","","Jl. Kayoon No.46B","https://www.google.com/searchviewer/42?cvd=CLw_EiYKJOICITIfEhgiFtLX29IPEAoML2cvMWhkX2ZrMzZiGAE6AwjwDQ%3D%3D&hl=id-ID&gl=id&fo_m=MfohQo559jFvMUOzJVpjPL1YMfZ3bInYwBDuMfaXTPp5KXh-&utm_source=tactile&gei=OjD3aajAJcad4-EPuLrWOQ&ei=OjD3aajAJcad4-EPuLrWOQ&fo_s=OA&opi=79508299&orderType=1&ebb=1&cs=0&foub=mcpp","Pesan online","","",""
"https://www.google.com/maps/place/Warung+Bu+Mar+%28Ibuk+Marsiati%29/data=!4m7!3m6!1s0x2dd7fa40224c325d:0x40798b7569130629!8m2!3d-7.2861537!4d112.7861373!16s%2Fg%2F11d_w7svq7!19sChIJXTJMIkD61y0RKQYTaXWLeUA?authuser=0&hl=id&rclk=1","Warung Bu Mar (Ibuk Marsiati)","4,8","(468)","·","Rp 1–25.000","Prasmanan","·","·","Buka","· Tutup pukul 22.00","https://lh3.googleusercontent.com/gps-cs-s/APNQkAGCmJAQ90Rg6FtY3zqWOJS1hEVyWKDRbOHH9roCLU7LsnZJHRUC4IsgZvS1d2eLUxCTyhAPKVT1LKS2LXEjJFh25v62nJ0rqL5AQbT241L8RZPYuz5mUKtTzn8eQJILFPDndl8f=w163-h92-k-no","https://ssl.gstatic.com/local/servicebusiness/default_user.png","""masakannya enak dan murah, nasi juga ambil sepuasnya""","","Jl. Asempayung Gg. Regency No.9, RT.002/RW.03","","","","",""
"https://www.google.com/maps/place/Warung+Kuning+-+Kalibokor/data=!4m7!3m6!1s0x2dd7fbb5316dd829:0xbbd99620398a695d!8m2!3d-7.2877322!4d112.7624485!16s%2Fg%2F11b6xgd_g2!19sChIJKdhtMbX71y0RXWmKOSCW2bs?authuser=0&hl=id&rclk=1","Warung Kuning - Kalibokor","4,5","(2.330)","·","Rp 1–25.000","Jawa","·","·","Segera tutup","· 19.00 · Buka Sen pukul 07.00","https://lh3.googleusercontent.com/gps-cs-s/APNQkAEu1erhN23eZoCFg5oG41RciEZqrqk_sZ3vpS6vAe6CigdKhcvSpDzjyzzp6VevD6FghQ3pFlH8Tx8ut8tDOoh6-nH0MgphN6xt6Jxp0zR0U9urvAHXomNuug14WI2e1Cg1vDLS=w163-h92-k-no","https://ssl.gstatic.com/local/servicebusiness/default_user.png","""Rasanya enak, bumbunya oke, lauknya juga besar besar.""","","Jl. Kalibokor Selatan","","","","",""
"https://www.google.com/maps/place/Toko+Bu+sulasih/data=!4m7!3m6!1s0x2dd7fbd2f2312255:0xc458ebeacbd86a3d!8m2!3d-7.2742126!4d112.7611264!16s%2Fg%2F11cmr02zzy!19sChIJVSIx8tL71y0RPWrYy-rrWMQ?authuser=0&hl=id&rclk=1","Toko Bu sulasih","4,5","(2)","","","Toko bahan makanan","·","1 no 04, Jl. Raya Menur","Buka","· Tutup pukul 21.00","https://streetviewpixels-pa.googleapis.com/v1/thumbnail?panoid=5p1C75r83gbf8uWPtVao0g&cb_client=search.gws-prod.gps&w=80&h=92&yaw=11.396945&pitch=0&thumbfov=100","","","","","","","","",""
"https://www.google.com/maps/place/Warkop+TITIK+KUMPUL+KOPI+%28TKK%29+Cab.+Karmen/data=!4m7!3m6!1s0x2dd7fb6506a799c9:0x41305f06f7eda4b3!8m2!3d-7.2734518!4d112.7617095!16s%2Fg%2F11vdfd5ffh!19sChIJyZmnBmX71y0Rs6Tt9wZfMEE?authuser=0&hl=id&rclk=1","Warkop TITIK KUMPUL KOPI (TKK) Cab. Karmen","4,5","(256)","·","Rp 1–25.000","Kedai Kopi","·","Jl. Karang Menjangan No.102","Buka 24 jam","","","https://ssl.gstatic.com/local/servicebusiness/default_user.png","""Disini banyak","","","","","","makanan","berat yg bisa dipilih, ada pangsite, geprek, dll."""
"https://www.google.com/maps/place/Warung+Dewi/data=!4m7!3m6!1s0x2dd7fbbdc90d2a67:0xeb51cb5298d2c77e!8m2!3d-7.2933357!4d112.7416048!16s%2Fg%2F11b6hy70nm!19sChIJZyoNyb371y0RfsfSmFLLUes?authuser=0&hl=id&rclk=1","Warung Dewi","4,6","(1.039)","·","Rp 1–25.000","Rumah Makan","·","·","Buka","· Tutup pukul 20.30","https://lh3.googleusercontent.com/gps-cs-s/APNQkAFuytTOGJoz1O_CZVSoCgOBE11K8m5uH0QUdHmOACzwqGBk0waqlM0lskprhp5EcMT8wodgmmaxvvdXgaWG5jJ4lkTAONJqtfmwJhhvp7bwHFxHhiFYsYzt4GBBPNWRxO2kkHEPqA=w122-h92-k-no","https://ssl.gstatic.com/local/servicebusiness/default_user.png","""Taste masakannya enak, banyak pilihan lauknya, harganya murah.""","","Jl. Darmokali No No.1 W","","","","",""
"https://www.google.com/maps/place/Warung+Tempe+Penyet+Mbak+Noer/data=!4m7!3m6!1s0x2dd7fba64224f3bb:0x730586c6d7df468a!8m2!3d-7.3032388!4d112.7490363!16s%2Fg%2F1hm5msk3r!19sChIJu_MkQqb71y0Rikbf18aGBXM?authuser=0&hl=id&rclk=1","Warung Tempe Penyet Mbak Noer","4,2","(5.976)","·","Rp 1–25.000","Jawa","·","·","Buka","· Tutup pukul 02.30","https://lh3.googleusercontent.com/gps-cs-s/APNQkAHwXYXR00UDlVWDnWRZjjuHRaZTQAilKnNKTzE4gOzQOsKgRCKgA00TiTleidxVvveqWuJa1G4Gi-W747VcKD7mMqpiMarCknhqU5aiwyCwLwG6IH-4nGCHY_r4jFSiX45vjfya=w122-h92-k-no","https://ssl.gstatic.com/local/servicebusiness/default_user.png","""Lauknya ada lele, ikan pe, ikan asin, ayam, kepala bebek, rempelo ati.""","","Jl. Jagir Wonokromo No.120","https://www.google.com/searchviewer/42?cvd=CLw_EiYKJOICITIfEhgiFtLX29IPEAoML2cvMWhtNW1zazNyGAE6AwjwDQ%3D%3D&hl=id-ID&gl=id&fo_m=MfohQo559jFvMUOzJVpjPL1YMfZ3bInYwBDuMfaXTPp5KXh-&utm_source=tactile&gei=OjD3aajAJcad4-EPuLrWOQ&ei=OjD3aajAJcad4-EPuLrWOQ&fo_s=OA&opi=79508299&orderType=1&ebb=1&cs=0&foub=mcpp","Pesan online","","",""
"https://www.google.com/maps/place/BbeQu+Frozen+Mart/data=!4m7!3m6!1s0x2dd7fbcf9eeb4be7:0xe7156ae7a2484402!8m2!3d-7.2787795!4d112.7522458!16s%2Fg%2F11f3240j1w!19sChIJ50vrns_71y0RAkRIoudqFec?authuser=0&hl=id&rclk=1","BbeQu Frozen Mart","4,8","(4)","","","Toko makanan beku","·","Kertajaya IV Raya No.21","Buka","· Tutup pukul 21.00","https://lh3.googleusercontent.com/gps-cs-s/APNQkAG-4IPlLss6IUzqb1Nm5PeIfPAzN7uK8DOrXVtxvFUL98tNJ0Bpk1vKdGbkY84k2thr4ZgbShSmK29qwgouMHV7vaUUDN90EmDXf_F1CpPCqiEubkiXsRuftg3wPdBlcK6LjNGMZQ=w241-h92-k-no","","Pesan antar","","","","","","",""
"https://www.google.com/maps/place/Risalah+Fresh+Meat/data=!4m7!3m6!1s0x2dd7fb5b902a60e5:0x289dfcc7c5c6d9c2!8m2!3d-7.2750209!4d112.7548856!16s%2Fg%2F11lf2l0s5y!19sChIJ5WAqkFv71y0RwtnGxcf8nSg?authuser=0&hl=id&rclk=1","Risalah Fresh Meat","","","","","Toko Daging Premium","·","Gubeng Kertajaya V.E no:24, Jl. Gubeng Kertajaya V. E No.:41","Buka 24 jam","","https://lh3.googleusercontent.com/gps-cs-s/APNQkAG8LZ7wn1MtM2OeMl-GHOyNmM10521rYV04FUBux3SUB66mWu2qbPMB9LPAE4QQttLq_dCpyJ7_x9TRmJz_ErpIMq8XFcjS903Mj49iBgR8udsNhY4M_01gBvxrzMki9mu3aKE=w92-h92-k-no","","Belanja di toko","","","","","","Ambil di tepi jalan","Pesan antar"
"https://www.google.com/maps/place/Adwa+Frozen+Food/data=!4m7!3m6!1s0x2dd7fb784f6069cb:0x29f8cd288762188a!8m2!3d-7.2775432!4d112.7602015!16s%2Fg%2F11h4h30pvf!19sChIJy2lgT3j71y0RihhihyjN-Ck?authuser=0&hl=id&rclk=1","Adwa Frozen Food","4,7","(3)","","","Toko Swalayan","·","Jl. Gubeng Kertajaya XIII No.19 a","Buka","· Tutup pukul 20.00","https://lh3.googleusercontent.com/gps-cs-s/APNQkAGByk7LcIJJ6n_QQWLZhnmGX6BMLKuV5j3mVtBLsCp97jbnzdOWBeM0iFw9vV8QfYHOLSuXDSwa9BDkXTCo-yN7dHRvoYiOo2AvUjiLQ6Hl_RtoFZ89Oap56BHEi2ywg4cYX9sf=w92-h92-k-no","","","","","","","","",""
"https://www.google.com/maps/place/Toko+Wardji/data=!4m7!3m6!1s0x2dd7fbcd231603b5:0x6c56d6435792a6df!8m2!3d-7.2778923!4d112.7614282!16s%2Fg%2F11c1w0t845!19sChIJtQMWI8371y0R36aSV0PWVmw?authuser=0&hl=id&rclk=1","Toko Wardji","5,0","(1)","","","Toko bahan makanan","·","PQC6+RHV, Jl. Gubeng Kertajaya XIII D","Buka","· Tutup pukul 21.00","https://streetviewpixels-pa.googleapis.com/v1/thumbnail?panoid=8ysTvPqyt_ARneeeMyctCw&cb_client=search.gws-prod.gps&w=80&h=92&yaw=210.82204&pitch=0&thumbfov=100","","","","","","","","",""
"https://www.google.com/maps/place/Warung+Jangan+Lupa+Makan/data=!4m7!3m6!1s0x2dd7fba32a9337d9:0xbe560e81d2d4f44a!8m2!3d-7.2972708!4d112.7421354!16s%2Fg%2F11hc_2v8yp!19sChIJ2TeTKqP71y0RSvTU0oEOVr4?authuser=0&hl=id&rclk=1","Warung Jangan Lupa Makan","4,6","(111)","·","Rp 1–25.000","Rumah Makan","·","·","Buka 24 jam","","https://lh3.googleusercontent.com/gps-cs-s/APNQkAGK3IFTtDgnBc54X7S08WjJN1ahIUDpRwwbR80dL65yz6mQp5s4Yj8LDuqc0oONdAs2tK3O-6gCsec7PVGW2vDg-9FxxXYl2z-SSznovOmIMy1UZnRgfUuk4nSxB7Z966FBL0og=w122-h92-k-no","https://ssl.gstatic.com/local/servicebusiness/default_user.png","""Harga murah, sambelnya enak dan asinnya pas.""","","Jl. Ngagel No.107","https://www.google.com/searchviewer/42?cvd=CLw_EicKJeICIjIgEhkiF9LX29IPEQoNL2cvMTFoY18ydjh5cBgBOgMI8A0%3D&hl=id-ID&gl=id&fo_m=MfohQo559jFvMUOzJVpjPL1YMfZ3bInYwBDuMfaXTPp5KXh-&utm_source=tactile&gei=OjD3aajAJcad4-EPuLrWOQ&ei=OjD3aajAJcad4-EPuLrWOQ&fo_s=OA&opi=79508299&orderType=1&ebb=1&cs=0&foub=mcpp","Pesan online","","",""
"https://www.google.com/maps/place/Anugrah+food/data=!4m7!3m6!1s0x2dd7fbd161cf3f51:0x383f9771364f4001!8m2!3d-7.2733857!4d112.7539122!16s%2Fg%2F11j9dttfzt!19sChIJUT_PYdH71y0RAUBPNnGXPzg?authuser=0&hl=id&rclk=1","Anugrah food","5,0","(1)","","","Toko makanan beku","·","Jl. Gubeng Airlangga IV No.82","","","https://lh3.googleusercontent.com/gps-cs-s/APNQkAE6SbGg8foxiQR28jRwjYXqBx7EzV9O8zfIODXelslrnkH6igl0wDS6g3kN990T6uTbIIOgfGd67yiJWHXRZjPMRsPsHs8b80AAAoMPoJGkom1B0IxV9wOFz8VRXGvlea6SDed0=w86-h152-k-no","","Pesan antar","","","","","","",""
"https://www.google.com/maps/place/Warung+Makan+Tegal+Citra+Baru/data=!4m7!3m6!1s0x2dd7fbe11aa450d9:0xc459dc0999f7fb0!8m2!3d-7.2705607!4d112.7353162!16s%2Fg%2F11f5d956zs!19sChIJ2VCkGuH71y0RsH-fmcCdRQw?authuser=0&hl=id&rclk=1","Warung Makan Tegal Citra Baru","4,2","(132)","·","Rp 1–25.000","Restoran","·","·","Buka 24 jam","","https://lh3.googleusercontent.com/gps-cs-s/APNQkAFuN5e2fxfboImVgA5TvVS_uul0SLBlw-7vk3J24DiJPLLXT6_95VGGgoA7vz1XDgcu-85JT2x57DlprJ4hqwWYq18rRjmoobwXz33aFLaJA0BU2a24tkBC_vk408V9nQ3JomM5=w122-h92-k-no","https://ssl.gstatic.com/local/servicebusiness/default_user.png","""Harga dan rasa pasti murah & enak.""","","Jl. Kp. Malang Tengah I No.7","","","","",""
"https://www.google.com/maps/place/Resto+%22Mbak+Gendut%22/data=!4m7!3m6!1s0x2dd7fbad72255df5:0xe77ace16be858eb!8m2!3d-7.2971769!4d112.7606088!16s%2Fg%2F11c4bcv47g!19sChIJ9V0lcq371y0R61joa-Gsdw4?authuser=0&hl=id&rclk=1","Resto ""Mbak Gendut""","4,5","(141)","·","Rp 25–50 rb","Jawa","·","·","Buka","· Tutup pukul 00.00","https://lh3.googleusercontent.com/gps-cs-s/APNQkAGVjZ1rnwAaf2UJ2IzSgNNNlRV-5Aw1qjGYA0nZoI8p92AyWWMKH7_ngWDc4zyWFrRt895eDsn13XunlTl2IMH24TpL7KG9sZuPe7_K0_7thKiNYyrudXiRW28vJrCKv7IrXGA2XA=w122-h92-k-no","https://ssl.gstatic.com/local/servicebusiness/default_user.png","""Tempatnya bersih & nyaman
Masakannya enak""","","Sentra Kuliner, Jl. Bratang Binangun VI","","","","",""
"https://www.google.com/maps/place/Padin+Ikan+Goreng+-+Bakar+24+Jam/data=!4m7!3m6!1s0x2dd7f9449aa643cb:0x2fc4cd0dfa545b41!8m2!3d-7.2557049!4d112.7323074!16s%2Fg%2F11b6ctqtnv!19sChIJy0OmmkT51y0RQVtU-g3NxC8?authuser=0&hl=id&rclk=1","Padin Ikan Goreng - Bakar 24 Jam","3,5","(3.593)","·","$$","Jawa","·","·","Buka 24 jam","","https://lh3.googleusercontent.com/gps-cs-s/APNQkAGyHP0KsmsIBtcx7gjr66Jitc7WOFQ3sCotrVUFgdZVZmY9nw84NhOCdqGALC26m-7d9Iyf_nNZ3SGAhG9QsfQqzndBFcdvJRTlYwXi1lMBizcgXNAIECu6CncJbA78eP1rwZvjwA=w163-h92-k-no","https://ssl.gstatic.com/local/servicebusiness/default_user.png","""agak pricey tp worth, sambelnya enak, ikannya masih seger, buka 24 jam""","","Jl. Kranggan No.26","https://www.google.com/searchviewer/42?cvd=CLw_EicKJeICIjIgEhkiF9LX29IPEQoNL2cvMTFiNmN0cXRudhgBOgMI8A0%3D&hl=id-ID&gl=id&fo_m=MfohQo559jFvMUOzJVpjPL1YMfZ3bInYwBDuMfaXTPp5KXh-&utm_source=tactile&gei=OjD3aajAJcad4-EPuLrWOQ&ei=OjD3aajAJcad4-EPuLrWOQ&fo_s=OA&opi=79508299&orderType=1&ebb=1&cs=0&foub=mcpp","Pesan online","","",""
"","","","","","","","","","","","","","","","","","","","",""