"hfpxzc href","qBF1Pd","MW4etd","UY7F9","W4Efsd","W4Efsd 2","W4Efsd 3","W4Efsd 4","W4Efsd 5","UsdlK","Cw1rxd","R8c4Qb","Jn12ke src","ah5Ghc","ah5Ghc 2","doJOZc","W4Efsd 6","W4Efsd 7","lcr4fd href","Cw1rxd 2","R8c4Qb 2"
"","","","","","","","","","","","","","","","","","","","",""
"","","","","","","","","","","","","","","","","","","","",""
"https://www.google.com/maps/place/Puskrip+Karmen,+Print+,+Foto+Copy+24+Jam/data=!4m7!3m6!1s0x2dd7fbd33ffa294b:0x304b5af10990437d!8m2!3d-7.2722215!4d112.7614908!16s%2Fg%2F1hm5xxxmg!19sChIJSyn6P9P71y0RfUOQCfFaSzA?authuser=0&hl=id&rclk=1","Puskrip Karmen, Print , Foto Copy 24 Jam","4,1","(335)","Penyedia Layanan Internet","·","Jl. Karang Menjangan No.113A","Buka 24 jam","·","0853-3733-3314","","Rute","https://ssl.gstatic.com/local/servicebusiness/default_user.png","""selalu gercep, wa fast resp,","print","","","","","",""
"https://www.google.com/maps/place/Foto+Copy+Murah+Harapan+Jaya+Dharmawangsa/data=!4m7!3m6!1s0x2dd7fb0a28058975:0x304100d7e1dc07ed!8m2!3d-7.2750878!4d112.7560536!16s%2Fg%2F11lm7k77x_!19sChIJdYkFKAr71y0R7Qfc4dcAQTA?authuser=0&hl=id&rclk=1","Foto Copy Murah Harapan Jaya Dharmawangsa","4,7","(39)","Toko Fotokopi","·","·","Buka","JL DHARMAWANGSA NO : 116 SURABAYA Pindahan dari gubeng kertajaya 9 d no :35","0821-4587-4561","","Rute","https://ssl.gstatic.com/local/servicebusiness/default_user.png","""Harga","print","","· Tutup pukul 21.00","·","","",""
"https://www.google.com/maps/place/Puskrip+Dharmawangsa/data=!4m7!3m6!1s0x2dd7fbd6a4bd3edd:0xef32aa3a375c668e!8m2!3d-7.2703497!4d112.7563017!16s%2Fg%2F11b69zzw2x!19sChIJ3T69pNb71y0RjmZcNzqqMu8?authuser=0&hl=id&rclk=1","Puskrip Dharmawangsa","4,5","(106)","Toko Percetakan","·","Jl. Dharmawangsa No.40","Buka 24 jam","·","0856-4085-8906","","Rute","https://ssl.gstatic.com/local/servicebusiness/default_user.png","""Pegawainya satset kalau ngerjain","print","","","","","",""
"https://www.google.com/maps/place/Printing+Grafisa+Kalidami/data=!4m7!3m6!1s0x2dd7fbf73a432c67:0x9a441c78afb0a96d!8m2!3d-7.274742!4d112.762594!16s%2Fg%2F11n68fbkpx!19sChIJZyxDOvf71y0Rbamwr3gcRJo?authuser=0&hl=id&rclk=1","Printing Grafisa Kalidami","5,0","(21)","Printer Digital","·","Jl. Karang Menjangan No.169","Buka","·","0812-3531-2451","","Rute","","Layanan di tempat","Janji temu online","","· Tutup pukul 22.00","","","",""
"https://www.google.com/maps/place/Wisnu+Print+%26+Fotocopy/data=!4m7!3m6!1s0x2dd7fbd51deace99:0xfadfa0d2426fed!8m2!3d-7.2683822!4d112.7610269!16s%2Fg%2F11b76lth7p!19sChIJmc7qHdX71y0R7W9C0qDf-gA?authuser=0&hl=id&rclk=1","Wisnu Print & Fotocopy","4,7","(30)","Toko Alat Tulis","·","·","Buka","Jl. Karang Menjangan No.47","0857-2477-8556","","Rute","https://ssl.gstatic.com/local/servicebusiness/default_user.png","""Pelayanan cepat,sat set
Mau nge","print","","· Tutup pukul 21.00","·","","",""
"https://www.google.com/maps/place/Saxena+Digital+Advertising/data=!4m7!3m6!1s0x2dd7fb3f33dcff75:0x51af8f916f76e892!8m2!3d-7.272025!4d112.754117!16s%2Fg%2F11vc2lyxwr!19sChIJdf_cMz_71y0Rkuh2b5GPr1E?authuser=0&hl=id&rclk=1","Saxena Digital Advertising","5,0","(22)","Printer Digital","·","Gubeng Jaya VII No.23A","Buka 24 jam","·","0822-3001-4806","","Situs Web","https://ssl.gstatic.com/local/servicebusiness/default_user.png","""Real 24 jam.....
Sekarang kirim file sekarang cetak...""","","","","","https://saxenadigitalprint.blogspot.com/","","Rute"
"https://www.google.com/maps/place/Conter+Print+Foto+Copy+Dharmawangsa/data=!4m7!3m6!1s0x2dd7fb5e2ce086e9:0xd46735dad50de644!8m2!3d-7.2703497!4d112.7563017!16s%2Fg%2F11v5yw7ycm!19sChIJ6YbgLF771y0RROYN1do1Z9Q?authuser=0&hl=id&rclk=1","Conter Print Foto Copy Dharmawangsa","4,7","(27)","Toko Percetakan","·","Jl. Dharmawangsa No.40","Buka","·","0821-4257-7857","","Rute","https://ssl.gstatic.com/local/servicebusiness/default_user.png","""Puas banget sama hasil","print","","· Tutup pukul 00.00","","","",""
"https://www.google.com/maps/place/Riels+Komputer+02/data=!4m7!3m6!1s0x2dd7fbd0fd64f9fb:0x645dfd945960fd86!8m2!3d-7.2708262!4d112.760558!16s%2Fg%2F11g1ln5rct!19sChIJ-_lk_dD71y0Rhv1gWZT9XWQ?authuser=0&hl=id&rclk=1","Riels Komputer 02","4,4","(30)","Percetakan Komersial","·","Jl. Karang Menjangan No.93","Buka","·","0813-3277-5183","","Rute","","","","","· Tutup pukul 22.00","","","",""
"https://www.google.com/maps/place/putra+jasa+mandiri+2+%28+digital+printing%29/data=!4m7!3m6!1s0x2dd7fbb2045f5783:0x4908034dba64938c!8m2!3d-7.2709952!4d112.7606162!16s%2Fg%2F11trgpmy1x!19sChIJg1dfBLL71y0RjJNkuk0DCEk?authuser=0&hl=id&rclk=1","putra jasa mandiri 2 ( digital printing)","5,0","(15)","Industri Percetakan","·","Jl. Karang Menjangan No.97","Buka","·","0857-9144-4140","","Rute","https://ssl.gstatic.com/local/servicebusiness/default_user.png","""sangat memuaskan nge","print","","· Tutup pukul 21.00","","","",""
"https://www.google.com/maps/place/Bang+Joo+Copy+%26+Print/data=!4m7!3m6!1s0x2dd7fbd56738a74d:0xa7d744e63ce40e5d!8m2!3d-7.266236!4d112.761435!16s%2Fg%2F11gb3ysyvl!19sChIJTac4Z9X71y0RXQ7kPOZE16c?authuser=0&hl=id&rclk=1","Bang Joo Copy & Print","5,0","(6)","Percetakan Komersial","·","Jl. Kedung Tarukan Baru I No.8","Buka","·","0857-8458-8467","","Rute","","Layanan di tempat","","","· Tutup pukul 22.00","","","",""
"https://www.google.com/maps/place/Aneka+Jaya+Fotocopy/data=!4m7!3m6!1s0x2dd7fbd1e4ed8af7:0xb2ad1ffcef73ad3a!8m2!3d-7.2758141!4d112.7559016!16s%2Fg%2F1hm3xcslj!19sChIJ94rt5NH71y0ROq1z7_wfrbI?authuser=0&hl=id&rclk=1","Aneka Jaya Fotocopy","4,2","(43)","Toko Fotokopi","·","·","Buka","Jl. Dharmawangsa No.130","(031) 5031446","","Rute","https://ssl.gstatic.com/local/servicebusiness/default_user.png","""Kualitas","print","","· Tutup pukul 20.00","·","","",""
"https://www.google.com/maps/place/P,DE%22FOTOCOPY/data=!4m7!3m6!1s0x2dd7fbd24bd2546d:0x9f753b3ea55c4d82!8m2!3d-7.2740118!4d112.7587117!16s%2Fg%2F11cn0nf2r6!19sChIJbVTSS9L71y0Rgk1cpT47dZ8?authuser=0&hl=id&rclk=1","P,DE""FOTOCOPY","5,0","(2)","Toko Fotokopi","·","Jl. Srikana Tim. No.2","Buka","·","0812-4930-9448","","Rute","","","","","· Tutup pukul 20.00","","","",""
"https://www.google.com/maps/place/Foto+Copy+Tunggal+Jaya/data=!4m7!3m6!1s0x2dd7fbd32668bf79:0xbc30f4c9d2240bc2!8m2!3d-7.273189!4d112.7619981!16s%2Fg%2F11clvv56vs!19sChIJeb9oJtP71y0Rwgsk0sn0MLw?authuser=0&hl=id&rclk=1","Foto Copy Tunggal Jaya","3,5","(6)","Toko Fotokopi","·","Jl. Karang Menjangan No.131","Buka","·","0812-1632-2210","","Rute","https://ssl.gstatic.com/local/servicebusiness/default_user.png","""Fotocopy dengan harga murah meriah, per lembar 200""","","","· Tutup pukul 21.00","","","",""
"https://www.google.com/maps/place/Foto+Copy+Srikana+Jaya/data=!4m7!3m6!1s0x2dd7fb18d15510cd:0x93308ed9e983da49!8m2!3d-7.2743221!4d112.7564239!16s%2Fg%2F11f5m15d7h!19sChIJzRBV0Rj71y0RSdqD6dmOMJM?authuser=0&hl=id&rclk=1","Foto Copy Srikana Jaya","4,1","(35)","Toko Fotokopi","·","·","Buka","Jl. Dharmawangsa No.35","0812-4949-0611","","Rute","https://ssl.gstatic.com/local/servicebusiness/default_user.png","""Fotokopi murah, sesuai dengan yang diinginkan, cepatt, dan dekat rumah""","","","· Tutup pukul 21.00","·","","",""
"https://www.google.com/maps/place/Erza+foto+copy+dan+print/data=!4m7!3m6!1s0x2dd7fbff9aa771bb:0x374fd5495ce50f49!8m2!3d-7.2770286!4d112.7625964!16s%2Fg%2F11q4h25stw!19sChIJu3Gnmv_71y0RSQ_lXEnVTzc?authuser=0&hl=id&rclk=1","Erza foto copy dan print","5,0","(5)","Printer Digital","·","Jl. Sukodami I No.5, RT.001/RW.11","Buka","·","0838-5621-1226","","Rute","https://ssl.gstatic.com/local/servicebusiness/default_user.png","""Fotocopy langganan jadi recommended banget""","","","· Tutup pukul 20.00","","","",""
"https://www.google.com/maps/place/ERLANGGA+PRINT/data=!4m7!3m6!1s0x2dd7fb1915e59eb1:0xb3bd16a48165af6f!8m2!3d-7.2703497!4d112.7563017!16s%2Fg%2F11krkfgvsp!19sChIJsZ7lFRn71y0Rb69lgaQWvbM?authuser=0&hl=id&rclk=1","ERLANGGA PRINT","5,0","(6)","Warnet","·","Jl. Dharmawangsa No.40, RT.009/RW.01","Buka 24 jam","","","","Rute","https://ssl.gstatic.com/local/servicebusiness/default_user.png","""Pelayanannya sat set 10/10""","","","","","","",""
"https://www.google.com/maps/place/Budaya+Print+Percetakan+%26+Fotocopy/data=!4m7!3m6!1s0x2dd7fbd4c25adbc3:0xac443ae5326554!8m2!3d-7.269083!4d112.7615303!16s%2Fg%2F11f4pnf73t!19sChIJw9tawtT71y0RVGUy5TpErAA?authuser=0&hl=id&rclk=1","Budaya Print Percetakan & Fotocopy","5,0","(11)","Toko Fotokopi","·","Jl. Karang Menjangan II No.10","Buka","·","0812-3141-3580","","Rute","https://ssl.gstatic.com/local/servicebusiness/default_user.png","""","Print","","· Tutup pukul 22.00","","","",""
"https://www.google.com/maps/place/Ramayana+Fotokopi+%26+Percetakan/data=!4m7!3m6!1s0x2dd7fbd18e287f43:0xe89d5299a636ca8c!8m2!3d-7.2746057!4d112.7561146!16s%2Fg%2F1hm2h_t4j!19sChIJQ38ojtH71y0RjMo2pplSneg?authuser=0&hl=id&rclk=1","Ramayana Fotokopi & Percetakan","4,4","(405)","Layanan cetak digital","·","·","Tutup","MJl, Jl. Dharmawangsa No.106 A","(031) 5032117","","Rute","https://ssl.gstatic.com/local/servicebusiness/default_user.png","""Ngeprint 13 lembar a4 Rp 70.000 sorry mahal🙏🏻""","","","· Buka Sen pukul 08.30","·","","",""
"https://www.google.com/maps/place/Foto+copy+murah+pangestu+dharmawangsa+no+:+39+surabaya/data=!4m7!3m6!1s0x2dd7fb5bce548b9d:0x362e5f97b1a69633!8m2!3d-7.2745239!4d112.7563566!16s%2Fg%2F11whjllwmr!19sChIJnYtUzlv71y0RM5amsZdfLjY?authuser=0&hl=id&rclk=1","Foto copy murah pangestu dharmawangsa no : 39 surabaya","4,8","(16)","Toko Fotokopi","·","Jl. Dharmawangsa No.39","Buka","·","0857-9115-1535","","Rute","https://ssl.gstatic.com/local/servicebusiness/default_user.png","""Langganan disini.. Biaya","print","","· Tutup pukul 23.00","","","",""
"https://www.google.com/maps/place/Bannerku+Digital+Printing+-+Digital+Offset+-+Offset+Printing/data=!4m7!3m6!1s0x2dd7fbce882b1459:0x11066dfdff4745f1!8m2!3d-7.278812!4d112.7560427!16s%2Fg%2F1tdg0b27!19sChIJWRQriM771y0R8UVH__1tBhE?authuser=0&hl=id&rclk=1","Bannerku Digital Printing - Digital Offset - Offset Printing","4,5","(65)","Percetakan Komersial","·","Jl. Dharmawangsa No.99","Tutup","·","0812-3267-3000","","Situs Web","https://ssl.gstatic.com/local/servicebusiness/default_user.png","""Hanya kpingin tanya,bisa gak bikin kartu nama model stiker""","","","· Buka Sen pukul 08.30","","http://www.bannerku.com/","","Rute"
"https://www.google.com/maps/place/Atra+Fotocopy/data=!4m7!3m6!1s0x2dd7fbd51e10f0d5:0x7f709959521c3009!8m2!3d-7.2684618!4d112.7609974!16s%2Fg%2F1hc5pm9jz!19sChIJ1fAQHtX71y0RCTAcUlmZcH8?authuser=0&hl=id&rclk=1","Atra Fotocopy","4,2","(11)","Toko Alat Tulis Kantor","·","Jl. Karang Menjangan No.49","Buka","·","0813-9384-1074","","Rute","https://ssl.gstatic.com/local/servicebusiness/default_user.png","""Siap foto copy sama","print","","· Tutup pukul 21.00","","","",""
"https://www.google.com/maps/place/ASETT+Printing+%26+Packaging/data=!4m7!3m6!1s0x2dd7f97fe30db249:0x81e8f81c9e385405!8m2!3d-7.2656919!4d112.762479!16s%2Fg%2F1pzxk_9vw!19sChIJSbIN43_51y0RBVQ4nhz46IE?authuser=0&hl=id&rclk=1","ASETT Printing & Packaging","4,2","(178)","Toko Percetakan","·","·","Tutup","Jl. Dharmahusada No.79X","(031) 5990014","","Rute","https://ssl.gstatic.com/local/servicebusiness/default_user.png","""Cetak cepat, gratis minta tolong benerin design.. top recommend👍🏻👍🏻👍🏻""","","","· Buka Sen pukul 08.00","·","","",""
"https://www.google.com/maps/place/Gema+49+Cutting+Sticker/data=!4m7!3m6!1s0x2dd7fbd7c48055eb:0x9f49f37a4c0fdd3c!8m2!3d-7.267159!4d112.752839!16s%2Fg%2F11b6gdbxwh!19sChIJ61WAxNf71y0RPN0PTHrzSZ8?authuser=0&hl=id&rclk=1","Gema 49 Cutting Sticker","4,9","(8)","Printer Digital","·","Jl. Gubeng Masjid","Buka","·","0822-3393-5550","","Rute","","","","","· Tutup pukul 21.00","","","",""
"https://www.google.com/maps/place/Hemat+Print/data=!4m7!3m6!1s0x2dd7fbd174834803:0x76efc3c35773ba31!8m2!3d-7.2735175!4d112.7555144!16s%2Fg%2F11f03lfnpn!19sChIJA0iDdNH71y0RMbpzV8PD73Y?authuser=0&hl=id&rclk=1","Hemat Print","4,5","(12)","Layanan cetak digital","·","Jl. Gubeng Airlangga IV No.14","Buka","·","0857-3034-4876","","Situs Web","","","","","· Tutup pukul 22.00","","https://www.instagram.com/hemat.print/?hl=en","","Rute"
"https://www.google.com/maps/place/Bintang+Mas+Digital+Printing+-+Offset+Printing+-+Percetakan+Dharmawangsa/data=!4m7!3m6!1s0x2dd7fbce89f3c9c5:0xaecee926f9abd601!8m2!3d-7.2788013!4d112.7560142!16s%2Fg%2F1hm5yjflt!19sChIJxcnzic771y0RAdar-Sbpzq4?authuser=0&hl=id&rclk=1","Bintang Mas Digital Printing - Offset Printing - Percetakan Dharmawangsa","4,3","(128)","Layanan cetak digital","·","·","Tutup","Dharmawangsa 99 (d/h, Jl. Dharmawangsa No.93","0812-3267-3000","","Situs Web","https://ssl.gstatic.com/local/servicebusiness/default_user.png","""Enak","print","","· Buka Sen pukul 08.30","·","https://www.cetakonline.co.id/","","Rute"
"https://www.google.com/maps/place/BENGKEL+PRINT+INDONESIA/data=!4m7!3m6!1s0x2dd7fa52bcb4660b:0xa6fab756ab0f1b5a!8m2!3d-7.2747886!4d112.7526347!16s%2Fg%2F1pzwy8kv7!19sChIJC2a0vFL61y0RWhsPq1a3-qY?authuser=0&hl=id&rclk=1","BENGKEL PRINT INDONESIA","4,5","(438)","Printer Digital","·","·","Tutup","Jl. Gub. Kertajaya V Raya No.31A","(031) 99443406","","Rute","https://ssl.gstatic.com/local/servicebusiness/default_user.png","""Sesuai yang dicari, mesin digital printing yang harganya terjangkau.""","","","· Buka Sen pukul 09.00","·","","",""
"https://www.google.com/maps/place/Print+Kocin/data=!4m7!3m6!1s0x2dd7fbd482b3113d:0xf1eea973656a2c61!8m2!3d-7.2709511!4d112.7606409!16s%2Fg%2F11v6pwyr7g!19sChIJPRGzgtT71y0RYSxqZXOp7vE?authuser=0&hl=id&rclk=1","Print Kocin","4,2","(6)","","","","","","0857-8505-7853","","Rute","https://ssl.gstatic.com/local/servicebusiness/default_user.png","""murmer🤩 semoga masuk surga""","","","","","","",""
"https://www.google.com/maps/place/Fotocopy+%26+Penjilidan+Barokah/data=!4m7!3m6!1s0x2dd7fbd1839ab015:0xf36af367c4265090!8m2!3d-7.2741493!4d112.756399!16s%2Fg%2F11clwky5tz!19sChIJFbCag9H71y0RkFAmxGfzavM?authuser=0&hl=id&rclk=1","Fotocopy & Penjilidan Barokah","5,0","(3)","Pemasok peralatan percetakan","·","Jl. Dharmawangsa No.32","Buka","·","0812-3554-3877","","Rute","https://ssl.gstatic.com/local/servicebusiness/default_user.png","""Sekitar jam 7 an sdh ready""","","","· Tutup pukul 22.00","","","",""
"https://www.google.com/maps/place/Bintang+Fotocopy+Print/data=!4m7!3m6!1s0x2dd7fbd3628ece79:0xd617bf27c799f3d4!8m2!3d-7.2710467!4d112.7608099!16s%2Fg%2F11t7_49wwj!19sChIJec6OYtP71y0R1POZxye_F9Y?authuser=0&hl=id&rclk=1","Bintang Fotocopy Print","3,0","(1)","Kafe","","","","","","","Rute","","Makan di tempat","","","","","","",""
"https://www.google.com/maps/place/Fotocopy+Siswi/data=!4m7!3m6!1s0x2dd7fbd6ae3dc0c3:0x7ef938700c347b59!8m2!3d-7.2757992!4d112.757361!16s%2Fg%2F11cly8cms_!19sChIJw8A9rtb71y0RWXs0DHA4-X4?authuser=0&hl=id&rclk=1","Fotocopy Siswi","5,0","(5)","Toko Fotokopi","·","Gubeng Kertajaya IX E No.2","Buka","·","0877-7336-8485","","Rute","","","","","· Tutup pukul 21.00","","","",""
"https://www.google.com/maps/place/Central+Media/data=!4m7!3m6!1s0x2dd7fbd4e956e467:0x855199aa4ef2624a!8m2!3d-7.26779!4d112.7606024!16s%2Fg%2F1hc2w4320!19sChIJZ-RW6dT71y0RSmLyTqqZUYU?authuser=0&hl=id&rclk=1","Central Media","4,5","(209)","Layanan cetak digital","·","·","Tutup","Jl. Karang Menjangan No.14","(031) 5046969","","Rute","https://ssl.gstatic.com/local/servicebusiness/default_user.png","""Yuk","print","","· Buka Sen pukul 08.30","·","","",""
"https://www.google.com/maps/place/Cathay+Digital+Printing+Dharmawangsa/data=!4m7!3m6!1s0x2dd7fb00501fbdc1:0xc9c5886f3441598f!8m2!3d-7.2731074!4d112.7561562!16s%2Fg%2F11wtdwwxzz!19sChIJwb0fUAD71y0Rj1lBNG-Ixck?authuser=0&hl=id&rclk=1","Cathay Digital Printing Dharmawangsa","4,8","(295)","Toko Percetakan","·","Jl. Dharmawangsa No.84","Tutup","·","0811-3088-6689","","Situs Web","https://ssl.gstatic.com/local/servicebusiness/default_user.png","""hasil printingnya bagus bangettt, recommended!""","","","· Buka Sen pukul 08.00","","https://www.cathayprinting.com/","","Rute"
"https://www.google.com/maps/place/29+Photocopy+and+Printing/data=!4m7!3m6!1s0x2dd7fbd2748c49e7:0x1d4971fa1690200!8m2!3d-7.2758893!4d112.758457!16s%2Fg%2F11fy_dmhh8!19sChIJ50mMdNL71y0RAAJpoR-X1AE?authuser=0&hl=id&rclk=1","29 Photocopy and Printing","4,5","(24)","Percetakan Komersial","·","Gubeng Kertajaya IX E No.29","Tutup","·","0856-4535-8890","","Situs Web","https://ssl.gstatic.com/local/servicebusiness/default_user.png","""Hardcover skripsi Order wa fast respon.""","","","· Buka Sen pukul 08.00","","https://www.facebook.com/irul.pribadi","","Rute"
"https://www.google.com/maps/place/Putra+jasa+mandiri+%28PJM%29+1/data=!4m7!3m6!1s0x2dd7fbe2009b97b7:0xad1ca19feda4d285!8m2!3d-7.2741701!4d112.7599245!16s%2Fg%2F11try9q1y2!19sChIJt5ebAOL71y0RhdKk7Z-hHK0?authuser=0&hl=id&rclk=1","Putra jasa mandiri (PJM) 1","4,8","(38)","Toko Fotokopi","","","","","0821-4326-2407","","Rute","https://ssl.gstatic.com/local/servicebusiness/default_user.png","""Pelayanan ramah, kualitas","print","","","","","",""
"https://www.google.com/maps/place/Foto+Copy+Print+-+Jilid+Mitra+Centro/data=!4m7!3m6!1s0x2dd7fb0020f9f0b3:0x6401ba92c04fcd0f!8m2!3d-7.2722535!4d112.755191!16s%2Fg%2F11xl_5651t!19sChIJs_D5IAD71y0RD81PwJK6AWQ?authuser=0&hl=id&rclk=1","Foto Copy Print - Jilid Mitra Centro","4,9","(18)","Toko","·","PQH4+33W, Jl. Gubeng Airlangga II","Tutup","·","0813-3672-7497","","Rute","https://ssl.gstatic.com/local/servicebusiness/default_user.png","""Rekomen banget
Harga printnta murahhh""","","","· Buka Sen pukul 07.00","","","",""
"https://www.google.com/maps/place/Print+Online+Surabaya/data=!4m7!3m6!1s0x2dd7fb50446eced9:0x86feabd1b4bf3e4d!8m2!3d-7.2757673!4d112.7513356!16s%2Fg%2F11jdzx0svr!19sChIJ2c5uRFD71y0RTT6_tNGr_oY?authuser=0&hl=id&rclk=1","Print Online Surabaya","5,0","(2)","Percetakan Komersial","·","Jl. Gubeng Kertajaya IC No.6","Buka","·","0822-4575-1554","","Situs Web","","","","","· Tutup pukul 21.00","","http://ngeprintno.com/","","Rute"
"https://www.google.com/maps/place/AMD+digital/data=!4m7!3m6!1s0x2dd7fbd17acf6635:0x2ed35682d52235c3!8m2!3d-7.2731565!4d112.7563024!16s%2Fg%2F11t9wrs100!19sChIJNWbPetH71y0RwzUi1YJW0y4?authuser=0&hl=id&rclk=1","AMD digital","1,3","(4)","Jl. Dharmawangsa No.82A","","","","","","","Rute","","","","","","","","",""
"https://www.google.com/maps/place/Surya+Copy+Center+Digital+Printing+Percetakan+Surabaya/data=!4m7!3m6!1s0x2dd7f97fcdfddd91:0x8ab708e63ad9eda9!8m2!3d-7.265295!4d112.760531!16s%2Fg%2F11ffm0t6kt!19sChIJkd39zX_51y0Rqe3ZOuYIt4o?authuser=0&hl=id&rclk=1","Surya Copy Center Digital Printing Percetakan Surabaya","4,7","(50)","Toko Percetakan","·","·","Tutup","Jl. Kedung Sroko No.127","(031) 5994737","","Situs Web","https://ssl.gstatic.com/local/servicebusiness/default_user.png","""Harganya cukup murah dan bersaing dan pelayanannya ramah""","","","· Buka Sen pukul 07.00","·","https://wa.me/+6282231259061","","Rute"
"https://www.google.com/maps/place/gays+advertising/data=!4m7!3m6!1s0x2dd7fbd353c67d5d:0x2aa97106648fcb83!8m2!3d-7.2712421!4d112.7626033!16s%2Fg%2F11cjpx47hs!19sChIJXX3GU9P71y0Rg8uPZAZxqSo?authuser=0&hl=id&rclk=1","gays advertising","","","Toko Percetakan","·","Jl. Karang Menjangan III No.41","Buka","·","0851-0026-2071","","Rute","","Pesan antar","","","· Tutup pukul 21.00","","","",""
"https://www.google.com/maps/place/Fotocopy+%26+Print/data=!4m7!3m6!1s0x2dd7fb0032544573:0x6744374d234f7dd6!8m2!3d-7.270906!4d112.7604308!16s%2Fg%2F11xyl318f7!19sChIJc0VUMgD71y0R1n1PI003RGc?authuser=0&hl=id&rclk=1","Fotocopy & Print","","","Warnet","·","Jl. Karang Menjangan No.93","","","","","Rute","","","","","","","","",""
"https://www.google.com/maps/place/Fotocopy+%26+Print/data=!4m7!3m6!1s0x2dd7fb0032544573:0x6744374d234f7dd6!8m2!3d-7.270906!4d112.7604308!16s%2Fg%2F11xyl318f7!19sChIJc0VUMgD71y0R1n1PI003RGc?authuser=0&hl=id&rclk=1","Fotocopy & Print","","","Warnet","·","Jl. Karang Menjangan No.93","","","","","Rute","","","","","","","","",""
"https://www.google.com/maps/place/Kertajaya+Grafika+-+Cetak+Packaging+Inner+Box+Surabaya/data=!4m7!3m6!1s0x2dd7fbd02cf3ac71:0x8278e5f5f4bd102c!8m2!3d-7.2759627!4d112.7538644!16s%2Fg%2F11hcw8384d!19sChIJcazzLND71y0RLBC99PXleII?authuser=0&hl=id&rclk=1","Kertajaya Grafika - Cetak Packaging Inner Box Surabaya","4,9","(53)","Industri Percetakan","·","Jl. Gubeng Kertajaya V C No.29","Tutup","·","0812-4994-5152","","Situs Web","https://ssl.gstatic.com/local/servicebusiness/default_user.png","""printingannya bagus, owner nya sabar, hasilnya cepat
mantaaappppp""","","","· Buka Sen pukul 08.00","","http://www.kertajayagrafika.com/","","Rute"
"https://www.google.com/maps/place/Joyo+Corner+Print+%26+Foto+Copy/data=!4m7!3m6!1s0x2dd7fb4f52847a13:0xf1517c0af64e45f2!8m2!3d-7.2720685!4d112.7610352!16s%2Fg%2F11h4g9ht4w!19sChIJE3qEUk_71y0R8kVO9gp8UfE?authuser=0&hl=id&rclk=1","Joyo Corner Print & Foto Copy","4,8","(21)","Toko Perlengkapan Mesin Fotokopi","·","·","Tutup","Jl. Karang Menjangan No.82, RT.001/RW.08","0856-4507-9609","","Rute","https://ssl.gstatic.com/local/servicebusiness/default_user.png","""mas-masnya baik pooolll, hasilnya hardcovernya juga bagus.""","","","· Buka Sen pukul 08.00","·","","",""
"https://www.google.com/maps/place/gays+advertising/data=!4m7!3m6!1s0x2dd7fbd353c67d5d:0x2aa97106648fcb83!8m2!3d-7.2712421!4d112.7626033!16s%2Fg%2F11cjpx47hs!19sChIJXX3GU9P71y0Rg8uPZAZxqSo?authuser=0&hl=id&rclk=1","gays advertising","","","Toko Percetakan","·","Jl. Karang Menjangan III No.41","Buka","·","0851-0026-2071","","Rute","","Pesan antar","","","· Tutup pukul 21.00","","","",""
"https://www.google.com/maps/place/CENTRO+%283%29+DUA+DIGITAL+PRINT/data=!4m7!3m6!1s0x2dd7fbc315809d77:0x3f1fb56e4a2b7075!8m2!3d-7.2707552!4d112.7550617!16s%2Fg%2F11fmz8_4sr!19sChIJd52AFcP71y0RdXArSm61Hz8?authuser=0&hl=id&rclk=1","CENTRO (3) DUA DIGITAL PRINT","5,0","(3)","Toko Fotokopi","·","Jl. Dharmawangsa Barat No.31","Tutup","·","0821-3156-3619","","Rute","","","","","· Buka Sen pukul 08.00","","","",""
"https://www.google.com/maps/place/Exspus+%7C+Print+%26+Copy/data=!4m7!3m6!1s0x2dd7fbd48500f487:0xc79678fb1b156f0e!8m2!3d-7.2705569!4d112.7605711!16s%2Fg%2F11h2qy5jrn!19sChIJh_QAhdT71y0RDm8VG_t4lsc?authuser=0&hl=id&rclk=1","Exspus | Print & Copy","4,2","(5)","Jasa Ketik","·","Jl. Karang Menjangan No.81","Tutup","·","0822-2926-1993","","Rute","","","","","· Buka Sen pukul 08.00","","","",""
"https://www.google.com/maps/place/GUTEN+2+Digital+Fotocopy+Dharmawangsa/data=!4m7!3m6!1s0x2dd7fbd15cb280af:0xf5d48f3f74971e5b!8m2!3d-7.2727119!4d112.7562106!16s%2Fg%2F11bc7tkb_j!19sChIJr4CyXNH71y0RWx6XdD-P1PU?authuser=0&hl=id&rclk=1","GUTEN 2 Digital Fotocopy Dharmawangsa","4,5","(45)","Toko Fotokopi","·","·","Tutup","Jl. Dharmawangsa No.80c","0856-4812-4620","","Rute","https://ssl.gstatic.com/local/servicebusiness/default_user.png","""Harga Murah Dari tempat lain","Print","","· Buka Sen pukul 09.00","·","","",""
"https://www.google.com/maps/place/Mitra+Jaya+Fotocopy/data=!4m7!3m6!1s0x2dd7fbd18fac50dd:0xbc300c40342e5687!8m2!3d-7.2745238!4d112.7563566!16s%2Fg%2F11clvsnvxm!19sChIJ3VCsj9H71y0Rh1YuNEAMMLw?authuser=0&hl=id&rclk=1","Mitra Jaya Fotocopy","4,6","(25)","Toko Fotokopi","·","Jl. Dharmawangsa No.39","Tutup","·","0896-7783-6951","","Situs Web","https://ssl.gstatic.com/local/servicebusiness/default_user.png","""Fotocopy murah, harga bersahabat, tempatnya strategis dekat unair""","","","· Buka Sen pukul 08.00","","https://mitrajayafotocopy.com/","","Rute"
"https://www.google.com/maps/place/Fotocopy+murah+Friend%27s+Penjilidan+%26+Print/data=!4m7!3m6!1s0x2dd7fbd48b04eced:0x12777fd2c8d773da!8m2!3d-7.2710248!4d112.760823!16s%2Fg%2F11bc7prmd_!19sChIJ7ewEi9T71y0R2nPXyNJ_dxI?authuser=0&hl=id&rclk=1","Fotocopy murah Friend's Penjilidan & Print","4,2","(32)","Toko Fotokopi","·","Jl. Karang Menjangan VII No.4","Tutup","·","0856-3459-171","","Rute","https://ssl.gstatic.com/local/servicebusiness/default_user.png","""Murah ..hasilnya bagus cocok buat","print","","· Buka Sen pukul 08.00","","","",""
"https://www.google.com/maps/place/Tinta+Digital+Printing/data=!4m7!3m6!1s0x2dd7fbd1e01f196d:0x2dfd5e86d0255820!8m2!3d-7.2766659!4d112.7571137!16s%2Fg%2F1pzth2qdd!19sChIJbRkf4NH71y0RIFgl0IZe_S0?authuser=0&hl=id&rclk=1","Tinta Digital Printing","5,0","(1)","Layanan cetak digital","·","Jl. Gubeng Kertajaya VIIC No. 56","Tutup","·","0813-3527-2790","","Rute","","","","","· Buka Sen pukul 09.00","","","",""
"https://www.google.com/maps/place/foto+copy+wahyu+%26+penjilidan/data=!4m7!3m6!1s0x2dd7fb643ee6e317:0x62883ad6f0af471!8m2!3d-7.2743221!4d112.7564239!16s%2Fg%2F11vhtff059!19sChIJF-PmPmT71y0RcfQKb62DKAY?authuser=0&hl=id&rclk=1","foto copy wahyu & penjilidan","5,0","(2)","Toko","·","Jl. Dharmawangsa No.35","Tutup","","","","Rute","","","","","· Buka Sen pukul 08.00","","","",""
"https://www.google.com/maps/place/Soponyono+Foto+Copy/data=!4m7!3m6!1s0x2dd7fb1030021255:0x30f9c6454cb857d9!8m2!3d-7.2743099!4d112.7563792!16s%2Fg%2F11tn0rchth!19sChIJVRICMBD71y0R2Ve4TEXG-TA?authuser=0&hl=id&rclk=1","Soponyono Foto Copy","3,9","(7)","Layanan cetak digital","·","Jl. Dharmawangsa No.35","Tutup","·","0852-5782-8539","","Rute","https://ssl.gstatic.com/local/servicebusiness/default_user.png","""Fotocopy yg worth it si, pelayanan cepat + ramah + murah""","","","· Buka Sen pukul 08.00","","","",""
"https://www.google.com/maps/place/Cetakin+Digital+Print+Center/data=!4m7!3m6!1s0x2dd7fb8c5c06ebe1:0x7a54cc93d149cb5!8m2!3d-7.2728567!4d112.7469623!16s%2Fg%2F11xkzg7dmw!19sChIJ4esGXIz71y0RtZwUPclMpQc?authuser=0&hl=id&rclk=1","Cetakin Digital Print Center","4,9","(53)","Toko Percetakan","·","·","Buka","Jl. Jawa No.5A","0823-3143-0690","","Rute","https://ssl.gstatic.com/local/servicebusiness/default_user.png","""Hasil cetakan bagus, bisa free ongkir kalau jaraknya under 5km ☝🏻🥳""","","","· Tutup pukul 22.00","·","","",""
"https://www.google.com/maps/place/Centro+Dua+%282%29+Digital+Copier/data=!4m7!3m6!1s0x2dd7fbd6c5fe2945:0x76d9c757db0b1628!8m2!3d-7.2707552!4d112.7550617!16s%2Fg%2F11b6dx0v9j!19sChIJRSn-xdb71y0RKBYL21fH2XY?authuser=0&hl=id&rclk=1","Centro Dua (2) Digital Copier","4,2","(21)","Toko Fotokopi","·","·","Tutup","Jl. Dharmawangsa Barat No.31","0821-3156-3619","","Rute","","","","","· Buka Sen pukul 08.00","·","","",""
"https://www.google.com/maps/place/Snopy+Copy+Center/data=!4m7!3m6!1s0x2dd7fbd36cbb8611:0xb559d5f2811897dc!8m2!3d-7.272187!4d112.76096!16s%2Fg%2F11b6v4p56m!19sChIJEYa7bNP71y0R3JcYgfLVWbU?authuser=0&hl=id&rclk=1","Snopy Copy Center","5,0","(4)","Toko Fotokopi","·","Jl. Karang Menjangan No.82","Tutup","·","0812-1711-3139","","Rute","","","","","· Buka Sen pukul 08.00","","","",""
"https://www.google.com/maps/place/Centro+Digital+Copler/data=!4m7!3m6!1s0x2dd7fbd23ad14abb:0xcea3cb8c5bbccee2!8m2!3d-7.2724372!4d112.7549326!16s%2Fg%2F1pzw39k2w!19sChIJu0rROtL71y0R4s68W4zLo84?authuser=0&hl=id&rclk=1","Centro Digital Copler","","","Jl. Gubeng Airlangga II No.35, RT.012/RW.01","","","","","0813-3038-9551","","Rute","","","","","","","","",""
"https://www.google.com/maps/place/Riels+Komputer/data=!4m7!3m6!1s0x2dd7fbd16a458853:0x2f9ea0ee76b13cc4!8m2!3d-7.272629!4d112.755725!16s%2Fg%2F11g6xrbbvj!19sChIJU4hFatH71y0RxDyxdu6gni8?authuser=0&hl=id&rclk=1","Riels Komputer","4,6","(145)","Toko Komputer","·","·","Buka","Jl. Gubeng Airlangga III No.21","0856-9793-3309","","Rute","https://ssl.gstatic.com/local/servicebusiness/default_user.png","""Yang punya riels juga baik banget, bisa buat jilid dan","print","","· Tutup pukul 22.00","·","","",""
"https://www.google.com/maps/place/Multi+Print+Xerox/data=!4m7!3m6!1s0x2dd7fbd6ba97c915:0xcb4c3c5e4762d9fa!8m2!3d-7.2705816!4d112.7562804!16s%2Fg%2F1hm5bxr2_!19sChIJFcmXutb71y0R-tliR148TMs?authuser=0&hl=id&rclk=1","Multi Print Xerox","4,4","(48)","Desainer interior","·","Jl. Dharmawangsa No.46","Tutup","·","(031) 5011172","","Rute","https://ssl.gstatic.com/local/servicebusiness/default_user.png","""Layanan cepat dan ramah 👍""","","","· Buka Sen pukul 09.00","","","",""
"https://www.google.com/maps/place/Samudra+Printama.+CV/data=!4m7!3m6!1s0x2dd7fbcfc9273365:0x49ab892ba3d829c9!8m2!3d-7.2774208!4d112.7533937!16s%2Fg%2F1tzfvjtx!19sChIJZTMnyc_71y0RySnYoyuJq0k?authuser=0&hl=id&rclk=1","Samudra Printama. CV","5,0","(1)","Toko Percetakan","·","JL. Kertajaya 7 G No. 3, SurabayaEast Java 60282","","","(031) 5014521","","Situs Web","https://ssl.gstatic.com/local/servicebusiness/default_user.png","""Sangat merekomendasikan""","","","","","http://www.samudraprint.com/","","Rute"
"https://www.google.com/maps/place/teman+lama+digital+printing+%26+sablon/data=!4m7!3m6!1s0x2dd7fb1b36e6674f:0x11f0d2513027a48c!8m2!3d-7.2678527!4d112.752548!16s%2Fg%2F11nxqy0gk6!19sChIJT2fmNhv71y0RjKQnMFHS8BE?authuser=0&hl=id&rclk=1","teman lama digital printing & sablon","","","Toko Percetakan","","","Tutup","","","","Situs Web","","","","","· Buka Sen pukul 08.00","","https://www.instagram.com/temanlama.lab/","","Rute"
"https://www.google.com/maps/place/Foto+Copy+Karunia/data=!4m7!3m6!1s0x2dd7fbd192e23433:0xa227bbddadd632c1!8m2!3d-7.2748051!4d112.7560456!16s%2Fg%2F11hd6n15tz!19sChIJMzTiktH71y0RwTLWrd27J6I?authuser=0&hl=id&rclk=1","Foto Copy Karunia","5,0","(1)","Toko Percetakan","·","·","Tutup","Jl. Dharmawangsa No.110","0821-3210-2786","","Rute","","","","","· Buka Sen pukul 08.00","·","","",""
"https://www.google.com/maps/place/Bintang+Internet/data=!4m7!3m6!1s0x2dd7fbd51a3c52bd:0xee8d935f81410886!8m2!3d-7.2679769!4d112.7609368!16s%2Fg%2F1hm1t24ll!19sChIJvVI8GtX71y0RhghBgV-Tje4?authuser=0&hl=id&rclk=1","Bintang Internet","4,4","(69)","Warnet","·","·","Buka 24 jam","Jl. Karang Menjangan No.35","0851-0194-8480","","Rute","https://ssl.gstatic.com/local/servicebusiness/default_user.png","""Perjam nya 3k, 2 jam 6k, 3 jam 8k.""","","","","·","","",""
"https://www.google.com/maps/place/Dunia+Print/data=!4m7!3m6!1s0x2dd7fa46186458fb:0xa32a7a55db9cd0a2!8m2!3d-7.2884448!4d112.7670637!16s%2Fg%2F1hm47zkt5!19sChIJ-1hkGEb61y0RotCc21V6KqM?authuser=0&hl=id&rclk=1","Dunia Print","4,3","(183)","Toko Percetakan","·","·","Segera tutup","Jl. Menur III No.65, RT.003/RW.09","0858-6865-9000","","Rute","https://ssl.gstatic.com/local/servicebusiness/default_user.png","""","Print","","· 19.00 · Buka Sen pukul 08.00","·","","",""
"https://www.google.com/maps/place/Foto+Copy+Makmur/data=!4m7!3m6!1s0x2dd7fbd177ff51dd:0xd1e568d4fb06e82a!8m2!3d-7.2737074!4d112.7561957!16s%2Fg%2F11b6c9g98l!19sChIJ3VH_d9H71y0RKugG-9Ro5dE?authuser=0&hl=id&rclk=1","Foto Copy Makmur","4,9","(11)","Toko Fotokopi","·","·","Tutup","Jl. Dharmawangsa No.92","0838-5633-3222","","Rute","https://ssl.gstatic.com/local/servicebusiness/default_user.png","""Tempat foto copy dan","print","","· Buka Sen pukul 09.00","·","","",""
"https://www.google.com/maps/place/Kurnia+Jaya+Foto+Copy/data=!4m7!3m6!1s0x2dd7e40949f2effb:0xb4f5dd066191faf9!8m2!3d-7.2691561!4d112.757037!16s%2Fg%2F11b6yfb3yq!19sChIJ--_ySQnk1y0R-fqRYQbd9bQ?authuser=0&hl=id&rclk=1","Kurnia Jaya Foto Copy","5,0","(1)","Toko Fotokopi","·","·","Tutup","Jl. Pucang Anom No.6","(031) 5019676","","Rute","","","","","· Buka Sen pukul 08.00","·","","",""
"https://www.google.com/maps/place/Toko+Tinta+Mega+Print/data=!4m7!3m6!1s0x2dd7fbd324aca24d:0x13eb9dd1fc5059cd!8m2!3d-7.2728657!4d112.7618507!16s%2Fg%2F11fxwmgm6s!19sChIJTaKsJNP71y0RzVlQ_NGd6xM?authuser=0&hl=id&rclk=1","Toko Tinta Mega Print","4,8","(31)","Toko","·","Jl. Karang Menjangan No.121","Tutup","·","0851-0223-4822","","Rute","https://ssl.gstatic.com/local/servicebusiness/default_user.png","""Servis printer disini harga terjangkau dan oke banget.""","","","· Buka Sen pukul 09.00","","","",""
"https://www.google.com/maps/place/RIZQY+FOTOCOPY+MURAH/data=!4m7!3m6!1s0x2dd7fbd49d75ca63:0xccec174e9a2c2a45!8m2!3d-7.2709173!4d112.7608317!16s%2Fg%2F11cnl7ljf9!19sChIJY8p1ndT71y0RRSosmk4X7Mw?authuser=0&hl=id&rclk=1","RIZQY FOTOCOPY MURAH","4,7","(65)","Toko Fotokopi","·","·","Tutup","Jl. Karang Menjangan VII No.14","0877-5537-3520","","Rute","https://ssl.gstatic.com/local/servicebusiness/default_user.png","""Bisa minta nomer wa pencetakan nya""","","","· Buka Sen pukul 08.30","·","","",""
"https://www.google.com/maps/place/FOTOCOPY+GATRA+1/data=!4m7!3m6!1s0x2dd7fb42562e267f:0xab803bd67913f0bf!8m2!3d-7.2749528!4d112.7563593!16s%2Fg%2F1hm2rlqlv!19sChIJfyYuVkL71y0Rv_ATedY7gKs?authuser=0&hl=id&rclk=1","FOTOCOPY GATRA 1","4,6","(18)","Toko Fotokopi","·","Jl. Dharmawangsa No.47","Tutup","·","0813-3104-0336","","Situs Web","https://ssl.gstatic.com/local/servicebusiness/default_user.png","""Foto copi paling murah cepat dan bgus hasilnya""","","","· Buka Sen pukul 08.00","","http://gatrafotocopy.com/","","Rute"
"https://www.google.com/maps/place/GUTEN+1+Digital+Fotocopy,+Airlangga/data=!4m7!3m6!1s0x2dd7fbd47bb9bf23:0x8ab885ff00ef4533!8m2!3d-7.2707519!4d112.7602247!16s%2Fg%2F11clvwlbj2!19sChIJI7-5e9T71y0RM0XvAP-FuIo?authuser=0&hl=id&rclk=1","GUTEN 1 Digital Fotocopy, Airlangga","4,7","(13)","Toko Fotokopi","·","Jl. Airlangga No.12","Tutup","·","0812-3888-7548","","Rute","https://ssl.gstatic.com/local/servicebusiness/default_user.png","""Mau fotokopi, jilid, scan, hard atau soft cover bisa semuaaaanya.""","","","· Buka Sen pukul 08.30","","","",""
"https://www.google.com/maps/place/Cetak+Tali+Id+Card+Surabaya/data=!4m7!3m6!1s0x2dd7fb45c583efe7:0xb78037de95affa83!8m2!3d-7.267262!4d112.761205!16s%2Fg%2F11r0wdjq26!19sChIJ5--DxUX71y0Rg_qvld43gLc?authuser=0&hl=id&rclk=1","Cetak Tali Id Card Surabaya","4,0","(4)","Percetakan Komersial","·","Jl. Karang Menjangan No.19 A","Buka 24 jam","·","0812-1718-1127","","Situs Web","","","","","","","https://cetaktaliidcardsurabaya.blogspot.com/","","Rute"
"https://www.google.com/maps/place/RAM+FOTOCOPY+DAN+PRINT/data=!4m7!3m6!1s0x2dd7fbd37d64c9d3:0xe102852a524f0941!8m2!3d-7.2710693!4d112.7604167!16s%2Fg%2F11b6x3rgdj!19sChIJ08lkfdP71y0RQQlPUiqFAuE?authuser=0&hl=id&rclk=1","RAM FOTOCOPY DAN PRINT","4,3","(6)","Toko Fotokopi","·","Jl. Karang Menjangan No.97","Tutup","·","0812-2903-0090","","Rute","","","","","· Buka Sen pukul 08.00","","","",""
"https://www.google.com/maps/place/Fotocopy+%22+Nirwana+%22/data=!4m7!3m6!1s0x2dd7fbd185806e79:0x7d959ae063836afd!8m2!3d-7.2742963!4d112.7563716!16s%2Fg%2F11clw6stjt!19sChIJeW6AhdH71y0R_WqDY-CalX0?authuser=0&hl=id&rclk=1","Fotocopy "" Nirwana ""","4,5","(90)","Toko Fotokopi","·","·","Tutup","Jl. Dharmawangsa Barat No.35b i no","0813-3020-0079","","Rute","https://ssl.gstatic.com/local/servicebusiness/default_user.png","""Sangat responsif dan membantu di WA.""","","","· Buka Sen pukul 08.00","·","","",""
"https://www.google.com/maps/place/FOTOCOPY+TERANG/data=!4m7!3m6!1s0x2dd7fbd4491e8985:0xf7f4f2929ac383dc!8m2!3d-7.2690522!4d112.7586742!16s%2Fg%2F11c563s5bx!19sChIJhYkeSdT71y0R3IPDmpLy9Pc?authuser=0&hl=id&rclk=1","FOTOCOPY TERANG","4,5","(2)","Toko Fotokopi","·","Jl. Prof. DR. Moestopo No.6-8","Tutup","·","0899-3861-186","","Rute","","Layanan di tempat","","","· Buka Sen pukul 08.30","","","",""
"https://www.google.com/maps/place/Eliver+Apparel+dan+sablon+DTF+satuan/data=!4m7!3m6!1s0x2dd7fb1916955161:0xff0d4144965eb12!8m2!3d-7.2773299!4d112.7585424!16s%2Fg%2F11y5h993vy!19sChIJYVGVFhn71y0REutlSRTU8A8?authuser=0&hl=id&rclk=1","Eliver Apparel dan sablon DTF satuan","4,7","(3)","Toko Kaos Custom","·","Jl. Gubeng Kertajaya IX B No.30A","Buka","·","0895-2331-3325","","Situs Web","https://ssl.gstatic.com/local/servicebusiness/default_user.png","""Sangat membantu banget""","","","· Tutup pukul 23.00","","https://sites.google.com/view/eliverapparel/beranda","","Rute"
"https://www.google.com/maps/place/Digital+Printing/data=!4m7!3m6!1s0x2dd7fbccef3d679d:0x985bdd03d38a2510!8m2!3d-7.27928!4d112.76093!16s%2Fg%2F1hm5jqlc0!19sChIJnWc978z71y0RECWK0wPdW5g?authuser=0&hl=id&rclk=1","Digital Printing","","","Toko Percetakan","·","PQC6+79M, Jl. Kertajaya","Tutup","","","","Rute","","","","","· Buka Sen pukul 08.00","","","",""
"https://www.google.com/maps/place/Pink+Fotocopy/data=!4m7!3m6!1s0x2dd7fbd1929d276f:0x20f6e2ed898a8e9d!8m2!3d-7.2748496!4d112.7560412!16s%2Fg%2F11b6cqm4tv!19sChIJbyedktH71y0RnY6Kie3i9iA?authuser=0&hl=id&rclk=1","Pink Fotocopy","4,5","(33)","Toko Fotokopi","·","·","Tutup","Jl. Dharmawangsa No.112","(031) 5035047","","Rute","https://ssl.gstatic.com/local/servicebusiness/default_user.png","""Pelayanan cepat dan dikerjakan dengan baik meski cetak sedikit""","","","· Buka Sen pukul 08.00","·","","",""
"https://www.google.com/maps/place/Percetakan+PRINTO+Surabaya/data=!4m7!3m6!1s0x2dd7fb2e1c50dd07:0x692c41e328199303!8m2!3d-7.2740906!4d112.7587168!16s%2Fg%2F11qkvv3qjm!19sChIJB91QHC771y0RA5MZKONBLGk?authuser=0&hl=id&rclk=1","Percetakan PRINTO Surabaya","","","Toko Percetakan","·","Jl. Srikana No.n0 08","Tutup","·","0813-3182-5223","","Rute","","Pesan antar","","","· Buka Sen pukul 07.00","","","",""
"https://www.google.com/maps/place/Hafiz+fotocopy/data=!4m7!3m6!1s0x2dd7fbd18faedc13:0x7b0ed4eb68cd2d80!8m2!3d-7.2745054!4d112.7563581!16s%2Fg%2F11krpr2hk0!19sChIJE9yuj9H71y0RgC3NaOvUDns?authuser=0&hl=id&rclk=1","Hafiz fotocopy","4,0","(4)","Toko Fotokopi","·","Jl. Dharmawangsa No.39","Tutup","·","0857-0777-0871","","Situs Web","https://ssl.gstatic.com/local/servicebusiness/default_user.png","""Tempat","print","","· Buka Sen pukul 08.00","","https://www.hafizhfotocopy.com/","","Rute"
"https://www.google.com/maps/place/Toko+Dua+Tiga/data=!4m7!3m6!1s0x2dd7fb52448c7ccd:0x5d5666839ca437b6!8m2!3d-7.27223!4d112.7555452!16s%2Fg%2F11qbh1lpsv!19sChIJzXyMRFL71y0RtjeknINmVl0?authuser=0&hl=id&rclk=1","Toko Dua Tiga","5,0","(1)","Toko Alat Tulis Kantor","·","Jl. Gubeng Airlangga II No.23, RT.002/RW.02","Buka","·","0838-4945-3845","","Rute","","","","","· Tutup pukul 21.00","","","",""
"https://www.google.com/maps/place/Plus+Minus+Digital+Surabaya/data=!4m7!3m6!1s0x2dd7fb7828ad36f1:0xd739c17e05201420!8m2!3d-7.2740902!4d112.7524745!16s%2Fg%2F11jszpzhkj!19sChIJ8TatKHj71y0RIBQgBX7BOdc?authuser=0&hl=id&rclk=1","Plus Minus Digital Surabaya","5,0","(13)","Toko Percetakan","·","Jl. Gubeng Kertajaya III raya No.52","Tutup","·","0812-3201-0115","","Situs Web","https://ssl.gstatic.com/local/servicebusiness/default_user.png","""Kualitas bagus, hasil cetak OK.""","","","· Buka Sen pukul 09.00","","https://shopee.co.id/plusminusdigital_20?smtt=0.294408112-1664702182.9","","Rute"
"https://www.google.com/maps/place/Foto+copy+airlangga+mas1/data=!4m7!3m6!1s0x2dd7fb883a0cc259:0xa35c56cb925d1178!8m2!3d-7.2707738!4d112.7603147!16s%2Fg%2F11ncg8b604!19sChIJWcIMOoj71y0ReBFdkstWXKM?authuser=0&hl=id&rclk=1","Foto copy airlangga mas1","4,5","(8)","Universitas","·","Jl. Airlangga No.12","","","","","Rute","https://ssl.gstatic.com/local/servicebusiness/default_user.png","""Fotocopy dan","print","","","","","",""
"https://www.google.com/maps/place/Your+Apparel+Partner/data=!4m7!3m6!1s0x2dd7fb255ec01245:0x54abe62315f1e624!8m2!3d-7.2776015!4d112.7613854!16s%2Fg%2F11h4g7v17z!19sChIJRRLAXiX71y0RJObxFSPmq1Q?authuser=0&hl=id&rclk=1","Your Apparel Partner","5,0","(1)","Toko Sablon","·","Jl. Gubeng Kertajaya XV No.21","Tutup","·","0896-9918-8934","","Rute","","Pesan antar","","","· Buka Sen pukul 10.00","","","",""
"https://www.google.com/maps/place/PERCETAKAN+CHANDY+KHARYA+%28GUBENG%29/data=!4m7!3m6!1s0x2dd7fb5fa1908905:0xee19d8775a2e7f53!8m2!3d-7.2680663!4d112.7546316!16s%2Fg%2F11sdbn9m0r!19sChIJBYmQoV_71y0RU38uWnfYGe4?authuser=0&hl=id&rclk=1","PERCETAKAN CHANDY KHARYA (GUBENG)","4,7","(3)","Toko Percetakan","·","Jl. Gubeng Masjid IV No.68","Tutup","·","0856-0762-0280","","Rute","https://ssl.gstatic.com/local/servicebusiness/default_user.png","""Yasinnya bagus, sesuai harga, kualitas fotonya juga jernih👍""","","","· Buka Sen pukul 08.30","","","",""
"https://www.google.com/maps/place/Maestro+Percetakan/data=!4m7!3m6!1s0x2dd7fbdbcad0d63f:0x61be76cfe185c0bb!8m2!3d-7.2708477!4d112.7497378!16s%2Fg%2F1ptyc_4zq!19sChIJP9bQytv71y0Ru8CF4c92vmE?authuser=0&hl=id&rclk=1","Maestro Percetakan","3,9","(1.173)","Toko Percetakan","·","·","Tutup","Jl. Raya Gubeng Blk. AB No.30","0813-3202-6340","","Situs Web","https://ssl.gstatic.com/local/servicebusiness/default_user.png","""Proses cepat dgn kualitas cetakan yg bagus dan harga terjangkau 👍💯""","","","· Buka Sen pukul 08.00","·","https://www.maestroprinting.com/?gclid=Cj0KCQjwx7zzBRCcARIsABPRscPBlwiuRl66cAUMzB5KY7WN9iWcQkDadf1kYVKAjZdSJF-U04bPBPwaAtVjEALw_wcB","","Rute"
"https://www.google.com/maps/place/Pita+Sablon+Murah+Surabaya/data=!4m7!3m6!1s0x2dd7fb11d5b5193f:0xa56a0a89a10d40e9!8m2!3d-7.2753509!4d112.7531303!16s%2Fg%2F11p0y7mygv!19sChIJPxm11RH71y0R6UANoYkKaqU?authuser=0&hl=id&rclk=1","Pita Sablon Murah Surabaya","4,5","(2)","Toko Sablon","·","·","Buka","Jl. Gubeng Kertajaya V D No.3","0822-5700-5537","","Situs Web","","Pesan antar","","","· Tutup pukul 22.00","·","https://www.sablonpita.com/","","Rute"
"https://www.google.com/maps/place/THE+PRINT/data=!4m7!3m6!1s0x2dd7fb5544382051:0x58cbf5a474bdae0c!8m2!3d-7.2797026!4d112.7613152!16s%2Fg%2F11j98lj9nq!19sChIJUSA4RFX71y0RDK69dKT1y1g?authuser=0&hl=id&rclk=1","THE PRINT","","","Toko","·","Blok A-28, Jl. Gubeng Kertajaya XII A No.30, RT.006/RW.12","Tutup","","","","Rute","","Pesan antar","","","· Buka Sen pukul 17.00","","","",""
"https://www.google.com/maps/place/UD.+AMAN+Kertas+%2B+Digital+Print/data=!4m7!3m6!1s0x2dd7fbd237e7c967:0x235e183a449b767a!8m2!3d-7.274183!4d112.756959!16s%2Fg%2F1hc8r3f80!19sChIJZ8nnN9L71y0RenabRDoYXiM?authuser=0&hl=id&rclk=1","UD. AMAN Kertas + Digital Print","5,0","(29)","Toko Percetakan","·","Jl. Srikana No.44","Tutup","·","0817-0337-8299","","Rute","https://ssl.gstatic.com/local/servicebusiness/default_user.png","""Cetak disini selalu memuaskan..dan gercep..""","","","· Buka Sen pukul 08.30","","","",""
"https://www.google.com/maps/place/Indomaret+Fresh+Dharmawangsa+41+%28TY4R%29/data=!4m7!3m6!1s0x2dd7fbd1dcc9f23f:0x83f9afc945117282!8m2!3d-7.2747043!4d112.756504!16s%2Fg%2F1v2f2t6m!19sChIJP_LJ3NH71y0RgnIRRcmv-YM?authuser=0&hl=id&rclk=1","Indomaret Fresh Dharmawangsa 41 (TY4R)","4,0","(270)","Minimarket","·","·","Buka 24 jam","Jl. Dharmawangsa No.41","(031) 5033185","","Situs Web","https://ssl.gstatic.com/local/servicebusiness/default_user.png","""tokonya bersih, nyaman, rapi, pelayanannya ramah""","","","","·","http://indomaret.co.id/","","Rute"
"https://www.google.com/maps/place/Akbar+Print/data=!4m7!3m6!1s0x2dd7fb41b66ee3d3:0xfba7bc541bf78803!8m2!3d-7.2677996!4d112.7627123!16s%2Fg%2F11ghqct7tt!19sChIJ0-NutkH71y0RA4j3G1S8p_s?authuser=0&hl=id&rclk=1","Akbar Print","","","Kantor Perusahaan","·","Jl. Kedung Tarukan Baru IV No.56","","","","","Rute","","","","","","","","",""
"https://www.google.com/maps/place/Indo+Print+Advertising/data=!4m7!3m6!1s0x2dd7fbce71298259:0xc723ff0979e53ca8!8m2!3d-7.2778772!4d112.7564516!16s%2Fg%2F1pzsrpvg2!19sChIJWYIpcc771y0RqDzleQn_I8c?authuser=0&hl=id&rclk=1","Indo Print Advertising","","","Biro Iklan","·","Jl. Gubeng Kertajaya VIIA No.32, RT.002/RW.04","","","(031) 5032558","","Rute","","","","","","","","",""
"https://www.google.com/maps/place/CRP+PRINTING/data=!4m7!3m6!1s0x2dd7f9c1392b192f:0xaacb8dc38f503532!8m2!3d-7.2576711!4d112.7596763!16s%2Fg%2F11ybwfvbgy!19sChIJLxkrOcH51y0RMjVQj8ONy6o?authuser=0&hl=id&rclk=1","CRP PRINTING","4,9","(31)","Printer Digital","·","Jl. Pacar Keling Jl. Kedung Sroko IV No.35-a","Buka 24 jam","·","0815-5523-077","","Situs Web","https://ssl.gstatic.com/local/servicebusiness/default_user.png","""Hasil","print","","","","https://instagram.com/collegerecyclepaper","","Rute"
"https://www.google.com/maps/place/Mahesa+print/data=!4m7!3m6!1s0x2dd7fbbbdd5ea677:0x60d1a0cc541fdcc2!8m2!3d-7.2684296!4d112.7486091!16s%2Fg%2F11gyys944w!19sChIJd6Ze3bv71y0RwtwfVMyg0WA?authuser=0&hl=id&rclk=1","Mahesa print","5,0","(4)","Toko Percetakan","·","mahesa print, Jl. Kayoon No.15b stand","Buka","·","0813-3195-8338","","Rute","","Pesan antar","","","· Tutup pukul 22.00","","","",""
"https://www.google.com/maps/place/Insatsu+One+Stop+Printing/data=!4m7!3m6!1s0x2dd7fb003403c5cd:0xce5d99bf8b499247!8m2!3d-7.2709797!4d112.7562175!16s%2Fg%2F11ldhx2z_n!19sChIJzcUDNAD71y0RR5JJi7-ZXc4?authuser=0&hl=id&rclk=1","Insatsu One Stop Printing","5,0","(26)","Toko Kaos Custom","·","Jl. Dharmawangsa No.54","Tutup","·","0822-2657-2700","","Situs Web","https://ssl.gstatic.com/local/servicebusiness/default_user.png","""Kaos","print","","· Buka Sen pukul 09.00","","https://www.instagram.com/insatsu.id?utm_source=ig_web_button_share_sheet&igsh=ZDNlZDc0MzIxNw==","","Rute"
"https://www.google.com/maps/place/FOTOCOPY+GATRA+2/data=!4m7!3m6!1s0x2dd7fbd1313a1359:0x59c49cd506c957d6!8m2!3d-7.2718109!4d112.755008!16s%2Fg%2F11v9q2gkb9!19sChIJWRM6MdH71y0R1lfJBtWcxFk?authuser=0&hl=id&rclk=1","FOTOCOPY GATRA 2","5,0","(7)","Toko Fotokopi","·","Jl. Gubeng Airlangga I No.12b","Tutup","·","0882-0226-05708","","Rute","https://ssl.gstatic.com/local/servicebusiness/default_user.png","""Lengkap dan murah sekali""","","","· Buka Sen pukul 07.00","","","",""
"https://www.google.com/maps/place/Dapur+Print/data=!4m7!3m6!1s0x2dd7fbd043b1e793:0xae77ec22ddfa817a!8m2!3d-7.2747678!4d112.7526703!16s%2Fg%2F11ssdmvsrx!19sChIJk-exQ9D71y0ReoH63SLsd64?authuser=0&hl=id&rclk=1","Dapur Print","4,6","(76)","Produsen pakaian dan kain","·","·","Tutup","Jl. Gub. Kertajaya V Raya No.31 A","(031) 99443409","","Situs Web","https://ssl.gstatic.com/local/servicebusiness/default_user.png","""Bahan kaos dan sablonnya bagus.""","","","· Buka Sen pukul 09.00","·","http://dapurprint.id/","","Rute"
"https://www.google.com/maps/place/Toko+Era+Fotocopy/data=!4m7!3m6!1s0x2dd7fbcd87195a63:0x16e2d2d090a8cdfb!8m2!3d-7.2761903!4d112.7594889!16s%2Fg%2F11frdn0rhs!19sChIJY1oZh8371y0R-82okNDS4hY?authuser=0&hl=id&rclk=1","Toko Era Fotocopy","4,0","(2)","Toko Fotokopi","·","Jalan karang wismo III 29, Jl. Karang Wismo III No.29, RW.07","Tutup","·","0813-3054-2653","","Rute","","","","","· Buka Sen pukul 07.00","","","",""
"https://www.google.com/maps/place/AGA+Advertising/data=!4m7!3m6!1s0x2dd7fb4cb4859c75:0xf566f2802a25b03c!8m2!3d-7.2684979!4d112.7611146!16s%2Fg%2F11k9skbd8t!19sChIJdZyFtEz71y0RPLAlKoDyZvU?authuser=0&hl=id&rclk=1","AGA Advertising","5,0","(1)","Toko Percetakan","·","Jl. Karang Menjangan I No.5","Tutup","·","0812-1769-3502","","Rute","","Pesan antar","","","· Buka Sen pukul 09.00","","","",""
"https://www.google.com/maps/place/Cetak+Online/data=!4m7!3m6!1s0x2dd7fb10f9508609:0x514559f51d7cbfa1!8m2!3d-7.278819!4d112.7560279!16s%2Fg%2F11krtyfyhg!19sChIJCYZQ-RD71y0Rob98HfVZRVE?authuser=0&hl=id&rclk=1","Cetak Online","5,0","(1)","Percetakan Komersial","·","Jl. Dharmawangsa No.99","Tutup","·","0859-3118-6888","","Situs Web","https://ssl.gstatic.com/local/servicebusiness/default_user.png","""CS WA sangat ramah dan sabar""","","","· Buka Sen pukul 08.30","","https://www.cetakonline.co.id/","","Rute"
"https://www.google.com/maps/place/iZONA+GRAPHIA/data=!4m7!3m6!1s0x2dd7fbdd89296d99:0x798f39b8dc3468d5!8m2!3d-7.2759282!4d112.7539189!16s%2Fg%2F11fr1nltxm!19sChIJmW0pid371y0R1Wg03Lg5j3k?authuser=0&hl=id&rclk=1","iZONA GRAPHIA","4,3","(13)","Layanan cetak digital","·","Jl. Gubeng Kertajaya V C No.31","Tutup","·","0813-3436-6836","","Rute","","","","","· Buka Sen pukul 08.00","","","",""
"https://www.google.com/maps/place/Soeroboyo+Offset/data=!4m7!3m6!1s0x2dd7fbd7b2e39b2f:0xebf721145301684a!8m2!3d-7.2682299!4d112.753737!16s%2Fg%2F11btmqvkh5!19sChIJL5vjstf71y0RSmgBUxQh9-s?authuser=0&hl=id&rclk=1","Soeroboyo Offset","","","Toko Percetakan","·","Gubeng Masjid V No.16, RT.007/RW.07","","","(031) 5037474","","Rute","","","","","","","","",""
"https://www.google.com/maps/place/Kenanga+Advertising/data=!4m7!3m6!1s0x2dd7fbd18703c641:0x59347995c4bfc33c!8m2!3d-7.2741626!4d112.7566274!16s%2Fg%2F11b6t01lpx!19sChIJQcYDh9H71y0RPMO_xJV5NFk?authuser=0&hl=id&rclk=1","Kenanga Advertising","5,0","(4)","Biro Iklan","·","Blk. N - O Jl. Srikana No.38","Tutup","·","0821-3183-8558","","Rute","https://ssl.gstatic.com/local/servicebusiness/default_user.png","""Tempat memesan Undangan dll""","","","· Buka Sen pukul 07.30","","","",""
"https://www.google.com/maps/place/RC+PRINT+%28Restu+Camelia+Print%29/data=!4m7!3m6!1s0x2dd7fb76f2731555:0x1793930ec3f25ccb!8m2!3d-7.2687518!4d112.7483873!16s%2Fg%2F11h89rc55h!19sChIJVRVz8nb71y0Ry1zyww6Tkxc?authuser=0&hl=id&rclk=1","RC PRINT (Restu Camelia Print)","4,0","(4)","Toko Percetakan","·","KOMP. PASAR BUNGA KAYON STAND C20 - C22","Buka","·","0815-5973-5868","","Rute","","Pesan antar","","","· Tutup pukul 21.00","","","",""
"https://www.google.com/maps/place/Agung+Media+Fotocopy/data=!4m7!3m6!1s0x2dd7fbd50fff45ff:0xaa4f05e02b45c1eb!8m2!3d-7.2678551!4d112.7606282!16s%2Fg%2F11b76ty0tj!19sChIJ_0X_D9X71y0R68FFK-AFT6o?authuser=0&hl=id&rclk=1","Agung Media Fotocopy","","","Toko Fotokopi","·","Jl. Karang Menjangan No.16","Tutup","·","0878-5276-1945","","Rute","","","","","· Buka Sen pukul 08.00","","","",""
"https://www.google.com/maps/place/Hadi+Print/data=!4m7!3m6!1s0x2dd7fb75bb13d4fd:0x4bd81e6aff3ec1cc!8m2!3d-7.2674909!4d112.7489903!16s%2Fg%2F11f7247sjk!19sChIJ_dQTu3X71y0RzME-_2oe2Es?authuser=0&hl=id&rclk=1","Hadi Print","5,0","(1)","Layanan cetak digital","·","Taman Wisata, Jl. Kayoon No.5","Segera tutup","·","0812-1781-9688","","Rute","","","","","· 19.00 · Buka Sen pukul 12.00","","","",""
"https://www.google.com/maps/place/P+%26+P+Studio/data=!4m7!3m6!1s0x2dd7f97ffda96bad:0x5262955667143a7d!8m2!3d-7.2657252!4d112.7623014!16s%2Fg%2F11fxb8dj73!19sChIJrWup_X_51y0RfToUZ1aVYlI?authuser=0&hl=id&rclk=1","P & P Studio","4,6","(150)","Studio Foto","·","·","Tutup","Jl. Dharmahusada No.77","0877-6298-9567","","Rute","https://ssl.gstatic.com/local/servicebusiness/default_user.png","""cepat bagus hasil cetak nya dan yg pasti harga murah""","","","· Buka Sen pukul 09.00","·","","",""
"https://www.google.com/maps/place/Percetakaan+double+R/data=!4m7!3m6!1s0x2dd7fb491dd270eb:0x1a1571a381636e9d!8m2!3d-7.2794743!4d112.7566645!16s%2Fg%2F11l5dgtxtx!19sChIJ63DSHUn71y0RnW5jgaNxFRo?authuser=0&hl=id&rclk=1","Percetakaan double R","","","Toko Percetakan","·","Jl. Gub. Kertajaya VIII B Timur No.5","Tutup","·","0822-4422-8668","","Rute","","","","","· Buka Sen pukul 09.00","","","",""
"https://www.google.com/maps/place/SAHALA+DIGITAL+PRINT+n+COPY/data=!4m7!3m6!1s0x2dd7f900333a41dd:0x5614d450c60a9e84!8m2!3d-7.262587!4d112.7626421!16s%2Fg%2F11x1yp44ts!19sChIJ3UE6MwD51y0RhJ4KxlDUFFY?authuser=0&hl=id&rclk=1","SAHALA DIGITAL PRINT n COPY","","","Toko umum","·","Jl. Kedung Tarukan No.144, RT.002/RW.04","","","","","Rute","","","","","","","","",""
"https://www.google.com/maps/place/Toko+Alta/data=!4m7!3m6!1s0x2dd7fbcfc64faa19:0xff3136bd5a1204e7!8m2!3d-7.2791278!4d112.7593868!16s%2Fg%2F1hc4df7t9!19sChIJGapPxs_71y0R5wQSWr02Mf8?authuser=0&hl=id&rclk=1","Toko Alta","4,3","(359)","Toko Alat Tulis Kantor","·","·","Tutup","Jl. Kertajaya No.200","0812-3206-822","","Rute","https://ssl.gstatic.com/local/servicebusiness/default_user.png","""Alat tulis lengkap""","","","· Buka Sen pukul 08.00","·","","",""
"https://www.google.com/maps/place/PUSKRIP+PRINT-FOTOCOPY-WARNET-RENTAL+KOMPUTER-DIGITAL+PRINTING/data=!4m7!3m6!1s0x2dd7f9863b8f93df:0x4bb3cc33777de944!8m2!3d-7.2609458!4d112.7744758!16s%2Fg%2F1hm4kf9b7!19sChIJ35OPO4b51y0RROl9dzPMs0s?authuser=0&hl=id&rclk=1","PUSKRIP PRINT-FOTOCOPY-WARNET-RENTAL KOMPUTER-DIGITAL PRINTING","4,3","(252)","Toko Internet","·","·","Buka","Jl. Kalijudan No.24","0821-3898-2158","","Rute","https://ssl.gstatic.com/local/servicebusiness/default_user.png","""Untuk nge","print","","· Tutup pukul 23.00","·","","",""
"https://www.google.com/maps/place/Gaya+Indah+Photo/data=!4m7!3m6!1s0x2dd7fbcfc8244589:0x5656b4fad6e6be9d!8m2!3d-7.2776542!4d112.7533252!16s%2Fg%2F1hf128fk3!19sChIJiUUkyM_71y0Rnb7m1vq0VlY?authuser=0&hl=id&rclk=1","Gaya Indah Photo","4,3","(103)","Studio Foto","·","·","Tutup","Jl. Kertajaya No.49","(031) 5039184","","Rute","https://ssl.gstatic.com/local/servicebusiness/default_user.png","""Mahal sih 1 foto 75 rb, mana langsung main cetak aja.""","","","· Buka Sen pukul 08.30","·","","",""
"https://www.google.com/maps/place/TOKO+RC+PRINT+%28+Popo+Florist%29/data=!4m7!3m6!1s0x2dd7fbd729d353bb:0xf97ff96e24188abc!8m2!3d-7.2687543!4d112.7483804!16s%2Fg%2F11h7_t8j89!19sChIJu1PTKdf71y0RvIoYJG75f_k?authuser=0&hl=id&rclk=1","TOKO RC PRINT ( Popo Florist)","5,0","(1)","Kantor Perusahaan","·","Jl. Kayoon No.1 Blok C, RT.000/RW.00","Buka 24 jam","·","0815-5973-5868","","Rute","","","","","","","","",""
"https://www.google.com/maps/place/Toko+Kertas+Rakhmat+Abadi/data=!4m7!3m6!1s0x2dd7fbd155c4309d:0xae82aa52b0897224!8m2!3d-7.2734588!4d112.756155!16s%2Fg%2F11bc7pq786!19sChIJnTDEVdH71y0RJHKJsFKqgq4?authuser=0&hl=id&rclk=1","Toko Kertas Rakhmat Abadi","5,0","(3)","Toko Kertas","·","Jl. Dharmawangsa No.86","Tutup","·","(031) 5030369","","Rute","","Belanja di toko","Ambil di toko","","· Buka Sen pukul 08.00","","","",""
"https://www.google.com/maps/place/Artha+Jaya/data=!4m7!3m6!1s0x2dd7fbcd2eeb8cb7:0x37bcaee949936ba4!8m2!3d-7.2780501!4d112.7624159!16s%2Fg%2F11hb4tgjw_!19sChIJt4zrLs371y0RpGuTSemuvDc?authuser=0&hl=id&rclk=1","Artha Jaya","5,0","(13)","Biro Iklan","·","Jl. Raya Menur No.31","Tutup","·","0813-5858-3958","","Situs Web","","Layanan di tempat","","","· Buka Sen pukul 08.00","","http://arthajayareklame.blogspot.com/","","Rute"
"https://www.google.com/maps/place/Sablon+Kaos+Satuan+-lusinan/data=!4m7!3m6!1s0x2dd7fbd36f8eb0db:0xcb85349f0e882c98!8m2!3d-7.2716088!4d112.7607399!16s%2Fg%2F11hc_2xx6r!19sChIJ27COb9P71y0RmCyIDp80hcs?authuser=0&hl=id&rclk=1","Sablon Kaos Satuan -lusinan","4,7","(3)","Toko Percetakan","·","Jl. Karang Menjangan No.68","","","0838-5646-9099","","Rute","","Pesan antar","","","","","","",""
"https://www.google.com/maps/place/Yuri+Print/data=!4m7!3m6!1s0x2dd7fbfccd710757:0x7b37c5fb155c59da!8m2!3d-7.2680218!4d112.7489582!16s%2Fg%2F11ksbbz51h!19sChIJVwdxzfz71y0R2llcFfvFN3s?authuser=0&hl=id&rclk=1","Yuri Print","","","Gudang","·","Jl. Kayoon No.12","Buka","","","","Rute","","","","","· Tutup pukul 23.00","","","",""
"https://www.google.com/maps/place/WARKOP+BENING/data=!4m7!3m6!1s0x2dd7fb5513c28997:0x444512bcd522cf95!8m2!3d-7.275232!4d112.7562701!16s%2Fg%2F11svj1fkrx!19sChIJl4nCE1X71y0Rlc8i1bwSRUQ?authuser=0&hl=id&rclk=1","WARKOP BENING","4,3","(89)","Kedai Kopi","·","Jl. Dharmawangsa No.51A","Buka 24 jam","","","","Rute","https://ssl.gstatic.com/local/servicebusiness/default_user.png","""Nyaman utk hal apapun... 🙏👍""","","","","","","",""
"https://www.google.com/maps/place/Beautify+E+Money+-+Jasa+Custom+E+Money/data=!4m7!3m6!1s0x2dd7fb3e51f935a3:0x8b1befc8a31b5d0!8m2!3d-7.2764618!4d112.7535276!16s%2Fg%2F11kq68r6g8!19sChIJozX5UT771y0R0LUxivy-sQg?authuser=0&hl=id&rclk=1","Beautify E Money - Jasa Custom E Money","","","Toko Percetakan","·","Jl. Gubeng Kertajaya V B No.29","Tutup","·","0813-3008-9093","","Rute","","","","","· Buka Sen pukul 09.00","","","",""
"https://www.google.com/maps/place/Muara+Digital+Print/data=!4m7!3m6!1s0x2dd7fbda2d2efd53:0x628ba30cf8e934f9!8m2!3d-7.2727744!4d112.7477065!16s%2Fg%2F1tdz277v!19sChIJU_0uLdr71y0R-TTp-Ayji2I?authuser=0&hl=id&rclk=1","Muara Digital Print","4,3","(225)","Studio Foto","·","·","Tutup","Jl. Raya Gubeng No.39 B-C","0811-3497-009","","Rute","https://ssl.gstatic.com/local/servicebusiness/default_user.png","""Tempat","print","","· Buka Sen pukul 07.30","·","","",""
"https://www.google.com/maps/place/Gamma+Microtech+Computer/data=!4m7!3m6!1s0x2dd7fbcfba228ef3:0xd590a2d983ae0c9b!8m2!3d-7.278083!4d112.753157!16s%2Fg%2F1tfncrcz!19sChIJ844ius_71y0Rmwyug9mikNU?authuser=0&hl=id&rclk=1","Gamma Microtech Computer","4,6","(119)","Toko Komputer","·","Jl. Kertajaya No.76","Tutup","·","0811-379-566","","Situs Web","https://ssl.gstatic.com/local/servicebusiness/default_user.png","""pengerjaan cepat.""","","","· Buka Sen pukul 09.00","","http://www.gamma-computer.com/","","Rute"
"https://www.google.com/maps/place/Prima+Jasa+Copy+%26+Printing/data=!4m7!3m6!1s0x2dd7fa533287bc83:0xb9e7d1c91edaa1e!8m2!3d-7.2992317!4d112.763007!16s%2Fg%2F1hm2w86b_!19sChIJg7yHMlP61y0RHqrtkRx9ngs?authuser=0&hl=id&rclk=1","Prima Jasa Copy & Printing","4,2","(208)","Toko Fotokopi","·","·","Buka","No Jl. Pumpungan II No.21","0812-4949-7727","","Rute","https://ssl.gstatic.com/local/servicebusiness/default_user.png","""Bisa jilid spiral,ngeprint dll""","","","· Tutup pukul 22.00","·","","",""
"","","","","","","","","","","","","","","","","","","","",""