"hfpxzc href","qBF1Pd","MW4etd","UY7F9","AJB7ye","AJB7ye 2","W4Efsd","W4Efsd 2","W4Efsd 3","W4Efsd 4","W4Efsd 5","FQ2IWe src","Jn12ke src","ah5Ghc","ah5Ghc 2","ah5Ghc 3","A1zNzb href","J8zHNe","bbPy1","doJOZc","W4Efsd 6"
"","","","","","","","","","","","","","","","","","","","",""
"","","","","","","","","","","","","","","","","","","","",""
"https://www.google.com/maps/place/Padang+Legenda+-+Dharmahusada/data=!4m7!3m6!1s0x2dd7fb606d71d185:0x2ab2462edb002393!8m2!3d-7.2661689!4d112.7647218!16s%2Fg%2F11w_t_88_5!19sChIJhdFxbWD71y0RkyMA2y5Gsio?authuser=0&hl=id&rclk=1","Padang Legenda - Dharmahusada","4,8","(1.666)","·","Rp 25–50 rb","Padang","·","Jl. Dharmahusada No.64","Buka","· Tutup pukul 21.00","https://lh3.googleusercontent.com/gps-cs-s/APNQkAFwFu5ikuOU56IMaekhjAAcbKOjpZyRmsKaUgS8UONUDfDYVQwQrmUPas83_nMnXxKX2nfjxzEDRTMTavckS9JxLIf65iOneedsduwODRRF6yN_2yXJkKNHHFIVZfCfuGAFWvQ9=w163-h92-k-no","https://ssl.gstatic.com/local/servicebusiness/default_user.png","""","Padang","murah meriah dgn ruangan ber AC dan tempat nyaman, menunya enak2""","https://www.google.com/searchviewer/42?cvd=CLw_EicKJeICIjIgEhkiF9LX29IPEQoNL2cvMTF3X3RfODhfNRgBOgMI8A0%3D&hl=id-ID&gl=id&fo_m=MfohQo559jFvMUOzJVpjPL1YMfZ3bInYwBDuMfaXTPp5KXh-&utm_source=tactile&gei=IjH3acTvD-av4-EPvPa0sAk&ei=IjH3acTvD-av4-EPvPa0sAk&fo_s=OA&opi=79508299&orderType=1&ebb=1&cs=0&foub=mcpp","Pesan online","","",""
"https://www.google.com/maps/place/Nasi+Padang+Uda+Wandi+-+Srikana/data=!4m7!3m6!1s0x2dd7fbd24edf2525:0x19dec40a9741abbe!8m2!3d-7.2741543!4d112.7588057!16s%2Fg%2F11f2y46rh4!19sChIJJSXfTtL71y0RvqtBlwrE3hk?authuser=0&hl=id&rclk=1","Nasi Padang Uda Wandi - Srikana","4,3","(891)","·","Rp 25–50 rb","Padang","·","·","Segera tutup","· 19.00 · Buka Sen pukul 09.00","https://lh3.googleusercontent.com/gps-cs-s/APNQkAEz_0LcoZBpkujFlO-WtWWsyb62mvk58sy1Vy2gcbDBrqeaBO5T_pzFplaYXp9C1oS1D8UxUze80sMvtxkbv-En75t0KY7ksPAl0Cc9trC92IC8Mm-XxkkRpN1YvX9YnTMYb370=w163-h92-k-no","https://ssl.gstatic.com/local/servicebusiness/default_user.png","""Nasi","padang","dengan rasa yang enak, worth to try🙌🏻""","https://www.google.com/searchviewer/42?cvd=CLw_EicKJeICIjIgEhkiF9LX29IPEQoNL2cvMTFmMnk0NnJoNBgBOgMI8A0%3D&hl=id-ID&gl=id&fo_m=MfohQo559jFvMUOzJVpjPL1YMfZ3bInYwBDuMfaXTPp5KXh-&utm_source=tactile&gei=IjH3acTvD-av4-EPvPa0sAk&ei=IjH3acTvD-av4-EPvPa0sAk&fo_s=OA&opi=79508299&orderType=1&ebb=1&cs=0&foub=mcpp","Pesan online","","","Jl. Srikana Tim. No.4"
"https://www.google.com/maps/place/Ampera+Hidup+Baru+Masakan+Padang/data=!4m7!3m6!1s0x2dd7fbce1130bd09:0x452b0379de46e33f!8m2!3d-7.2750425!4d112.7622081!16s%2Fg%2F1hm68ts4j!19sChIJCb0wEc771y0RP-NG3nkDK0U?authuser=0&hl=id&rclk=1","Ampera Hidup Baru Masakan Padang","4,8","(24)","·","Rp 1–25.000","Padang","·","Jl. Raya Menur No.2c","Buka","· Tutup pukul 21.00","https://lh3.googleusercontent.com/gps-cs-s/APNQkAFOZirqq6XwpTdAZr2C3UhW77rEYMhXc4j4eMsYChl9zR-3R_5Q6yAT8X_pwa2GTj2uQFsROZt1uSbs2GpsvrxB06SOcSn6mvC4y8qYGsPYWh7Rh1LUVZjlF-Gg3RAcAsy2T941TQ=w80-h106-k-no","https://ssl.gstatic.com/local/servicebusiness/default_user.png","""makannya super duper enakk polll, asli","padang","punyaa 😍😍😍""","","","","",""
"https://www.google.com/maps/place/Ampera+Bundo+Kanduang+Masakan+Padang/data=!4m7!3m6!1s0x2dd7f97fd3e656a3:0x338923ff57cfb8c4!8m2!3d-7.265997!4d112.7622159!16s%2Fg%2F1hm48wwbj!19sChIJo1bm03_51y0RxLjPV_8jiTM?authuser=0&hl=id&rclk=1","Ampera Bundo Kanduang Masakan Padang","4,6","(76)","·","Rp 1–25.000","Padang","·","·","Buka","· Tutup pukul 21.00","https://lh3.googleusercontent.com/gps-cs-s/APNQkAHaOOVVsqIb6rkcSFExThwhXU7xLwRxUPwnUcDu7ZdUT7bUdErr-P5x6emSvqo-ruOcZnD_CXofWXENwdaJjl_18-hOkRMv5H4p1i6POwDV25645afr4Wbx35IClnV9wKJgvSmuFw=w194-h92-k-no","https://ssl.gstatic.com/local/servicebusiness/default_user.png","""Nasi rendang, telor, dll 20rb kayaknya.""","","","","","","","Jl. Dharmahusada No.2"
"https://www.google.com/maps/place/Rumah+Makan+Palapa/data=!4m7!3m6!1s0x2dd7fb43d2e292a1:0xdfb564102b73d538!8m2!3d-7.2741477!4d112.7559026!16s%2Fg%2F11f730fglc!19sChIJoZLi0kP71y0RONVzKxBktd8?authuser=0&hl=id&rclk=1","Rumah Makan Palapa","4,3","(201)","·","Rp 1–25.000","Padang","·","·","Buka","· Tutup pukul 23.00","https://lh3.googleusercontent.com/gps-cs-s/APNQkAGX6LbkGcrlUvG3vTvwfFm_J3M_GJA130NlZ2KqSWwEqjXCGpSGVZivrm-3q696Cbowky1INM_HojwV95JxX42fzyCGqDCR94lR0YvNLoEN-eCdZ-CH8DlfZPsJJpN5OzoDmAT7=w122-h92-k-no","https://ssl.gstatic.com/local/servicebusiness/default_user.png","""enak murah terjangkau untuk nasi","padang","area kampus.""","","","","","Jl. Gubeng Kertajaya 7H"
"https://www.google.com/maps/place/Ampera+Palapa+Masakan+Padang+Jalan+Dharmawangsa+No.04+Surabaya/data=!4m7!3m6!1s0x2dd7fbd662d76f77:0x2146b68ab4a6f2a5!8m2!3d-7.2668532!4d112.7564483!16s%2Fg%2F11cltrq1rp!19sChIJd2_XYtb71y0RpfKmtIq2RiE?authuser=0&hl=id&rclk=1","Ampera Palapa Masakan Padang Jalan Dharmawangsa No.04 Surabaya","4,1","(94)","·","Rp 1–25.000","Padang","·","·","Buka","· Tutup pukul 21.00","https://lh3.googleusercontent.com/gps-cs-s/APNQkAHYnizH1k6E__07428AnBD31b5_c_et7GsvtnZuhOAQW7DriVEQllFcXEMREwgr71ocwxXSqrDHpWlGl5ajpOV_uXQnjQdQwWtOzSQlwUqFFZ84Qvi80ReWaW53HvO51EXO_rhd1Q=w122-h92-k-no","https://ssl.gstatic.com/local/servicebusiness/default_user.png","""Nasi rendang dan ayam gorengnya enak.""","","","","","","","Jl. Dharmawangsa No.4"
"https://www.google.com/maps/place/Restoran+Payakumbuah,+Gubeng+Surabaya/data=!4m7!3m6!1s0x2dd7f9d92bc7609d:0x423d8639754d0ec8!8m2!3d-7.2734049!4d112.7491544!16s%2Fg%2F11vwjt2b25!19sChIJnWDHK9n51y0RyA5NdTmGPUI?authuser=0&hl=id&rclk=1","Restoran Payakumbuah, Gubeng Surabaya","4,7","(2.716)","","","Padang","·","Jl. Jawa No.33","Buka","· Tutup pukul 22.00","https://lh3.googleusercontent.com/gps-cs-s/APNQkAG7nbDQ5K5eoDaaFZIC-Lz7RZlilLjFuX00Te3O5oiXPriZWRoo5cMTvActPgkjmUqCsBkAZfTpphf6jvzZiDbhAefhgsrx0pexZ3X_TCvTp8PVo4NFAABNZU4_TN7aekPTflSAN0Vfr2Qt=w122-h92-k-no","https://ssl.gstatic.com/local/servicebusiness/default_user.png","""Resto","padang","terfavorit.. Dendeng batokok dan telur barendonya mantap""","https://www.google.com/searchviewer/42?cvd=CLw_EicKJeICIjIgEhkiF9LX29IPEQoNL2cvMTF2d2p0MmIyNRgBOgMI8A0%3D&hl=id-ID&gl=id&fo_m=MfohQo559jFvMUOzJVpjPL1YMfZ3bInYwBDuMfaXTPp5KXh-&utm_source=tactile&gei=IjH3acTvD-av4-EPvPa0sAk&ei=IjH3acTvD-av4-EPvPa0sAk&fo_s=OA&opi=79508299&orderType=1&ebb=1&cs=0&foub=mcpp","Pesan online","","",""
"https://www.google.com/maps/place/Sabana+Bundo+Sati+MASAKAN+PADANG/data=!4m7!3m6!1s0x2dd7f96419d15865:0x82b43a77a03f907f!8m2!3d-7.2606592!4d112.7456758!16s%2Fg%2F11bw65vvvw!19sChIJZVjRGWT51y0Rf5A_oHc6tII?authuser=0&hl=id&rclk=1","Sabana Bundo Sati MASAKAN PADANG","4,5","(1.613)","·","Rp 25–50 rb","Padang","·","·","Buka","· Tutup pukul 21.30","https://lh3.googleusercontent.com/gps-cs-s/APNQkAGQzLvZf8B87c7FmWfFf_Z1kktCBG9W376ZCDwLVm6GeECMawsA_VQ3LkZvsfqWZOv1K8i7ZdXp7Xln1e9JubNq1rDZbPJS6oS-lP8m_3_JNqFbhma0dd7Zo8RyFtDlZ3i1azE=w163-h92-k-no","https://ssl.gstatic.com/local/servicebusiness/default_user.png","""Rendang dagingnya empuk banget, bumbu sayurnya juga mantap!""","","","https://www.google.com/searchviewer/42?cvd=CLw_EicKJeICIjIgEhkiF9LX29IPEQoNL2cvMTFidzY1dnZ2dxgAOgMI8A0%3D&hl=id-ID&gl=id&fo_m=MfohQo559jFvMUOzJVpjPL1YMfZ3bInYwBDuMfaXTPp5KXh-&utm_source=tactile&gei=IjH3acTvD-av4-EPvPa0sAk&ei=IjH3acTvD-av4-EPvPa0sAk&fo_s=OA&opi=79508299&ebb=1&cs=0&foub=mcpp","Pesan online","","","Jl. Walikota Mustajab No.70"
"https://www.google.com/maps/place/Puri+Ratu+Minang/data=!4m7!3m6!1s0x2dd7fbcd367d5ba1:0xfb477a964969ce24!8m2!3d-7.277372!4d112.762525!16s%2Fg%2F11b66gynyx!19sChIJoVt9Ns371y0RJM5pSZZ6R_s?authuser=0&hl=id&rclk=1","Puri Ratu Minang","4,5","(82)","","","Padang","·","·","Buka","· Tutup pukul 23.00","https://lh3.googleusercontent.com/gps-cs-s/APNQkAGtWlAB11Ln6GFR81RfjDBDqYe7zLmKcnlI4UGf-jSVEk7A5x1NLHi6wFDIn-VHWg-tPHOV48d-hU5k0n5AhyG_DZC15VsZ4kl4oylkWVYH_YM_EiyL0vfW8D4GY6FiBYoH0t4=w80-h106-k-no","https://ssl.gstatic.com/local/servicebusiness/default_user.png","""Harganya murah, rasanya enak, porsi lumayan lah.""","","","","","","","Jl. Raya Menur No.29g"
"https://www.google.com/maps/place/RM+Padang+Dicky+Mulya/data=!4m7!3m6!1s0x2dd7fb8e438cf29d:0x281238558ca487fe!8m2!3d-7.2706804!4d112.7561927!16s%2Fg%2F11l2bw4h25!19sChIJnfKMQ4771y0R_oekjFU4Eig?authuser=0&hl=id&rclk=1","RM Padang Dicky Mulya","3,3","(24)","·","Rp 1–25.000","Indonesia","·","Jl. Dharmawangsa No.48","Buka","· Tutup pukul 23.00","https://lh3.googleusercontent.com/gps-cs-s/APNQkAGdFcZDQuHeKl5ylNSE51r0KNzuNy1CIpnhs00gECXFOIGb2FOBb7oNMyPhP71K7J-3mMbMl-2NVEhOfQXQED5YZyz1jQN21XGo9ovbcb_ynIrETwpsnlBb_IAAK5qdMHIwrJ031eoosw=w80-h106-k-no","https://ssl.gstatic.com/local/servicebusiness/default_user.png","""makanan enak & cocok dengan rasanya""","","","https://www.google.com/searchviewer/42?cvd=CLw_EicKJeICIjIgEhkiF9LX29IPEQoNL2cvMTFsMmJ3NGgyNRgBOgMI8A0%3D&hl=id-ID&gl=id&fo_m=MfohQo559jFvMUOzJVpjPL1YMfZ3bInYwBDuMfaXTPp5KXh-&utm_source=tactile&gei=IjH3acTvD-av4-EPvPa0sAk&ei=IjH3acTvD-av4-EPvPa0sAk&fo_s=OA&opi=79508299&orderType=1&ebb=1&cs=0&foub=mcpp","Pesan online","","",""
"https://www.google.com/maps/place/Rumah+Makan+Padang+Rakyat/data=!4m7!3m6!1s0x2dd7fbecd7577c6b:0xaf0096a8789492f5!8m2!3d-7.271812!4d112.7561942!16s%2Fg%2F11sv_y9wsd!19sChIJa3xX1-z71y0R9ZKUeKiWAK8?authuser=0&hl=id&rclk=1","Rumah Makan Padang Rakyat","4,5","(22)","·","Rp 1–25.000","Rumah Makan","·","Jl. Dharmawangsa No.74","","","https://lh3.googleusercontent.com/gps-cs-s/APNQkAF9Hen4Ceg5QGaW0pjN17Ls_CryzRxMCUQf0NruPk1OQ73eBjCar0dq12Phu69XdToFbYMTOqf8OcNgg1uNIN89q8D1X10cs6KfAek0R5ig6NIkhlD5yjA6_QOGci_8A8HskAGcZtcAjg7y=w206-h92-k-no","https://ssl.gstatic.com/local/servicebusiness/default_user.png","""Paling suka sama daging rendangnya, empuk banget 🫶""","","","","","","",""
"https://www.google.com/maps/place/Nasi+Padang+Uda+Wandi+Pucang+Surabaya/data=!4m7!3m6!1s0x2dd7fb377a70bd31:0x11afa8e1f68aca60!8m2!3d-7.2834399!4d112.7559353!16s%2Fg%2F11wf_3vqln!19sChIJMb1wejf71y0RYMqK9uGorxE?authuser=0&hl=id&rclk=1","Nasi Padang Uda Wandi Pucang Surabaya","4,4","(1.101)","·","Rp 25–50 rb","Padang","·","Jl. Pucang Anom Tim. No.21-A","Buka","· Tutup pukul 21.00","https://lh3.googleusercontent.com/gps-cs-s/APNQkAHDk-XbX5MeeMuSJjBo0sHTOBSV7h4bXZorhKU29rKr8C9WnpXUnrAz10VX_0UMr26W6d-PRb5AQAcLBhhTVDA40ZvBGHRzuVrdUhNNiAvBZ7-hMfl4PVwxK1Myos0fzhZ2n3Fp=w122-h92-k-no","https://ssl.gstatic.com/local/servicebusiness/default_user.png","""Rasa makanan khas","padang","dengan bumbu yang medok dan ga pelit.""","https://www.google.com/searchviewer/42?cvd=CLw_EicKJeICIjIgEhkiF9LX29IPEQoNL2cvMTF3Zl8zdnFsbhgBOgMI8A0%3D&hl=id-ID&gl=id&fo_m=MfohQo559jFvMUOzJVpjPL1YMfZ3bInYwBDuMfaXTPp5KXh-&utm_source=tactile&gei=IjH3acTvD-av4-EPvPa0sAk&ei=IjH3acTvD-av4-EPvPa0sAk&fo_s=OA&opi=79508299&orderType=1&ebb=1&cs=0&foub=mcpp","Pesan online","","",""
"https://www.google.com/maps/place/Ampera+Bundo+Kanduang/data=!4m7!3m6!1s0x2dd7fa2aaf6045b3:0x7ad5a9d8bbf90d57!8m2!3d-7.2660382!4d112.7639479!16s%2Fg%2F11hd6qqq6b!19sChIJs0Vgryr61y0RVw35u9ip1Xo?authuser=0&hl=id&rclk=1","Ampera Bundo Kanduang","4,7","(36)","","","Padang","·","·","Buka","· Tutup pukul 21.00","https://lh3.googleusercontent.com/gps-cs-s/APNQkAGsf4LdSvD6MHxnPzSLqMGcgQGw5IaN-OOJ-grNcGC7yAxDxFTA9xrYBjyxJxwwsP4_9hJ3sPoSxmWNOFoGaKWAFNZ_fYHsvuOGr_clPnRPpN0VVnA3fREZuclOsFHl8QHlByWSaw=w194-h92-k-no","https://ssl.gstatic.com/local/servicebusiness/default_user.png","""Pelayanan nya sopan""","","","","","","","Jalan Professor Dokter Musotopo No.56"
"https://www.google.com/maps/place/Nasi+Padang+Uda+Wandi+2+-+Gubeng+Kertajaya+9/data=!4m7!3m6!1s0x2dd7fbf25868309b:0xfbe75f8720737c13!8m2!3d-7.274429!4d112.757606!16s%2Fg%2F11trqj_hwr!19sChIJmzBoWPL71y0RE3xzIIdf5_s?authuser=0&hl=id&rclk=1","Nasi Padang Uda Wandi 2 - Gubeng Kertajaya 9","4,4","(608)","·","Rp 25–50 rb","Padang","·","·","Tutup","· Buka Sen pukul 10.00","https://lh3.googleusercontent.com/gps-cs-s/APNQkAEn8s66-jzrdl9qElTN0wxtUVhKNb_AeknTHX0sSg9yOHuhNZA7U9wufyszbaeEuqSgmr1uoSHfKPy-JZwmTgrFm1sTTrIdlUVybzyy62r0LhqZbegroBKCt7WBji1YbtZNs324qBAPEA=w80-h95-k-no","https://ssl.gstatic.com/local/servicebusiness/default_user.png","""Cita rasanya khas","Padang",", bumbunya medok, gurih, dan pas di lidah.""","https://www.google.com/searchviewer/42?cvd=CLw_EicKJeICIjIgEhkiF9LX29IPEQoNL2cvMTF0cnFqX2h3chgBOgMI8A0%3D&hl=id-ID&gl=id&fo_m=MfohQo559jFvMUOzJVpjPL1YMfZ3bInYwBDuMfaXTPp5KXh-&utm_source=tactile&gei=IjH3acTvD-av4-EPvPa0sAk&ei=IjH3acTvD-av4-EPvPa0sAk&fo_s=OA&opi=79508299&orderType=1&ebb=1&cs=0&foub=mcpp","Pesan online","","","Jl. Gubeng Kertajaya IX Raya No.78"
"https://www.google.com/maps/place/Restoran+Padang+Sederhana+SA/data=!4m7!3m6!1s0x2dd7fbdfd75fdb1f:0x5864ebfe0806c05e!8m2!3d-7.2692213!4d112.7393966!16s%2Fg%2F11c0xxjgwy!19sChIJH9tf19_71y0RXsAGCP7rZFg?authuser=0&hl=id&rclk=1","Restoran Padang Sederhana SA","4,5","(2.060)","·","Rp 25–50 rb","Padang","·","Jl. Kombes Pol. Moh. Duryat No.19-21","Buka","· Tutup pukul 22.00","https://lh3.googleusercontent.com/gps-cs-s/APNQkAE5h_CmyWAkvk-cFa0SCoYNQbExwFYj0RgEwJSXR-1BmzWRb2GdA6JsNyRmPPoDEwlOfBwZPXnt0NdGE7r2PPA4qConawQDCQSdKh2hz9meHjgPvkNfCApzh6C5IafgD_ax_8SQ=w122-h92-k-no","https://ssl.gstatic.com/local/servicebusiness/default_user.png","""... rendang jengkol, rendang daging, martabak mesir, sate","padang","""","https://www.google.com/searchviewer/42?cvd=CLw_EicKJeICIjIgEhkiF9LX29IPEQoNL2cvMTFjMHh4amd3eRgBOgMI8A0%3D&hl=id-ID&gl=id&fo_m=MfohQo559jFvMUOzJVpjPL1YMfZ3bInYwBDuMfaXTPp5KXh-&utm_source=tactile&gei=IjH3acTvD-av4-EPvPa0sAk&ei=IjH3acTvD-av4-EPvPa0sAk&fo_s=OA&opi=79508299&orderType=1&ebb=1&cs=0&foub=mcpp","Pesan online","","",""
"https://www.google.com/maps/place/Padang+Legenda,+Kutai/data=!4m7!3m6!1s0x2dd7fb3cd4414ad1:0xedfacd91ba3ca5e6!8m2!3d-7.2925463!4d112.7333875!16s%2Fg%2F11mn7_pt98!19sChIJ0UpB1Dz71y0R5qU8upHN-u0?authuser=0&hl=id&rclk=1","Padang Legenda, Kutai","4,7","(1.479)","·","Rp 25–50 rb","Padang","·","Jl. Kutai No.53","Buka","· Tutup pukul 21.00","https://lh3.googleusercontent.com/gps-cs-s/APNQkAGdeAzHbMyGva7BvDLA0YbMflfUVUhFOBRdAWfcgjB_rkTGusVlxrExEYFpX8AyCr-PzfA-5jb0U8oWG4TIvZ_EILyaWR19n3jJxRdsolOfal323393TdtJzBhZf31joUXYOhML=w163-h92-k-no","https://ssl.gstatic.com/local/servicebusiness/default_user.png","""Sate Padangnya enak, rendangnya juga enak, empuk dagingnya.""","","","https://www.google.com/searchviewer/42?cvd=CLw_EicKJeICIjIgEhkiF9LX29IPEQoNL2cvMTFtbjdfcHQ5OBgBOgMI8A0%3D&hl=id-ID&gl=id&fo_m=MfohQo559jFvMUOzJVpjPL1YMfZ3bInYwBDuMfaXTPp5KXh-&utm_source=tactile&gei=IjH3acTvD-av4-EPvPa0sAk&ei=IjH3acTvD-av4-EPvPa0sAk&fo_s=OA&opi=79508299&orderType=1&ebb=1&cs=0&foub=mcpp","Pesan online","","",""
"https://www.google.com/maps/place/Restoran+Padang+Sederhana+-+Kertajaya/data=!4m7!3m6!1s0x2dd7fa3eb3dea265:0x83884fd3a0879297!8m2!3d-7.280978!4d112.7811907!16s%2Fg%2F1hm5_c0kt!19sChIJZaLesz761y0Rl5KHoNNPiIM?authuser=0&hl=id&rclk=1","Restoran Padang Sederhana - Kertajaya","4,6","(10.214)","·","$$","Padang","·","Jl. Raya Kertajaya Indah No.100","Buka","· Tutup pukul 22.00","https://lh3.googleusercontent.com/gps-cs-s/APNQkAENbDo3bARd-pv8AmpEXQ-Owk7UvOwQ-rXJjgJBxtH3GHIwS72jxcnjiZv_IOzlzgZxWj7VlX3RItvNg9EVEXx8F9-GSj-JXMIaHvdxtcoGbfl8w6ZAj9ML0AnbrLnV7m7Q3qRbIw=w173-h92-k-no","https://ssl.gstatic.com/local/servicebusiness/default_user.png","""Rame sekali, makanannya enak juara daging rendang nya""","","","https://www.google.com/searchviewer/42?cvd=CLw_EiYKJOICITIfEhgiFtLX29IPEAoML2cvMWhtNV9jMGt0GAA6AwjwDQ%3D%3D&hl=id-ID&gl=id&fo_m=MfohQo559jFvMUOzJVpjPL1YMfZ3bInYwBDuMfaXTPp5KXh-&utm_source=tactile&gei=IjH3acTvD-av4-EPvPa0sAk&ei=IjH3acTvD-av4-EPvPa0sAk&fo_s=OA&opi=79508299&ebb=1&cs=0&foub=mcpp","Pesan online","","",""
"https://www.google.com/maps/place/Ampera+Palito+Minang+Masakan+Padang/data=!4m7!3m6!1s0x2dd7fbd4e40220eb:0x4d855b1d6c5a13c8!8m2!3d-7.2687978!4d112.7610091!16s%2Fg%2F11gh2szfz_!19sChIJ6yAC5NT71y0RyBNabB1bhU0?authuser=0&hl=id&rclk=1","Ampera Palito Minang Masakan Padang","4,2","(15)","·","Rp 1–25.000","Padang","·","Jl. Karang Menjangan No.59","Buka","· Tutup pukul 21.00","https://lh3.googleusercontent.com/gps-cs-s/APNQkAG0z2ZUHAUBre8DUU3V0MtuiJ5L1HOI5NNRStOS6ykNKo0sWvGJ7129OJWs2-vBNHZ0P23ptH_I76SAN6_EyE_8NqNlDqHLDHSms1vJr5xUuqyY1-Gr9KOMO5EgNR4OKHh7HUn9vw=w80-h106-k-no","https://ssl.gstatic.com/local/servicebusiness/default_user.png","""Harga per porsi 19rban 👍""","","","","","","",""
"https://www.google.com/maps/place/Ampera+Doa+Bundo/data=!4m7!3m6!1s0x2dd7f9775f98996b:0x5a2700f0990d2fdf!8m2!3d-7.2559546!4d112.7582632!16s%2Fg%2F1hm1sn3bv!19sChIJa5mYX3f51y0R3y8NmfAAJ1o?authuser=0&hl=id&rclk=1","Ampera Doa Bundo","4,6","(674)","·","Rp 1–25.000","Padang","·","·","Buka","· Tutup pukul 22.00","https://lh3.googleusercontent.com/gps-cs-s/APNQkAFeXPio3P4oQlil1nPGr08a0FsTcRJ8NTOzryLfvjOHidRVsZpWb3-uottv2ySwQlyge_HHDOV2xFCORUbbERF0SP3BWSTfwpDXA_0-9L0ApggK2iHgpxxGKpuHb2-YmITy8cZTRQ=w122-h92-k-no","https://ssl.gstatic.com/local/servicebusiness/default_user.png","""Makanan","padang","murah, enak, dan porsinya mantab.""","","","","","Jl. Jagiran I"
"https://www.google.com/maps/place/Wapo+Resto/data=!4m7!3m6!1s0x2dd7fbd486736e29:0x703f50fba3cdfe7e!8m2!3d-7.2705024!4d112.7602896!16s%2Fg%2F11gzwlgp9!19sChIJKW5zhtT71y0Rfv7No_tQP3A?authuser=0&hl=id&rclk=1","Wapo Resto","4,4","(7.117)","·","Rp 25–50 rb","Nasi Goreng","·","·","Buka","· Tutup pukul 22.00","https://lh3.googleusercontent.com/gps-cs-s/APNQkAGgovQsP-WXcPNy0IXBeDxOLr3A1RVY6V2Zxhh6c9V_R3faF8F1gGXAZRws6QMaSQnw-e60AJOpfC7z2QLij2p0uvFtMVWvjx2Bbp6NLZsF8bvkbxWfrFFEE-8vlD7EZXWVkeeGMg=w122-h92-k-no","https://ssl.gstatic.com/local/servicebusiness/default_user.png","""Lokasi strategis,makanan enak,harga murah""","","","https://www.google.com/searchviewer/42?cvd=CLw_EiYKJOICITIfEhgiFtLX29IPEAoML2cvMTFnendsZ3A5GAA6AwjwDQ%3D%3D&hl=id-ID&gl=id&fo_m=MfohQo559jFvMUOzJVpjPL1YMfZ3bInYwBDuMfaXTPp5KXh-&utm_source=tactile&gei=IjH3acTvD-av4-EPvPa0sAk&ei=IjH3acTvD-av4-EPvPa0sAk&fo_s=OA&opi=79508299&ebb=1&cs=0&foub=mcpp","Pesan online","","","Jl. Airlangga No.43"
"https://www.google.com/maps/place/Resto+Padang+Simpang+Raya+Surabaya/data=!4m7!3m6!1s0x2dd7fbc407834ddd:0x306d0b7f739df2a7!8m2!3d-7.2912571!4d112.780177!16s%2Fg%2F11rck506p6!19sChIJ3U2DB8T71y0Rp_Kdc38LbTA?authuser=0&hl=id&rclk=1","Resto Padang Simpang Raya Surabaya","4,6","(871)","·","Rp 25–50 rb","Padang","·","Jl. Dr. Ir. H. Soekarno No.208","Buka","· Tutup pukul 21.00","https://lh3.googleusercontent.com/gps-cs-s/APNQkAE7yp3tXKbcP7o4xUDyS6IjmUBo4xxJ9fLzsfII6n74nQ02nhnS4dZY6m1vusm9QSxOelJ_KS1WYO9fZh1e9Nr6FZSmISfXq4PD6baOSKF-R9siz61Li_ZlEtN4-N78l1eJav3L=w80-h97-k-no","https://ssl.gstatic.com/local/servicebusiness/default_user.png","""Satu pilihan","restaurant padang","dengan rasa enak banget.""","https://www.google.com/searchviewer/42?cvd=CLw_EicKJeICIjIgEhkiF9LX29IPEQoNL2cvMTFyY2s1MDZwNhgBOgMI8A0%3D&hl=id-ID&gl=id&fo_m=MfohQo559jFvMUOzJVpjPL1YMfZ3bInYwBDuMfaXTPp5KXh-&utm_source=tactile&gei=IzH3afS5MZ_a4-EP9PzymQU&ei=IzH3afS5MZ_a4-EP9PzymQU&fo_s=OA&opi=79508299&orderType=1&ebb=1&cs=0&foub=mcpp","Pesan online","","",""
"https://www.google.com/maps/place/Ampera+Ganti+Salero/data=!4m7!3m6!1s0x2dd7fb003c23d2d1:0x57a781123723318c!8m2!3d-7.2761875!4d112.754973!16s%2Fg%2F11ygn4z7q8!19sChIJ0dIjPAD71y0RjDEjNxKBp1c?authuser=0&hl=id&rclk=1","Ampera Ganti Salero","5,0","(3)","","","Padang","·","PQF3+GXH, Jl. Gubeng Kertajaya VII Raya","Buka","· Tutup pukul 21.00","https://lh3.googleusercontent.com/gps-cs-s/APNQkAGd4P7BSYOBY-MhTW6y5ON9pXtBs3soM5k_iWRsqtKc3-9lUVHazkGdMczowtRGtLqnQMfMfM1eYKx_Rjqrpu4DibxWfSYisx8e56RPZJOI6_OYTujVMIUT2g33q6D7n9hZ6l1NjjIksFQ=w122-h92-k-no","https://ssl.gstatic.com/local/servicebusiness/default_user.png","""Harga terjangkau dan rasa enak""","","","","","","",""
"https://www.google.com/maps/place/Ampera+Cemerlang+Masakan+Padang/data=!4m7!3m6!1s0x2dd7fbd36b717f9f:0x55b9998a3dc8d17c!8m2!3d-7.2720803!4d112.7610476!16s%2Fg%2F1hm6l8hmv!19sChIJn39xa9P71y0RfNHIPYqZuVU?authuser=0&hl=id&rclk=1","Ampera Cemerlang Masakan Padang","3,6","(25)","","","Padang","·","·","Buka","· Tutup pukul 21.00","https://lh3.googleusercontent.com/gps-cs-s/APNQkAEdVO1j0EnmkpW0LcCt87qeXR9pMwrWtYKh6x390-FW-Zl2OEOH2zdlr7s0YMDdkJFXSao8hRrj131nN20BfAuKzYo6smgMVU3idRgh9y-745QY4sf6THQ7Aachj1_AnNjoJHw=w122-h92-k-no","","Makan di tempat","Bawa pulang","","","","","","Jl. Karang Menjangan No.80"
"https://www.google.com/maps/place/Warung+Makan+SK/data=!4m7!3m6!1s0x2dd7fb676d131b01:0x13be9d344ec9f7ba!8m2!3d-7.2703948!4d112.7563045!16s%2Fg%2F11tsc_kyxn!19sChIJARsTbWf71y0RuvfJTjSdvhM?authuser=0&hl=id&rclk=1","Warung Makan SK","2,8","(79)","·","Rp 1–25.000","Indonesia","·","PQH4+RGM, Jl. Dharmawangsa Dalam","Buka 24 jam","","https://lh3.googleusercontent.com/gps-cs-s/APNQkAGGrE0mUjtUOLVzn6inRgqUjyF9DHh2uuDydN3vat4BgoV0f_vHEluf43iNeU4b950H06wdiTPx8-bWymuqHfd1NFWFmXkWQey1sP6wNM1NaOCUSGHBWF0bXGg2JTCo4GxCCgSOffUkxogv=w122-h92-k-no","https://ssl.gstatic.com/local/servicebusiness/default_user.png","""Menu enak, murah dan beragam.""","","","","","","",""
"https://www.google.com/maps/place/Dapur+Fizzul+%28Surabaya%29+-+Rumah+Makan+Khas+Maluku+No.1+di+Dunia/data=!4m7!3m6!1s0x2dd7fb5d013c8d39:0x4079c2499408aefc!8m2!3d-7.2670573!4d112.7611443!16s%2Fg%2F11vlt3q20h!19sChIJOY08AV371y0R_K4IlEnCeUA?authuser=0&hl=id&rclk=1","Dapur Fizzul (Surabaya) - Rumah Makan Khas Maluku No.1 di Dunia","4,7","(187)","·","Rp 25–50 rb","Restoran","·","depan Politeknik Kesehatan Kemeskes Surabaya Samping Hotel Kita, Jl. Karang Menjangan No.15","Buka","· Tutup pukul 20.00","https://lh3.googleusercontent.com/gps-cs-s/APNQkAEuKlMavYhw3k9k2Dx7UkzxqTWJPUwYg313vl_xDEGteOcfxEruqm0uD6-gXmFyHh2_RvMeh9nTeRVMDJkAmmzLoxOIWKGtCA_c6KUYuSR1U8fi7Y1LZ58_ppYjyblmSAIG2fUciW1takLk=w122-h92-k-no","https://ssl.gstatic.com/local/servicebusiness/default_user.png","""Tempat sangat bersih, luas, sejuk, pegawainya ramah, makanannya enak 👍🏼""","","","","","","",""
"https://www.google.com/maps/place/Masakan+Padang+Tanpa+Namo/data=!4m7!3m6!1s0x2dd7fb00e068aa51:0x55c2d03b3ba70b5a!8m2!3d-7.2793802!4d112.7590377!16s%2Fg%2F11f6d8_4hc!19sChIJUapo4AD71y0RWgunOzvQwlU?authuser=0&hl=id&rclk=1","Masakan Padang Tanpa Namo","4,6","(32)","·","Rp 1–25.000","Padang","·","·","Tutup","· Buka Sen pukul 12.00","https://lh3.googleusercontent.com/gps-cs-s/APNQkAGUtM_o9CI_pZYxX8WB0wvGsm3bmB2eouTCMcaRXymIDSFN4Jbo8Y1Qhs2RkMeUCQ9YBisy-ynrd5B9kGkSl7EzDARYDrColDGe4TO1bGpHVLftYBIAMkD0qukPB9NeEUEKago=w122-h92-k-no","https://ssl.gstatic.com/local/servicebusiness/default_user.png","""Rendangnya enak dan harganya murah.""","","","","","","","Jl. Kertajaya No.196, RT.001/RW.12"
"https://www.google.com/maps/place/Masakan+Padang+SALERO/data=!4m7!3m6!1s0x2dd7fbc43a12368b:0xf9145e9ef050a876!8m2!3d-7.2741017!4d112.7556732!16s%2Fg%2F11vl5hg5xy!19sChIJizYSOsT71y0RdqhQ8J5eFPk?authuser=0&hl=id&rclk=1","Masakan Padang SALERO","4,5","(2)","","","Brunch","·","PQG4+973, Jl. Gubeng Kertajaya VII H","Tutup","· Buka Sen pukul 10.30","https://lh3.googleusercontent.com/gps-cs-s/APNQkAGnk7iMDTYFxL81ROeed63XjKd-fuQNUYrAbJXf75mDuMZGxwgybvHSZq2XJrYvNOp1tb_21WM8jNXHBbyUTorffptEQs4plCVll0T985msCFX7fW6hxN-BlNU0JhuF3HHA0LYz=w80-h106-k-no","https://ssl.gstatic.com/local/servicebusiness/default_user.png","""Masakan","Padang","seng enak dan bumbunya kerasa ya di sini.""","","","","",""
"https://www.google.com/maps/place/Sato+Ciek+Masakan+Padang+-+Genteng+Besar/data=!4m7!3m6!1s0x2dd7f95966f612d9:0x894b60a36af984fe!8m2!3d-7.2588024!4d112.7401959!16s%2Fg%2F11wv2ygygw!19sChIJ2RL2Zln51y0R_oT5aqNgS4k?authuser=0&hl=id&rclk=1","Sato Ciek Masakan Padang - Genteng Besar","4,9","(60)","·","Rp 1–25.000","Padang","·","Jl. Genteng Besar No.65","Buka","· Tutup pukul 22.00","https://lh3.googleusercontent.com/gps-cs-s/APNQkAHKvxX3RAnUCmHdAZByymlMcjb_D6XtSIsNR3Rz6aHvhv0g1HPsms2ZpF0z5PuiLX58t8MZZSN7eRknZX34U7HNZ5l3EUylFocv6yC_I1aslQsZyTdObTCsIQCZ_uoS_XvvvkH58bT-d-XW=w165-h92-k-no","https://ssl.gstatic.com/local/servicebusiness/default_user.png","""Rasanya enak....bumbu rendang nya kerasa bgt.""","","","https://www.google.com/searchviewer/42?cvd=CLw_EicKJeICIjIgEhkiF9LX29IPEQoNL2cvMTF3djJ5Z3lndxgAOgMI8A0%3D&hl=id-ID&gl=id&fo_m=MfohQo559jFvMUOzJVpjPL1YMfZ3bInYwBDuMfaXTPp5KXh-&utm_source=tactile&gei=IzH3afS5MZ_a4-EP9PzymQU&ei=IzH3afS5MZ_a4-EP9PzymQU&fo_s=OA&opi=79508299&ebb=1&cs=0&foub=mcpp","Pesan online","","",""
"https://www.google.com/maps/place/Masakan+Padang+Serba+10Ribu/data=!4m7!3m6!1s0x2dd7f966d3786b1d:0x50feb9f20f139da6!8m2!3d-7.2651419!4d112.7603206!16s%2Fg%2F11s8dc1vgv!19sChIJHWt402b51y0Rpp0TD_K5_lA?authuser=0&hl=id&rclk=1","Masakan Padang Serba 10Ribu","5,0","(2)","","","Indonesia","·","PQM6+W4W, Jl. Kedung Sroko","Tutup","· Buka Sen pukul 08.30","https://lh3.googleusercontent.com/gps-cs-s/APNQkAFAP351VoM_rPzQ2IlSgOZq83uNlaNj1p6hcbnfPMnLgBWkXsr2IvJXLJRrObiF1t9QG6XJuJtFklc76zd8wSWZuQjgjbiP3pQaTstYliz89suh-p1iJ--1XpdMLyGABg-gMpc=w122-h92-k-no","","Makan di tempat","Bawa pulang","","","","","",""
"https://www.google.com/maps/place/Gubug+Makan+Mang+Engking+Gubeng+Surabaya/data=!4m7!3m6!1s0x2dd7fb27e4e5d3f5:0x1f44be80d59668d1!8m2!3d-7.2671284!4d112.7526298!16s%2Fg%2F11tmdwt8wm!19sChIJ9dPl5Cf71y0R0WiW1YC-RB8?authuser=0&hl=id&rclk=1","Gubug Makan Mang Engking Gubeng Surabaya","4,4","(754)","·","$$","Sunda","·","Jl. Gubeng Masjid","Buka","· Tutup pukul 21.30","https://lh3.googleusercontent.com/gps-cs-s/APNQkAFC1t8X7FUJc9iI1KalhsomsJ4OIbxfdLHLEwRb0XIhNwbl0QJ30SCKTozC_l273tDiwBRXTrZ5XSTKVqx5YkZTe2a7SImfC1Mk_Ul_XhWzl6DMh09HkGU18Y4iccCjF0gGpTQE=w163-h92-k-no","https://ssl.gstatic.com/local/servicebusiness/default_user.png","""Tempatnya enak,makanya juga enak,pelayananannya bagus terutama mbk lita""","","","","","","",""
"https://www.google.com/maps/place/Muara+Masakan+Padang/data=!4m7!3m6!1s0x2dd7f8d92260ff6b:0xc6fad09a09d92bd2!8m2!3d-7.224263!4d112.731682!16s%2Fg%2F11bwkg9fff!19sChIJa_9gItn41y0R0ivZCZrQ-sY?authuser=0&hl=id&rclk=1","Muara Masakan Padang","4,3","(1.696)","·","Rp 50–75 rb","Restoran","·","Jl. Perak Bar. No.155","Buka","· Tutup pukul 20.30","https://lh3.googleusercontent.com/gps-cs-s/APNQkAHO2SVyb8HmgfAQ_NwbM1BdFAULU77G5YL0YBfgUie8N4S_JDQQKAdl7JrZtMmMIOowvnXHWqvcLDvlPl6aZLzf8pv63gn8VcFLk0mICNTqIt51aJfrOwhvscCtUH3QCFMpwb8iwA=w199-h92-k-no","https://ssl.gstatic.com/local/servicebusiness/default_user.png","""Makanannya oke bgt, rasa rendangnya ama kuahnya nendang.""","","","https://www.google.com/searchviewer/42?cvd=CLw_EicKJeICIjIgEhkiF9LX29IPEQoNL2cvMTFid2tnOWZmZhgBOgMI8A0%3D&hl=id-ID&gl=id&fo_m=MfohQo559jFvMUOzJVpjPL1YMfZ3bInYwBDuMfaXTPp5KXh-&utm_source=tactile&gei=IzH3afS5MZ_a4-EP9PzymQU&ei=IzH3afS5MZ_a4-EP9PzymQU&fo_s=OA&opi=79508299&orderType=1&ebb=1&cs=0&foub=mcpp","Pesan online","","",""
"https://www.google.com/maps/place/Restoran+Sederhana+Diponegoro+Surabaya/data=!4m7!3m6!1s0x2dd7fb0065f35c3f:0xb6280fca3e39c2ed!8m2!3d-7.2917584!4d112.7366703!16s%2Fg%2F11y2t0bkzb!19sChIJP1zzZQD71y0R7cI5PsoPKLY?authuser=0&hl=id&rclk=1","Restoran Sederhana Diponegoro Surabaya","4,3","(110)","","","Restoran","·","·","Buka","· Tutup pukul 22.00","https://lh3.googleusercontent.com/gps-cs-s/APNQkAGVW8R5XVoAAZtdUqvCbGIfFZxEvWAfalGVQB5f07yxEDhOTEXN5kj_vEcSXyxdIBolrRkeOTskTVXZvlQEFixyHU-o5yoHj0_HabIYhrjIIh82HOxoZ7JiGNMyReIMsXqgnRpNTpqr7qMq=w163-h92-k-no","https://ssl.gstatic.com/local/servicebusiness/default_user.png","""Makanannya enak pol, tempatnya bersih & bagus.""","","","https://www.google.com/searchviewer/42?cvd=CLw_EicKJeICIjIgEhkiF9LX29IPEQoNL2cvMTF5MnQwYmt6YhgAOgMI8A0%3D&hl=id-ID&gl=id&fo_m=MfohQo559jFvMUOzJVpjPL1YMfZ3bInYwBDuMfaXTPp5KXh-&utm_source=tactile&gei=IzH3afS5MZ_a4-EP9PzymQU&ei=IzH3afS5MZ_a4-EP9PzymQU&fo_s=OA&opi=79508299&ebb=1&cs=0&foub=mcpp","Pesan online","","","Jl. Diponegoro No.43, RT.006/RW.02, Darmo, Timur"
"https://www.google.com/maps/place/Nasi+padang+Minang+Barokah/data=!4m7!3m6!1s0x2dd7fb6aef1695a3:0x4b514178c6d1371d!8m2!3d-7.2753261!4d112.7622195!16s%2Fg%2F11s55rt2v2!19sChIJo5UW72r71y0RHTfRxnhBUUs?authuser=0&hl=id&rclk=1","Nasi padang Minang Barokah","4,5","(2)","","","Padang","·","Jl. Raya Menur No.4","Buka sekarang","","https://lh3.googleusercontent.com/gps-cs-s/APNQkAHWvQU4_ZjnugRvc5qVraOK8pOaKcErYV4Pk57PXyNAcDK8396SNi-pzbGCHhs5dxf9YYa9omE5SY5uE3cPOU6hpei3AiLdbFjb7BeVPE_xgEqj7KSEFeF2gCStQAr5z1UPqZui=w80-h106-k-no","","Makan di tempat","Bawa pulang","","","","","",""
"https://www.google.com/maps/place/Sate+Padang+Palapa/data=!4m7!3m6!1s0x2dd7fb310a686c09:0xd9f6dd458018cce7!8m2!3d-7.2742149!4d112.756122!16s%2Fg%2F11j5v6ww3z!19sChIJCWxoCjH71y0R58wYgEXd9tk?authuser=0&hl=id&rclk=1","Sate Padang Palapa","4,0","(23)","·","Rp 1–25.000","Sate","·","Jl. Dharmawangsa No.98","Buka","· Tutup pukul 00.00","https://lh3.googleusercontent.com/gps-cs-s/APNQkAH1wWP98QaP7DARDr-CUR7OtyHdYCSfi-y9SqaBaCkU1pxJz1J-Gly6ODRenof36jsicXz-aUcS359_sPHXaat8ULGpNRp1_o9z73bNYlZQh_oBPJRH15eKJv08l4NsHHe2WOgLxA=w80-h98-k-no","https://ssl.gstatic.com/local/servicebusiness/default_user.png","""Enak banget sate padangnya""","","","https://www.google.com/searchviewer/42?cvd=CLw_EicKJeICIjIgEhkiF9LX29IPEQoNL2cvMTFqNXY2d3czehgBOgMI8A0%3D&hl=id-ID&gl=id&fo_m=MfohQo559jFvMUOzJVpjPL1YMfZ3bInYwBDuMfaXTPp5KXh-&utm_source=tactile&gei=IzH3afS5MZ_a4-EP9PzymQU&ei=IzH3afS5MZ_a4-EP9PzymQU&fo_s=OA&opi=79508299&orderType=1&ebb=1&cs=0&foub=mcpp","Pesan online","","",""
"https://www.google.com/maps/place/Masakan+Padang+Surya+Angkasa+tegalsari/data=!4m7!3m6!1s0x2dd7f95f98e2c3d9:0x3c364f417c21725d!8m2!3d-7.2659354!4d112.7366027!16s%2Fg%2F11c0rc16ft!19sChIJ2cPimF_51y0RXXIhfEFPNjw?authuser=0&hl=id&rclk=1","Masakan Padang Surya Angkasa tegalsari","4,6","(140)","·","Rp 1–25.000","Padang","·","Jl. Tegalsari No.48","Buka","· Tutup pukul 20.00","https://lh3.googleusercontent.com/gps-cs-s/APNQkAGt_N77NLA3pKxyznRgqYZjMrYT9w7LTuxJnIX8I5icNjHj9BbboRppvlicT_rI0qx0_N_9D-n3CLV-Nli_JSgijqsz2OPGyPLrqi8sHaCrIQgUI7d6bjUIEL5HoLAQJeFKTPLC=w122-h92-k-no","https://ssl.gstatic.com/local/servicebusiness/default_user.png","""Selalu enak, murah lagi""","","","https://www.google.com/searchviewer/42?cvd=CLw_EicKJeICIjIgEhkiF9LX29IPEQoNL2cvMTFjMHJjMTZmdBgBOgMI8A0%3D&hl=id-ID&gl=id&fo_m=MfohQo559jFvMUOzJVpjPL1YMfZ3bInYwBDuMfaXTPp5KXh-&utm_source=tactile&gei=IzH3afS5MZ_a4-EP9PzymQU&ei=IzH3afS5MZ_a4-EP9PzymQU&fo_s=OA&opi=79508299&orderType=1&ebb=1&cs=0&foub=mcpp","Pesan online","","",""
"https://www.google.com/maps/place/Masakan+Padang+CEMERLANG/data=!4m7!3m6!1s0x2dd7f980697b9a73:0xd4d3654d1c9c6961!8m2!3d-7.2720465!4d112.7554816!16s%2Fg%2F11ggzltgx5!19sChIJc5p7aYD51y0RYWmcHE1l09Q?authuser=0&hl=id&rclk=1","Masakan Padang CEMERLANG","3,0","(3)","","","Padang","·","Jl. Ngagel Jaya Sel. Gg. II No.20","Buka","· Tutup pukul 21.00","https://streetviewpixels-pa.googleapis.com/v1/thumbnail?panoid=79bHDkyW3k_Lt-Njmb-e9g&cb_client=search.gws-prod.gps&w=80&h=92&yaw=10.25995&pitch=0&thumbfov=100","","Makan di tempat","Bawa pulang","","","","","",""
"https://www.google.com/maps/place/Warung+Nasi+Padang+Goyang+Lidah/data=!4m7!3m6!1s0x2dd7f93f7ea3616f:0x9f3f3a341215592b!8m2!3d-7.2468248!4d112.7352764!16s%2Fg%2F11dfj25tck!19sChIJb2Gjfj_51y0RK1kVEjQ6P58?authuser=0&hl=id&rclk=1","Warung Nasi Padang Goyang Lidah","4,5","(191)","·","Rp 1–25.000","Padang","·","·","Buka","· Tutup pukul 22.00","https://lh3.googleusercontent.com/gps-cs-s/APNQkAHN-LBmPgsO1OXTfLXihGRlvC2xim_n3Tbu1OeV8Ou8S26-hZMEWmDFZzRAW4rzWCjUOZ6zdcNE8deVl0sUfTCgPERHYXZmILAmsOFG_3nJDy8du6f9UJK2JUIKKqMmOLMTFlc=w122-h92-k-no","https://ssl.gstatic.com/local/servicebusiness/default_user.png","""Nasi","padang","yang rasa nya enak bgt.""","","","","","Jl. Tembaan No.67"
"https://www.google.com/maps/place/Masakan+Padang+Ameerah/data=!4m7!3m6!1s0x2dd7f917467e0ff9:0xd11350f00602a134!8m2!3d-7.2652603!4d112.7604034!16s%2Fg%2F11v080pm39!19sChIJ-Q9-Rhf51y0RNKECBvBQE9E?authuser=0&hl=id&rclk=1","Masakan Padang Ameerah","5,0","(3)","","","Padang","·","Jl. Kedung Sroko No.127","Tutup","· Buka Sen pukul 09.00","https://lh3.googleusercontent.com/gps-cs-s/APNQkAEeOsHa1LlMKBFVyeQMMoh3MBQUIvuhyAy0gIeBYfesWm0rPF4ntnNtcVpTYyb9_yEY7YtCKFgv1bIy9OaB3Snv6nJi-EHdb__NA6GEzvkIyltNoANi2kCm2kBogFD4Cf8OHFaa=w80-h106-k-no","https://ssl.gstatic.com/local/servicebusiness/default_user.png","""Masakan","Padang","yg recomended di daerah Kampus A UNAIR.""","","","","",""
"https://www.google.com/maps/place/Arviansyah+Seafood+Gubeng/data=!4m7!3m6!1s0x2dd7fb001680e60f:0xc864277358a0ae79!8m2!3d-7.2745341!4d112.7533279!16s%2Fg%2F11yrmld0yq!19sChIJD-aAFgD71y0Rea6gWHMnZMg?authuser=0&hl=id&rclk=1","Arviansyah Seafood Gubeng","5,0","(11)","","","Hidangan Laut","·","Jl. Gubeng Kertajaya V. E No.7-C","Buka","· Tutup pukul 21.00","https://lh3.googleusercontent.com/gps-cs-s/APNQkAGc5T_g0frCGt_RAigAl-YqCkzQniIyHK-Y2Htt5-j5z_IK3DnvNkVTCZO1eL-bAZBkaOPKzi3b6qQr9v-MeY1Tiv_Bjk3F4NBHNRSTC23CTECqnyyXXc6uG9q68IZQYXUFgJcjp-6TlrQ=w80-h142-k-no","https://ssl.gstatic.com/local/servicebusiness/default_user.png","""Enak banget saos","padang","nya bumbu nya medok banget""","","","","",""
"https://www.google.com/maps/place/RM+Padang+Malin+Intan/data=!4m7!3m6!1s0x2dd7fbde32952325:0x1e50ad5b1a7aaa96!8m2!3d-7.26977!4d112.7401853!16s%2Fg%2F11f01vb_q7!19sChIJJSOVMt771y0Rlqp6GlutUB4?authuser=0&hl=id&rclk=1","RM Padang Malin Intan","4,5","(155)","·","Rp 25–50 rb","Padang","·","Jl. Embong Blimbing No.4","Buka","· Tutup pukul 20.00","https://lh3.googleusercontent.com/gps-cs-s/APNQkAFiOc0L3pGgcen0CzlSiOQd5HUD1ASXbuj8oFvYd438yBtIGxZUw1_bAN3jQBJUNXmVkPklUrf3HDhnmFSPF1iXEJyO6GAVlWbcNKh5XY8it6hnNGg6Aqe0r9wBL07knl9XF-M66Q=w92-h92-k-no","https://ssl.gstatic.com/local/servicebusiness/default_user.png","""Nasi","Padang","Rasa Bintang 5 Harga Kaki 5""","","","","",""
"https://www.google.com/maps/place/Warteg+Orens+Bahari+135+-+Karang+Menjangan/data=!4m7!3m6!1s0x2dd7fb84108a005b:0xc4539eaad8e9ba6c!8m2!3d-7.2707849!4d112.7605355!16s%2Fg%2F11pzyv28x7!19sChIJWwCKEIT71y0RbLrp2KqeU8Q?authuser=0&hl=id&rclk=1","Warteg Orens Bahari 135 - Karang Menjangan","4,3","(409)","·","Rp 1–25.000","Tegal","·","·","Buka 24 jam","","https://lh3.googleusercontent.com/gps-cs-s/APNQkAFg2p0TW_M48OUD9jKjMlNj6SepmoDVvd4NhYfMeSfuMErbhfDTFNeQW8PJp90xNQ9XmgHh9dRGIbAiTPB-qnOSW1g4fwSTxc2ipomCmz5kTM7SePU9oBVTD9Yu59z6rF1AqsI=w163-h92-k-no","https://ssl.gstatic.com/local/servicebusiness/default_user.png","""Enak.. warteg, tapi Rasa seperti nasi","padang","sederh___na.""","","","","","Jl. Karang Menjangan No.93"
"https://www.google.com/maps/place/Warung+Padang+Ampera+Asli/data=!4m7!3m6!1s0x2dd7fbddac9c6cef:0x4fada5aa1be7bd48!8m2!3d-7.273984!4d112.741843!16s%2Fg%2F11c6d9l3r_!19sChIJ72ycrN371y0RSL3nG6qlrU8?authuser=0&hl=id&rclk=1","Warung Padang Ampera Asli","4,9","(17)","","","Indonesia","·","Jl. Urip Sumoharjo sebelum Jembatan Penyeberangan No.26","Buka","· Tutup pukul 22.00","https://lh3.googleusercontent.com/gps-cs-s/APNQkAGYllqr2hvbpgUq9GoNc5_SlGCnQr4d7JnjDI8wK5zg5x0Jq4WmxoDiMpSiYGlMJwuF9cV9Xs1DttveuXumd3vBSephu_pW_TkMoeq4Nas-ypqmtw8dqYOakMYQJgdrXkT_5Tuy=w80-h106-k-no","https://ssl.gstatic.com/local/servicebusiness/default_user.png","""nasi padangnya enak, kuah rendangnya berasa bgt bumbunya""","","","","","","",""
"https://www.google.com/maps/place/Masakan+Padang+Haluan+Baru+Uni+Intan/data=!4m7!3m6!1s0x2dd7fb88eafc9b01:0xfb5be37a74ab0eb8!8m2!3d-7.2798404!4d112.7494642!16s%2Fg%2F11y8hmrdc0!19sChIJAZv86oj71y0RuA6rdHrjW_s?authuser=0&hl=id&rclk=1","Masakan Padang Haluan Baru Uni Intan","5,0","(8)","·","Rp 1–25.000","Perpaduan","·","Jl. Nias No.156","Tutup","· Buka Sen pukul 11.00","https://lh3.googleusercontent.com/gps-cs-s/APNQkAEe41uyn90qSl7blJ5vfmtCXDWQOPtKQ9mn2m1NA2JVWsqupqJ8oxEt1fEKPS-1mV9Yyhv161_Rk4yorGt91R90bTYMJ8sNB5iax9m0O20rmQJuBjJSLCyVgY8b7uu_U4-o4V0=w80-h106-k-no","https://ssl.gstatic.com/local/servicebusiness/default_user.png","""Nasi","padang","uni intan is the best 🤤""","https://www.google.com/searchviewer/42?cvd=CLw_EicKJeICIjIgEhkiF9LX29IPEQoNL2cvMTF5OGhtcmRjMBgBOgMI8A0%3D&hl=id-ID&gl=id&fo_m=MfohQo559jFvMUOzJVpjPL1YMfZ3bInYwBDuMfaXTPp5KXh-&utm_source=tactile&gei=yTH3afe9GY-y4-EPzOzrmAQ&ei=yTH3afe9GY-y4-EPzOzrmAQ&fo_s=OA&opi=79508299&orderType=1&ebb=1&cs=0&foub=mcpp","Pesan online","","",""
"https://www.google.com/maps/place/MASAKAN+PADANG+TIRTA+ALAMI/data=!4m7!3m6!1s0x2dd7fbe5cdfa1c41:0x5c38b5575e38d41f!8m2!3d-7.2753204!4d112.7322396!16s%2Fg%2F1hm2r8z2p!19sChIJQRz6zeX71y0RH9Q4Xle1OFw?authuser=0&hl=id&rclk=1","MASAKAN PADANG TIRTA ALAMI","4,5","(370)","·","Rp 1–25.000","Padang","·","·","Buka","· Tutup pukul 21.00","https://lh3.googleusercontent.com/gps-cs-s/APNQkAEZOgRRRVcMnReHAdLRfKF7CNLhgdzcWYKzZOFbLocu62eNXrrRJRTWbEa2Vbxd03j3vJPby-pNHvOPI4965K46QCx8lb4lfUHoane4yTi684WOUvGth8v8IDc8APAH2VRfajL8IQ=w122-h92-k-no","https://ssl.gstatic.com/local/servicebusiness/default_user.png","""Masakan","padang","dgn harga murah rasa enak""","https://www.google.com/searchviewer/42?cvd=CLw_EiYKJOICITIfEhgiFtLX29IPEAoML2cvMWhtMnI4ejJwGAE6AwjwDQ%3D%3D&hl=id-ID&gl=id&fo_m=MfohQo559jFvMUOzJVpjPL1YMfZ3bInYwBDuMfaXTPp5KXh-&utm_source=tactile&gei=yTH3afe9GY-y4-EPzOzrmAQ&ei=yTH3afe9GY-y4-EPzOzrmAQ&fo_s=OA&opi=79508299&orderType=1&ebb=1&cs=0&foub=mcpp","Pesan online","","","Jl. Pandegiling No.169"
"https://www.google.com/maps/place/Ampera+Palapa+Masakan+Padang/data=!4m7!3m6!1s0x2dd7fbc7d66aaaad:0x67edced80ee80b6f!8m2!3d-7.2844978!4d112.7508379!16s%2Fg%2F11c5_sjz1r!19sChIJrapq1sf71y0RbwvoDtjO7Wc?authuser=0&hl=id&rclk=1","Ampera Palapa Masakan Padang","4,2","(81)","","","Padang","·","·","Buka","· Tutup pukul 21.00","https://lh3.googleusercontent.com/gps-cs-s/APNQkAGDD_GnzOUddy8bOWH09-yREmibWDNfxlmj7UrKp424ED4upCmHtBe8LI_uBgaDb4ZlSegWr2OvirMv_irzh8-mHh7hsFik-Jxkh7eBjkrBSNLHQiU1_Zgdrjg2JWv-0Thp_lZSyg=w193-h92-k-no","https://ssl.gstatic.com/local/servicebusiness/default_user.png","""jutek bgt mas masnya yang ngelayanin""","","","https://www.google.com/searchviewer/42?cvd=CLw_EicKJeICIjIgEhkiF9LX29IPEQoNL2cvMTFjNV9zanoxchgBOgMI8A0%3D&hl=id-ID&gl=id&fo_m=MfohQo559jFvMUOzJVpjPL1YMfZ3bInYwBDuMfaXTPp5KXh-&utm_source=tactile&gei=yTH3afe9GY-y4-EPzOzrmAQ&ei=yTH3afe9GY-y4-EPzOzrmAQ&fo_s=OA&opi=79508299&orderType=1&ebb=1&cs=0&foub=mcpp","Pesan online","","","Jl. Pucang Sewu No.6"
"https://www.google.com/maps/place/RM+Malin+Intan/data=!4m7!3m6!1s0x2dd7fbf5b602408d:0x4a68ed0cc741ff4!8m2!3d-7.2744351!4d112.7563636!16s%2Fg%2F11vq_91xyr!19sChIJjUACtvX71y0R9B90zNCOpgQ?authuser=0&hl=id&rclk=1","RM Malin Intan","3,8","(4)","","","Restoran","·","Jl. Dharmawangsa No.35, Airlangga, Kec. Gubeng, Surabaya, Jawa Timur 60286","Buka","· Tutup pukul 20.00","https://lh3.googleusercontent.com/gps-cs-s/APNQkAGcGjyTfXpOBGJ8lO9FCqt4d9lX2nWHtvnEpDZmYT8yRkR5eL3-PTg4jmn2wo7KrMXnByDP-4bDpKgtyP1ioB0jK0QIiRqbUkXBQQDlnL4Vzumv04ArqMWMuAbGyTN98u1KG8oW=w92-h92-k-no","https://ssl.gstatic.com/local/servicebusiness/default_user.png","""Nasi","padang","lauk rendang dan teh panas harga 21k""","","","","",""
"https://www.google.com/maps/place/Nasi+Padang+Terenak/data=!4m7!3m6!1s0x2dd7fb0049f87ce7:0x1b5c3333036d4670!8m2!3d-7.2747782!4d112.7622981!16s%2Fg%2F11yyd8cj55!19sChIJ53z4SQD71y0RcEZtAzMzXBs?authuser=0&hl=id&rclk=1","Nasi Padang Terenak","","","","","Masakan Asia","·","Jl. Karang Menjangan No.2 Blok A, RT.NoRT.006/RW.08","","","https://streetviewpixels-pa.googleapis.com/v1/thumbnail?panoid=Ys1LTygOBT0fUp3fuetQcQ&cb_client=search.gws-prod.gps&w=80&h=92&yaw=255.9395&pitch=0&thumbfov=100","","","","","","","","",""
"https://www.google.com/maps/place/Nasi+Padang+Sinar+Baru+-+Tembaan/data=!4m7!3m6!1s0x2dd7f9aa5b033801:0x8fb5d692b8d35e3!8m2!3d-7.2464949!4d112.7350272!16s%2Fg%2F11h6lff3v_!19sChIJATgDW6r51y0R4zWNK2ld-wg?authuser=0&hl=id&rclk=1","Nasi Padang Sinar Baru - Tembaan","4,8","(29)","","","Padang","·","tenggah 3A, Jl. Tembaan","Buka","· Tutup pukul 21.00","https://lh3.googleusercontent.com/gps-cs-s/APNQkAEpFcvgfH1LmXos2Hz3md_El7Ow0AGHS_5WUgdqXnwzIhRmx4A2HI2kNyDG7Rbx7tHNEHtBNi3BFw68eUUH8_jIlI7JU7AtoxT7KyE757YxGNK2guxrV8JAOtxjpiKWUAlzG0_ppQ=w163-h92-k-no","https://ssl.gstatic.com/local/servicebusiness/default_user.png","""Salah satu","padang","kaki 5 wenakkk
Bumbunya strong..""","https://www.google.com/searchviewer/42?cvd=CLw_EicKJeICIjIgEhkiF9LX29IPEQoNL2cvMTFoNmxmZjN2XxgBOgMI8A0%3D&hl=id-ID&gl=id&fo_m=MfohQo559jFvMUOzJVpjPL1YMfZ3bInYwBDuMfaXTPp5KXh-&utm_source=tactile&gei=yTH3afe9GY-y4-EPzOzrmAQ&ei=yTH3afe9GY-y4-EPzOzrmAQ&fo_s=OA&opi=79508299&orderType=1&ebb=1&cs=0&foub=mcpp","Pesan online","","",""
"https://www.google.com/maps/place/Sari+Bundo+Rumah+Makan/data=!4m7!3m6!1s0x2dd7f96417e1d7df:0x25de0177d655eb2c!8m2!3d-7.2606555!4d112.7457261!16s%2Fg%2F1tf91th8!19sChIJ39fhF2T51y0RLOtV1ncB3iU?authuser=0&hl=id&rclk=1","Sari Bundo Rumah Makan","4,4","(191)","·","Rp 75–100 rb","Padang","·","Jl. Walikota Mustajab No.70","Buka","· Tutup pukul 21.00","https://lh3.googleusercontent.com/gps-cs-s/APNQkAFIS-pVvxrtAg_2ToaVxRj7eOKd7GxRhesukYPb1cNg9CaUuty97bdb_aVlCRTP5tulVPJglKGjpniVn5rFvOJEf9sKK-0HKDpjdJF9Ve2824oUHEBfwJiUNtih5lagJgQc_rlrvA=w122-h92-k-no","https://ssl.gstatic.com/local/servicebusiness/default_user.png","""","Rumah makan padang","dengan rasa terotentik yg ada di surabaya.""","","","","",""
"https://www.google.com/maps/place/Nasi+Padang+Teluk+Belanga/data=!4m7!3m6!1s0x2dd7fbf31a0fbd2d:0x9cd665dee8eb6c75!8m2!3d-7.2695661!4d112.7405144!16s%2Fg%2F11hz1j51ft!19sChIJLb0PGvP71y0RdWzr6N5l1pw?authuser=0&hl=id&rclk=1","Nasi Padang Teluk Belanga","4,2","(67)","·","Rp 1–25.000","Padang","·","·","Buka","· Tutup pukul 21.00","https://lh3.googleusercontent.com/gps-cs-s/APNQkAFAU9i0yTDQ_Q2XkAxKC2fZFwj4xOswhp1X5Ptx0d9ahcMxD7rAzZAna4Y6Z9kur8xV6YQtSHkUGtXx6x_kxNKyLo6gljl32qtEvuraD5mQmzkEsYcS-J2zrlj5zckEA6_8wjU=w92-h92-k-no","https://ssl.gstatic.com/local/servicebusiness/default_user.png","""Rasa nasi","Padang","nya mantappp""","https://www.google.com/searchviewer/42?cvd=CLw_EicKJeICIjIgEhkiF9LX29IPEQoNL2cvMTFoejFqNTFmdBgBOgMI8A0%3D&hl=id-ID&gl=id&fo_m=MfohQo559jFvMUOzJVpjPL1YMfZ3bInYwBDuMfaXTPp5KXh-&utm_source=tactile&gei=yTH3afe9GY-y4-EPzOzrmAQ&ei=yTH3afe9GY-y4-EPzOzrmAQ&fo_s=OA&opi=79508299&orderType=1&ebb=1&cs=0&foub=mcpp","Pesan online","","","Jl. Embong Blimbing No.1 Embong kaliAsin, Jl. Embong Blimbing No.1"
"https://www.google.com/maps/place/Ampera+Dicky+Mulya/data=!4m7!3m6!1s0x2dd7f9a1f584a747:0x70918efc57449fe4!8m2!3d-7.2442872!4d112.7687879!16s%2Fg%2F11b6ctqbrg!19sChIJR6eE9aH51y0R5J9EV_yOkXA?authuser=0&hl=id&rclk=1","Ampera Dicky Mulya","4,5","(403)","·","Rp 25–50 rb","Padang","·","·","Buka","· Tutup pukul 22.00","https://lh3.googleusercontent.com/gps-cs-s/APNQkAH2FGcOba23TFV-1Hh9ozRXxvmaASIVLxdYJSYwAe_CPA0FDsJ0Sku5rHz3A_Yjser8wPhQ70L3exe40Xf3U3xLH2gLN5tNiyXMlju_a3PBDiV0M3AET-DsYR5DbWPJwmc7RQWkvA=w122-h92-k-no","https://ssl.gstatic.com/local/servicebusiness/default_user.png","""Tempat makannya bagus, murah dan enak, terimakasih.""","","","https://www.google.com/searchviewer/42?cvd=CLw_EicKJeICIjIgEhkiF9LX29IPEQoNL2cvMTFiNmN0cWJyZxgBOgMI8A0%3D&hl=id-ID&gl=id&fo_m=MfohQo559jFvMUOzJVpjPL1YMfZ3bInYwBDuMfaXTPp5KXh-&utm_source=tactile&gei=yTH3afe9GY-y4-EPzOzrmAQ&ei=yTH3afe9GY-y4-EPzOzrmAQ&fo_s=OA&opi=79508299&orderType=1&ebb=1&cs=0&foub=mcpp","Pesan online","","","Jl. Kedung Cowek No.9A"
"https://www.google.com/maps/place/Nasi+Padang+Ampera+Kalibokor/data=!4m7!3m6!1s0x2dd7fbc632958a8b:0xb799ab3219e0dc08!8m2!3d-7.2839648!4d112.7506346!16s%2Fg%2F11hd21q02b!19sChIJi4qVMsb71y0RCNzgGTKrmbc?authuser=0&hl=id&rclk=1","Nasi Padang Ampera Kalibokor","4,7","(476)","·","Rp 1–25.000","Padang","·","·","Tutup","· Buka Sen pukul 10.00","https://lh3.googleusercontent.com/gps-cs-s/APNQkAH6EqOIjOyHAL4bNdYUZ5dMr8gspI1NLCG0_4WABihv7UI_2qFr7Ze7bpHkKZrcHV7BP6p3BbD92nHlK9dg_4Ep9KfrusIICSS2kPplw89Kz6QsRPeK82X11roBqByB41SG75hirQ=w80-h117-k-no","https://ssl.gstatic.com/local/servicebusiness/default_user.png","""Nasi","padang","favorit, rasa enak, harga murah, lauk beragam.""","","","","","Kalibokor I"
"https://www.google.com/maps/place/Nasi+Goreng+Mbah+Darman/data=!4m7!3m6!1s0x2dd7fb8df757e427:0xef942be9d526616d!8m2!3d-7.274393!4d112.759885!16s%2Fg%2F11rghfxf1b!19sChIJJ-RX94371y0RbWEm1ekrlO8?authuser=0&hl=id&rclk=1","Nasi Goreng Mbah Darman","4,8","(71)","·","Rp 1–25.000","Restoran","·","Jl. Srikana No.150","Buka","· Tutup pukul 22.00","https://lh3.googleusercontent.com/gps-cs-s/APNQkAFppvuIQIEMnz9A6LtJQk5-Dtpt9nFGBEQJFbXkMw7jNZ3xYE_syUonQqMpE57nvmwaFVsvvhhT7rrcbMKdAMbnzfwIwDZuJX4gt3i463kIBCCf5mMuygDpw8mh2pQ4huh_JW-yE6JxSk8=w80-h106-k-no","https://ssl.gstatic.com/local/servicebusiness/default_user.png","""Sayur dan suwiran ayam-nya juga sama banyaknya.""","","","","","","",""
"https://www.google.com/maps/place/Masakan+Padang+Murah/data=!4m7!3m6!1s0x2dd7fb77f304fc79:0xb9b1379c29e3a8d!8m2!3d-7.3091368!4d112.727893!16s%2Fg%2F11cm0kvyg4!19sChIJefwE83f71y0RjTqewnkTmws?authuser=0&hl=id&rclk=1","Masakan Padang Murah","4,4","(1.048)","·","Rp 1–25.000","Padang","·","·","Buka","· Tutup pukul 21.00","https://lh3.googleusercontent.com/gps-cs-s/APNQkAGXtCoyao3NUh10CTgzAEkHLr-j-cld-zxS53Q6xbgf-P3sHxtB-KIatpkUqGSJHhsMQUQzJggn4by3rLMZmFqafY-MRvBjlITjHICFwlZIRaLtj7AU4P5r1-WJ2E3nBQOAXQe-=w80-h106-k-no","https://ssl.gstatic.com/local/servicebusiness/default_user.png","""Rendang mantap nampol enak, empuk banget, cuminya juga enak.""","","","https://www.google.com/searchviewer/42?cvd=CLw_EicKJeICIjIgEhkiF9LX29IPEQoNL2cvMTFjbTBrdnlnNBgBOgMI8A0%3D&hl=id-ID&gl=id&fo_m=MfohQo559jFvMUOzJVpjPL1YMfZ3bInYwBDuMfaXTPp5KXh-&utm_source=tactile&gei=yTH3afe9GY-y4-EPzOzrmAQ&ei=yTH3afe9GY-y4-EPzOzrmAQ&fo_s=OA&opi=79508299&orderType=1&ebb=1&cs=0&foub=mcpp","Pesan online","","","Jl. Ketintang No.89"
"https://www.google.com/maps/place/Masakan+Padang+Ampera+Serumpun/data=!4m7!3m6!1s0x2dd7fbbe949d4fb5:0x172d2543bd8378fa!8m2!3d-7.2909081!4d112.7430033!16s%2Fg%2F11hcj1_2cq!19sChIJtU-dlL771y0R-niDvUMlLRc?authuser=0&hl=id&rclk=1","Masakan Padang Ampera Serumpun","4,6","(136)","·","Rp 1–25.000","Padang","·","·","Buka","· Tutup pukul 21.00","https://lh3.googleusercontent.com/gps-cs-s/APNQkAHUmc_HnuXWqBNzqPBYx4kotwE-47C6LZN6fK0w6Gsb86Smi2xzib6bZVIJZWv6FYKs_hLhfXn7jkZ8dgixUWN57-k0c4ZoNT605cLFyrMfNvL7y4_9WkD9T9HucsAxQpx5zV1j5A=w122-h92-k-no","https://ssl.gstatic.com/local/servicebusiness/default_user.png","""Nasi padangnya enak, bersih.""","","","https://www.google.com/searchviewer/42?cvd=CLw_EicKJeICIjIgEhkiF9LX29IPEQoNL2cvMTFoY2oxXzJjcRgBOgMI8A0%3D&hl=id-ID&gl=id&fo_m=MfohQo559jFvMUOzJVpjPL1YMfZ3bInYwBDuMfaXTPp5KXh-&utm_source=tactile&gei=yTH3afe9GY-y4-EPzOzrmAQ&ei=yTH3afe9GY-y4-EPzOzrmAQ&fo_s=OA&opi=79508299&orderType=1&ebb=1&cs=0&foub=mcpp","Pesan online","","","Jl. Ngagel No.137, RT.005/RW.01"
"https://www.google.com/maps/place/Masakan+Padang+Minang+Palapa/data=!4m7!3m6!1s0x2dd7fbe6464c9711:0x390472e165b83add!8m2!3d-7.2738595!4d112.7347258!16s%2Fg%2F11bwh98b48!19sChIJEZdMRub71y0R3Tq4ZeFyBDk?authuser=0&hl=id&rclk=1","Masakan Padang Minang Palapa","4,7","(29)","·","Rp 1–25.000","Padang","·","·","Buka","· Tutup pukul 23.00","https://lh3.googleusercontent.com/gps-cs-s/APNQkAF-30p6ASTzAodOOwbi-kvSGoRoljxsP9_0nLODjLPM2QzraBZBxMlo13Y6IAgeuHTaWBCxJQ5GUlOOU4jO7cf7M9jgSAqmo3Mr7_IW-iVV1iKjcA9tBVt2GLY7UqcUBQPsFRcd=w80-h106-k-no","https://ssl.gstatic.com/local/servicebusiness/default_user.png","""Masakan","padang","terenak di Surabaya yg pernah di order lewat gofood!""","https://www.google.com/searchviewer/42?cvd=CLw_EicKJeICIjIgEhkiF9LX29IPEQoNL2cvMTFid2g5OGI0OBgBOgMI8A0%3D&hl=id-ID&gl=id&fo_m=MfohQo559jFvMUOzJVpjPL1YMfZ3bInYwBDuMfaXTPp5KXh-&utm_source=tactile&gei=yTH3afe9GY-y4-EPzOzrmAQ&ei=yTH3afe9GY-y4-EPzOzrmAQ&fo_s=OA&opi=79508299&orderType=1&ebb=1&cs=0&foub=mcpp","Pesan online","","","Jl. Kp. Malang Tengah I No.60"
"https://www.google.com/maps/place/RM+Pusako+Minang/data=!4m7!3m6!1s0x2dd7fbfb2e2674b9:0xcaee7cba20444d2a!8m2!3d-7.2714754!4d112.7278696!16s%2Fg%2F1pzpmvxc1!19sChIJuXQmLvv71y0RKk1EILp87so?authuser=0&hl=id&rclk=1","RM Pusako Minang","4,5","(326)","·","Rp 25–50 rb","Padang","·","·","Buka 24 jam","","https://lh3.googleusercontent.com/gps-cs-s/APNQkAEta5IKFNHYJtet2LNmrzdKFXIV5apCmYeRfT9TRieKtpaJqykLhUvXwJSzanfrHEaFhEJzUYHEZ58VxBgMRHwwC4D_XFYFokXaPXiT439R9zsleUN21RFmP4BzuDJtZYLjQoS-=w122-h92-k-no","https://ssl.gstatic.com/local/servicebusiness/default_user.png","""Rendangnya rendang benget, rempah rempahnya kerasa.""","","","https://www.google.com/searchviewer/42?cvd=CLw_EiYKJOICITIfEhgiFtLX29IPEAoML2cvMXB6cG12eGMxGAE6AwjwDQ%3D%3D&hl=id-ID&gl=id&fo_m=MfohQo559jFvMUOzJVpjPL1YMfZ3bInYwBDuMfaXTPp5KXh-&utm_source=tactile&gei=yTH3afe9GY-y4-EPzOzrmAQ&ei=yTH3afe9GY-y4-EPzOzrmAQ&fo_s=OA&opi=79508299&orderType=1&ebb=1&cs=0&foub=mcpp","Pesan online","","","Jl. Pasar Kembang No.74"
"https://www.google.com/maps/place/Ampera+Surya+Masakan+Padang/data=!4m7!3m6!1s0x2dd7fbae4e56cc5f:0xb192ac987a3070c!8m2!3d-7.2982016!4d112.754588!16s%2Fg%2F1hm68h_l3!19sChIJX8xWTq771y0RDAejh8kqGQs?authuser=0&hl=id&rclk=1","Ampera Surya Masakan Padang","4,4","(71)","·","Rp 25–50 rb","Padang","·","Jl. Bratang Gede No.133","Buka","· Tutup pukul 21.00","https://lh3.googleusercontent.com/gps-cs-s/APNQkAGk7klGNF1_aLLayLc2aLuCVKRl7bQLqgfvXZdmA7jeHog2YZTnWYTJwN_3JcY8RSIR1cN5Xo83GKw1dFR0xSGPlkGvUSU6Kn6zb_SBjjKSaps3CB9S8z1H3v4WDJjDaulHsi7r=w122-h92-k-no","https://ssl.gstatic.com/local/servicebusiness/default_user.png","""Beli 4 bungkus nasi","padang","daging,1 nasi","","","","",""
"https://www.google.com/maps/place/Saraso+Minang/data=!4m7!3m6!1s0x2dd7fa5159a4c46b:0x19a22e861c2571ca!8m2!3d-7.3001391!4d112.7691258!16s%2Fg%2F1hm44sbb3!19sChIJa8SkWVH61y0RynElHIYuohk?authuser=0&hl=id&rclk=1","Saraso Minang","4,6","(346)","·","Rp 1–25.000","Padang","·","·","Buka","· Tutup pukul 21.00","https://lh3.googleusercontent.com/gps-cs-s/APNQkAHVuVYYRKAIsytxfCsy6i0HFvVwqX2s_XJyjUNXgKMzf61tuo56cMYQ5Cny0YFfdbwzN12FifrNMeggAqSc9-Apquodrs5SNYR7T9XKF8946sWSwas3f-aE_teCdztlmhhFT67x=w80-h106-k-no","https://ssl.gstatic.com/local/servicebusiness/default_user.png","""Nasi","padang","disini termasuk murah, rasa juga enak, menu juga bervariasi.""","https://www.google.com/searchviewer/42?cvd=CLw_EiYKJOICITIfEhgiFtLX29IPEAoML2cvMWhtNDRzYmIzGAE6AwjwDQ%3D%3D&hl=id-ID&gl=id&fo_m=MfohQo559jFvMUOzJVpjPL1YMfZ3bInYwBDuMfaXTPp5KXh-&utm_source=tactile&gei=yTH3afe9GY-y4-EPzOzrmAQ&ei=yTH3afe9GY-y4-EPzOzrmAQ&fo_s=OA&opi=79508299&orderType=1&ebb=1&cs=0&foub=mcpp","Pesan online","","","Jl. Nginden Semolo No.76"
"https://www.google.com/maps/place/Warung+Lestari/data=!4m7!3m6!1s0x2dd7fbd51a53fd0b:0xfc7f7263d86582bd!8m2!3d-7.26804!4d112.7611173!16s%2Fg%2F1hf2vv3r2!19sChIJC_1TGtX71y0RvYJl2GNyf_w?authuser=0&hl=id&rclk=1","Warung Lestari","4,5","(86)","·","Rp 1–25.000","Jawa","·","·","Tutup","· Buka Sen pukul 05.00","https://lh3.googleusercontent.com/gps-cs-s/APNQkAFoFjV8fypJuV4-GXXEIA5jiYDyh4IgnWwaF4-_YaZ_do0vIg8XyL92YIvuOI_X_LhYWoCVj_RFSOc_tLSFX_Z8x4ETl68zfJYOwjzpce3B3D39FskW76HOfR-c-4gQdpg-1wHn9w=w163-h92-k-no","https://ssl.gstatic.com/local/servicebusiness/default_user.png","""Makanan enak semua, sesuai banner khas jawa timur.""","","","","","","","Jl. Karang Menjangan No.37"
"https://www.google.com/maps/place/Warung+Lestari/data=!4m7!3m6!1s0x2dd7fbd51a53fd0b:0xfc7f7263d86582bd!8m2!3d-7.26804!4d112.7611173!16s%2Fg%2F1hf2vv3r2!19sChIJC_1TGtX71y0RvYJl2GNyf_w?authuser=0&hl=id&rclk=1","Warung Lestari","4,5","(86)","·","Rp 1–25.000","Jawa","·","·","Tutup","· Buka Sen pukul 05.00","https://lh3.googleusercontent.com/gps-cs-s/APNQkAFoFjV8fypJuV4-GXXEIA5jiYDyh4IgnWwaF4-_YaZ_do0vIg8XyL92YIvuOI_X_LhYWoCVj_RFSOc_tLSFX_Z8x4ETl68zfJYOwjzpce3B3D39FskW76HOfR-c-4gQdpg-1wHn9w=w163-h92-k-no","https://ssl.gstatic.com/local/servicebusiness/default_user.png","""Makanan enak semua, sesuai banner khas jawa timur.""","","","","","","","Jl. Karang Menjangan No.37"
"https://www.google.com/maps/place/Nayla+Minang/data=!4m7!3m6!1s0x2dd7fbc2cac331c3:0xd97fc62a589710ee!8m2!3d-7.2770482!4d112.7406242!16s%2Fg%2F11b6d4yxw2!19sChIJwzHDysL71y0R7hCXWCrGf9k?authuser=0&hl=id&rclk=1","Nayla Minang","4,6","(42)","·","Rp 1–25.000","Padang","·","Jl. Pandegiling No.106","Buka","· Tutup pukul 22.00","https://lh3.googleusercontent.com/gps-cs-s/APNQkAFcTlxcLAWqRkgACENU8pu12keUZ2JURVRRLk81m6I0Rk4tZAhe-GP0WhPzEJ2Lr_GQLLEVi_RJRuFyG6mx2tgx0W-HUK5NRyds0OFl3h-t0ZKThdQYaqZqkvWEIGVL0GL9HRntuw=w80-h106-k-no","https://ssl.gstatic.com/local/servicebusiness/default_user.png","""Enak
Bumbunya mantap
Telurnya mantap
Rendangnya mantap""","","","","","","",""
"https://www.google.com/maps/place/Ampera+Goyang+Lidah+Masakan+Padang/data=!4m7!3m6!1s0x2dd7f99c22e1d065:0x6eb478da208b58ea!8m2!3d-7.2510707!4d112.7671681!16s%2Fg%2F11b6d4bgr6!19sChIJZdDhIpz51y0R6liLINp4tG4?authuser=0&hl=id&rclk=1","Ampera Goyang Lidah Masakan Padang","4,6","(300)","·","Rp 25–50 rb","Padang","·","·","Segera tutup","· 19.00 · Buka Sen pukul 10.00","","https://ssl.gstatic.com/local/servicebusiness/default_user.png","""Harga nikmat rasa mantap 👍 ayam goreng dan bumbu rendangnya sedap puolll""","","","https://www.google.com/searchviewer/42?cvd=CLw_EicKJeICIjIgEhkiF9LX29IPEQoNL2cvMTFiNmQ0YmdyNhgBOgMI8A0%3D&hl=id-ID&gl=id&fo_m=MfohQo559jFvMUOzJVpjPL1YMfZ3bInYwBDuMfaXTPp5KXh-&utm_source=tactile&gei=yzH3afG5EISH4-EPrfHumQs&ei=yzH3afG5EISH4-EPrfHumQs&fo_s=OA&opi=79508299&orderType=1&ebb=1&cs=0&foub=mcpp","Pesan online","","","Jl. Kapas Krampung No.250"
"https://www.google.com/maps/place/MASAKAN+PADANG+JASO+BUNDO/data=!4m7!3m6!1s0x2dd7fbe4eff1d309:0x9ac28a5312623305!8m2!3d-7.2755494!4d112.7332106!16s%2Fg%2F11b6c_s99q!19sChIJCdPx7-T71y0RBTNiElOKwpo?authuser=0&hl=id&rclk=1","MASAKAN PADANG JASO BUNDO","4,5","(60)","","","Padang","·","·","Buka","· Tutup pukul 21.00","https://lh3.googleusercontent.com/gps-cs-s/APNQkAFVQhXsJUsgcUGE-Wq_OLOpg0HngABxYLT93I_ieza6DLFEvDEzVLagrVtnmtB4JhYr7OU5MjpBI_w9q47OcicbD1RsOLnTzYPAqo48GoxF21G6A00sRomzCkf0GVYlxAN3XL417w=w80-h142-k-no","https://ssl.gstatic.com/local/servicebusiness/default_user.png","""masakannya enak, bumbu rempahnya berasa, harga relatif murah""","","","","","","","Jl. Pandegiling No.153"
"https://www.google.com/maps/place/Saiyo+Baru+Prasmanan/data=!4m7!3m6!1s0x2dd7fd90b2f52535:0x76d9eb0682766d7e!8m2!3d-7.2861858!4d112.6776925!16s%2Fg%2F11f782_zvd!19sChIJNSX1spD91y0Rfm12ggbr2XY?authuser=0&hl=id&rclk=1","Saiyo Baru Prasmanan","4,4","(390)","·","Rp 1–25.000","Prasmanan","·","Jl. Raya Pradah Indah No.109","Buka","· Tutup pukul 00.00","https://lh3.googleusercontent.com/gps-cs-s/APNQkAHWRHdG4ax7YYW-CHX5SqkjZ32ZtoF6vFv-eljmpnNz_aXcB4Xj0CYeXInEsilrw8RkyauVJh4q4WYHxuELM2ZlF2DzTynXeV1qzAwTHHorOR0Nnmja2sHbhlrHSrRnOilaZ98UKsAkymTq=w80-h106-k-no","https://ssl.gstatic.com/local/servicebusiness/default_user.png","""Masakan","padang","prasmanan murah""","https://www.google.com/searchviewer/42?cvd=CLw_EicKJeICIjIgEhkiF9LX29IPEQoNL2cvMTFmNzgyX3p2ZBgBOgMI8A0%3D&hl=id-ID&gl=id&fo_m=MfohQo559jFvMUOzJVpjPL1YMfZ3bInYwBDuMfaXTPp5KXh-&utm_source=tactile&gei=yzH3afG5EISH4-EPrfHumQs&ei=yzH3afG5EISH4-EPrfHumQs&fo_s=OA&opi=79508299&orderType=1&ebb=1&cs=0&foub=mcpp","Pesan online","","",""
"https://www.google.com/maps/place/RM+Saiyo+-+Masakan+Padang/data=!4m7!3m6!1s0x2dd7fba53e9d0b39:0xa520823fc329a2b1!8m2!3d-7.298051!4d112.7490596!16s%2Fg%2F1hm26zhb2!19sChIJOQudPqX71y0RsaIpwz-CIKU?authuser=0&hl=id&rclk=1","RM Saiyo - Masakan Padang","4,3","(200)","·","Rp 25–50 rb","Padang","·","·","Buka","· Tutup pukul 21.00","https://lh3.googleusercontent.com/gps-cs-s/APNQkAG2PgIsoMCb2kFM1jGv8McCpGsw8hxkCukdgACmSVtPASYc-YmV4Mwcl_PT0lSsM-vsw861r3Nn927GaO-7LHoiOXw_lG_S7KAE1vWqRrGaVPvBqmI1e40Ac0g8KS3KRXQNDwf1=w122-h92-k-no","https://ssl.gstatic.com/local/servicebusiness/default_user.png","""Nasi","padang","paling authentic & enak se Ngagel!""","https://www.google.com/searchviewer/42?cvd=CLw_EiYKJOICITIfEhgiFtLX29IPEAoML2cvMWhtMjZ6aGIyGAE6AwjwDQ%3D%3D&hl=id-ID&gl=id&fo_m=MfohQo559jFvMUOzJVpjPL1YMfZ3bInYwBDuMfaXTPp5KXh-&utm_source=tactile&gei=yzH3afG5EISH4-EPrfHumQs&ei=yzH3afG5EISH4-EPrfHumQs&fo_s=OA&opi=79508299&orderType=1&ebb=1&cs=0&foub=mcpp","Pesan online","","","Jl. Ngagel Rejo Kidul No.106A"
"https://www.google.com/maps/place/Nasi+Padang+Minang+Sabana+%28Pojok+Marmoyo%29/data=!4m7!3m6!1s0x2dd7fbbd4a5480b1:0x6edeb8314bf482b6!8m2!3d-7.2970849!4d112.7403458!16s%2Fg%2F1hm2_jmlp!19sChIJsYBUSr371y0RtoL0SzG43m4?authuser=0&hl=id&rclk=1","Nasi Padang Minang Sabana (Pojok Marmoyo)","4,4","(198)","·","Rp 25–50 rb","Padang","·","·","Buka","· Tutup pukul 21.00","https://lh3.googleusercontent.com/gps-cs-s/APNQkAH-Ucp-yY4el7bPiGeaHohrvPsRR5q1tMYSiF66wmUPXmeUGXYMGAm-GLryHOYKpjMXnJP2vuU-gfXvnHf3n1D8eeivtdFuuJn8huQ2_ezVPBblzzNERSF9nM-ZGWxGs0q6p4rXZQ=w124-h92-k-no","https://ssl.gstatic.com/local/servicebusiness/default_user.png","""saya","makan","berdua abis nya 50rb, teh 2,","https://www.google.com/searchviewer/42?cvd=CLw_EiYKJOICITIfEhgiFtLX29IPEAoML2cvMWhtMl9qbWxwGAE6AwjwDQ%3D%3D&hl=id-ID&gl=id&fo_m=MfohQo559jFvMUOzJVpjPL1YMfZ3bInYwBDuMfaXTPp5KXh-&utm_source=tactile&gei=yzH3afG5EISH4-EPrfHumQs&ei=yzH3afG5EISH4-EPrfHumQs&fo_s=OA&opi=79508299&orderType=1&ebb=1&cs=0&foub=mcpp","Pesan online","","","Jl. Darmokali No.41"
"https://www.google.com/maps/place/Warung+Nasi+Padang+Murah+Enak/data=!4m7!3m6!1s0x2dd7fb007f9c13c3:0xb894febfe8627506!8m2!3d-7.2741057!4d112.7559505!16s%2Fg%2F11mrwwrs3w!19sChIJwxOcfwD71y0RBnVi6L_-lLg?authuser=0&hl=id&rclk=1","Warung Nasi Padang Murah Enak","","","","","Indonesia","·","Jl. Gubeng Kertajaya VII Raya J 6-2","","","https://streetviewpixels-pa.googleapis.com/v1/thumbnail?panoid=u_Tl-Djn-YYcxRHHSw2Y2g&cb_client=search.gws-prod.gps&w=80&h=92&yaw=190.30315&pitch=0&thumbfov=100","","Makan di tempat","Bawa pulang","","","","","",""
"https://www.google.com/maps/place/Sate+Padang+Sinar+Gemilang+Djo+Siin/data=!4m7!3m6!1s0x2dd7fbb2b68fa569:0x89b27b662d754846!8m2!3d-7.2950234!4d112.762483!16s%2Fg%2F11cp7qh011!19sChIJaaWPtrL71y0RRkh1LWZ7sok?authuser=0&hl=id&rclk=1","Sate Padang Sinar Gemilang Djo Siin","4,6","(609)","·","Rp 25–50 rb","Sate","·","·","Buka","· Tutup pukul 22.00","https://lh3.googleusercontent.com/gps-cs-s/APNQkAEuk-l5bBrd2IgIu0t0_Nq6i_ArtCm1vnLCYrO6xhMZkgYQCuEgCjzZo1Jjj6zh-x_R0JMvH8Np3BSwpVKFWvGHBGOl5GJgE-Qd45ElGYv_rV1R_VQPundTNd_TzZfUj1R2_w8=w122-h92-k-no","https://ssl.gstatic.com/local/servicebusiness/default_user.png","""Sate padangnyaa enaakkk, bumbunya enak dan daging sapinya empuk!""","","","","","","","Jl. Raya Manyar No.55"
"https://www.google.com/maps/place/Dea+Minang/data=!4m7!3m6!1s0x2dd7f944c1704257:0x747a47db4a6c8ee7!8m2!3d-7.256101!4d112.7313027!16s%2Fg%2F1hm2qcnjy!19sChIJV0JwwUT51y0R545sSttHenQ?authuser=0&hl=id&rclk=1","Dea Minang","4,5","(218)","·","Rp 1–25.000","Padang","·","Jl. Kranggan No.64","Buka","· Tutup pukul 22.00","https://lh3.googleusercontent.com/gps-cs-s/APNQkAG2Ih09jM77ZFEzZ8Mi86XDIpH-tX8LeTU_ALwLtBxEQLFKo6FUTQglFE7d54_UCSENmDeXQQ8QvYjBsvrL645_JOvs9LUh-WnRRfpK-lim-EasXLiqoKfI2exgFKVZJD2_dO8H=w194-h92-k-no","https://ssl.gstatic.com/local/servicebusiness/default_user.png","""Masakan","Padang","yg layak & harga terjangkau""","","","","",""
"https://www.google.com/maps/place/RM.+Surya+Permai+Masakan+Padang/data=!4m7!3m6!1s0x2dd7fbb2a9d7f079:0x2cbbd107813755c2!8m2!3d-7.2960461!4d112.7624537!16s%2Fg%2F11b69c3rbh!19sChIJefDXqbL71y0RwlU3gQfRuyw?authuser=0&hl=id&rclk=1","RM. Surya Permai Masakan Padang","4,4","(250)","·","Rp 1–25.000","Padang","·","Jl. Raya Manyar No.59E","Buka","· Tutup pukul 22.00","https://lh3.googleusercontent.com/gps-cs-s/APNQkAHPtJeeEdPpTPzs1_wXrQ8RKqi3Ddr9rM3j6wUN-J5wNn4rhSXtjMg4dnq7o6EZq3WHlheTrqF0nwPg9nLu4gpCtLD3CWWpRCeSo1xnfMhGFBFoLov2Az1oOgn_2WJPnpEjcUAp=w163-h92-k-no","https://ssl.gstatic.com/local/servicebusiness/default_user.png","""Nasi","Padang","di sini harga nya mirip dengan nasi","https://www.google.com/searchviewer/42?cvd=CLw_EicKJeICIjIgEhkiF9LX29IPEQoNL2cvMTFiNjljM3JiaBgBOgMI8A0%3D&hl=id-ID&gl=id&fo_m=MfohQo559jFvMUOzJVpjPL1YMfZ3bInYwBDuMfaXTPp5KXh-&utm_source=tactile&gei=yzH3afG5EISH4-EPrfHumQs&ei=yzH3afG5EISH4-EPrfHumQs&fo_s=OA&opi=79508299&orderType=1&ebb=1&cs=0&foub=mcpp","Pesan online","","",""
"https://www.google.com/maps/place/Ampera+Kedai+Baru/data=!4m7!3m6!1s0x2dd7f9a40844d16d:0x29c69474d0f64435!8m2!3d-7.2400788!4d112.769698!16s%2Fg%2F1hm241qjw!19sChIJbdFECKT51y0RNUT20HSUxik?authuser=0&hl=id&rclk=1","Ampera Kedai Baru","4,5","(438)","·","Rp 1–25.000","Padang","·","·","Buka","· Tutup pukul 21.00","https://lh3.googleusercontent.com/gps-cs-s/APNQkAF0cvvy326YtbC4aCVJmZ_YcBnwtPt_CjugClpD7WMlyipALPuoJWY7Tm6g2LYEgyVXouT-tuHCHTkBzVDLUUc1lBoOX7NMQeceoNPi90YqdH5zKGenoaDnn_S8J1h-Cl8fbh03Vc69EP3m=w92-h92-k-no","https://ssl.gstatic.com/local/servicebusiness/default_user.png","""Makanan khas yang selanjutnya adalah sate","padang",".""","https://www.google.com/searchviewer/42?cvd=CLw_EiYKJOICITIfEhgiFtLX29IPEAoML2cvMWhtMjQxcWp3GAE6AwjwDQ%3D%3D&hl=id-ID&gl=id&fo_m=MfohQo559jFvMUOzJVpjPL1YMfZ3bInYwBDuMfaXTPp5KXh-&utm_source=tactile&gei=yzH3afG5EISH4-EPrfHumQs&ei=yzH3afG5EISH4-EPrfHumQs&fo_s=OA&opi=79508299&orderType=1&ebb=1&cs=0&foub=mcpp","Pesan online","","","Jl. Kedung Cowek No.71"
"https://www.google.com/maps/place/Masakapan+Padang+Ampera+Bunda/data=!4m7!3m6!1s0x2dd7f9035c55ce35:0xeca68bdb1fb32293!8m2!3d-7.2307521!4d112.7524026!16s%2Fg%2F11b6d9fd4h!19sChIJNc5VXAP51y0RkyKzH9uLpuw?authuser=0&hl=id&rclk=1","Masakapan Padang Ampera Bunda","4,8","(59)","·","Rp 25–50 rb","Padang","·","·","Buka","· Tutup pukul 22.00","https://lh3.googleusercontent.com/gps-cs-s/APNQkAFir7C2vz9MUJr8-lItgVLMZiTEslZ61dWc88BWpwixEvX9RAlPbGGueDho1VH_HAQ91w7_jysfRbrR9-NDaIhL8CqsM2ErqKgsyEv464wTJ103UhWjrmva6jScOlth1NiJbdbW=w122-h92-k-no","https://ssl.gstatic.com/local/servicebusiness/default_user.png","""Enak, layanan oke, cuman pinggir jalan raya jadi ruamee berisik ges""","","","","","","","Jl. Sidotopo Lor No.101"
"https://www.google.com/maps/place/Cobek+Bakar+Pak+D+-+Menur/data=!4m7!3m6!1s0x2dd7fbfb2e4b562b:0xa09aef85d5c35b91!8m2!3d-7.2777123!4d112.7624656!16s%2Fg%2F11pkkfj3ys!19sChIJK1ZLLvv71y0RkVvD1YXvmqA?authuser=0&hl=id&rclk=1","Cobek Bakar Pak D - Menur","3,8","(402)","·","Rp 25–50 rb","Restoran","·","Jl. Raya Menur No.29 Blok E, RT.001/RW.07","Buka","· Tutup pukul 22.00","https://lh3.googleusercontent.com/gps-cs-s/APNQkAGbBduyLUYgcTpnJ6KMeDIaqOqnvq3QvltznRDC0EJfhICtVeuh2OCQxLrwDlgpBewDCef1pQWLVRf1DWG6-wzwgSnE766tt5trQeOnptuzRq4Qk9IenIflS59Joy61SMzj5-3-VA=w92-h92-k-no","https://ssl.gstatic.com/local/servicebusiness/default_user.png","""","Makan","enak dan murah.. cuman Disni..""","","","","",""
"https://www.google.com/maps/place/Seafood+Jawara+-+Menur/data=!4m7!3m6!1s0x2dd7fb5e8799bbfd:0x9e795149b97a907b!8m2!3d-7.2774411!4d112.7624981!16s%2Fg%2F11ymr162d_!19sChIJ_buZh1771y0Re5B6uUlReZ4?authuser=0&hl=id&rclk=1","Seafood Jawara - Menur","4,3","(19)","·","Rp 25–50 rb","Hidangan Laut","·","Jl. Raya Menur, RT.001/RW.07","Buka","· Tutup pukul 22.00","https://lh3.googleusercontent.com/gps-cs-s/APNQkAGQcG14vTWM6AnHRE_Omp0lnQTBYrCeJxXbCqQ3PkdTNRJ2UqYXFpnRk_qtl-G5DIRpEhh_mQFBbSizDNLeAJdvDxBCZ3gOMEtpaTbLG62GJG-j1Mbp6hl5w3IdYYHNA4lKd9HfMRa5rcQr=w163-h92-k-no","https://ssl.gstatic.com/local/servicebusiness/default_user.png","""Enak dan sesuai lah dengan promosinya.""","","","","","","",""
"https://www.google.com/maps/place/Rumah+Makan+Padang+Dicky+Mulya/data=!4m7!3m6!1s0x2dd7f90ba6466abb:0x33ab0f12d3a643e7!8m2!3d-7.2432612!4d112.7592397!16s%2Fg%2F11b6d9c99t!19sChIJu2pGpgv51y0R50Om0xIPqzM?authuser=0&hl=id&rclk=1","Rumah Makan Padang Dicky Mulya","4,1","(285)","·","Rp 25–50 rb","Padang","·","·","Buka","· Tutup pukul 00.00","https://lh3.googleusercontent.com/gps-cs-s/APNQkAHdCNqDOie4afwyfXMg-PeugGN2H2YNzQGBR3JjDJrH_68LiTwxAtwQinuKeeNSVXTWjXclBo4IzjDMrFq38hkqOIFa_mTJ73alrcd0a4VKBri0CdAYW8hyXuO6f6jzV2xTYhg7=w122-h92-k-no","https://ssl.gstatic.com/local/servicebusiness/default_user.png","""Menu nasi","padang","yg lengkap, aneka minuman""","","","","","Jl. Tambak Rejo No.134"
"https://www.google.com/maps/place/Palapa+Masakan+Padang/data=!4m7!3m6!1s0x2dd7f9650db7ff3f:0x9b9b7be9123b67f0!8m2!3d-7.2581204!4d112.7485784!16s%2Fg%2F11b6sw9h_p!19sChIJP_-3DWX51y0R8Gc7Eul7m5s?authuser=0&hl=id&rclk=1","Palapa Masakan Padang","4,6","(109)","·","Rp 1–25.000","Padang","·","·","Tutup","· Buka Sen pukul 07.00","https://lh3.googleusercontent.com/gps-cs-s/APNQkAGpbTn2h7JS7kZvK7htwMatHI_G1qRbgdpU-2XSYLWZiha-SiGIgrm1DKEDyZYS4sJrU9V0X8yDzsq5XLxHO9v9HrRwc7aeRKvF3_peRGFoijRNxOZKmnqET5gJkZEDNBX6MZ2p=w80-h106-k-no","https://ssl.gstatic.com/local/servicebusiness/default_user.png","""","Rumah Makan Padang","yang sangat ramai di area kantor pemkot surabaya.""","","","","","Jl. Jimerto No.37"
"https://www.google.com/maps/place/Warung+Nasi+Padang/data=!4m7!3m6!1s0x2dd7fb12bbf0c675:0x8e61533443b87494!8m2!3d-7.2956515!4d112.7267677!16s%2Fg%2F11fld1lldt!19sChIJdcbwuxL71y0RlHS4QzRTYY4?authuser=0&hl=id&rclk=1","Warung Nasi Padang","4,5","(78)","·","Rp 1–25.000","Indonesia","·","Jl. Brawijaya I No.2, RT.004/RW.10","Buka","· Tutup pukul 20.00","https://lh3.googleusercontent.com/gps-cs-s/APNQkAFh4iPwQj1pn9GL0E3AxDP_-Ma_HGUtEyjzLZE9ZmZJRh6dmitqzrlKvGr8Vg3M6Ki56gi1StlicZSSEJ0BZOx8TxVy3DY_5vI8rDlWmAvvCLv5k0K5LJ5oo_HcXEOueWKqPGLPJj4Oq_kO=w80-h173-k-no","https://ssl.gstatic.com/local/servicebusiness/default_user.png","""Salah satu warung","padang","yg rasanya cukup enak dan harganya cukup murah..""","","","","",""
"https://www.google.com/maps/place/Bakwan+Pak+Nur+Trunojoyo/data=!4m7!3m6!1s0x2dd7fb5d4fd8c5af:0xdfd9741246d0f322!8m2!3d-7.2741639!4d112.7568688!16s%2Fg%2F11fcqt1zhp!19sChIJr8XYT1371y0RIvPQRhJ02d8?authuser=0&hl=id&rclk=1","Bakwan Pak Nur Trunojoyo","4,7","(673)","·","Rp 1–25.000","Bakso","·","·","Tutup","· Buka Sen pukul 10.00","https://lh3.googleusercontent.com/gps-cs-s/APNQkAE-nQ6DW9EpptsU5eWPLlDtQPwgPWT7qWzTm7G8XXxT99Suk-EE7phNCqnZRqy5CCgEb1FTzFUesAJehhMS0a_Q130eDXrRPPxACZMHFK2nNnGKa7Qdi06wfrGYP9GYbvmklgJ0Dw=w163-h92-k-no","https://ssl.gstatic.com/local/servicebusiness/default_user.png","""Bakwan nya enak banget kuah nya pun mantap, murah banget""","","","https://www.google.com/searchviewer/42?cvd=CLw_EicKJeICIjIgEhkiF9LX29IPEQoNL2cvMTFmY3F0MXpocBgBOgMI8A0%3D&hl=id-ID&gl=id&fo_m=MfohQo559jFvMUOzJVpjPL1YMfZ3bInYwBDuMfaXTPp5KXh-&utm_source=tactile&gei=yzH3afG5EISH4-EPrfHumQs&ei=yzH3afG5EISH4-EPrfHumQs&fo_s=OA&opi=79508299&orderType=1&ebb=1&cs=0&foub=mcpp","Pesan online","","","Jl. Srikana No.42"
"https://www.google.com/maps/place/RM.+Brawijaya+Masakan+Padang/data=!4m7!3m6!1s0x2dd7fb8e5d645d4b:0xbadb3c9edbdad692!8m2!3d-7.2943697!4d112.7247187!16s%2Fg%2F1hm5021bb!19sChIJS11kXY771y0Rktba254827o?authuser=0&hl=id&rclk=1","RM. Brawijaya Masakan Padang","4,7","(276)","·","Rp 1–25.000","Padang","·","·","Buka","· Tutup pukul 20.00","https://lh3.googleusercontent.com/gps-cs-s/APNQkAGzE_PIgD-Oa9bIk2bruUVotoN81bqIkVDTTlwanF6wBVPcrmBGuey8I5uoOP6Aimm22FS3-a2NSAS04RC-1glevEqSYezR88EDguftVeSfjx9ukc67aDvQgNKLyQe0V3BZ2iykwg=w80-h106-k-no","https://ssl.gstatic.com/local/servicebusiness/default_user.png","""Makanan nya enak, rendang nya favorit bumbunya mantap.""","","","","","","","PP4F+7V4, Jl. Karangan"
"https://www.google.com/maps/place/Stand+masakan+Padang+Ampera+Palapa+%28Kedai+Teras+Pedagang+Kaki+Lima%29/data=!4m7!3m6!1s0x2dd7f96292afa13f:0x4fcb5f70783f23ab!8m2!3d-7.265371!4d112.748767!16s%2Fg%2F11clw0t__s!19sChIJP6GvkmL51y0RqyM_eHBfy08?authuser=0&hl=id&rclk=1","Stand masakan Padang Ampera Palapa (Kedai Teras Pedagang Kaki Lima)","2,6","(7)","","","Padang","·","PPPX+366, Plaza Surabaya GF, Outdoor 37, Jl. Pemuda No.33","Buka","· Tutup pukul 21.30","https://lh3.googleusercontent.com/gps-cs-s/APNQkAGDQuakkGI0zCX0ofqC9qnfGiBRs2gWA_VtH229HIOZeT_nPM-oVX6LhGvK67TcbblR3nwLRPTtoWdX8q6Vtni9pZVuk9PRC_ZaVLxaLm4sDoCHcJ_oXatt0WC_vuZGugEhdQcb=w122-h92-k-no","","Makan di tempat","Bawa pulang","","","","","",""
"https://www.google.com/maps/place/MASAKAN+PADANG+SURYA+INDAH/data=!4m7!3m6!1s0x2dd7fa71e286cb19:0x311b0fb23b42a22b!8m2!3d-7.2904513!4d112.7955073!16s%2Fg%2F11bxg2t_hq!19sChIJGcuG4nH61y0RK6JCO7IPGzE?authuser=0&hl=id&rclk=1","MASAKAN PADANG SURYA INDAH","4,6","(118)","·","Rp 1–25.000","Padang","·","NO Arief Rahman Hakim No.88","Buka","· Tutup pukul 22.00","https://lh3.googleusercontent.com/gps-cs-s/APNQkAHvwGB6OqOyC_7fyM9SP_csPXJGIB-cYRcJ3515zXEJHy4Lv4kSmkDZj-85WEWJPNNbU17z1JK3tDQbjkuag0MdjQlUhJGiDJ6ngJ-caTnr5eFEdqDkIqufJYWQuLB-Wo849MRG1g=w122-h92-k-no","https://ssl.gstatic.com/local/servicebusiness/default_user.png","""Kalau datang jangan lupa request kremesan dan bumbu rendang hehe..""","","","https://www.google.com/searchviewer/42?cvd=CLw_EicKJeICIjIgEhkiF9LX29IPEQoNL2cvMTFieGcydF9ocRgBOgMI8A0%3D&hl=id-ID&gl=id&fo_m=MfohQo559jFvMUOzJVpjPL1YMfZ3bInYwBDuMfaXTPp5KXh-&utm_source=tactile&gei=zDH3aciqOcWv4-EPwMSa4AY&ei=zDH3aciqOcWv4-EPwMSa4AY&fo_s=OA&opi=79508299&orderType=1&ebb=1&cs=0&foub=mcpp","Pesan online","","",""
"https://www.google.com/maps/place/Restaurant+Padang+Sederhana+SA/data=!4m7!3m6!1s0x2dd7fad28ae05b7f:0xed60ff34c5269abe!8m2!3d-7.3431276!4d112.7715267!16s%2Fg%2F1ptxg879j!19sChIJf1vgitL61y0RvpomxTT_YO0?authuser=0&hl=id&rclk=1","Restaurant Padang Sederhana SA","4,4","(1.305)","·","Rp 25–50 rb","Padang","·","·","Buka","· Tutup pukul 22.00","https://lh3.googleusercontent.com/gps-cs-s/APNQkAFvRUSH4M4LELY50m7eVUA6trwO2oBRWFlmpkcvi7SrRQtKLVEiWTlpfBsJAAdejGJtD_cxp2ED4XvZJq41AIOKzBijk0yBnWKFjWp3Ktd0_KVeMrMGNfDiHxRgp6kbKDyRwyh5Sw=w163-h92-k-no","https://ssl.gstatic.com/local/servicebusiness/default_user.png","""Masakan","padang","dengan selera yang disesuaikan dengan lidah Jawa.""","https://www.google.com/searchviewer/42?cvd=CLw_EiYKJOICITIfEhgiFtLX29IPEAoML2cvMXB0eGc4NzlqGAE6AwjwDQ%3D%3D&hl=id-ID&gl=id&fo_m=MfohQo559jFvMUOzJVpjPL1YMfZ3bInYwBDuMfaXTPp5KXh-&utm_source=tactile&gei=zDH3aciqOcWv4-EPwMSa4AY&ei=zDH3aciqOcWv4-EPwMSa4AY&fo_s=OA&opi=79508299&orderType=1&ebb=1&cs=0&foub=mcpp","Pesan online","","","Ruko Palem Square Pondok Candra Blok Jalan Taman Asri kav. TF No. 32-33, Wadungasri"
"https://www.google.com/maps/place/Restaurant+Padang+Sederhana+-+Pakuwon+City/data=!4m7!3m6!1s0x2dd7fb621d6249a3:0xcd46954dca48f081!8m2!3d-7.2697483!4d112.8057912!16s%2Fg%2F11pd9rlns8!19sChIJo0liHWL71y0RgfBIyk2VRs0?authuser=0&hl=id&rclk=1","Restaurant Padang Sederhana - Pakuwon City","4,1","(77)","","","Restoran","·","Ruko San Diego MR 1-18 Jl Kalisari MR 1-18","Buka","· Tutup pukul 21.00","https://lh3.googleusercontent.com/gps-cs-s/APNQkAGQgzNxut1Nf_haKpGuGrQ66q_C1zs38Lz85jBHpAagpxBJxNV516a8pu-WqAgjsrtHWi-UrMvnHumyAo1gbdl-AWC4E9bZf4htzaBrIX6KdFVkfhdnbMNEuPwkxFtfbbmbXNpo_A=w163-h92-k-no","https://ssl.gstatic.com/local/servicebusiness/default_user.png","""harus nyobain rendang, sate","padang",", ayam baladonya""","","","","",""
"https://www.google.com/maps/place/Simpang+Raya+Rumah+Makan/data=!4m7!3m6!1s0x2dd7f9669d67c8a9:0x6c6d848d582cc804!8m2!3d-7.2604508!4d112.7449512!16s%2Fg%2F1pzsxb7j8!19sChIJqchnnWb51y0RBMgsWI2EbWw?authuser=0&hl=id&rclk=1","Simpang Raya Rumah Makan","4,4","(30)","","","Padang","·","Jl. Walikota Mustajab No.58","Tutup","· Buka Sen pukul 10.00","https://lh3.googleusercontent.com/gps-cs-s/APNQkAEJNjPCpMEDR0YZA8NEODjAOMgiI1uIDHvoSiUtnomq7RACMOO0Gbk-8baF1tPhFU9f_UaqNlvPAUz57JaANGJfxkmLPqkTBQNGIopX3BpXiaGCB2M6odkMiZ3rBHt-udgb8EyejQ=w163-h92-k-no","","Makan di tempat","Bawa pulang","Pesan antar","","","","",""
"https://www.google.com/maps/place/Famili+Rumah+Makan/data=!4m7!3m6!1s0x2dd7fa380b5579d5:0xc0ac0b51f40bf979!8m2!3d-7.2689089!4d112.7538209!16s%2Fg%2F1hc42p1lp!19sChIJ1XlVCzj61y0RefkL9FELrMA?authuser=0&hl=id&rclk=1","Famili Rumah Makan","","","","","Padang","·","Jl. Klampis Jaya No.134","Buka","· Tutup pukul 21.00","https://streetviewpixels-pa.googleapis.com/v1/thumbnail?panoid=qVUC1MWQA7hIymW47_-9vg&cb_client=search.gws-prod.gps&w=80&h=92&yaw=40.50652&pitch=0&thumbfov=100","","Makan di tempat","Bawa pulang","","","","","",""
"https://www.google.com/maps/place/Rumah+Makan+Padang+Sambalado/data=!4m7!3m6!1s0x2dd7fb9a02ba0bb1:0x4fb52cdcfb8cb2d1!8m2!3d-7.3303157!4d112.7686733!16s%2Fg%2F11swmxn04c!19sChIJsQu6Apr71y0R0bKM-9wstU8?authuser=0&hl=id&rclk=1","Rumah Makan Padang Sambalado","4,2","(208)","·","Rp 1–25.000","Padang","·","Jl. Raya Rungkut Kidul No.50","Buka","· Tutup pukul 22.00","https://lh3.googleusercontent.com/gps-cs-s/APNQkAGNHddn4SzvwJq873MLuzFJJn1j7dvZ6MleLuzqyk4KxcK7I0VUtSr9-C6082YhlCBrB4feadXON4Lky1yYTEnmOu81psyesrs8IhiHq1_Gvqb3CI9rm2O-JOabnXUAq8bYCI-a2w=w122-h92-k-no","https://ssl.gstatic.com/local/servicebusiness/default_user.png","""Rasa okr, harga standart
Rendangnya enak""","","","","","","",""
"https://www.google.com/maps/place/Rumah+Makan+RANTAU+Masakan+Padang/data=!4m7!3m6!1s0x2dd7f93d0621b151:0x9083517434647791!8m2!3d-7.2396147!4d112.7362282!16s%2Fg%2F11dynxxz3z!19sChIJUbEhBj351y0RkXdkNHRRg5A?authuser=0&hl=id&rclk=1","Rumah Makan RANTAU Masakan Padang","4,8","(172)","·","Rp 1–25.000","Padang","·","·","Tutup","· Buka Sen pukul 07.00","https://lh3.googleusercontent.com/gps-cs-s/APNQkAHnGtbFEtba-q74sAsamnTz0I02C0FZT1uzd7B9h4ZO-Z0yQXklFv61zOPCm-kRCCP3o5SaVYG6YK6LvJaCLPa37PHQSeKLwIuaF_RCPVVcf8FGBxZ3KqTQhVzwrswy6AEAzUNq=w122-h92-k-no","https://ssl.gstatic.com/local/servicebusiness/default_user.png","""Nasi","Padang","langganan...harga merakyat rasa bintang lima 😍""","","","","","QP6P+5F5, Jl. Sikatan"
"https://www.google.com/maps/place/Ampera+Padang+Raya/data=!4m7!3m6!1s0x2dd7fba0f503f1f7:0xa8436b70c6ca6397!8m2!3d-7.3004109!4d112.7302401!16s%2Fg%2F11b6d2nlcx!19sChIJ9_ED9aD71y0Rl2PKxnBrQ6g?authuser=0&hl=id&rclk=1","Ampera Padang Raya","4,3","(12)","","","Indonesia","·","Jl. Gunungsari Jl. Joyoboyo No.14","Buka","· Tutup pukul 21.30","https://lh3.googleusercontent.com/gps-cs-s/APNQkAGYfcvdBDqKjJhTWvj8iQ_XEyXvRpTOI3uRL9b-UDS3kEAOT7aGrZEr7x-vHm1R82xmScyh_fQaDuYSFvYol3tRaMG09zT2vRiwKLychpwRTVzbEnJuG7KKqjxibMhj0S6ft08MnA=w163-h92-k-no","https://ssl.gstatic.com/local/servicebusiness/default_user.png","""Lumayan, dekat terminal joyoboyo""","","","","","","",""
"https://www.google.com/maps/place/Toko+Bakmie+Saudagar+Dharmawangsa/data=!4m7!3m6!1s0x2dd7fb5f79bc1e45:0xc01b9a35b60deab2!8m2!3d-7.2716068!4d112.7562028!16s%2Fg%2F11txgyqk91!19sChIJRR68eV_71y0RsuoNtjWaG8A?authuser=0&hl=id&rclk=1","Toko Bakmie Saudagar Dharmawangsa","4,6","(1.807)","·","Rp 25–50 rb","Mi","·","·","","","https://lh3.googleusercontent.com/gps-cs-s/APNQkAGrXDjhBq_RkOICT8ezsUA32MdZef7FgrHjAK5JMdpzith4HmMh7MBEo-K3IDAo7GZb12pp6U0GsgE11pq6_iDzUPYU0oFMRKYfRDt6LAtxaN0CREugFkvCIymFHu5V2yZk2FOm=w163-h92-k-no","https://ssl.gstatic.com/local/servicebusiness/default_user.png","""menu makanan enak, worth it dengan harganya.""","","","","","","","Jl. Dharmawangsa No.70"
"https://www.google.com/maps/place/Rumah+Makan+Padang+Sakato+Bundo/data=!4m7!3m6!1s0x2dd7f8d97471f7db:0x9bd744c9ed211168!8m2!3d-7.223467!4d112.7304542!16s%2Fg%2F11f50srwf5!19sChIJ2_dxdNn41y0RaBEh7clE15s?authuser=0&hl=id&rclk=1","Rumah Makan Padang Sakato Bundo","4,6","(84)","·","Rp 1–25.000","Padang","·","·","Buka","· Tutup pukul 21.00","https://lh3.googleusercontent.com/gps-cs-s/APNQkAF-ubRtg56X1kU-ayCisUU2YAmRs3PlhpLa0LraujxTPVESeeee-yeKcqvTZ1QaAYplGA_qqN1RU1c7Wbdgu9_cuFUKt5bBTIZjIkT9SiYVyLihmWsQuvXpPWwFNGKjL_6fZ56sGA=w194-h92-k-no","https://ssl.gstatic.com/local/servicebusiness/default_user.png","""Makanannya enak
Murah harga nasi rendang/ayam/ikan
Cuma19k""","","","","","","","Jl. Tanjung Sadari No.12"
"https://www.google.com/maps/place/Masakan+Padang+Ampera+Labuhanraso/data=!4m7!3m6!1s0x2dd7fbdf6aaaaaa5:0xd13018556bbe4266!8m2!3d-7.2681345!4d112.7435288!16s%2Fg%2F11bwpd45z4!19sChIJpaqqat_71y0RZkK-a1UYMNE?authuser=0&hl=id&rclk=1","Masakan Padang Ampera Labuhanraso","3,0","(2)","","","Padang","·","Jalan Panglima Sudirman No 101-103 ,(Parkir Intiland B1) Genteng","Buka","· Tutup pukul 21.00","https://streetviewpixels-pa.googleapis.com/v1/thumbnail?panoid=TQaKgKO0DhOn5Ed-uxpgbA&cb_client=search.gws-prod.gps&w=80&h=92&yaw=224.81155&pitch=0&thumbfov=100","","Makan di tempat","Bawa pulang","","","","","",""
"https://www.google.com/maps/place/RM+DICKY+MULYA+MASAKAN+PADANG/data=!4m7!3m6!1s0x2dd7f9edd5c91ed9:0x7499c3c20098d070!8m2!3d-7.2518749!4d112.7924738!16s%2Fg%2F11f3qtbcdx!19sChIJ2R7J1e351y0RcNCYAMLDmXQ?authuser=0&hl=id&rclk=1","RM DICKY MULYA MASAKAN PADANG","4,2","(89)","·","Rp 1–25.000","Padang","·","·","Buka","· Tutup pukul 21.30","https://lh3.googleusercontent.com/gps-cs-s/APNQkAH8dj88UCvaSitAG1RXcGirUpWR52Wa7S1F0gyU0bCAydAM1GPDsOlcdzRLxJKOl1J7_xZNmnRsZZDiXBpiSpSMdzODWiWa5MrFE1DFyQe2Ho6K-VEexY33R_r33OhfP48I7NRCRQ=w92-h92-k-no","https://ssl.gstatic.com/local/servicebusiness/default_user.png","""Bumbunya terasa banget... mantap""","","","","","","","Jl. Kenjeran"
"https://www.google.com/maps/place/Masakan+Padang+Ampera+Goyang+Lidah/data=!4m7!3m6!1s0x2dd7fb3d054fba6f:0x372e8c5f3052945d!8m2!3d-7.328982!4d112.748692!16s%2Fg%2F11b6s3wy1w!19sChIJb7pPBT371y0RXZRSMF-MLjc?authuser=0&hl=id&rclk=1","Masakan Padang Ampera Goyang Lidah","4,7","(123)","·","Rp 1–25.000","Padang","·","·","Buka","· Tutup pukul 22.00","https://lh3.googleusercontent.com/gps-proxy/ALd4DhE8C46cgdgugO2WIG1NalOELz90lkSAc5vhT8APTwEWRW-lPC-1zajxEgqlRA-FU0pCQhEEyJep_vHKy9Bwd0LhNd86w-B34be7YrooUsVaVW-X7kRKj8Jfgw89lum2wbh9gur1kkE0Mjk8Nswt3AeEmeDBYFVKFwucfGmW7pwcb5ZbEko1AplDUq0NUm-_d_6p9ZQ=w122-h92-k-no","https://ssl.gstatic.com/local/servicebusiness/default_user.png","""Ke Bali, makannya tetep nasi","Padang","+ Rendang yg sudah pasti Halal.""","https://www.google.com/searchviewer/42?cvd=CLw_EicKJeICIjIgEhkiF9LX29IPEQoNL2cvMTFiNnMzd3kxdxgBOgMI8A0%3D&hl=id-ID&gl=id&fo_m=MfohQo559jFvMUOzJVpjPL1YMfZ3bInYwBDuMfaXTPp5KXh-&utm_source=tactile&gei=zDH3aciqOcWv4-EPwMSa4AY&ei=zDH3aciqOcWv4-EPwMSa4AY&fo_s=OA&opi=79508299&orderType=1&ebb=1&cs=0&foub=mcpp","Pesan online","","","Gg. Lebar Jalan Raya Kendangsari No.1"
"https://www.google.com/maps/place/Masakan+Padang+Tiara/data=!4m7!3m6!1s0x2dd7fb914876b89b:0x3580008e578b1ef7!8m2!3d-7.2938401!4d112.7324072!16s%2Fg%2F11f1mw1ttx!19sChIJm7h2SJH71y0R9x6LV44AgDU?authuser=0&hl=id&rclk=1","Masakan Padang Tiara","4,0","(46)","","","Padang","·","·","Buka","· Tutup pukul 22.00","https://lh3.googleusercontent.com/gps-cs-s/APNQkAHLTZvw8XgmjZxALeQXA96B80dm-4AEKcOKNuiv3qvGYTZhPAUMPU_zaCrNQXImsZplfasI-xvL6ETjF0B7EmxFxePOBtBQo91wmw29H9ciPtEv3pyF4Bhbw-XZqvoVXvP6erzN=w163-h92-k-no","","Makan di tempat","Bawa pulang","","","","","","Jl. Cipunegara No.34-A, RT.005/RW.006"
"https://www.google.com/maps/place/Seafood+Umma/data=!4m7!3m6!1s0x2dd7fbfdb9ed84bb:0xeb84b689a0a0340f!8m2!3d-7.2694074!4d112.7525605!16s%2Fg%2F11h0bhl65b!19sChIJu4Ttuf371y0RDzSgoIm2hOs?authuser=0&hl=id&rclk=1","Seafood Umma","5,0","(1)","","","Hidangan Laut","·","Jl. Gubeng Klingsingan II No.20","Buka","· Tutup pukul 22.00","https://lh3.googleusercontent.com/gps-cs-s/APNQkAEbh-berwx_DBW3J7gd9Erw2V5C8Fjo3jvUtDcW-AgtsAzxXHR9_mlbdHJ7nDi1i_6_kBh2v0BsNOBXItXLtB4axSgpMmI7nZGS4KkpoVA2HE77IwJF9qoYT0puDei-fJgrM1wKsQ=w92-h92-k-no","","Makan di tempat","Bawa pulang","Pesan antar","","","","",""
"https://www.google.com/maps/place/Ampera+Padang+Masakan+Sederhana/data=!4m7!3m6!1s0x2dd7fb1dccbb6fb7:0x2d822e7886045a10!8m2!3d-7.3204616!4d112.7599845!16s%2Fg%2F11b6bbyfj6!19sChIJt2-7zB371y0REFoEhngugi0?authuser=0&hl=id&rclk=1","Ampera Padang Masakan Sederhana","4,6","(1.531)","·","Rp 25–50 rb","Padang","·","·","Tutup","· Buka Sen pukul 09.30","https://lh3.googleusercontent.com/gps-cs-s/APNQkAGvdvpZFDwOK8iEGCa5mY1jw8b57887_DVtygQ2MrTAwtMvGDOH3zTMtwC9pZLA-JQk7szN9Sx4VyZhaDih_trh8fG6clCQUfRrcTFBrXcGLrdO9yZRR_fi4OePzBueUKe2ITkSzw=w137-h92-k-no","https://ssl.gstatic.com/local/servicebusiness/default_user.png","""Masakan padangnya enak tapi, tapi harga cukup tinggi""","","","","","","","Jl. Raya Tenggilis No.150 E"
"https://www.google.com/maps/place/Rumah+Makan+Padang+Murah/data=!4m7!3m6!1s0x2dd7fab9aa11455f:0xa58cafee4641c439!8m2!3d-7.3324413!4d112.7900024!16s%2Fg%2F11c1wpbpfm!19sChIJX0URqrn61y0ROcRBRu6vjKU?authuser=0&hl=id&rclk=1","Rumah Makan Padang Murah","4,4","(1.128)","·","Rp 1–25.000","Padang","·","·","Buka","· Tutup pukul 21.00","https://lh3.googleusercontent.com/gps-cs-s/APNQkAFf5dZ-KFm4m_oRmxAIjanDkkGAnEcvrxpCdycvmG4j7C3GR5xhrGB5NfibW7csKhUsPQIJJoNZUeCVcEt2aVVo01oUX26MvvNACKkeM-cugoxgB2R9qy-rYTOcUvXxr2KxNeSf=w80-h106-k-no","https://ssl.gstatic.com/local/servicebusiness/default_user.png","""Enak dan murah, memorable saat pertama kali ke","padang","murah di malang""","https://www.google.com/searchviewer/42?cvd=CLw_EicKJeICIjIgEhkiF9LX29IPEQoNL2cvMTFjMXdwYnBmbRgBOgMI8A0%3D&hl=id-ID&gl=id&fo_m=MfohQo559jFvMUOzJVpjPL1YMfZ3bInYwBDuMfaXTPp5KXh-&utm_source=tactile&gei=zDH3aciqOcWv4-EPwMSa4AY&ei=zDH3aciqOcWv4-EPwMSa4AY&fo_s=OA&opi=79508299&orderType=1&ebb=1&cs=0&foub=mcpp","Pesan online","","","Jl. Raya Medokan Sawah No.25"
"https://www.google.com/maps/place/RM.+Sambalado+Asli+Padang/data=!4m7!3m6!1s0x2dd7f8c14f68ce3b:0x233b6389a9c6d14f!8m2!3d-7.2111897!4d112.7337561!16s%2Fg%2F11cn927mk_!19sChIJO85oT8H41y0RT9HGqYljOyM?authuser=0&hl=id&rclk=1","RM. Sambalado Asli Padang","4,3","(50)","","","Padang","·","Jl. Perak Bar. No.283 C","Buka","· Tutup pukul 21.00","https://lh3.googleusercontent.com/gps-cs-s/APNQkAFJZnZg4zUdEOUnE98ELVyK6kUxDgZeYUOF9UOy5MFaEvoUxO2fQUIl1n3RdeqbFXoFtad4inJXk6CHfe0bazvB9r0S7aKWIY7XAohcl5nzIa8B-sRkoQxTi_gRn4gtLiFxSijPLg=w80-h133-k-no","https://ssl.gstatic.com/local/servicebusiness/default_user.png","""Banyak promo di gofood lanjutkan😀""","","","","","","",""
"https://www.google.com/maps/place/Masakan+Padang+Si+Kumbang+Jaya/data=!4m7!3m6!1s0x2dd7fb8b0d3268f3:0x213ad069bfc285ac!8m2!3d-7.2902472!4d112.7197847!16s%2Fg%2F11bc7mvqw3!19sChIJ82gyDYv71y0RrIXCv2nQOiE?authuser=0&hl=id&rclk=1","Masakan Padang Si Kumbang Jaya","4,0","(24)","·","Rp 1–25.000","Padang","·","Jalan Pakis Tirtosari Stan Nomer 12, Surabaya, Jl. Pakis Tirtosari Nomer No.19","Buka","· Tutup pukul 21.00","https://lh3.googleusercontent.com/gps-cs-s/APNQkAHwKcJO0cLmSHAYNwUdLqQgonkJhVXisupx3JNj0FoBy0JvN--77rkVvTPzRpj4aFs7y0irX62GzxLa0QwBkjFpGaRF5pqFoCzrox_c_kz9c-AQ2bcOyvb80nHP5yaENdYvbcDINQFboC1o=w163-h92-k-no","https://ssl.gstatic.com/local/servicebusiness/default_user.png","""enak banget.. bumbu rendangnya nendang asli","padang","""","https://www.google.com/searchviewer/42?cvd=CLw_EicKJeICIjIgEhkiF9LX29IPEQoNL2cvMTFiYzdtdnF3MxgBOgMI8A0%3D&hl=id-ID&gl=id&fo_m=MfohQo559jFvMUOzJVpjPL1YMfZ3bInYwBDuMfaXTPp5KXh-&utm_source=tactile&gei=zDH3aciqOcWv4-EPwMSa4AY&ei=zDH3aciqOcWv4-EPwMSa4AY&fo_s=OA&opi=79508299&orderType=1&ebb=1&cs=0&foub=mcpp","Pesan online","","",""
"https://www.google.com/maps/place/Sari+Ratu+Tunjungan+Plaza+3/data=!4m7!3m6!1s0x2dd7f96094bd034d:0x65f8c7aaf2a061a5!8m2!3d-7.2635414!4d112.7390553!16s%2Fg%2F1pzwxvjmp!19sChIJTQO9lGD51y0RpWGg8qrH-GU?authuser=0&hl=id&rclk=1","Sari Ratu Tunjungan Plaza 3","2,5","(117)","·","Rp 50–75 rb","Padang","·","Tunjungan Plaza 3 Foodcourt Lt. 5. 19, Jl. Basuki Rahmat No.8-12","Buka","· Tutup pukul 22.00","https://lh3.googleusercontent.com/gps-cs-s/APNQkAEgdhbIzI61745N89gOlX9J7_tCGuktLSfK-mkoqNZIsz6AJNsN9CLFB7ZVuHpNk-0P0-jSIj2iEqiRkgjdudzghwHggPWS0ZyNYisn5CRu-kAUv3dDewE6HxQtw0ExPUOf8eaV=w80-h142-k-no","https://ssl.gstatic.com/local/servicebusiness/default_user.png","""Nasi","padang","rasanya cenderung manis hanya sambel yang asin.""","","","","",""
"https://www.google.com/maps/place/SALERO+MINANG+RAYA+MASAKAN+PADANG/data=!4m7!3m6!1s0x2dd7f8e078ea064d:0xc0f3bca31ae1d020!8m2!3d-7.2247953!4d112.7391207!16s%2Fg%2F11cjp6whfj!19sChIJTQbqeOD41y0RINDhGqO888A?authuser=0&hl=id&rclk=1","SALERO MINANG RAYA MASAKAN PADANG","4,6","(244)","·","Rp 1–25.000","Padang","·","·","Buka","· Tutup pukul 20.00","https://lh3.googleusercontent.com/gps-cs-s/APNQkAFIEEoheRXF3hQ8KOEHeqbSpXbyKHd26qgNPpriywpNqGP4Nh8CsKQlfazwc2FFdUcwZ8Fw534u8mn5SBFcZM1NfGKzlM0GYFb-VvBFEzuLd_ZsN4oFBqr00_F6U4WryDqG22T0wA=w122-h92-k-no","https://ssl.gstatic.com/local/servicebusiness/default_user.png","""Makanan nya enak semua, harga standart nasi","padang","pada umumnya.""","https://www.google.com/searchviewer/42?cvd=CLw_EicKJeICIjIgEhkiF9LX29IPEQoNL2cvMTFjanA2d2hmahgBOgMI8A0%3D&hl=id-ID&gl=id&fo_m=MfohQo559jFvMUOzJVpjPL1YMfZ3bInYwBDuMfaXTPp5KXh-&utm_source=tactile&gei=zzH3aZZ00a_j4Q_Z6tHwAg&ei=zzH3aZZ00a_j4Q_Z6tHwAg&fo_s=OA&opi=79508299&orderType=1&ebb=1&cs=0&foub=mcpp","Pesan online","","","Jl. Benteng No.17"
"https://www.google.com/maps/place/Masakan+Padang+%E2%80%9CMinang+Sejati%E2%80%9D/data=!4m7!3m6!1s0x2dd7fb61458af881:0xf7e3692b3b89a6bc!8m2!3d-7.2957259!4d112.7407669!16s%2Fg%2F11h41pw4mq!19sChIJgfiKRWH71y0RvKaJOytp4_c?authuser=0&hl=id&rclk=1","Masakan Padang “Minang Sejati”","4,0","(51)","·","Rp 1–25.000","Padang","·","Jl. Darmokali No.23A","Buka","· Tutup pukul 22.00","https://lh3.googleusercontent.com/gps-cs-s/APNQkAEKgjmWVcsm9uaZOL2e8X_7IMdd1NPRATJVVeaS2NSSeKz3RcTl2dzJ9kA51548FXUb8psiFfM_ACGIVAijjKFjnmIQhFZFyNXJxF0PWnyG_tQMUWcwng0BkdHcouxyrqCLuHwb=w122-h92-k-no","https://ssl.gstatic.com/local/servicebusiness/default_user.png","""enak makanannya, harga juga terjangkau meskipun menu banyak yang kosong""","","","https://www.google.com/searchviewer/42?cvd=CLw_EicKJeICIjIgEhkiF9LX29IPEQoNL2cvMTFoNDFwdzRtcRgBOgMI8A0%3D&hl=id-ID&gl=id&fo_m=MfohQo559jFvMUOzJVpjPL1YMfZ3bInYwBDuMfaXTPp5KXh-&utm_source=tactile&gei=zzH3aZZ00a_j4Q_Z6tHwAg&ei=zzH3aZZ00a_j4Q_Z6tHwAg&fo_s=OA&opi=79508299&orderType=1&ebb=1&cs=0&foub=mcpp","Pesan online","","",""
"https://www.google.com/maps/place/Masakan+Padang+Pusako+Minang/data=!4m7!3m6!1s0x2dd7fbe6782d106d:0x28e2d7f24f16f965!8m2!3d-7.2756829!4d112.7332828!16s%2Fg%2F11f3hbvz_k!19sChIJbRAteOb71y0RZfkWT_LX4ig?authuser=0&hl=id&rclk=1","Masakan Padang Pusako Minang","4,5","(11)","","","Padang","·","Jl. Pandegiling No.153","Buka","· Tutup pukul 21.30","https://lh3.googleusercontent.com/gps-cs-s/APNQkAFSuKbpxdeWalfL7C0U4md8BrGcFbLg41ump6kf9d8Egxs15f92tbnP8_skt7RhZbQfe5evI8L7Hcv0hzxxWrzrsmHO9eQX8NpLYLoiXXBn_C_fuIrEGurNsRShrPY-rx-awO4_ww=w80-h106-k-no","https://ssl.gstatic.com/local/servicebusiness/default_user.png","""Masakan","padang","Favoritku di surabaya.""","","","","",""
"https://www.google.com/maps/place/Warung+Nasi+Padang+Lapau+%28Fadhilah%29/data=!4m7!3m6!1s0x2dd7f967941072a3:0x13cb48451a815879!8m2!3d-7.2585109!4d112.740218!16s%2Fg%2F11fz5z44pw!19sChIJo3IQlGf51y0ReViBGkVIyxM?authuser=0&hl=id&rclk=1","Warung Nasi Padang Lapau (Fadhilah)","4,3","(190)","·","$","Padang","·","·","Tutup","· Buka Sen pukul 12.00","https://lh3.googleusercontent.com/gps-cs-s/APNQkAFEpN4pBSclUa95mgR1mM8TCwjs4FVoNBmzi7OnutkSvHtvAr0-B5XSvNYIuUqMuw64mHpiRl9amXrtplz-nlY_AwOlo5CG8waKCSDfRjbma-0vYzFYWjujFsMVP8pwKG2tmPlyTg=w92-h92-k-no","https://ssl.gstatic.com/local/servicebusiness/default_user.png","""Jam 12an kuah & sayur belum ada, parkir mobil rebutan""","","","","","","","Jl. Genteng Durasim No.1"
"https://www.google.com/maps/place/Rumah+Makan+PALAPA/data=!4m7!3m6!1s0x2dd7fb0a2123fb7f:0x697b0330cdf266db!8m2!3d-7.28964!4d112.7823586!16s%2Fg%2F11gr37s4gn!19sChIJf_sjIQr71y0R22byzTADe2k?authuser=0&hl=id&rclk=1","Rumah Makan PALAPA","4,3","(113)","·","Rp 1–25.000","Padang","·","Arief Rahman Hakim No.47","Buka","· Tutup pukul 21.30","https://lh3.googleusercontent.com/gps-cs-s/APNQkAExgP-CKI9klXCaFXFTGXYSi2FlkHkQzgrXq5CnqP3NY-WvKE_iOuTXms-MRkKIwhooanqDbmE-n2XwZ9su8SH2ntL4NXi7Zl_9kqTGWncfaFBWGCnuAFmI62CN416ZDySQwXDqjA=w163-h92-k-no","https://ssl.gstatic.com/local/servicebusiness/default_user.png","""Rendangnya mantap, bumbunya ga nanggung""","","","","","","",""
"https://www.google.com/maps/place/Ampera+Goyang+Lidah+Masakan+Padang/data=!4m7!3m6!1s0x2dd7fb4eefcaf141:0x1b0d91894b1490!8m2!3d-7.3008732!4d112.7786776!16s%2Fg%2F11b6d59s1r!19sChIJQfHK70771y0RkBRLiZENGwA?authuser=0&hl=id&rclk=1","Ampera Goyang Lidah Masakan Padang","4,5","(25)","·","Rp 25–50 rb","Padang","·","Jl. Semolowaru No.148","Buka","· Tutup pukul 21.00","https://lh3.googleusercontent.com/gps-cs-s/APNQkAEtZJuLBuOmYo11DtIH2hxvqnfGgU_ASH9wrW1VpRho7XkYnPq3u60bdtb0J2yuIXz6XtBPsCUHLoYoqdvwr1RbieantfQuz1jTiuZBIH8RaGOCsJB20MaZY_-7Vk0RwkDWglgRlA=w92-h92-k-no","https://ssl.gstatic.com/local/servicebusiness/default_user.png","""Masakan","Padang","enak bgt cuma sayang tidak ada kamar kecil""","","","","",""
"https://www.google.com/maps/place/Masakan+Padang+Talago+Indah/data=!4m7!3m6!1s0x2dd7faeb1a4284b7:0x1a2ab3fe9a5a1d0c!8m2!3d-7.322155!4d112.784809!16s%2Fg%2F11dzt0mzk_!19sChIJt4RCGuv61y0RDB1amv6zKho?authuser=0&hl=id&rclk=1","Masakan Padang Talago Indah","4,3","(273)","·","Rp 1–25.000","Padang","·","·","Buka","· Tutup pukul 22.00","https://lh3.googleusercontent.com/gps-cs-s/APNQkAHBQywlTcTpGk1XanPYiwv7zNeG-8sxIBtLT7790d0VmClfBPBg_G8Us7Idw69nwzP7rPLlVOU6w4Mo9of58SXfbHQJzoSTSedx-9LMUqGldjewskaLsVPfGVXJBU8nGUOlNtjw=w122-h92-k-no","https://ssl.gstatic.com/local/servicebusiness/default_user.png","""Khas masakan","padang",", rasa enak harga terjangkau""","","","","","Jl. Raya Pandugo No.78"
"https://www.google.com/maps/place/Ampera+Palapa+Masakan+Padang/data=!4m7!3m6!1s0x2dd7fa53411dfdbf:0x8d53de32e517ced2!8m2!3d-7.3001129!4d112.7678647!16s%2Fg%2F11ckfm6c03!19sChIJv_0dQVP61y0R0s4X5TLeU40?authuser=0&hl=id&rclk=1","Ampera Palapa Masakan Padang","2,2","(147)","·","Rp 25–50 rb","Padang","·","Jl. Nginden Semolo No.56","Buka 24 jam","","https://lh3.googleusercontent.com/gps-cs-s/APNQkAHyR2rdv6rJMJO-OPmrM2NbsIf-GwZus3HHxBfTJyS03uAB-2p0ZYaUACsoiu2pBwpms_cRMzaRi5YERPJhTesZl7vszdkFAojUuwaBG2vB7OP8vBHG02_QNvHwsD70XS5YSB5W=w163-h92-k-no","https://ssl.gstatic.com/local/servicebusiness/default_user.png","""Biasa beli nasi","padang","dan atau sate","","","","",""
"https://www.google.com/maps/place/RM.+Harapan+Bundo+Masakan+Padang/data=!4m7!3m6!1s0x2dd7fd065c947585:0xe740c3163e568457!8m2!3d-7.319637!4d112.7059539!16s%2Fg%2F11f61v8hdz!19sChIJhXWUXAb91y0RV4RWPhbDQOc?authuser=0&hl=id&rclk=1","RM. Harapan Bundo Masakan Padang","4,6","(61)","·","Rp 1–25.000","Padang","·","·","Buka","· Tutup pukul 22.00","","https://ssl.gstatic.com/local/servicebusiness/default_user.png","""Ayam gorengnya empuk semakin mantap dengan bumbu rendangnya sangat nikmqt""","","","","","","","Jl. Kedurus Pasar No.31"
"https://www.google.com/maps/place/MASAKAN+PADANG+MINANG+BUAH+RANTAU/data=!4m7!3m6!1s0x2dd7f9af048e11b7:0x915207f78b4a032f!8m2!3d-7.2331896!4d112.7714147!16s%2Fg%2F11b69zzwb6!19sChIJtxGOBK_51y0RLwNKi_cHUpE?authuser=0&hl=id&rclk=1","MASAKAN PADANG MINANG BUAH RANTAU","4,5","(110)","·","Rp 1–25.000","Padang","·","·","Buka","· Tutup pukul 22.00","https://lh3.googleusercontent.com/gps-cs-s/APNQkAHYMQJPkdSUL1lYY4POIB0fpWZCYqjNGOstySHWtwTnIXZEyH844YTtg7jaBapApGRdKDHwwQ012PzCY1yLCBOttzR1JNt4T7Ln-pE1yt2_2jmWcQF20shtzFcL_80AvDyKnxPB=w163-h92-k-no","https://ssl.gstatic.com/local/servicebusiness/default_user.png","""Nasi","padang","lauk telor , minumnya Es teh dan 2 krupuk habis 20 ribu.""","","","","","Jl. Pogot No.106"
"https://www.google.com/maps/place/Masakan+Padang+Salero+Bundo/data=!4m7!3m6!1s0x2dd7fea82c2e9d75:0xe2848ead44c5b1b0!8m2!3d-7.2663941!4d112.7070022!16s%2Fg%2F11c6cgg2xb!19sChIJdZ0uLKj-1y0RsLHFRK2OhOI?authuser=0&hl=id&rclk=1","Masakan Padang Salero Bundo","4,3","(480)","·","Rp 1–25.000","Padang","·","·","Buka","· Tutup pukul 23.00","https://lh3.googleusercontent.com/gps-cs-s/APNQkAEJGgRHtGw9Crbx99ZKCswIl2KWvfIfjZJp0Hcu5th-lFixjMcANrTQH8UGy0Ka7wPFgiFrDGDvgRm-vyklRuSQrByMofpA5UYgN1S_2p0kmK-S-0-7Fvfiqf_CntF4_mkiHB_2=w92-h92-k-no","https://ssl.gstatic.com/local/servicebusiness/default_user.png","""Tipe nasi","padang","yg bumbunya medok, gurih asin manisnya pas.""","https://www.google.com/searchviewer/42?cvd=CLw_EicKJeICIjIgEhkiF9LX29IPEQoNL2cvMTFjNmNnZzJ4YhgBOgMI8A0%3D&hl=id-ID&gl=id&fo_m=MfohQo559jFvMUOzJVpjPL1YMfZ3bInYwBDuMfaXTPp5KXh-&utm_source=tactile&gei=zzH3aZZ00a_j4Q_Z6tHwAg&ei=zzH3aZZ00a_j4Q_Z6tHwAg&fo_s=OA&opi=79508299&orderType=1&ebb=1&cs=0&foub=mcpp","Pesan online","","","Jl. Simo Pomahan I No.20A"
"https://www.google.com/maps/place/Nasi+Padang+Balai+Kota/data=!4m7!3m6!1s0x2dd7f97918c2de3b:0x19cb6916c5610da8!8m2!3d-7.2583697!4d112.7485682!16s%2Fg%2F11tt42t6yp!19sChIJO97CGHn51y0RqA1hxRZpyxk?authuser=0&hl=id&rclk=1","Nasi Padang Balai Kota","4,7","(3)","","","Padang","·","·","","","https://streetviewpixels-pa.googleapis.com/v1/thumbnail?panoid=Mp0aExwAMJnqDT4VnOE0Og&cb_client=search.gws-prod.gps&w=80&h=92&yaw=187.52647&pitch=0&thumbfov=100","","Makan di tempat","Bawa pulang","","","","","","Jl. Jimerto No.12"
"https://www.google.com/maps/place/Ampera+Minang+Raya+Pariaman/data=!4m7!3m6!1s0x2dd7fa59659fae57:0x2cb7912ea2887fbf!8m2!3d-7.3005192!4d112.7758219!16s%2Fg%2F1hm27wsvl!19sChIJV66fZVn61y0Rv3-Ioi6Rtyw?authuser=0&hl=id&rclk=1","Ampera Minang Raya Pariaman","4,2","(37)","·","Rp 1–25.000","Padang","·","·","Buka","· Tutup pukul 22.00","https://lh3.googleusercontent.com/gps-cs-s/APNQkAF133pwQsSJN_LAihRT11P8HFbc5JITm8xWHiqiML6BXwVEd2DRS7O4SL06NHwyGaumgS-6EJIeTmcicu2lRYDK1MyDmDrYVB5Q3vxB7oudVboRYpz0lz7H3bbHaKhZs4VnJk6i=w163-h92-k-no","https://ssl.gstatic.com/local/servicebusiness/default_user.png","""Tadi nyoba beli nasi","padang","+ lauk perkedel harganya 16ribu.""","","","","","Jl. Semolo Waru Selatan II No.86C"
"https://www.google.com/maps/place/Ampera+Pondok+Mas/data=!4m7!3m6!1s0x2dd7fc7fa17ea3f5:0xfd3c8148060d55d0!8m2!3d-7.3063307!4d112.714658!16s%2Fg%2F11cl_4pzf_!19sChIJ9aN-oX_81y0R0FUNBkiBPP0?authuser=0&hl=id&rclk=1","Ampera Pondok Mas","4,7","(138)","·","Rp 25–50 rb","Padang","·","Jl. Golf 1 Surabaya No.54","Tutup","· Buka Sen pukul 12.00","https://lh3.googleusercontent.com/gps-cs-s/APNQkAE2eSQFq3Vd9_qV9qQ2Kr1lYlVyJ-zGjmdbd3ppIjbuumRc48MWKSWMwQof5do6xCi3OzwSd0pdIAu-wj7EA_gxMp7F3e-Xr0ZZ1CRDn5xwQevlRA15bdmp6bGEyjst7D48TuHz5w=w163-h92-k-no","https://ssl.gstatic.com/local/servicebusiness/default_user.png","""Menu masakan","padang",",,, harga enak,, harga 1 nasi lauk dan minum 25rb""","","","","",""
"https://www.google.com/maps/place/Masakan+Padang+Cinto+Bundo/data=!4m7!3m6!1s0x2dd7fbc72f05b577:0x38574a64fa6fcfe!8m2!3d-7.2848273!4d112.745601!16s%2Fg%2F11hd9rgwld!19sChIJd7UFL8f71y0R_vymT6Z0hQM?authuser=0&hl=id&rclk=1","Masakan Padang Cinto Bundo","4,0","(1)","","","Padang","·","Foodcourt Soeroboyo, Jl. Dinoyo No.92","Buka","· Tutup pukul 21.30","","","Makan di tempat","Bawa pulang","","","","","",""
"https://www.google.com/maps/place/Sago+Minang+Masakan+Padang/data=!4m7!3m6!1s0x2dd7fbd91dd967f9:0x469285330cd38594!8m2!3d-7.2690597!4d112.7478117!16s%2Fg%2F1pzv74lhd!19sChIJ-WfZHdn71y0RlIXTDDOFkkY?authuser=0&hl=id&rclk=1","Sago Minang Masakan Padang","","","","","Padang","·","PPJX+94F, Jl. Kayoon","Buka","· Tutup pukul 21.00","https://lh3.googleusercontent.com/gps-proxy/ALd4DhFZ-RHhFhfLYOWNoBxUpmV1D3gpl7Y3juMhv5zL5kid18S-fiL99O-CsDuowQIRPBv5s9r2tchQG1W4KTAtjnB19R2b-x8o2US4_xgQEUD5Du0gICbsu1XxcQLBJ3DWfRNXjLm_xeyTQLpiwAQ4fZsTlGE8wkjwf0rsZaxI9QhSuo_nO0gHA1rzEgkC932K4EBMq6k=w122-h92-k-no","","Makan di tempat","Bawa pulang","","","","","",""
"https://www.google.com/maps/place/Masakan+Padang+Gadih+Minang/data=!4m7!3m6!1s0x2dd7fbdce37d04bb:0xfcc5a0191fcea5b7!8m2!3d-7.2746742!4d112.7434349!16s%2Fg%2F11cjdq42fk!19sChIJuwR949z71y0Rt6XOHxmgxfw?authuser=0&hl=id&rclk=1","Masakan Padang Gadih Minang","4,0","(1)","","","Padang","·","NO Jl. Urip Sumoharjo No.37","Buka","· Tutup pukul 21.00","https://streetviewpixels-pa.googleapis.com/v1/thumbnail?panoid=vdWrcZVGYhNrGCbEjtyDFg&cb_client=search.gws-prod.gps&w=80&h=92&yaw=83.465546&pitch=0&thumbfov=100","","Makan di tempat","Bawa pulang","","","","","",""
"https://www.google.com/maps/place/Tasty+Resto+%26+Caf%C3%A9/data=!4m7!3m6!1s0x2dd7fbd48dd5b393:0xe01c11f9268581cc!8m2!3d-7.2700625!4d112.760472!16s%2Fg%2F11b76mgtjj!19sChIJk7PVjdT71y0RzIGFJvkRHOA?authuser=0&hl=id&rclk=1","Tasty Resto & Café","4,2","(316)","·","Rp 25–50 rb","Hidangan Laut","·","Jl. Karang Menjangan No.34","Tutup","· Buka Sen pukul 08.00","https://lh3.googleusercontent.com/gps-cs-s/APNQkAH2yyauPW11ncbjJdp28auBu2F7vwUFffbZecFUemeXntJiipVwlLjrfNkCKOmRHXLlrOuSn_09PXFahKWTq_D3AQGNzg_kcGX8VaNH-ayVGCJZkf11ADf1lC9QDhPDEafNLEw=w122-h92-k-no","https://ssl.gstatic.com/local/servicebusiness/default_user.png","""Harga makanan mulai Rp 20.000.""","","","","","","",""
"https://www.google.com/maps/place/Masakan+Padang+Cahaya+Minang/data=!4m7!3m6!1s0x2dd7fa6e1a93d835:0xdd671bcbf9fc7b16!8m2!3d-7.2896891!4d112.7979947!16s%2Fg%2F1hm417qw7!19sChIJNdiTGm761y0RFnv8-csbZ90?authuser=0&hl=id&rclk=1","Masakan Padang Cahaya Minang","4,4","(59)","·","Rp 1–25.000","Padang","·","·","Buka","· Tutup pukul 21.00","https://lh3.googleusercontent.com/gps-cs-s/APNQkAH6S4n77wIU9HNxGo5Rh2nsjVVfWk9-jRPbocFfyc3c-PewvPzkCQ5RnF1fC7XtwcgXWGtzDXkMcvKaHRKhPn9J-5LP_NTAGqtTiRjE8vkH5nfFqWHfuQN-yzIRoNImYJPe1lf85XKsRNKU=w103-h92-k-no","https://ssl.gstatic.com/local/servicebusiness/default_user.png","""Murah untuk ukuran nasi","padang",", langganan sejak 2021""","https://www.google.com/searchviewer/42?cvd=CLw_EiYKJOICITIfEhgiFtLX29IPEAoML2cvMWhtNDE3cXc3GAE6AwjwDQ%3D%3D&hl=id-ID&gl=id&fo_m=MfohQo559jFvMUOzJVpjPL1YMfZ3bInYwBDuMfaXTPp5KXh-&utm_source=tactile&gei=zzH3aZZ00a_j4Q_Z6tHwAg&ei=zzH3aZZ00a_j4Q_Z6tHwAg&fo_s=OA&opi=79508299&orderType=1&ebb=1&cs=0&foub=mcpp","Pesan online","","","Arief Rahman Hakim No.35"
"","","","","","","","","","","","","","","","","","","","",""