"hfpxzc href","qBF1Pd","MW4etd","UY7F9","W4Efsd","W4Efsd 2","W4Efsd 3","W4Efsd 4","W4Efsd 5","UsdlK","lcr4fd href","Cw1rxd","R8c4Qb","Cw1rxd 2","R8c4Qb 2","Jn12ke src","ah5Ghc","W4Efsd 6"
"","","","","","","","","","","","","","","","","",""
"","","","","","","","","","","","","","","","","",""
"https://www.google.com/maps/place/Apotek+SBS+Farma+Kebon+Jeruk+-+24+JAM/data=!4m7!3m6!1s0x2e69f7f574e8735d:0x9c95d462cce5c077!8m2!3d-6.1982596!4d106.7764187!16s%2Fg%2F11sskcx3ny!19sChIJXXPodPX3aS4Rd8DlzGLUlZw?authuser=0&hl=id&rclk=1","Apotek SBS Farma Kebon Jeruk - 24 JAM","3,8","(221)","Apotek","·","Jl. Raya Kb. Jeruk No.7A, RT.8/RW.2","Buka 24 jam","·","0813-6684-1435","http://pt-hak.com/home","","Situs Web","","Rute","https://ssl.gstatic.com/local/servicebusiness/default_user.png","""",""
"https://www.google.com/maps/place/Apotik+Matra/data=!4m7!3m6!1s0x2e69f6c351f6783f:0x952c674b64a9a99b!8m2!3d-6.2027492!4d106.782872!16s%2Fg%2F1pxq7m9pv!19sChIJP3j2UcP2aS4Rm6mpZEtnLJU?authuser=0&hl=id&rclk=1","Apotik Matra","2,2","(17)","Apotek","·","Jl. Rw. Belong No.15 8, RT.8/RW.15","Segera tutup","· 00.00 · Buka Min pukul 08.00","(021) 5494694","","","Rute","","","","","·"
"https://www.google.com/maps/place/Apotik+Medika+Graha+Utama/data=!4m7!3m6!1s0x2e69f6e7def67665:0x95826dbc9f4cefdc!8m2!3d-6.1967744!4d106.7821436!16s%2Fg%2F11f5bxf0pk!19sChIJZXb23uf2aS4R3O9Mn7xtgpU?authuser=0&hl=id&rclk=1","Apotik Medika Graha Utama","3,7","(3)","Apotek","·","Ruko, RT.3/RW.13","","","","","","Rute","","","","Pesan antar",""
"https://www.google.com/maps/place/APOTEK+Setia+Medika/data=!4m7!3m6!1s0x2e69f6c4ac269205:0x40d1e539cd6415e6!8m2!3d-6.2037331!4d106.7827929!16s%2Fg%2F11tn5bg18b!19sChIJBZImrMT2aS4R5hVkzTnl0UA?authuser=0&hl=id&rclk=1","APOTEK Setia Medika","4,0","(20)","Apotek","·","Jl. Rw. Belong No.39 1, RT.1/RW.6","Segera tutup","· 23.55 · Buka Min pukul 07.00","","","","Rute","","","https://ssl.gstatic.com/local/servicebusiness/default_user.png","""Pelayanan top, beli obat harga murah juga.""",""
"https://www.google.com/maps/place/Apotek+Kimia+Farma+Kemanggisan+Raya/data=!4m7!3m6!1s0x2e69f68d1adc455b:0x284cf59be36d72c0!8m2!3d-6.1951619!4d106.7822199!16s%2Fg%2F1thbn62j!19sChIJW0XcGo32aS4RwHJt45v1TCg?authuser=0&hl=id&rclk=1","Apotek Kimia Farma Kemanggisan Raya","4,0","(172)","Apotek","·","Jl. Kemanggisan Raya No.26c, RT.4/RW.13","Tutup","·","0812-1968-9796","http://kimiafarmaapotek.co.id/","","Situs Web","","Rute","https://ssl.gstatic.com/local/servicebusiness/default_user.png","""Pelayanan nya bagus..apotekernya ramah2..obatnya juga lengkap.""","· Buka Min pukul 08.00"
"https://www.google.com/maps/place/APOTEK+ALPRO+Puri+Parkview/data=!4m7!3m6!1s0x2e69f75fd1ebfef9:0x58056dbe0688089c!8m2!3d-6.1937758!4d106.757369!16s%2Fg%2F11x6zzyylj!19sChIJ-f7r0V_3aS4RnAiIBr5tBVg?authuser=0&hl=id&rclk=1","APOTEK ALPRO Puri Parkview","5,0","(165)","Apotek","·","Tower Aaa, Apartemen Puri Park View, Jalan Pesanggrahan Raya. 88 Kios 1. 12","Tutup","· Buka Min pukul 08.00","0877-8573-7530","","","Rute","","","https://ssl.gstatic.com/local/servicebusiness/default_user.png","""","·"
"https://www.google.com/maps/place/Apotek+K-24+Pesanggrahan+Jakarta+Barat/data=!4m7!3m6!1s0x2e69f7171ab52899:0x4fe2d2625bfd87b0!8m2!3d-6.1937907!4d106.7558889!16s%2Fg%2F1tdqx4jz!19sChIJmSi1Ghf3aS4RsIf9W2LS4k8?authuser=0&hl=id&rclk=1","Apotek K-24 Pesanggrahan Jakarta Barat","4,0","(164)","Apotek","·","·","Buka 24 jam","Jl. Pesanggrahan No.35D, RT.9/RW.5","0813-1745-3895","https://www.apotek-k24.com/location/detail/132/K-24-PESANGGRAHAN","","Situs Web","","Rute","https://ssl.gstatic.com/local/servicebusiness/default_user.png","""... lengkap banget, harganya jg ga mahal sekelas",""
"https://www.google.com/maps/place/Apotek+K-24+Rawabelong+Jakarta+Barat/data=!4m7!3m6!1s0x2e69f78af1419e09:0xaf340ca205f54c09!8m2!3d-6.2065611!4d106.7834542!16s%2Fg%2F11vkkdln1w!19sChIJCZ5B8Yr3aS4RCUz1BaIMNK8?authuser=0&hl=id&rclk=1","Apotek K-24 Rawabelong Jakarta Barat","4,2","(117)","Apotek","·","Jl. Palmerah Barat No.39b, RT.2/RW.3","Buka 24 jam","","0811-9681-616","","","Rute","","","https://ssl.gstatic.com/local/servicebusiness/default_user.png","""Tempatnya bersih, pelayanannya ramah, dan obat obatnya lengkap""","·"
"https://www.google.com/maps/place/Apotik+Bahagia/data=!4m7!3m6!1s0x2e69f6e01cad462d:0xd8418cdb3fbf1b11!8m2!3d-6.1981451!4d106.7710217!16s%2Fg%2F1tdnhk4h!19sChIJLUatHOD2aS4RERu_P9uMQdg?authuser=0&hl=id&rclk=1","Apotik Bahagia","4,4","(45)","Apotek","·","Jl. Raya Kb. Jeruk No.61 1, RT.1/RW.2","Tutup","·","(021) 5482427","http://www.hotfrog.co.id/Products/apotik","","Situs Web","","Rute","https://ssl.gstatic.com/local/servicebusiness/default_user.png","""Tinggal tukang parkirnya tolong dong kalau bisa diurus.""","· Buka Min pukul 08.00"
"https://www.google.com/maps/place/APOTEK+ALPRO+EXPRESS+Salam+Raya+1/data=!4m7!3m6!1s0x2e69f70c0c12185f:0x118a7380768ecd39!8m2!3d-6.203585!4d106.7777007!16s%2Fg%2F11xd2qm8p6!19sChIJXxgSDAz3aS4ROc2OdoBzihE?authuser=0&hl=id&rclk=1","APOTEK ALPRO EXPRESS Salam Raya 1","5,0","(133)","Apotek","·","Jalan Salam Raya 1 No. 12, Rt008/006. Kel. Sukabumi Utara","Tutup","·","0877-8573-7536","https://apotekalpro.id/","","Situs Web","","Rute","https://ssl.gstatic.com/local/servicebusiness/default_user.png","""Cukup banyak obat umum, dan bisa diarahkan obat yg cocok""","· Buka Min pukul 08.00"
"https://www.google.com/maps/place/Apotek+Zenith+Healthcare/data=!4m7!3m6!1s0x2e69f7634f2887a3:0xdbf8912ff83c821c!8m2!3d-6.1919998!4d106.7818299!16s%2Fg%2F11h228w4xn!19sChIJo4coT2P3aS4RHII8-C-R-Ns?authuser=0&hl=id&rclk=1","Apotek Zenith Healthcare","2,6","(15)","Apotek","·","Graha Eka Sarana Binus, Jl. Budi Raya No.9, RT.7/RW.9","Tutup","· Buka Sen pukul 09.00","(021) 5311213","","","Rute","","","","","·"
"https://www.google.com/maps/place/Apotek+Inofarma+Duri+Kepa/data=!4m7!3m6!1s0x2e69f78c3f94b293:0xca9fc30e082952ff!8m2!3d-6.1850565!4d106.7696107!16s%2Fg%2F11yvh4bbf5!19sChIJk7KUP4z3aS4R_1IpCA7Dn8o?authuser=0&hl=id&rclk=1","Apotek Inofarma Duri Kepa","5,0","(16)","Apotek","·","Jl. Duri Raya No.5, RT.6/RW.1","Tutup","·","0812-1401-8964","https://inofarma.com/","","Situs Web","","Rute","https://ssl.gstatic.com/local/servicebusiness/default_user.png","""pelayanannya bagus , harga terjangkau , tempatnya bersih""","· Buka Min pukul 07.00"
"https://www.google.com/maps/place/APOTEK+ALPRO+EXPRESS+Assurur/data=!4m7!3m6!1s0x2e69f7994a343f6d:0x42dcc994b78bf48a!8m2!3d-6.2021687!4d106.7667989!16s%2Fg%2F11xfs3nck2!19sChIJbT80Spn3aS4RivSLt5TJ3EI?authuser=0&hl=id&rclk=1","APOTEK ALPRO EXPRESS Assurur","4,9","(124)","Apotek","·","Jl. Masjid As Surur Kecamatan No.19, RT.15/RW.1","Tutup","·","0877-8573-7541","https://apotekalpro.id/","","Situs Web","","Rute","https://ssl.gstatic.com/local/servicebusiness/default_user.png","""pelayanan mantap, tempat bersih dan segar... recomemded""","· Buka Min pukul 08.00"
"https://www.google.com/maps/place/Apotek+Arjuna+Utara/data=!4m7!3m6!1s0x2e69f6fb6b0b77ff:0x4e971809ff37aab4!8m2!3d-6.1866026!4d106.7778716!16s%2Fg%2F11hbjlmfg0!19sChIJ_3cLa_v2aS4RtKo3_wkYl04?authuser=0&hl=id&rclk=1","Apotek Arjuna Utara","5,0","(5)","Apotek","·","1, RT.1/RW.2","Segera buka","· 00.00","","","","Rute","","","https://ssl.gstatic.com/local/servicebusiness/default_user.png","""Tempatnya strategis
Pas di apartemen taman kbn Jeruk""",""
"https://www.google.com/maps/place/Apotek+K-24+Kemanggisan+Utama+Raya+Jakarta/data=!4m7!3m6!1s0x2e69f70067aff0cb:0x414ed6d751ca5749!8m2!3d-6.1896099!4d106.7907956!16s%2Fg%2F11ldknvsbm!19sChIJy_CvZwD3aS4RSVfKUdfWTkE?authuser=0&hl=id&rclk=1","Apotek K-24 Kemanggisan Utama Raya Jakarta","4,7","(156)","Apotek","·","Jl. Kemanggisan Utama Raya No.37","Buka 24 jam","·","0811-9056-624","https://www.apotek-k24.com/location","","Situs Web","","Rute","https://ssl.gstatic.com/local/servicebusiness/default_user.png","""",""
"https://www.google.com/maps/place/Generik+Assurur/data=!4m7!3m6!1s0x2e69f731d3dfea51:0x3d190fe2cbaec636!8m2!3d-6.2021664!4d106.7668218!16s%2Fg%2F11q9dyvqfj!19sChIJUerf0zH3aS4RNsauy-IPGT0?authuser=0&hl=id&rclk=1","Generik Assurur","3,9","(19)","Apotek","","","","","","","","Rute","","","https://ssl.gstatic.com/local/servicebusiness/default_user.png","""Obatnya sangat lengkap, pelayanan mbak nya sangat ramah dan baik.""",""
"https://www.google.com/maps/place/Apotek+Musdalifah/data=!4m7!3m6!1s0x2e69f7002b3d6a3d:0x4976d333385116e9!8m2!3d-6.1980251!4d106.7702616!16s%2Fg%2F11w_rhm878!19sChIJPWo9KwD3aS4R6RZRODPTdkk?authuser=0&hl=id&rclk=1","Apotek Musdalifah","","","Apotek","·","Jl. Raya Kb. Jeruk No.53, RT.1/RW.1","","","","","","Rute","","","","",""
"https://www.google.com/maps/place/Apotek+K-24+Puri+Kembangan+Jakarta+Barat/data=!4m7!3m6!1s0x2e69f7eb666f1ff7:0x477f2c8e9775aac2!8m2!3d-6.1841908!4d106.7535418!16s%2Fg%2F11q8gbrhw9!19sChIJ9x9vZuv3aS4Rwqp1l44sf0c?authuser=0&hl=id&rclk=1","Apotek K-24 Puri Kembangan Jakarta Barat","4,5","(117)","Apotek","·","deket halte, sebelah bakmi aloi, Jl. Puri Kembangan No.8B","Buka 24 jam","·","0811-1935-675","https://www.apotek-k24.com/location/detail/808/K-24-PURI-KEMBANGAN","","Situs Web","","Rute","https://ssl.gstatic.com/local/servicebusiness/default_user.png","""pelayanan sangat ramah dan baik
di anjurkan dengan baiik
recommended 😊🙏🙏🙏""",""
"https://www.google.com/maps/place/Apotik+Sari+Husada/data=!4m7!3m6!1s0x2e69f718d6f9d6bf:0xb9a292a322faf540!8m2!3d-6.19636!4d106.764194!16s%2Fg%2F1q5bl09hv!19sChIJv9b51hj3aS4RQPX6IqOSork?authuser=0&hl=id&rclk=1","Apotik Sari Husada","2,6","(53)","Apotek","·","Jl. Perjuangan No.20A 2, RT.2/RW.10","Tutup","· Buka Sen pukul 09.00","(021) 5492832","","","Rute","","","https://ssl.gstatic.com/local/servicebusiness/default_user.png","""Apotik berdiri sudah lama dan berpengalaman dalam pelayanan obat""","·"
"https://www.google.com/maps/place/Apotek+Handaya+Mulia/data=!4m7!3m6!1s0x2e69f7004679a46d:0xb26930af16873cb9!8m2!3d-6.1909299!4d106.7590173!16s%2Fg%2F11x1lv_tv_!19sChIJbaR5RgD3aS4RuTyHFq8wabI?authuser=0&hl=id&rclk=1","Apotek Handaya Mulia","5,0","(3)","Apotek","·","Jl. Perjuangan No.11, RT.1/RW.7","Tutup","· Buka Sen pukul 08.00","","","","Rute","","","https://ssl.gstatic.com/local/servicebusiness/default_user.png","""Tempatnya stategis, pelayanannya ramah.parkirnya luas""",""
"https://www.google.com/maps/place/Apotek+Karunia+Medika/data=!4m7!3m6!1s0x2e69f7c62d8884b1:0x10fe5893eaf62ef8!8m2!3d-6.1976513!4d106.7655413!16s%2Fg%2F11q963sph1!19sChIJsYSILcb3aS4R-C726pNY_hA?authuser=0&hl=id&rclk=1","Apotek Karunia Medika","4,6","(68)","Apotek","·","Jl. Lapangan Bola No.3D","Tutup","·","0812-9278-7878","http://karuniamedikacenter.com/","","Situs Web","","Rute","https://ssl.gstatic.com/local/servicebusiness/default_user.png","""Bagus banget ...pelayanannya baik dokter dan susternya juga ...""","· Buka Sen pukul 08.00"
"https://www.google.com/maps/place/Apotek+Golden+Sehat+Duri+Raya/data=!4m7!3m6!1s0x2e69f7f93362a07b:0xa935eced399b7990!8m2!3d-6.1847895!4d106.7695544!16s%2Fg%2F11lh4qcq7m!19sChIJe6BiM_n3aS4RkHmbOe3sNak?authuser=0&hl=id&rclk=1","Apotek Golden Sehat Duri Raya","3,8","(35)","Apotek","·","Duri Raya No. 87 RT/RW 002/007, RT.1/RW.7","Tutup","· Buka Min pukul 12.00","(021) 21251925","","","Rute","","","https://ssl.gstatic.com/local/servicebusiness/default_user.png","""Pelayanan nya ramah, bisa kasih solusi obat jika kita sebutkan sakit nya""","·"
"https://www.google.com/maps/place/Apotek+Clover+Medika/data=!4m7!3m6!1s0x2e69f7940317c8eb:0xc75bd39d74d6b710!8m2!3d-6.2040026!4d106.7828225!16s%2Fg%2F11ksp_n75j!19sChIJ68gXA5T3aS4RELfWdJ3TW8c?authuser=0&hl=id&rclk=1","Apotek Clover Medika","4,4","(21)","Apotek","·","Jl. Raya Kb. Jeruk No.37, RT.1/RW.6","Tutup","·","0878-8436-5944","https://wwwapotekmedika.com/","","Situs Web","","Rute","https://ssl.gstatic.com/local/servicebusiness/default_user.png","""Pelayanan bagus, menerangkan secara detail dan ramah banget.""","· Buka Min pukul 08.00"
"https://www.google.com/maps/place/Apotek+Berkah+Syifa/data=!4m7!3m6!1s0x2e69f745e5e63a5b:0x822602c93e7a1784!8m2!3d-6.2036733!4d106.7763256!16s%2Fg%2F11fnqxfn3k!19sChIJWzrm5UX3aS4RhBd6PskCJoI?authuser=0&hl=id&rclk=1","Apotek Berkah Syifa","4,5","(117)","Apotek","·","4, Jl. Harun Raya No.17, RT.4/RW.7","Tutup","· Buka Min pukul 06.00","0851-5515-6808","","","Rute","","","https://ssl.gstatic.com/local/servicebusiness/default_user.png","""Tepat nya bagus, obat nya lengkap, pelayanan bagus""","·"
"https://www.google.com/maps/place/Apotek+Novaxa/data=!4m7!3m6!1s0x2e69f73d6104ce13:0xb6400682ddfad87f!8m2!3d-6.1861532!4d106.7575435!16s%2Fg%2F11xtnzr0x3!19sChIJE84EYT33aS4Rf9j63YIGQLY?authuser=0&hl=id&rclk=1","Apotek Novaxa","4,2","(15)","Apotek","·","Metropark Residence Tower, Jl. Pilar Mas Utama Raya No.Kav. 28 7 Milan UG-20","Tutup","· Buka Min pukul 10.00","0877-0026-2526","","","Rute","","","https://ssl.gstatic.com/local/servicebusiness/default_user.png","""Good service, harganya jga bersahabat""","·"
"https://www.google.com/maps/place/Apotik+Mediswan/data=!4m7!3m6!1s0x2e69f6e00da150ab:0xdf1bdccec0f89909!8m2!3d-6.1973413!4d106.7732901!16s%2Fg%2F1hd_bgw22!19sChIJq1ChDeD2aS4RCZn4wM7cG98?authuser=0&hl=id&rclk=1","Apotik Mediswan","3,4","(16)","Apotek","·","·","Tutup","Jl. Raya Kb. Jeruk No.11A, RT.4/RW.3","0851-2131-6238","https://www.honestdocs.id/apotik/apotik-mediswan-jakarta-barat/details","","Situs Web","","Rute","https://ssl.gstatic.com/local/servicebusiness/default_user.png","""Pelayanan ramah, dan baik dalam memberikan saran obat 👍""","· Buka Sen pukul 13.30"
"https://www.google.com/maps/place/Apotek+As+Salam/data=!4m7!3m6!1s0x2e69f7f24f369931:0xf3dbaa28aa406da9!8m2!3d-6.203532!4d106.7770091!16s%2Fg%2F11qp2xbrm1!19sChIJMZk2T_L3aS4RqW1Aqiiq2_M?authuser=0&hl=id&rclk=1","Apotek As Salam","4,5","(16)","Apotek","·","Jl. Harun Raya No.31 9, RT.9/RW.7","Tutup","· Buka Min pukul 08.00","0813-8300-9749","","","Rute","","","","","·"
"https://www.google.com/maps/place/Apotek+Roxy/data=!4m7!3m6!1s0x2e69f65836fca319:0x3dc47257287891bd!8m2!3d-6.175649!4d106.783692!16s%2Fg%2F1tf92f8m!19sChIJGaP8Nlj2aS4RvZF4KFdyxD0?authuser=0&hl=id&rclk=1","Apotek Roxy","4,1","(537)","Apotek","·","·","Buka 24 jam","Jl. Tanjung Duren Raya No.77","0811-1002-0224","http://apotekroxy.com/","","Situs Web","","Rute","https://ssl.gstatic.com/local/servicebusiness/default_user.png","""Obat lengkap, banyak solusi.",""
"https://www.google.com/maps/place/Apotek+Century+Apartemen+Puri+Park+View/data=!4m7!3m6!1s0x2e69f710e295e0a1:0xd5b9859729fee94f!8m2!3d-6.1938047!4d106.7573631!16s%2Fg%2F11f15b14lb!19sChIJoeCV4hD3aS4RT-n-KZeFudU?authuser=0&hl=id&rclk=1","Apotek Century Apartemen Puri Park View","4,4","(16)","Apotek","·","Jl. Pesanggrahan I No.12, RT.10/RW.7","Tutup","· Buka Min pukul 08.00","0813-1562-4006","","","Rute","","","https://ssl.gstatic.com/local/servicebusiness/default_user.png","""Staff nya ramah dan bersih tempat nya""","·"
"https://www.google.com/maps/place/Klinik+dan+Apotek+Sahabat+Keluarga/data=!4m7!3m6!1s0x2e69f7e9633e389d:0x528ff2a8ec1717bd!8m2!3d-6.2021769!4d106.7677658!16s%2Fg%2F11sq4phlxd!19sChIJnTg-Y-n3aS4RvRcX7Kjyj1I?authuser=0&hl=id&rclk=1","Klinik dan Apotek Sahabat Keluarga","","","Apotek","·","Jl. E No.19A, RT.2/RW.1","Tutup","· Buka Sen pukul 08.00","0878-6449-2451","","","Rute","","","","","·"
"https://www.google.com/maps/place/Apotek+generik+salam+raya+1/data=!4m7!3m6!1s0x2e69f6dbf5c9af0d:0x6d20999da2b4208f!8m2!3d-6.2036097!4d106.7777094!16s%2Fg%2F11bw3dry39!19sChIJDa_J9dv2aS4RjyC0op2ZIG0?authuser=0&hl=id&rclk=1","Apotek generik salam raya 1","4,1","(31)","Apotek","·","Jalan Salam raya 1 no.12 Rt.08 Rw.06 Kel.sukabumi utara, RT.8/RW.6","Tutup","· Buka Min pukul 08.00","(021) 53666403","","","Rute","","","https://ssl.gstatic.com/local/servicebusiness/default_user.png","""Apoteknya bersih dan nyaman, pelayanannya juga oke banget ramaah""","·"
"https://www.google.com/maps/place/Apotek+K-24+Tanjung+Duren/data=!4m7!3m6!1s0x2e69f700606173a1:0x12b812c4c08045e4!8m2!3d-6.1771056!4d106.783761!16s%2Fg%2F11y44p6g4f!19sChIJoXNhYAD3aS4R5EWAwMQSuBI?authuser=0&hl=id&rclk=1","Apotek K-24 Tanjung Duren","4,8","(110)","Apotek","·","Jl. Tanjung Duren Raya No.103, RT.6/RW.5","Buka 24 jam","·","0852-1544-7977","https://www.apotek-k24.com/location/detail/129/K-24-TANJUNG-DUREN---","","Situs Web","","Rute","https://ssl.gstatic.com/local/servicebusiness/default_user.png","""Obat2an juga sangat lengkap dengan harga yg cukup affordable.""",""
"https://www.google.com/maps/place/Apotek+Farmaku+Tanjung+Duren/data=!4m7!3m6!1s0x2e69f77d3ab8d639:0xce793ea059f1f295!8m2!3d-6.1742293!4d106.7886429!16s%2Fg%2F11vkttxmdq!19sChIJOda4On33aS4RlfLxWaA-ec4?authuser=0&hl=id&rclk=1","Apotek Farmaku Tanjung Duren","4,8","(150)","Apotek","·","Shop House Apartemen Mediterania Garden Residences I Tower Catelya, Unit C/GCF","Buka 24 jam","·","0812-1600-1600","https://www.farmaku.com/","","Situs Web","","Rute","https://ssl.gstatic.com/local/servicebusiness/default_user.png","""Cuma",""
"https://www.google.com/maps/place/Apotek+Lautan+Berkat/data=!4m7!3m6!1s0x2e69f6594ee6c973:0x7a4949a88f617b21!8m2!3d-6.1838688!4d106.7835719!16s%2Fg%2F1tfdv1dd!19sChIJc8nmTln2aS4RIXthj6hJSXo?authuser=0&hl=id&rclk=1","Apotek Lautan Berkat","4,3","(150)","Apotek","·","·","Tutup","Jl. Tanjung Duren Raya No.25, RT.4/RW.2","(021) 5644478","http://www.apoteklautanberkat.id/","","Situs Web","","Rute","https://ssl.gstatic.com/local/servicebusiness/default_user.png","""Pelayanan bagus, harga terngkau divanding apotek2 lainnya.""","· Buka Sen pukul 07.00"
"https://www.google.com/maps/place/Apotek+winston/data=!4m7!3m6!1s0x2e69f717554e8657:0x865f8712aa49da28!8m2!3d-6.1937794!4d106.7552972!16s%2Fg%2F11rcnwr12h!19sChIJV4ZOVRf3aS4RKNpJqhKHX4Y?authuser=0&hl=id&rclk=1","Apotek winston","","","Apotek","·","Jl. Pesanggrahan No.7 11, RT.11/RW.3","","","","","","Rute","","","","Pesan antar",""
"https://www.google.com/maps/place/Apotek+Global/data=!4m7!3m6!1s0x2e69f7112dbab365:0x4d08558e2ee2f12e!8m2!3d-6.1937794!4d106.7552972!16s%2Fg%2F11h0vtk572!19sChIJZbO6LRH3aS4RLvHiLo5VCE0?authuser=0&hl=id&rclk=1","Apotek Global","4,4","(7)","Apotek","·","Jl. Pesanggrahan No.7 11, RT.11/RW.3","","","","","","Rute","","","","Pesan antar",""
"https://www.google.com/maps/place/APOTEK+FAZZA+FARMA/data=!4m7!3m6!1s0x2e69f6da29ca6f85:0x62166864860eec45!8m2!3d-6.2065269!4d106.776633!16s%2Fg%2F11kk6xndg0!19sChIJhW_KKdr2aS4RRewOhmRoFmI?authuser=0&hl=id&rclk=1","APOTEK FAZZA FARMA","4,7","(12)","Apotek","·","Jl. Isa No.17 8, RT.8/RW.3","","","","https://shopee.co.id/aptfazzafarma","","Situs Web","","Rute","https://ssl.gstatic.com/local/servicebusiness/default_user.png","""Harga obatnya  Murah meriah, pelayanan nya bagus, edukasi ke pasien bagus""",""
"https://www.google.com/maps/place/Apotek+PASFARMA+Palmerah/data=!4m7!3m6!1s0x2e69f7ea4369d8c3:0x4f8207292dac19a3!8m2!3d-6.190088!4d106.7923069!16s%2Fg%2F11vx5bs3vp!19sChIJw9hpQ-r3aS4RoxmsLSkHgk8?authuser=0&hl=id&rclk=1","Apotek PASFARMA Palmerah","4,7","(43)","Toko Kesehatan dan Kecantikan","·","Jalan Kemanggisan Utama Raya 90, RT 11/RW 6/Desa/Kelurahan Kemanggisan. Kec. Pal Merah, Kota Adm","Tutup","·","0818-151-528","https://www.pasfarma.com/konsultasi/palmerah","","Situs Web","","Rute","https://ssl.gstatic.com/local/servicebusiness/default_user.png","""Pelayanan ramah harganya murah ,ruangan bersih dan wangi
Top pokonya""","· Buka Min pukul 14.00"
"https://www.google.com/maps/place/APOTEK+ALPRO+Puri+Indah/data=!4m7!3m6!1s0x2e69f7f00ab7b12b:0xfd52183d8c366303!8m2!3d-6.185589!4d106.7525299!16s%2Fg%2F11wth07nrw!19sChIJK7G3CvD3aS4RA2M2jD0YUv0?authuser=0&hl=id&rclk=1","APOTEK ALPRO Puri Indah","5,0","(211)","Apotek","·","Toko Avila Pasar Puri Indah Jl. Puri Indah Raya Blok I. 18 Samping Alfamart Pasar Puri, RT.1/RW.6","Tutup","·","0877-8739-3703","https://www.apotekalpro.id/","","Situs Web","","Rute","https://ssl.gstatic.com/local/servicebusiness/default_user.png","""Tempatnya nyaman, produknya lengkap dengan harga bersahabat""","· Buka Min pukul 08.00"
"https://www.google.com/maps/place/Apotek+Madinah+Farma/data=!4m7!3m6!1s0x2e69f6c525895539:0x4031123027e6e34d!8m2!3d-6.2062528!4d106.783075!16s%2Fg%2F1hm3n43qg!19sChIJOVWJJcX2aS4RTePmJzASMUA?authuser=0&hl=id&rclk=1","Apotek Madinah Farma","4,3","(63)","Apotek","·","Jl. Rw. Belong No.3, RT.2/RW.3","Tutup","·","0815-6512-494","https://www.honestdocs.id/apotik/apotik-madinah-farma-jakarta-barat/details","","Situs Web","","Rute","https://ssl.gstatic.com/local/servicebusiness/default_user.png","""","· Buka Min pukul 08.00"
"https://www.google.com/maps/place/Apotek+Kimia+Farma/data=!4m7!3m6!1s0x2e69f69777ef0537:0x4026a080a43f51bc!8m2!3d-6.1995915!4d106.8011765!16s%2Fg%2F1tdr5m49!19sChIJNwXvd5f2aS4RvFE_pICgJkA?authuser=0&hl=id&rclk=1","Apotek Kimia Farma","4,1","(201)","Apotek","·","Jl. K.S. Tubun No.83, RT.4/RW.5","Buka 24 jam","·","0896-9988-5497","http://kimiafarmaapotek.co.id/","","Situs Web","","Rute","https://ssl.gstatic.com/local/servicebusiness/default_user.png","""Pegawainya ramah dan sangat membantu, terimakasih",""
"https://www.google.com/maps/place/Apotik+Taman+Kedoya/data=!4m7!3m6!1s0x2e69f7083c6b0399:0xf94830ebc4cdb8bc!8m2!3d-6.1796906!4d106.7571034!16s%2Fg%2F11bvt2ygkn!19sChIJmQNrPAj3aS4RvLjNxOswSPk?authuser=0&hl=id&rclk=1","Apotik Taman Kedoya","4,4","(13)","Apotek","·","RQC4+4RH, Jl. Puri Kembangan, RT.10/RW.5","","","","","","Rute","","","","Pesan antar",""
"https://www.google.com/maps/place/Apotik/data=!4m7!3m6!1s0x2e69f6ea97627727:0xe94b79d0a64db893!8m2!3d-6.197244!4d106.7925203!16s%2Fg%2F1ptz03__f!19sChIJJ3dil-r2aS4Rk7hNptB5S-k?authuser=0&hl=id&rclk=1","Apotik","4,0","(2)","Apotek","·","Rumah Sakit Patria IKKT, Jl. Cendrawasih 2 No.5 No. 1, RT.5/RW.2","Buka 24 jam","","(021) 5308981","","","Rute","","","","","·"
"https://www.google.com/maps/place/Apotek+An-Nuur/data=!4m7!3m6!1s0x2e69f6e99cdc92a9:0xd9b4c2c460961299!8m2!3d-6.1956833!4d106.7875917!16s%2Fg%2F1pzth2fpm!19sChIJqZLcnOn2aS4RmRKWYMTCtNk?authuser=0&hl=id&rclk=1","Apotek An-Nuur","3,5","(32)","Apotek","·","Jl. Kemanggisan Ilir III No.17G 8, RT.8/RW.1","Tutup","· Buka Min pukul 08.00","(021) 5305056","","","Rute","","","https://ssl.gstatic.com/local/servicebusiness/default_user.png","""Lengkap obatnya, mbaknya ramah""","·"
"https://www.google.com/maps/place/APOTEK+ESA+FARMA+TANJUNG+DUREN/data=!4m7!3m6!1s0x2e69f7800d172173:0x191b1e9a0c72868!8m2!3d-6.1822419!4d106.7817533!16s%2Fg%2F11w4glr4h3!19sChIJcyEXDYD3aS4RaCjHoOmxkQE?authuser=0&hl=id&rclk=1","APOTEK ESA FARMA TANJUNG DUREN","5,0","(3)","Apotek","·","Jl. Tanjung Duren Barat 6 No.28C, RT.11/RW.7","Tutup","· Buka Sen pukul 09.00","0852-1324-3107","","","Rute","","","https://ssl.gstatic.com/local/servicebusiness/default_user.png","""Obat harga murah, pelayanan ramah""","·"
"https://www.google.com/maps/place/Apotek+Bhakti+Mulya/data=!4m7!3m6!1s0x2e69f6bdd07f44a3:0xa551f3cdcdbaa06a!8m2!3d-6.1995362!4d106.8007115!16s%2Fg%2F1ptvr8926!19sChIJo0R_0L32aS4RaqC6zc3zUaU?authuser=0&hl=id&rclk=1","Apotek Bhakti Mulya","4,2","(9)","Apotek","·","Rumah Sakit Bhakti Mulya, Jl. K.S. Tubun No.79 9, RT.9/RW.5","Buka 24 jam","","(021) 5481625","","","Rute","","","https://ssl.gstatic.com/local/servicebusiness/default_user.png","""Apakah","·"
"https://www.google.com/maps/place/Apotek+Nesa+Farma/data=!4m7!3m6!1s0x2e69f7df849cd967:0xec02bfb2b049bce7!8m2!3d-6.1943347!4d106.7915713!16s%2Fg%2F11w98f9t_y!19sChIJZ9mchN_3aS4R57xJsLK_Auw?authuser=0&hl=id&rclk=1","Apotek Nesa Farma","4,4","(14)","Apotek","·","Jl. Anggrek Rosliana VII No.7, RT.2/RW.1","Tutup","· Buka Min pukul 08.00","0822-4979-4433","","","Rute","","","https://ssl.gstatic.com/local/servicebusiness/default_user.png","""pelayanannya bagus , tempatnya bersih dan apotekernya ramah""","·"
"https://www.google.com/maps/place/Apotik+Cahaya+Dewi/data=!4m7!3m6!1s0x2e69f70c1dfdddc9:0x54b484a1eb5776e7!8m2!3d-6.1853811!4d106.7539294!16s%2Fg%2F1ptv_zy2z!19sChIJyd39HQz3aS4R53ZX66GEtFQ?authuser=0&hl=id&rclk=1","Apotik Cahaya Dewi","3,6","(16)","Apotek","·","Pasar Puri Indah Blok KJ No.25, RT.1/RW.8","Tutup","· Buka Min pukul 06.15","(021) 58354582","","","Rute","","","https://ssl.gstatic.com/local/servicebusiness/default_user.png","""Untuk pelayanannya oke lah mantaaappp.""","·"
"https://www.google.com/maps/place/Apotek+Manjur+Puri/data=!4m7!3m6!1s0x2e69f70e97d06c67:0x665ac946ba31ee9f!8m2!3d-6.1853084!4d106.7539396!16s%2Fg%2F11cmzzm20c!19sChIJZ2zQlw73aS4Rn-4xukbJWmY?authuser=0&hl=id&rclk=1","Apotek Manjur Puri","4,0","(110)","Apotek","·","Jl. Puri Indah Raya, RT.1/RW.6","Tutup","· Buka Min pukul 07.00","(021) 5809597","","","Rute","","","https://ssl.gstatic.com/local/servicebusiness/default_user.png","""Harga murah, pelayanan cepat, bisa diantar ke rumah.""","·"
"https://www.google.com/maps/place/APOTEK+BERKAT+TANJUNG+DUREN/data=!4m7!3m6!1s0x2e69f7a11c67b689:0xe8f2f0157d69cc9b!8m2!3d-6.1749652!4d106.7838023!16s%2Fg%2F11tst_7_3m!19sChIJibZnHKH3aS4Rm8xpfRXw8ug?authuser=0&hl=id&rclk=1","APOTEK BERKAT TANJUNG DUREN","4,0","(108)","Apotek","·","Jl. Tanjung Duren Raya No.69 E","Tutup","· Buka Min pukul 08.00","(021) 21196620","","","Rute","","","https://ssl.gstatic.com/local/servicebusiness/default_user.png","""Apoteknya bagus, dan harganya bisa dijangkau kantong.""","·"
"https://www.google.com/maps/place/APOTEK+ALPRO+EXPRESS+Anggrek+Garuda/data=!4m7!3m6!1s0x2e69f7802a867f53:0xc67b57b1d960b505!8m2!3d-6.1955336!4d106.795114!16s%2Fg%2F11wr04g2bd!19sChIJU3-GKoD3aS4RBbVg2bFXe8Y?authuser=0&hl=id&rclk=1","APOTEK ALPRO EXPRESS Anggrek Garuda","5,0","(205)","Apotek","·","Jl. Anggrek Garuda No.21 blok H, RT.9/RW.3","Tutup","·","0877-8573-7539","https://www.apotekalpro.id/","","Situs Web","","Rute","https://ssl.gstatic.com/local/servicebusiness/default_user.png","""","· Buka Min pukul 08.00"
"https://www.google.com/maps/place/Apotik+Indo+Sehat/data=!4m7!3m6!1s0x2e69f692e6d9fd39:0x4ab1a1411cb6f2af!8m2!3d-6.1898667!4d106.7959243!16s%2Fg%2F11b6dp9g6n!19sChIJOf3Z5pL2aS4Rr_K2HEGhsUo?authuser=0&hl=id&rclk=1","Apotik Indo Sehat","2,0","(1)","Apotek","·","Pasar Slipi Lt. Dasar Blok BKS No. 95, JL. Anggrek Garuda, Kemanggisan, Palmerah, RT.4/RW.2","","","(021) 5492405","","","Rute","","","","",""
"https://www.google.com/maps/place/Apotek+Raffa+Farma/data=!4m7!3m6!1s0x2e69f7a0a56434dd:0xb08711c7e868f437!8m2!3d-6.2051982!4d106.7898258!16s%2Fg%2F11q2wwq51_!19sChIJ3TRkpaD3aS4RN_Ro6McRh7A?authuser=0&hl=id&rclk=1","Apotek Raffa Farma","4,4","(16)","Apotek","·","Kemanggisan Pulo 2 Rt 004 Rw 09 No. 4A, RT.4/RW.9","Tutup","· Buka Min pukul 07.00","0811-8624-446","","","Rute","","","https://ssl.gstatic.com/local/servicebusiness/default_user.png","""obat²an disini lengkap,","·"
"https://www.google.com/maps/place/Apotek+Palmerah+Sehat/data=!4m7!3m6!1s0x2e69f70001700c4b:0xeb417db8d3923cbf!8m2!3d-6.2051213!4d106.7880852!16s%2Fg%2F11xw9vttrc!19sChIJSwxwAQD3aS4RvzyS07h9Qes?authuser=0&hl=id&rclk=1","Apotek Palmerah Sehat","4,8","(20)","Apotek","·","Jl. Palmerah Barat II No.30 1, RT.10/RW.9","Tutup","· Buka Min pukul 09.00","0818-0209-8544","","","Rute","","","https://ssl.gstatic.com/local/servicebusiness/default_user.png","""Makasih yah pelayanan nya terbaik.. obat nya lengkap rekomendasi banget""","·"
"https://www.google.com/maps/place/Apotek+Bugar/data=!4m7!3m6!1s0x2e69f712609d6187:0x3cd86bb850dec1a9!8m2!3d-6.1902726!4d106.7502609!16s%2Fg%2F1q62msrzg!19sChIJh2GdYBL3aS4RqcHeULhr2Dw?authuser=0&hl=id&rclk=1","Apotek Bugar","4,7","(37)","Apotek","·","Rukan Grand Puri Niaga, Jl. Puri Kencana No.6-A Blok L, RT.11/RW.7","Tutup","·","(021) 5825613","http://www.apotekbugar.com/","","Situs Web","","Rute","https://ssl.gstatic.com/local/servicebusiness/default_user.png","""pelayanan memuaskan, dan ramah terhadap pelanggan baru 🙏""","· Buka Sen pukul 08.00"
"https://www.google.com/maps/place/APOTEK+ALPRO+Tanjung+Duren/data=!4m7!3m6!1s0x2e69f754766067b5:0xcda05ac60bf1b6da!8m2!3d-6.1754338!4d106.7836968!16s%2Fg%2F11xd3p2vdz!19sChIJtWdgdlT3aS4R2rbxC8ZaoM0?authuser=0&hl=id&rclk=1","APOTEK ALPRO Tanjung Duren","5,0","(160)","Apotek","·","Jl. Tanjung Duren Raya Selatan No.73 6, RT.6/RW.5","Tutup","·","0877-8573-7531","https://apotekalpro.id/","","Situs Web","","Rute","https://ssl.gstatic.com/local/servicebusiness/default_user.png","""Obatnya lengkap apoteknya bersih staffnya informatif""","· Buka Min pukul 08.00"
"https://www.google.com/maps/place/Apotek+Isma+Farma/data=!4m7!3m6!1s0x2e69f708205c8aa7:0x2b0ed2bbdab0293b!8m2!3d-6.1785586!4d106.7571011!16s%2Fg%2F11ghs7bbbk!19sChIJp4pcIAj3aS4ROymw2rvSDis?authuser=0&hl=id&rclk=1","Apotek Isma Farma","4,4","(8)","Apotek","·","Jl. Adhi Karya No.9, RT.9/RW.2","","","","","","Rute","","","https://ssl.gstatic.com/local/servicebusiness/default_user.png","""Alhamdulillah pelayanan ramah dan edukatif""",""
"https://www.google.com/maps/place/Apotik+Puri+Indah/data=!4m7!3m6!1s0x2e69f70c1e686133:0x81115d1185b634ba!8m2!3d-6.1854515!4d106.7530336!16s%2Fg%2F1ptx__813!19sChIJM2FoHgz3aS4RujS2hRFdEYE?authuser=0&hl=id&rclk=1","Apotik Puri Indah","3,3","(20)","Apotek","·","Ruko Pasar Puri Indah Blok I-09, Jl. Puri Indah Raya, Kembangan, RT.1/RW.6","Tutup","· Buka Sen pukul 08.00","(021) 5802587","","","Rute","","","https://ssl.gstatic.com/local/servicebusiness/default_user.png","""Apotik yang lengkap dan terjamin mutunya""","·"
"https://www.google.com/maps/place/Apotek+Metta,+Jakarta+Barat/data=!4m7!3m6!1s0x2e69f7f834e14d69:0xdf52e563824e8aba!8m2!3d-6.1781089!4d106.7845103!16s%2Fg%2F11sjrmdfqh!19sChIJaU3hNPj3aS4RuopOgmPlUt8?authuser=0&hl=id&rclk=1","Apotek Metta, Jakarta Barat","","","Apotek","·","Pasar Kopro Lt. Dasar Los BKS.213","Tutup","· Buka Min pukul 08.00","0813-8883-9336","","","Rute","","","","Belanja di toko","·"
"https://www.google.com/maps/place/Apotik+berkat+farma/data=!4m7!3m6!1s0x2e69f79d8f98ac6b:0xb430eb8c098828f9!8m2!3d-6.1902242!4d106.7959363!16s%2Fg%2F11hdrrbrfq!19sChIJa6yYj533aS4R-SiICYzrMLQ?authuser=0&hl=id&rclk=1","Apotik berkat farma","5,0","(1)","Apotek","·","Ps. Slipi, Jl. Anggrek Garuda, RT.4/RW.2","","","","","","Rute","","","","",""
"https://www.google.com/maps/place/APOTEK+SHECAN/data=!4m7!3m6!1s0x2e69f7085d4f8407:0x1d8d9f3f98149bd1!8m2!3d-6.1805073!4d106.7572954!16s%2Fg%2F11lz98mh86!19sChIJB4RPXQj3aS4R0ZsUmD-fjR0?authuser=0&hl=id&rclk=1","APOTEK SHECAN","5,0","(2)","Apotek","·","Jl. Puri Kembangan No.27, RT.1/RW.3","Tutup","","","https://www.tiktok.com/@mmtalkes/video/7278901964727962886","","Situs Web","","Rute","https://ssl.gstatic.com/local/servicebusiness/default_user.png","""Bagus dan nyaman tempat nya""","· Buka Sen pukul 09.00"
"https://www.google.com/maps/place/APOTEK+ARTAH/data=!4m7!3m6!1s0x2e69f72b54e6763d:0x3bbbd309de3b9950!8m2!3d-6.1645371!4d106.7623391!16s%2Fg%2F11kd4hpfdf!19sChIJPXbmVCv3aS4RUJk73gnTuzs?authuser=0&hl=id&rclk=1","APOTEK ARTAH","1,0","(1)","Apotek","·","Ruko Green Garden, Jl. Panjang Arteri Klp. Dua Raya Blk. A14, RT.14/RW.8","Buka 24 jam","","(021) 5827272","","","Rute","","","","Pesan antar","·"
"https://www.google.com/maps/place/APOTEK+ALPRO+EXPRESS+Anggrek+Rosliana/data=!4m7!3m6!1s0x2e69f7d0403d2df7:0x5f6a788d7beef2c5!8m2!3d-6.1922711!4d106.7942305!16s%2Fg%2F11y89g7m_n!19sChIJ9y09QND3aS4RxfLue414al8?authuser=0&hl=id&rclk=1","APOTEK ALPRO EXPRESS Anggrek Rosliana","4,9","(430)","Apotek","·","Jln Anggrek Rosliana, Blk. F II No.09 Rt, RT.6/RW.5","Tutup","·","0877-8739-4172","https://www.apotekalpro.id/","","Situs Web","","Rute","https://ssl.gstatic.com/local/servicebusiness/default_user.png","""Obat-obatan dan vitamin lengkap, pelayanan oke, sangat membantu.""","· Buka Min pukul 08.00"
"https://www.google.com/maps/place/Apotek+Rejeki+Tomang/data=!4m7!3m6!1s0x2e69f7d697096765:0xcf83440752e95655!8m2!3d-6.1779279!4d106.7839939!16s%2Fg%2F11k1qdlvbx!19sChIJZWcJl9b3aS4RVVbpUgdEg88?authuser=0&hl=id&rclk=1","Apotek Rejeki Tomang","3,5","(8)","Apotek","·","Jl. Tanjung Duren Raya No.14, RT.14/RW.5","Tutup","","","https://shopee.co.id/klowirejekitomang","","Situs Web","","Rute","","Pesan antar","· Buka Sen pukul 07.00"
"https://www.google.com/maps/place/Apotek+Generik/data=!4m7!3m6!1s0x2e69f6ecac963dd9:0x67fab7890a05129e!8m2!3d-6.1923329!4d106.7941314!16s%2Fg%2F1z44s0p7w!19sChIJ2T2WrOz2aS4RnhIFCom3-mc?authuser=0&hl=id&rclk=1","Apotek Generik","4,5","(19)","Apotek","·","Jln Anggrek Rosliana Blok F.II No.09 Rt, RT.6/RW.5","Tutup","· Buka Min pukul 08.00","(021) 53665918","","","Rute","","","https://ssl.gstatic.com/local/servicebusiness/default_user.png","""Pelayanan memuaskan, ada tensi gratis, obatnya juga lengkap""","·"
"https://www.google.com/maps/place/Apotek+Paten/data=!4m7!3m6!1s0x2e69f70073bd257b:0x83930ad3f8643aa1!8m2!3d-6.208658!4d106.7786752!16s%2Fg%2F11vzrvfmd0!19sChIJeyW9cwD3aS4RoTpk-NMKk4M?authuser=0&hl=id&rclk=1","Apotek Paten","4,9","(8)","Apotek","·","Jl. Adam No.4-53, RT.6/RW.11","Tutup","· Buka Min pukul 06.00","0813-9843-4730","","","Rute","","","https://ssl.gstatic.com/local/servicebusiness/default_user.png","""Produknya lengkap
Harga ekonomis
Apoteknya bersih dan nyaman gaes""","·"
"https://www.google.com/maps/place/T.I.M.S/data=!4m7!3m6!1s0x2e69f692dd3b15b1:0x79c4f31163f5845f!8m2!3d-6.1899493!4d106.795749!16s%2Fg%2F11fn7_10jf!19sChIJsRU73ZL2aS4RX4T1YxHzxHk?authuser=0&hl=id&rclk=1","T.I.M.S","","","Apotek","·","Jl. Kemanggisan Utama Raya No.9, RT.4/RW.1","","","","","","Rute","","","","Pesan antar",""
"https://www.google.com/maps/place/Apotik+Taman+Kebon+Jeruk/data=!4m7!3m6!1s0x2e69f7156127b7d7:0xc48e9837c9530479!8m2!3d-6.1975401!4d106.748166!16s%2Fg%2F1tfhwdd_!19sChIJ17cnYRX3aS4ReQRTyTeYjsQ?authuser=0&hl=id&rclk=1","Apotik Taman Kebon Jeruk","3,8","(90)","Apotek","·","Ruko Taman Kebon Jeruk, Jl. Perumahan Intercon Kb. Jeruk, RT.5/RW.8","Tutup","· Buka Sen pukul 08.00","(021) 5490253","","","Rute","","","https://ssl.gstatic.com/local/servicebusiness/default_user.png","""Obatnya lengkap, staff nya ramah resep di permudah""","·"
"https://www.google.com/maps/place/Apotek+Medical+Plus/data=!4m7!3m6!1s0x2e69f72fdf8ad351:0x9281dbf724a632af!8m2!3d-6.2104835!4d106.7589938!16s%2Fg%2F1q5bm7v55!19sChIJUdOK3y_3aS4RrzKmJPfbgZI?authuser=0&hl=id&rclk=1","Apotek Medical Plus","4,9","(49)","Apotek","·","Jl. Srengseng Raya No.99 C 004/06, RT.4/RW.6","Tutup","· Buka Min pukul 08.00","0813-8000-7727","","","Rute","","","https://ssl.gstatic.com/local/servicebusiness/default_user.png","""","·"
"https://www.google.com/maps/place/Apotek+Kimia+Farma+Pos+Pengumben/data=!4m7!3m6!1s0x2e69f72a8f2ceb17:0xd74c8de628a2808c!8m2!3d-6.216876!4d106.76983!16s%2Fg%2F1tfx_mry!19sChIJF-ssjyr3aS4RjICiKOaNTNc?authuser=0&hl=id&rclk=1","Apotek Kimia Farma Pos Pengumben","3,5","(740)","Apotek","·","·","Buka 24 jam","Blok I No, Jl. Raya Pos Pengumben Raya No.11","0821-2459-2715","http://kimiafarmaapotek.co.id/","","Situs Web","","Rute","https://ssl.gstatic.com/local/servicebusiness/default_user.png","""Pelayanannya baik, apoteknya juga lengkap obat-obatannya, terbaik""",""
"https://www.google.com/maps/place/Apotik+Surya+Makmur/data=!4m7!3m6!1s0x2e69f70955a6b567:0x9b25100a009852c9!8m2!3d-6.1836731!4d106.7527121!16s%2Fg%2F1th46j48!19sChIJZ7WmVQn3aS4RyVKYAAoQJZs?authuser=0&hl=id&rclk=1","Apotik Surya Makmur","4,0","(8)","Apotek","·","Jl. Puri Kembangan No.1 1128J, RT.1/RW.8","Tutup","· Buka Min pukul 17.00","(021) 5810991","","","Rute","","","https://ssl.gstatic.com/local/servicebusiness/default_user.png","""harga nya std lah.""","·"
"https://www.google.com/maps/place/Apotek+Pengumben+Farma/data=!4m7!3m6!1s0x2e69f75b5789c7df:0xfb3b6804f4ea5e33!8m2!3d-6.2167047!4d106.7705783!16s%2Fg%2F11kjyg8qps!19sChIJ38eJV1v3aS4RM17q9ARoO_s?authuser=0&hl=id&rclk=1","Apotek Pengumben Farma","4,6","(24)","Apotek","·","Jl. Raya Pos Pengumben Blok I - 7, RT.11/RW.6","Buka 24 jam","","0812-1022-7558","","","Rute","","","https://ssl.gstatic.com/local/servicebusiness/default_user.png","""Harganya pun lebih murah dibandingkan","·"
"https://www.google.com/maps/place/Apotek+Taruma+Sehat/data=!4m7!3m6!1s0x2e69f7d900a34185:0xef26d224acf2a5f1!8m2!3d-6.1765726!4d106.783483!16s%2Fg%2F11ft0rh5_m!19sChIJhUGjANn3aS4R8aXyrCTSJu8?authuser=0&hl=id&rclk=1","Apotek Taruma Sehat","5,0","(5)","Apotek","·","Jl. Tanjung Duren Raya No.90a 7, RT.7/RW.5","Tutup","· Buka Min pukul 10.00","","","","Rute","","","https://ssl.gstatic.com/local/servicebusiness/default_user.png","""kak, minta nomor telepon toko nya?""",""
"https://www.google.com/maps/place/APOTEK+ALPRO+Greenville/data=!4m7!3m6!1s0x2e69f7452cea94f7:0xbd3bde54e9b0f162!8m2!3d-6.1694805!4d106.7696824!16s%2Fg%2F11y86vf4vx!19sChIJ95TqLEX3aS4RYvGw6VTeO70?authuser=0&hl=id&rclk=1","APOTEK ALPRO Greenville","4,9","(184)","Apotek","·","RQJ9+5V4","Tutup","·","0877-8739-4189","https://www.apotekalpro.id/","","Situs Web","","Rute","https://ssl.gstatic.com/local/servicebusiness/default_user.png","""Apotekny pelayanannya bagus
Obat""ny lengkap dan terjamin asli""","· Buka Min pukul 08.00"
"https://www.google.com/maps/place/APOTEK+ALPRO+Kebun+Jeruk/data=!4m7!3m6!1s0x2e69f7ba8adb0fa7:0x2c1f4d47824ac153!8m2!3d-6.1979177!4d106.7456502!16s%2Fg%2F11wx8l2dkx!19sChIJpw_birr3aS4RU8FKgkdNHyw?authuser=0&hl=id&rclk=1","APOTEK ALPRO Kebun Jeruk","5,0","(101)","Apotek","·","RP2W+V6","Tutup","·","0877-8573-7533","https://www.apotekalpro.id/","","Situs Web","","Rute","https://ssl.gstatic.com/local/servicebusiness/default_user.png","""Pelayanan nya ramah dan semua obat² nya lengkap dan harga bersahabat.""","· Buka Min pukul 07.00"
"https://www.google.com/maps/place/Apotek+K24+Pos+Pengumben/data=!4m7!3m6!1s0x2e69f7923d293329:0xc07504d074690eb5!8m2!3d-6.2163441!4d106.7714476!16s%2Fg%2F11c48cyrmh!19sChIJKTMpPZL3aS4RtQ5pdNAEdcA?authuser=0&hl=id&rclk=1","Apotek K24 Pos Pengumben","4,3","(162)","Apotek","·","Jl. Raya Pos Pengumben No.35c, RT.1/RW.5","Buka 24 jam","·","0877-9050-7616","http://www.apotek-k24.com/","","Situs Web","","Rute","https://ssl.gstatic.com/local/servicebusiness/default_user.png","""Apoteknya bersih dan nyaman, pelayanannya juga baik,ramah, murah senyum.""",""
"https://www.google.com/maps/place/Apotek+Green+Garden/data=!4m7!3m6!1s0x2e69f7007d50f02d:0x303a6da437b18ba0!8m2!3d-6.1626539!4d106.762274!16s%2Fg%2F11x27mqmst!19sChIJLfBQfQD3aS4RoIuxN6RtOjA?authuser=0&hl=id&rclk=1","Apotek Green Garden","4,4","(16)","Apotek","·","Jl. Panjang Arteri Klp. Dua Raya No.11 Blok A7","Segera tutup","· 23.59 · Buka Sen pukul 11.00","","","","Rute","","","https://ssl.gstatic.com/local/servicebusiness/default_user.png","""Apotik yang lengkap, menjual segala jenis obat dan pelayanan juga cepat..""",""
"https://www.google.com/maps/place/Apotek+A.K.A+FARMA+Kedoya/data=!4m7!3m6!1s0x2e69f711d954e3f3:0x4e9dad04377004b7!8m2!3d-6.1789208!4d106.75721!16s%2Fg%2F11r3hml1ym!19sChIJ8-NU2RH3aS4RtwRwNwStnU4?authuser=0&hl=id&rclk=1","Apotek A.K.A FARMA Kedoya","4,2","(69)","Apotek","·","Jl. Kedoya Pesing No.159","Tutup","· Buka Min pukul 07.00","0812-3254-0030","","","Rute","","","https://ssl.gstatic.com/local/servicebusiness/default_user.png","""Obat lengkap.. service oke.. selalu langganan kalo beli obat""","·"
"https://www.google.com/maps/place/APOTEK+GENERIK+ANGGREK+GARUDA/data=!4m7!3m6!1s0x2e69f72d19e63821:0xc288cc2dd87c630d!8m2!3d-6.1955368!4d106.7950974!16s%2Fg%2F11nxv32315!19sChIJITjmGS33aS4RDWN82C3MiMI?authuser=0&hl=id&rclk=1","APOTEK GENERIK ANGGREK GARUDA","3,4","(5)","Apotek","·","Jl. Anggrek Garuda No.21 blok H, RT.9/RW.3","Tutup","· Buka Min pukul 08.00","(021) 53660873","","","Rute","","","https://ssl.gstatic.com/local/servicebusiness/default_user.png","""Sangat Luar biasa dengan pelayanan kesehatan disini""","·"
"https://www.google.com/maps/place/APOTEK+GARUDA/data=!4m7!3m6!1s0x2e69f6932002b0cb:0xfdb911a64590d775!8m2!3d-6.1903477!4d106.7958603!16s%2Fg%2F1hdzfvqpr!19sChIJy7ACIJP2aS4RddeQRaYRuf0?authuser=0&hl=id&rclk=1","APOTEK GARUDA","3,9","(10)","Apotek","·","Pasar Slipi Lantai Dasar Blok B No 51-52, RT.12/RW.1","Tutup","· Buka Min pukul 09.00","0812-1233-1564","","","Rute","","","","Pesan antar","·"
"https://www.google.com/maps/place/Apotek+Chair+Rizky/data=!4m7!3m6!1s0x2e69f7878c95564d:0x8b079f575b26fd24!8m2!3d-6.179094!4d106.7574232!16s%2Fg%2F11smylkx8_!19sChIJTVaVjIf3aS4RJP0mW1efB4s?authuser=0&hl=id&rclk=1","Apotek Chair Rizky","5,0","(3)","Apotek","·","Jl. Kedoya Pesing No.39, RT.1/RW.3","Tutup","· Buka Min pukul 08.00","0888-8678-471","","","Rute","","","","Belanja di toko","·"
"https://www.google.com/maps/place/Apotek+Nasa+Farma/data=!4m7!3m6!1s0x2e69f76de75f7927:0xc6fe5afd976e4860!8m2!3d-6.1718529!4d106.7828974!16s%2Fg%2F11rhwpvg9d!19sChIJJ3lf5233aS4RYEhul_1a_sY?authuser=0&hl=id&rclk=1","Apotek Nasa Farma","4,7","(24)","Apotek","·","Jl. Tj. Duren Utara 4 No.452, RT.4/RW.3","Tutup","· Buka Min pukul 09.00","0812-1266-1239","","","Rute","","","https://ssl.gstatic.com/local/servicebusiness/default_user.png","""","·"
"https://www.google.com/maps/place/Apotik+Sari+Murah/data=!4m7!3m6!1s0x2e69f6b78a4fe525:0xcefb41607082b2c8!8m2!3d-6.208111!4d106.795948!16s%2Fg%2F1pzrh8zcz!19sChIJJeVPirf2aS4RyLKCcGBB-84?authuser=0&hl=id&rclk=1","Apotik Sari Murah","4,4","(18)","Apotek","·","·","Tutup","· Buka Sen pukul 10.00","(021) 5301647","","","Rute","","","https://ssl.gstatic.com/local/servicebusiness/default_user.png","""service nya ramah, obatnya lengkap""","GF , Pasar Palmerah , JL. Palmerah Barat No. 01 , Palmerah, Jakarta Barat, 11480 Jakarta Barat, DKI Jakarta, RT.4/RW.2"
"https://www.google.com/maps/place/CENTURY/data=!4m7!3m6!1s0x2e69f75636b7eeed:0xa40c31ecc335abba!8m2!3d-6.1764722!4d106.78827!16s%2Fg%2F11gs5f6j__!19sChIJ7e63Nlb3aS4Ruqs1w-wxDKQ?authuser=0&hl=id&rclk=1","CENTURY","5,0","(1)","Apotek","·","TOWER HELICONIA, Apartment Mediterania Garden 2, Jl. Tanjung Duren Raya No.KAV.5-9, RT.9/RW.5","Tutup","·","(021) 29337017","http://www.century-pharma.com/","","Situs Web","","Rute","https://ssl.gstatic.com/local/servicebusiness/default_user.png","""Sopan Dan membantu""","· Buka Min pukul 08.00"
"https://www.google.com/maps/place/Apotik+Bundaran+Slipi/data=!4m7!3m6!1s0x2e69f6b8e1baf60b:0x9afc271c54605b44!8m2!3d-6.2025053!4d106.7986928!16s%2Fg%2F11rvv7ndp!19sChIJC_a64bj2aS4RRFtgVBwn_Jo?authuser=0&hl=id&rclk=1","Apotik Bundaran Slipi","4,3","(64)","Apotek","·","Jl. Palmerah Utara No.29, RT.1/RW.1","Tutup","·","(021) 5346767","https://www.goapotik.com/penjual/apotek-bundaran-slipi","","Situs Web","","Rute","https://ssl.gstatic.com/local/servicebusiness/default_user.png","""Obat lengkap, bersih dan ramah pelayannya""","· Buka Sen pukul 08.00"
"https://www.google.com/maps/place/Apotek+Generik+Srengseng+Raya/data=!4m7!3m6!1s0x2e69f72fddfeef35:0xad81457f6c036e24!8m2!3d-6.2104675!4d106.7592455!16s%2Fg%2F1pzwmp7sr!19sChIJNe_-3S_3aS4RJG4DbH9Fga0?authuser=0&hl=id&rclk=1","Apotek Generik Srengseng Raya","4,5","(41)","Apotek","·","Jl. Srengseng Raya No.88 2, RT.2/RW.6","Tutup","· Buka Min pukul 08.00","0877-8739-4229","","","Rute","","","https://ssl.gstatic.com/local/servicebusiness/default_user.png","""Pelayanannya ramah, apotekernya komunikatif, harga yaa masih oke""","·"
"https://www.google.com/maps/place/Apotek+RC/data=!4m7!3m6!1s0x2e69f7bbdc604b23:0x55805eef15f9ec24!8m2!3d-6.1857287!4d106.8007034!16s%2Fg%2F11x8_rtpjz!19sChIJI0tg3Lv3aS4RJOz5Fe9egFU?authuser=0&hl=id&rclk=1","Apotek RC","5,0","(33)","Apotek","·","Jl. Kota Bambu Selatan No.N0.3, RT.1/RW.8","Tutup","· Buka Min pukul 07.30","0812-6007-5888","","","Rute","","","https://ssl.gstatic.com/local/servicebusiness/default_user.png","""","·"
"https://www.google.com/maps/place/Apotek+Medika+Prima+Tambora+-+24+JAM/data=!4m7!3m6!1s0x2e69f74598ac2ed5:0x2eaa6029d29268f2!8m2!3d-6.1552876!4d106.8078462!16s%2Fg%2F11pkrvzs2k!19sChIJ1S6smEX3aS4R8miS0ilgqi4?authuser=0&hl=id&rclk=1","Apotek Medika Prima Tambora - 24 JAM","4,3","(487)","Apotek","·","Jl. KH.Moh.Mansyur No.150","Buka 24 jam","·","0813-8733-0508","http://pt-mri.com/home","","Situs Web","","Rute","https://ssl.gstatic.com/local/servicebusiness/default_user.png","""Apoteknya terjamin dan murah , lengkap obatnya""",""
"https://www.google.com/maps/place/Apotek+Farmaku+Tomang/data=!4m7!3m6!1s0x2e69f661981d8741:0x78154c73e3e37c5d!8m2!3d-6.175481!4d106.7985356!16s%2Fg%2F11hf1_bd4p!19sChIJQYcdmGH2aS4RXXzj43NMFXg?authuser=0&hl=id&rclk=1","Apotek Farmaku Tomang","4,6","(291)","Apotek","·","Jl. Mandala Raya No.28A, RT.1/RW.2","Tutup","·","0811-1220-1603","https://www.farmaku.com/","","Situs Web","","Rute","https://ssl.gstatic.com/local/servicebusiness/default_user.png","""Pelayanan bagus, obat dijelasin secara mendetail""","· Buka Min pukul 08.00"
"https://www.google.com/maps/place/Vita+Apotek+Jakarta/data=!4m7!3m6!1s0x2e69f73d8a0cff0f:0xba4ed02dc32bb860!8m2!3d-6.2098086!4d106.7966422!16s%2Fg%2F11yx92nbxd!19sChIJD_8Mij33aS4RYLgrwy3QTro?authuser=0&hl=id&rclk=1","Vita Apotek Jakarta","","","Apotek","·","Jl. Gelora No.1 1 1, RT.1/RW.3","Buka 24 jam","","0881-0117-36613","","","Rute","","","","","·"
"https://www.google.com/maps/place/Apotek+Arkadia/data=!4m7!3m6!1s0x2e69f7919b8f463d:0x2979045498180ee4!8m2!3d-6.1984105!4d106.7467444!16s%2Fg%2F11f6dswv0y!19sChIJPUaPm5H3aS4R5A4YmFQEeSk?authuser=0&hl=id&rclk=1","Apotek Arkadia","2,4","(5)","Apotek","·","Ruko Intercon Plaza, Jl. Taman Jeruk Utama No.F 24, RT.1/RW.9","Tutup","· Buka Sen pukul 08.00","0812-8145-1820","","","Rute","","","","Pesan antar","·"
"https://www.google.com/maps/place/APOTEK+KARYA+FARMA+UTAMA/data=!4m7!3m6!1s0x2e69f747319fc461:0xd5559980d40dd2fd!8m2!3d-6.1757855!4d106.7899442!16s%2Fg%2F11hf7s__qk!19sChIJYcSfMUf3aS4R_dIN1ICZVdU?authuser=0&hl=id&rclk=1","APOTEK KARYA FARMA UTAMA","4,9","(51)","Apotek","·","Ruko Garden Shopping Arcade, Letjen S. Parman No.kav. 28 Blok B No. 8 BB, RT.15/RW.5","Tutup","· Buka Min pukul 08.00","(021) 56982355","","","Rute","","","https://ssl.gstatic.com/local/servicebusiness/default_user.png","""Untuk obat dan lainnya cukup lengkap dengan macam jenis dan harga""","·"
"https://www.google.com/maps/place/Apotik+Medical+Care/data=!4m7!3m6!1s0x2e69f7c460bd0ab5:0xf581f37b5cbb0577!8m2!3d-6.1718802!4d106.7656741!16s%2Fg%2F11h3m7hbc6!19sChIJtQq9YMT3aS4RdwW7XHvzgfU?authuser=0&hl=id&rclk=1","Apotik Medical Care","4,9","(8)","Apotek","·","·","Tutup","· Buka Sen pukul 10.00","(021) 29201199","","","Rute","","","https://ssl.gstatic.com/local/servicebusiness/default_user.png","""Tempat nunggunya nyaman, dokternya detail sekali dalam menangani pasien""","Ruko Golden 8, Jl. Panjang No.8C 5, RT.5/RW.11"
"https://www.google.com/maps/place/Apotek+Generik+Srengseng+%28U9%29/data=!4m7!3m6!1s0x2e69f73aa008c929:0xa7914aae0a8dad55!8m2!3d-6.2092285!4d106.7572774!16s%2Fg%2F11bt_h32sj!19sChIJKckIoDr3aS4RVa2NCq5Kkac?authuser=0&hl=id&rclk=1","Apotek Generik Srengseng (U9)","5,0","(2)","Apotek","·","No., Jl. Sawah Balong No.14, RT.6/RW.6","Tutup","","","http://alfianuzumaki.wordpress.com/","","Situs Web","","Rute","","","· Buka Min pukul 08.00"
"https://www.google.com/maps/place/Apotek+Flamboyan/data=!4m7!3m6!1s0x2e69f56fba1fd413:0x5ddfa05de004197e!8m2!3d-6.1840538!4d106.8009415!16s%2Fg%2F11rc3jvhz8!19sChIJE9Qfum_1aS4RfhkE4F2g310?authuser=0&hl=id&rclk=1","Apotek Flamboyan","5,0","(22)","Apotek","·","Jl. Flamboyan No.2 8, RT.8/RW.9","Tutup","· Buka Min pukul 10.00","0819-3240-0002","","","Rute","","","https://ssl.gstatic.com/local/servicebusiness/default_user.png","""Apoteknya lengkap obat-obatan banyak tersedia.""","·"
"https://www.google.com/maps/place/apotek+moelya/data=!4m7!3m6!1s0x2e69f7da0a771a45:0x806fb76337e66a2b!8m2!3d-6.1824575!4d106.8082428!16s%2Fg%2F11k0yqw7pt!19sChIJRRp3Ctr3aS4RK2rmN2O3b4A?authuser=0&hl=id&rclk=1","apotek moelya","5,0","(3)","Apotek","·","Jl. Kota Bambu Utara I No.23 7, RT.7/RW.10","","","","","","Rute","","","","",""
"https://www.google.com/maps/place/Apotek+24+Jam+Prima/data=!4m7!3m6!1s0x2e6a1d57a4febb63:0xb7836d2e22b3f089!8m2!3d-6.1363799!4d106.7334522!16s%2Fg%2F11cnrh57wy!19sChIJY7v-pFcdai4RifCzIi5tg7c?authuser=0&hl=id&rclk=1","Apotek 24 Jam Prima","4,2","(168)","Apotek","·","Rukan Malibu Blok I No.21, RT.7/RW.14","Buka 24 jam","","(021) 29024629","","","Rute","","","https://ssl.gstatic.com/local/servicebusiness/default_user.png","""Satu - satunya","·"
"https://www.google.com/maps/place/VIVA+Apotek+Mall+Taman+Anggrek/data=!4m7!3m6!1s0x2e69f714dc7518bb:0x142a134edf2034f7!8m2!3d-6.1785831!4d106.7922128!16s%2Fg%2F11v3g2fhj5!19sChIJuxh13BT3aS4R9zQg304TKhQ?authuser=0&hl=id&rclk=1","VIVA Apotek Mall Taman Anggrek","4,2","(64)","Apotek","·","Jl. Letjen S. Parman No.Kav. 21, RT.12/RW.1","Tutup","·","0852-8113-6616","https://vivaapotek.co.id/","","Situs Web","","Rute","https://ssl.gstatic.com/local/servicebusiness/default_user.png","""Pelayanannya bagus dan ramah nge rekomendasi in jg untuk obat obat nya""","· Buka Min pukul 08.00"
"https://www.google.com/maps/place/Apotek+Segar+Sehat/data=!4m7!3m6!1s0x2e69f7690fc564ad:0x6b23335bc64898af!8m2!3d-6.192919!4d106.740774!16s%2Fg%2F11r8b4hwq!19sChIJrWTFD2n3aS4Rr5hIxlszI2s?authuser=0&hl=id&rclk=1","Apotek Segar Sehat","4,4","(24)","Apotek","·","Blok J1 No. 2, Jl. Batu Mulia No.16, RT.16/RW.7","Tutup","· Buka Sen pukul 08.00","(021) 5874217","","","Rute","","","https://ssl.gstatic.com/local/servicebusiness/default_user.png","""Pelayanannya bagus, ramah, pemesanan obat cepat di proses nya""","·"
"https://www.google.com/maps/place/APOTEK+SETIA+MEDIKA+2/data=!4m7!3m6!1s0x2e69f12a8bc39a91:0x7a4a2c0b97248193!8m2!3d-6.2213566!4d106.7718185!16s%2Fg%2F11k4k3q1v1!19sChIJkZrDiyrxaS4Rk4EklwssSno?authuser=0&hl=id&rclk=1","APOTEK SETIA MEDIKA 2","5,0","(1)","Apotek","·","Jl. Panjang Kp. Baru No.34, RT.7/RW.3","","","","","","Rute","","","","Pesan antar",""
"https://www.google.com/maps/place/Apotek+Rumah+Sakit+Sumber+Waras/data=!4m7!3m6!1s0x2e69f668af273a4b:0xbd5927e75feae78a!8m2!3d-6.1686447!4d106.7976098!16s%2Fg%2F1pt_sp_td!19sChIJSzonr2j2aS4RiufqX-cnWb0?authuser=0&hl=id&rclk=1","Apotek Rumah Sakit Sumber Waras","3,4","(8)","Apotek","·","Rumah Sakit Sumber Waras (swasta, Jl. Kyai Tapa No.1, RT.10/RW.10","Buka 24 jam","","(021) 5682011","","","Rute","","","https://ssl.gstatic.com/local/servicebusiness/default_user.png","""Tempat nya bersih nyaman dan pelayanan nya cukup baik""","·"
"https://www.google.com/maps/place/Apotek+Kimia+Farma+OSHCS+Kebayoran+Lama/data=!4m7!3m6!1s0x2e69f12f1fcbf369:0xd8b72550811a5955!8m2!3d-6.2265514!4d106.7781906!16s%2Fg%2F11dzw6y071!19sChIJafPLHy_xaS4RVVkagVAlt9g?authuser=0&hl=id&rclk=1","Apotek Kimia Farma OSHCS Kebayoran Lama","4,0","(433)","Apotek","·","·","Buka 24 jam","Jl. Raya Kby. Lama No.50, RT.1/RW.1","0812-1236-5088","http://kimiafarmaapotek.co.id/","","Situs Web","","Rute","https://ssl.gstatic.com/local/servicebusiness/default_user.png","""",""
"https://www.google.com/maps/place/MILAGROS+Mama+Varell/data=!4m7!3m6!1s0x2e69f74ec2684751:0xb805a9c7403a4ef3!8m2!3d-6.174786!4d106.7368421!16s%2Fg%2F11h_fslnmy!19sChIJUUdowk73aS4R8046QMepBbg?authuser=0&hl=id&rclk=1","MILAGROS Mama Varell","","","Apotek","·","Jl. At-Taqwa Utama I No.91 4, RT.4/RW.8","Buka 24 jam","","","","","Rute","","","","",""
"https://www.google.com/maps/place/Apotek+WELLINGS+Greenville/data=!4m7!3m6!1s0x2e69f78e6b470c3f:0xef1003a3eba2a922!8m2!3d-6.1696433!4d106.7663102!16s%2Fg%2F11s2j18bq3!19sChIJPwxHa473aS4RIqmi66MDEO8?authuser=0&hl=id&rclk=1","Apotek WELLINGS Greenville","4,8","(193)","Apotek","·","Jl. Surya Wijaya No. 32A dan 32B, RT.15/RW.7","Tutup","·","0811-1917-0001","https://wellings.id/","","Situs Web","","Rute","https://ssl.gstatic.com/local/servicebusiness/default_user.png","""","· Buka Min pukul 08.00"
"https://www.google.com/maps/place/Apotek+Rakyat+Berkah/data=!4m7!3m6!1s0x2e69f6b820617c57:0xf46a13a161cbbc3f!8m2!3d-6.20793!4d106.795886!16s%2Fg%2F1ptzbn9qk!19sChIJV3xhILj2aS4RP7zLYaETavQ?authuser=0&hl=id&rclk=1","Apotek Rakyat Berkah","5,0","(2)","Apotek","·","Jl. Palmerah Selatan, Pasar Palmerah Blok B Aks No.008, Jakarta, RT.4/RW.2","","","(021) 92555089","","","Rute","","","","",""
"https://www.google.com/maps/place/Apotek+Mediplus+3/data=!4m7!3m6!1s0x2e69f71691185c0b:0xb74cd7bd48eb5900!8m2!3d-6.1739363!4d106.7814142!16s%2Fg%2F11rtq1fk36!19sChIJC1wYkRb3aS4RAFnrSL3XTLc?authuser=0&hl=id&rclk=1","Apotek Mediplus 3","","","Apotek","·","Jl. Tj. Duren Barat 1 No.18, RT.6/RW.3","Tutup","· Buka Rab pukul 10.00","0857-8245-8157","","","Rute","","","","","·"
"https://www.google.com/maps/place/Apotek+Inofarma+Jembatan+Besi/data=!4m7!3m6!1s0x2e69f779082e411b:0xfb972637497dbfcf!8m2!3d-6.1519206!4d106.800484!16s%2Fg%2F11xgy66wfd!19sChIJG0EuCHn3aS4Rz799STcml_s?authuser=0&hl=id&rclk=1","Apotek Inofarma Jembatan Besi","5,0","(205)","Apotek","·","Jl. Jembatan Besi Raya 119A, RT 05 RW 07/Desa/Kelurahan Jembatan Besi, Kec. Tambora, Kota Adm","Buka 24 jam","·","0812-1401-8964","https://inofarma.com/","","Situs Web","","Rute","https://ssl.gstatic.com/local/servicebusiness/default_user.png","""Tempat Bersih, Obat lengkap, Dan Membantu Pelayanan""",""
"https://www.google.com/maps/place/Apotek+husna/data=!4m7!3m6!1s0x2e69f700519e4629:0x871d5a60691e9d72!8m2!3d-6.1983981!4d106.7922466!16s%2Fg%2F11x3623d8t!19sChIJKUaeUQD3aS4Rcp0eaWBaHYc?authuser=0&hl=id&rclk=1","Apotek husna","","","Apotek","·","Jl. H.Mencong 8 No.10, RT.4/RW.002","","","","","","Rute","","","","",""
"https://www.google.com/maps/place/CENTURY/data=!4m7!3m6!1s0x2e69f77280019905:0x2379f4f45c80f6b9!8m2!3d-6.1694747!4d106.7697207!16s%2Fg%2F1hc95gdvn!19sChIJBZkBgHL3aS4RufaAXPT0eSM?authuser=0&hl=id&rclk=1","CENTURY","4,2","(49)","Apotek","·","Blok As No, Ruko Green Ville Jl. Ratu Kemuning No.41B, RT.4/RW.3","Tutup","·","(021) 5638432","http://www.century-pharma.com/","","Situs Web","","Rute","https://ssl.gstatic.com/local/servicebusiness/default_user.png","""Apoteknya bersihhh , bisa cek tensii disini gratisss""","· Buka Min pukul 08.00"
"https://www.google.com/maps/place/APOTEK+ALPRO+EXPRESS+Panjang+Raya/data=!4m7!3m6!1s0x2e69f7e6c4056d01:0xbad468d9eafb2605!8m2!3d-6.2187218!4d106.7708228!16s%2Fg%2F11xdgsxsd6!19sChIJAW0FxOb3aS4RBSb76tlo1Lo?authuser=0&hl=id&rclk=1","APOTEK ALPRO EXPRESS Panjang Raya","4,9","(223)","Apotek","·","Kec, Jl. Panjang Kp. Baru Gg. Mht No.58, RT.8/RW.4","Tutup","· Buka Min pukul 08.00","0877-8573-7550","","","Rute","","","https://ssl.gstatic.com/local/servicebusiness/default_user.png","""Tempatnya nyaman, pelayanan bagus, bersih dan aa tensi gratis""","·"
"https://www.google.com/maps/place/Apotek+Roxy+Jatibaru/data=!4m7!3m6!1s0x2e69f67feaaaaa97:0x47e5d4dc9269330!8m2!3d-6.1814245!4d106.8162562!16s%2Fg%2F1tf91tsd!19sChIJl6qq6n_2aS4RMJMmyU1dfgQ?authuser=0&hl=id&rclk=1","Apotek Roxy Jatibaru","4,2","(350)","Apotek","·","Jl. Jati Baru Raya No.2A, RT.4/RW.1","Segera tutup","·","0811-1002-0223","http://apotekroxy.com/","","Situs Web","","Rute","https://ssl.gstatic.com/local/servicebusiness/default_user.png","""Obat lengkap, tempat bersih, dan apoteker siap menjelaskan dengan detail.""","· 00.00 · Buka Min pukul 07.00"
"https://www.google.com/maps/place/Apotek+Mili+Gram/data=!4m7!3m6!1s0x2e69f7006af6b4e3:0xcecc2ce7fba5f92!8m2!3d-6.1705404!4d106.7751941!16s%2Fg%2F11w1dsnz87!19sChIJ47T2agD3aS4Rkl-6f87C7Aw?authuser=0&hl=id&rclk=1","Apotek Mili Gram","5,0","(22)","Apotek","·","Komplek greenville, Ruko Blok BG 30","Tutup","·","0811-8133-226","https://www.instagram.com/miligram_apotek?igsh=MTFtMmVqcGx2cTd4aQ%3D%3D&utm_source=qr","","Situs Web","","Rute","https://ssl.gstatic.com/local/servicebusiness/default_user.png","""Obat-obatannya lengkap ,original, dan harga terjangkau.""","· Buka Min pukul 08.00"
"https://www.google.com/maps/place/Apotek+FIT/data=!4m7!3m6!1s0x2e69f6cac548c1d5:0xc071dd1aea6968d0!8m2!3d-6.2182003!4d106.792012!16s%2Fg%2F11bwf7xc0h!19sChIJ1cFIxcr2aS4R0Ghp6hrdccA?authuser=0&hl=id&rclk=1","Apotek FIT","4,2","(35)","Apotek","·","Jalan Arteri Juraganan (tentara pelajar) no.34 RT/RW 004/008 Kelurahan Kecamatan Kebayoran Lama, RT.2/RW.8","Tutup","·","0899-0000-750","https://linktr.ee/ApotekFIT_DapoerDokter","","Situs Web","","Rute","https://ssl.gstatic.com/local/servicebusiness/default_user.png","""Dokternya sangat kompeten, apoteknya lengkap dengan harga terjangkau.""","· Buka Min pukul 08.30"
"https://www.google.com/maps/place/Apotek+Mitra+Sehat/data=!4m7!3m6!1s0x2e69f72bca05e281:0xdf7b6430e6a9e70b!8m2!3d-6.1916139!4d106.8053626!16s%2Fg%2F11h4kc6v94!19sChIJgeIFyiv3aS4RC-ep5jBke98?authuser=0&hl=id&rclk=1","Apotek Mitra Sehat","2,3","(3)","Apotek","·","Jl. Slipi II No.1, RT.1/RW.1","Tutup","· Buka Sen pukul 09.00","0895-2617-9080","","","Rute","","","https://ssl.gstatic.com/local/servicebusiness/default_user.png","""Mitra sehat","·"
"https://www.google.com/maps/place/Apotik+Julita+Farma/data=!4m7!3m6!1s0x2e69f76b3caafa95:0x4c51eeb99ba52986!8m2!3d-6.196056!4d106.7457929!16s%2Fg%2F11cnqsfd_l!19sChIJlfqqPGv3aS4Rhimlm7nuUUw?authuser=0&hl=id&rclk=1","Apotik Julita Farma","4,9","(11)","Apotek","·","Jalan Aries Ayu Dua B2 no. 64, RT.2/RW.9","Tutup","·","(021) 5861844","https://www.honestdocs.id/apotik/apotik-julita-farma-jakarta-barat","","Situs Web","","Rute","","","· Buka Sen pukul 08.00"
"https://www.google.com/maps/place/Apotek+Benny+Sehat/data=!4m7!3m6!1s0x2e69f7968327cdc9:0x29e098fd7f0920b!8m2!3d-6.1751246!4d106.7583199!16s%2Fg%2F11h4zq44ls!19sChIJyc0ng5b3aS4RC5Lw148JngI?authuser=0&hl=id&rclk=1","Apotek Benny Sehat","","","Apotek","·","Jl. Kedoya Pesing No.48, RT.3/RW.2","Tutup","· Buka Sen pukul 09.00","0857-8211-3000","","","Rute","","","","","·"
"https://www.google.com/maps/place/Apotik+Gadi+Lamba/data=!4m7!3m6!1s0x2e69f68ddd2efe8b:0xfadb634fb4baf79d!8m2!3d-6.1858956!4d106.7994793!16s%2Fg%2F1hm5xm4mz!19sChIJi_4u3Y32aS4Rnfe6tE9j2_o?authuser=0&hl=id&rclk=1","Apotik Gadi Lamba","4,2","(30)","Apotek","·","·","Tutup","· Buka Min pukul 07.00","","","","Rute","","","https://ssl.gstatic.com/local/servicebusiness/default_user.png","""Dahlah, apotik ini ngebantu banget,apalagi buat keluarga pasien.""","Jalan Kota Bambu Selatan 25B, RT.1/RW.9, Kota Bambu Selatan, Palmerah, RT.1"
"https://www.google.com/maps/place/Apotik+Puri+Sehat/data=!4m7!3m6!1s0x2e69f773e3736a2d:0xfac98ed922b2ff56!8m2!3d-6.1852355!4d106.7427327!16s%2Fg%2F1hd_tb0bf!19sChIJLWpz43P3aS4RVv-yItmOyfo?authuser=0&hl=id&rclk=1","Apotik Puri Sehat","4,3","(26)","Apotek","·","Jl. Kembang Barat L2 No.8, RT.3/RW.2","Tutup","· Buka Sen pukul 08.00","(021) 5818720","","","Rute","","","https://ssl.gstatic.com/local/servicebusiness/default_user.png","""Produk obat hampir lengkap dan harganya bersahabat.""","·"
"https://www.google.com/maps/place/Apotek+Handaya+Mulia/data=!4m7!3m6!1s0x2e69f7001e4d6695:0xc000b0d4db500f2f!8m2!3d-6.1674309!4d106.7637239!16s%2Fg%2F11wn7qcxxx!19sChIJlWZNHgD3aS4RLw9Q29SwAMA?authuser=0&hl=id&rclk=1","Apotek Handaya Mulia","5,0","(1)","Apotek","·","Graha Handaya, Jl. Pejuangan No.007 Unit C Lantai 1, RT.1/RW.5","","","","","","Rute","","","","",""
"https://www.google.com/maps/place/Apotek+Estie/data=!4m7!3m6!1s0x2e69f7336993a0dd:0x228702cce315b86a!8m2!3d-6.2182004!4d106.7539951!16s%2Fg%2F11l_4bhb60!19sChIJ3aCTaTP3aS4RargV48wChyI?authuser=0&hl=id&rclk=1","Apotek Estie","5,0","(3)","Apotek","·","Jl. Joglo Raya No.33, RT.12/RW.3","","","0812-9501-5564","","","Rute","","","https://ssl.gstatic.com/local/servicebusiness/default_user.png","""Apoteknya bersih bagus mbak apoteknya ramah  banget 👌🏻""",""
"","","","","","","","","","","","","","","","","",""