"hfpxzc href","qBF1Pd","MW4etd","UY7F9","W4Efsd","W4Efsd 2","W4Efsd 3","W4Efsd 4","W4Efsd 5","W4Efsd 6","UsdlK","lcr4fd href","Cw1rxd","R8c4Qb","Cw1rxd 2","R8c4Qb 2","Jn12ke src","ah5Ghc","ah5Ghc 2"
"","","","","","","","","","","","","","","","","","",""
"","","","","","","","","","","","","","","","","","",""
"https://www.google.com/maps/place/Snapy+Digital+Print+%26+Design+Jalan+Panjang/data=!4m7!3m6!1s0x2e69f7a855555567:0xeec03274b3d2cfe4!8m2!3d-6.199337!4d106.768803!16s%2Fg%2F1s04wpzx3!19sChIJZ1VVVaj3aS4R5M_Ss3QywO4?authuser=0&hl=id&rclk=1","Snapy Digital Print & Design Jalan Panjang","4,9","(3.702)","Toko Percetakan","·","Jl. Panjang No.1, RT.11/RW.1","Segera tutup","· 00.00 · Buka Min pukul 07.00","·","0811-1320-4424","https://snapy.co.id/branch/snapy-jalan-panjang","","Situs Web","","Rute","https://ssl.gstatic.com/local/servicebusiness/default_user.png","""hasil","print"
"https://www.google.com/maps/place/PELANGI+INDAH+Digital+Print+Kemanggisan/data=!4m7!3m6!1s0x2e69f6c3ab57c871:0xe473d4e9baf0eb72!8m2!3d-6.2008683!4d106.7837741!16s%2Fg%2F11b6dg8198!19sChIJcchXq8P2aS4RcuvwuunUc-Q?authuser=0&hl=id&rclk=1","PELANGI INDAH Digital Print Kemanggisan","3,7","(99)","Toko Percetakan","·","·","Tutup","· Buka Min pukul 09.00","Jl. Kyai H. Syahdan No.40, RT.2/RW.11","0888-1400-914","http://pelangiindah.com/","","Situs Web","","Rute","https://ssl.gstatic.com/local/servicebusiness/default_user.png","""pelayanan cepat, hasil cetakan bagus dah pokoknya""",""
"https://www.google.com/maps/place/Pranata+Printing+-+Cetak+Kartu+Nama+%26+Brosur+Jakarta/data=!4m7!3m6!1s0x2e69f65a129d64f5:0x7fb9d19b2b7ffdc3!8m2!3d-6.1985592!4d106.7821127!16s%2Fg%2F11bxfs8gh1!19sChIJ9WSdElr2aS4Rw_1_K5vRuX8?authuser=0&hl=id&rclk=1","Pranata Printing - Cetak Kartu Nama & Brosur Jakarta","4,6","(113)","Percetakan Komersial","·","Jl. Kemanggisan Raya No.24, RT.3/RW.5","Tutup","· Buka Sen pukul 08.00","·","0858-1166-6645","https://www.pranataprinting.com/","","Situs Web","","Rute","https://ssl.gstatic.com/local/servicebusiness/default_user.png","""Mantaf,harga bersaing kualitas nomor 1""",""
"https://www.google.com/maps/place/Foto+Copy+Digital+Multi+Silah/data=!4m7!3m6!1s0x2e69f7051fbc8efb:0x8e901e831f710a61!8m2!3d-6.1868246!4d106.7618744!16s%2Fg%2F11bz_3st3r!19sChIJ-468HwX3aS4RYQpxH4MekI4?authuser=0&hl=id&rclk=1","Foto Copy Digital Multi Silah","4,7","(27)","Toko Fotokopi","·","·","Jl. Kedoya Pesing No.4, RT.4/RW.3","","","","","","Rute","","","https://ssl.gstatic.com/local/servicebusiness/default_user.png","""tmp fotocopy""",""
"https://www.google.com/maps/place/Bayou+Print+%26+Reklame/data=!4m7!3m6!1s0x2e69f718a2a355c5:0x8ae0d7c94b37bf69!8m2!3d-6.1982458!4d106.7633395!16s%2Fg%2F11glxrjzd6!19sChIJxVWjohj3aS4Rab83S8nX4Io?authuser=0&hl=id&rclk=1","Bayou Print & Reklame","5,0","(3)","Toko Percetakan","·","Jl. Meruya Ilir Raya No.5 5, RT.5/RW.1","·","Buka","· Tutup Min pukul 06.00","0852-8095-4269","","","Rute","","","","Pesan antar",""
"https://www.google.com/maps/place/Creative+Digital+Printing/data=!4m7!3m6!1s0x2e69f6c2d4505e6b:0xd21047a14c2a69da!8m2!3d-6.1927527!4d106.7821776!16s%2Fg%2F1hm50k0dh!19sChIJa15Q1ML2aS4R2mkqTKFHENI?authuser=0&hl=id&rclk=1","Creative Digital Printing","4,3","(6)","Toko Percetakan","·","Rawa Belong Rd No.40 5, RT.5/RW.13","·","Tutup","· Buka Sen pukul 09.30","(021) 5320990","","","Rute","","","","Pesan antar",""
"https://www.google.com/maps/place/Kreafindo+Print+Shop/data=!4m7!3m6!1s0x2e69f71f1101a5d5:0x2687ed8a8117881!8m2!3d-6.1969764!4d106.7667384!16s%2Fg%2F11bx8gvqd6!19sChIJ1aUBER_3aS4RgXgRqNh-aAI?authuser=0&hl=id&rclk=1","Kreafindo Print Shop","5,0","(1)","Toko Percetakan","·","Jl. Lapangan Bola No.9 E 3, RT.3/RW.10","","","","(021) 53653838","","","Rute","","","","",""
"https://www.google.com/maps/place/Aulya+Print+%26+Fotocopy/data=!4m7!3m6!1s0x2e69f6c32bbdad87:0x9f96511da5713bf3!8m2!3d-6.2009862!4d106.7826877!16s%2Fg%2F11y411qybk!19sChIJh629K8P2aS4R8ztxpR1Rlp8?authuser=0&hl=id&rclk=1","Aulya Print & Fotocopy","5,0","(2)","Warnet","·","Jl. Kyai H. Syahdan No.78, RT.7/RW.12","·","Tutup","· Buka Min pukul 10.00","0812-8481-0939","","","Rute","","","","",""
"https://www.google.com/maps/place/APIK+%28Copy+Center+%26+Digital+Printing%29/data=!4m7!3m6!1s0x2e69f6fb960f57e1:0xd948474b8e5bcc1a!8m2!3d-6.1845569!4d106.7780622!16s%2Fg%2F11f03yw5lb!19sChIJ4VcPlvv2aS4RGsxbjktHSNk?authuser=0&hl=id&rclk=1","APIK (Copy Center & Digital Printing)","5,0","(38)","Toko Alat Tulis","·","Jl. H. Sanusi Taming No.100 1, RT.2/RW.2","·","Tutup","· Buka Min pukul 08.00","0856-9240-8058","","","Rute","","","","Belanja di toko","Ambil di toko"
"https://www.google.com/maps/place/Assyifa+jaya+print/data=!4m7!3m6!1s0x2e69f735d91c87af:0xf4251a4a720c84f0!8m2!3d-6.2022498!4d106.7694519!16s%2Fg%2F11ksl0pmn0!19sChIJr4cc2TX3aS4R8IQMckoaJfQ?authuser=0&hl=id&rclk=1","Assyifa jaya print","5,0","(3)","Tukang Kunci","·","Jl. H. Domang Dalam, RT.6/RW.2","","","","0812-8820-7040","","","Rute","","","","",""
"https://www.google.com/maps/place/WARUNG+SAHABAT2+PRINT,FOTOCOPY,ATK%26PERCETAKAN./data=!4m7!3m6!1s0x2e69f7ae458d1647:0x6c2f7c017b3cfd95!8m2!3d-6.2032273!4d106.7795675!16s%2Fg%2F11v10rt9mk!19sChIJRxaNRa73aS4Rlf08ewF8L2w?authuser=0&hl=id&rclk=1","WARUNG SAHABAT2 PRINT,FOTOCOPY,ATK&PERCETAKAN.","5,0","(1)","Toko Fotokopi","·","Jl. Salam 3 No.7, RT.4/RW.6","","","","0857-7833-8059","","","Rute","","","","Layanan di tempat",""
"https://www.google.com/maps/place/Lowcost+Print+%26+Photocopy+ATK/data=!4m7!3m6!1s0x2e69f6c2f1e4aa81:0x701b988d4d9f0668!8m2!3d-6.199853!4d106.7846543!16s%2Fg%2F11dfgj38j9!19sChIJgark8cL2aS4RaAafTY2YG3A?authuser=0&hl=id&rclk=1","Lowcost Print & Photocopy ATK","4,4","(67)","Toko Alat Tulis Kantor","·","Jl. H. Sennin No.58c, RT.6/RW.12","·","Tutup","· Buka Min pukul 12.00","0852-7550-7141","","","Rute","","","https://ssl.gstatic.com/local/servicebusiness/default_user.png","""Warnet & sekaligus tempat","print"
"https://www.google.com/maps/place/Bandar+Print/data=!4m7!3m6!1s0x2e69f76b3257f2a3:0xd461a3db7a222bfc!8m2!3d-6.185778!4d106.7777622!16s%2Fg%2F11ngyp8_nm!19sChIJo_JXMmv3aS4R_CsietujYdQ?authuser=0&hl=id&rclk=1","Bandar Print","4,1","(23)","Layanan cetak digital","·","Jl. Kb. Raya 2 No.1, RT.7/RW.6","·","Tutup","· Buka Sen pukul 08.00","0811-9790-8558","","","Rute","","","https://ssl.gstatic.com/local/servicebusiness/default_user.png","""","Print"
"https://www.google.com/maps/place/Vallenta+ink+print/data=!4m7!3m6!1s0x2e69f700384ee43d:0x990c6bbd5e142d9f!8m2!3d-6.2037571!4d106.7558742!16s%2Fg%2F11x25kcr5f!19sChIJPeROOAD3aS4Rny0UXr1rDJk?authuser=0&hl=id&rclk=1","Vallenta ink print","5,0","(2)","Jasa Reparasi Printer","·","Jl. H. Mandor Salim No.27, RT.1/RW.3","·","Buka 24 jam","","0895-0734-9200","","","Rute","","","https://ssl.gstatic.com/local/servicebusiness/default_user.png","""Mantap dah sangat cepat servis printernya.""",""
"https://www.google.com/maps/place/Omega+Printing+Anggrek/data=!4m7!3m6!1s0x2e69f7767054bc0b:0xd9777809784f8204!8m2!3d-6.2021676!4d106.7791479!16s%2Fg%2F11g1mjgcw5!19sChIJC7xUcHb3aS4RBIJPeAl4d9k?authuser=0&hl=id&rclk=1","Omega Printing Anggrek","5,0","(10)","Layanan cetak digital","·","Jl. Anggrek Cakra No.9, RT.4/RW.6","Jam tangan dan perhiasan mewah Swiss","Tutup","· Buka Sen pukul 09.00","0852-1958-4242","","","Rute","","","","Layanan di tempat","Janji temu online"
"https://www.google.com/maps/place/Ar-Raihan+Photocopy+%26+Print+Centre/data=!4m7!3m6!1s0x2e69f6c32b76a6b9:0x5b7bd34a845b8efe!8m2!3d-6.2009869!4d106.7826911!16s%2Fg%2F11fqhsnv3x!19sChIJuaZ2K8P2aS4R_o5bhErTe1s?authuser=0&hl=id&rclk=1","Ar-Raihan Photocopy & Print Centre","5,0","(7)","Jl. Rw. Belong No.78B 6, RT.7/RW.12","","·","","Tutup","· Buka Min pukul 09.00","0857-7355-9062","","","Rute","","","https://ssl.gstatic.com/local/servicebusiness/default_user.png","""Hasil lumayan bagus kerja,cepat.""",""
"https://www.google.com/maps/place/JASA+EDIT+SKRIPSI,WORD,DOKUMEN+DLL/data=!4m7!3m6!1s0x2e69f6c2df7eee2b:0xd79d90387e481614!8m2!3d-6.2009813!4d106.7826857!16s%2Fg%2F1hm3dbt4m!19sChIJK-5-38L2aS4RFBZIfjiQndc?authuser=0&hl=id&rclk=1","JASA EDIT SKRIPSI,WORD,DOKUMEN DLL","4,4","(19)","Pemasok peralatan percetakan","·","Jl. Kyai H. Syahdan No.78, RT.7/RW.12","Tutup","· Buka Min pukul 07.00","·","0877-8965-3397","https://www.google.com/search?q=JASA+EDIT+SKRIPSI+BINUS&source=lmns&stick=H4sIAAAAAAAA_-NgU1I1qDBKNbNMM0s2SkkzT01NNUqyMqhIMbdMsTQwtjBPNbEwNDM0WcQq7uUY7Kjg6uIZohDsHeQZEOyp4OTpFxoMAEZ-npZDAAAA&authuser=3&bih=616&biw=360&prmd=ivn&hl=id&sa=X&ved=2ahUKEwjU4ticprL8AhWqKbcAHXTkB54Q_AUoAHoECAAQBA#lpg=cid:CgIgAQ%3D%3D&wptab=si:AC1wQDAucy7H-VMlAQxLR0kUB4oSPiLoG226A20xOQCOsxIwA_HljCMC_n4YYV8qv9geLUWeajPpFL9HSxgIx4Gl_vv8KGHyKyVo5B9UMwNKBbkexPiMNL9GcLVat7iTaAVrauMXzpy920vdi1qMPHyzN6PKjKE0Qw%3D%3D&mpd=editprofile/info","","Situs Web","","Rute","https://ssl.gstatic.com/local/servicebusiness/default_user.png","""Mantap editanya pelayanan ramah cepat rapih mantap deh pokoknya""",""
"https://www.google.com/maps/place/Print+dan+Fotocopy+Omega/data=!4m7!3m6!1s0x2e69f6c2fce47331:0x3ecdbc1f9154d94f!8m2!3d-6.2006173!4d106.7847417!16s%2Fg%2F11bx896mt4!19sChIJMXPk_ML2aS4RT9lUkR-8zT4?authuser=0&hl=id&rclk=1","Print dan Fotocopy Omega","2,9","(43)","Pemasok peralatan percetakan","·","·","6, Jl. H. Sennin No.24, RT.6/RW.12","Tutup","· Buka Sen pukul 07.00","0821-2563-5550","","","Rute","","","https://ssl.gstatic.com/local/servicebusiness/default_user.png","""Pengerjaan cepat dan rapi 👍👍👍""",""
"https://www.google.com/maps/place/PRINT+KEMBAR+HARI/data=!4m7!3m6!1s0x2e69f746e488585b:0xe88b5054409604e4!8m2!3d-6.200879!4d106.7670385!16s%2Fg%2F11kx2_481q!19sChIJW1iI5Eb3aS4R5ASWQFRQi-g?authuser=0&hl=id&rclk=1","PRINT KEMBAR HARI","5,0","(1)","Toko Percetakan","·","Jl. T No.83 3, RT.3/RW.1","·","Tutup","· Buka Sen pukul 08.00","0812-1312-0670","","","Rute","","","","",""
"https://www.google.com/maps/place/Cometz+Printing+Center/data=!4m7!3m6!1s0x2e69f6dcbeaccf45:0xb929b660031bdcc1!8m2!3d-6.2025868!4d106.7809912!16s%2Fg%2F11f0kv7g82!19sChIJRc-svtz2aS4RwdwbA2C2Kbk?authuser=0&hl=id&rclk=1","Cometz Printing Center","4,0","(5)","Toko Percetakan","·","Jl. Anggrek Cakra No.14, RT.4/RW.6","","Tutup","· Buka Sen pukul 07.00","","","","Rute","","","","Pesan antar",""
"https://www.google.com/maps/place/Linda+Fotocopy+%26+Print/data=!4m7!3m6!1s0x2e69f6c3290b449f:0x1a6d783b9289ca7!8m2!3d-6.2008409!4d106.7831103!16s%2Fg%2F11f03y4xn8!19sChIJn0QLKcP2aS4Rp5wouYPXpgE?authuser=0&hl=id&rclk=1","Linda Fotocopy & Print","","","Layanan cetak digital","·","Jl. Kyai H. Syahdan No.13 7, RT.6/RW.12","","","","","","","Rute","","","","",""
"https://www.google.com/maps/place/Zenta+Copy+%26+Print+Binus+Anggrek+B+Floor/data=!4m7!3m6!1s0x2e69f6dceae25cc3:0xa900a6540f57d7c1!8m2!3d-6.2018547!4d106.7810033!16s%2Fg%2F11c88v0hk_!19sChIJw1zi6tz2aS4RwddXD1SmAKk?authuser=0&hl=id&rclk=1","Zenta Copy & Print Binus Anggrek B Floor","5,0","(4)","Toko Percetakan","·","Jl. Anggrek Cakra No.16, RT.2/RW.9","·","Tutup","· Buka Sen pukul 08.00","(021) 53660671","","","Rute","","","","",""
"https://www.google.com/maps/place/Papina+Store+-+jasa+cetak+print+DTF,+Banner,+Spanduk,+UV,+Tumbler+Terdekat+dan+Termurah/data=!4m7!3m6!1s0x2e69f7125f0ff55b:0x8edcb902790101db!8m2!3d-6.2077146!4d106.7739269!16s%2Fg%2F11rxymln9d!19sChIJW_UPXxL3aS4R2wEBeQK53I4?authuser=0&hl=id&rclk=1","Papina Store - jasa cetak print DTF, Banner, Spanduk, UV, Tumbler Terdekat dan Termurah","4,7","(67)","Printer Digital","·","Jl. Musa No.35, RT.7/RW.8","·","Segera tutup","· 00.00 · Buka Sen pukul 00.00","0857-1155-6641","","","Rute","","","https://ssl.gstatic.com/local/servicebusiness/default_user.png","""cetak banner wisuda oke banget""",""
"https://www.google.com/maps/place/TIGA+SAUDARA+NET+%26+PRINT+CENTRE/data=!4m7!3m6!1s0x2e69f7b9c5f65e59:0x76c5f3890c62eaa5!8m2!3d-6.1997306!4d106.7606695!16s%2Fg%2F11gm7nyn74!19sChIJWV72xbn3aS4RpepiDInzxXY?authuser=0&hl=id&rclk=1","TIGA SAUDARA NET & PRINT CENTRE","5,0","(1)","Printer Digital","·","Pasar Pengampuan, Jl. Lapangan Bola Pasar Pengampuan, Jl. Lapangan Bola II No.1, RT.1/RW.7","·","Tutup","· Buka Min pukul 08.00","0813-1419-2730","","","Rute","","","","Layanan di tempat",""
"https://www.google.com/maps/place/Mawar+Print/data=!4m7!3m6!1s0x2e69f7a6d0908baf:0xaa9aff6965ce0ef1!8m2!3d-6.1968075!4d106.7700533!16s%2Fg%2F11g1dx7vd_!19sChIJr4uQ0Kb3aS4R8Q7OZWn_mqo?authuser=0&hl=id&rclk=1","Mawar Print","5,0","(7)","Pemasok Pakaian","·","Jl. Komp. BPK III No.C20 2, RT.1/RW.11","·","Tutup","· Buka Sen pukul 09.00","0877-7160-5592","","","Rute","","","","",""
"https://www.google.com/maps/place/Sublim+Print/data=!4m7!3m6!1s0x2e69f718890fffff:0x2a5bbf8d6d87c6db!8m2!3d-6.1980683!4d106.7619365!16s%2Fg%2F11tcl_4cdj!19sChIJ__8PiRj3aS4R28aHbY2_Wyo?authuser=0&hl=id&rclk=1","Sublim Print","","","Pencetak Layar","·","Jl. Meruya Ilir Raya No.88, RT.1/RW.5","","","","(021) 22584171","","","Rute","","","","",""
"https://www.google.com/maps/place/SNAPY+digital+printing+%26+fotocopy+jakarta+barat+-+tanjung+duren/data=!4m7!3m6!1s0x2e69f659157e4bdf:0x23d0111637d08e4d!8m2!3d-6.1823038!4d106.7834277!16s%2Fg%2F1hc72nbv9!19sChIJ30t-FVn2aS4RTY7QNxYR0CM?authuser=0&hl=id&rclk=1","SNAPY digital printing & fotocopy jakarta barat - tanjung duren","4,6","(1.221)","Toko Percetakan","·","·","Tutup","· Buka Min pukul 12.00","Ruko Cemara Central, Jl. Tanjung Duren Raya No.71","0819-1311-2345","https://www.snapy.co.id/branch/snapy-tanjung-duren","","Situs Web","","Rute","https://ssl.gstatic.com/local/servicebusiness/default_user.png","""Fast response dan hasil","print"
"https://www.google.com/maps/place/Mari+printing+Garuda+24+jam/data=!4m7!3m6!1s0x2e69f7e5b054cc0f:0x390517a1d4b78a05!8m2!3d-6.1946952!4d106.7949869!16s%2Fg%2F11vbbg17kr!19sChIJD8xUsOX3aS4RBYq31KEXBTk?authuser=0&hl=id&rclk=1","Mari printing Garuda 24 jam","5,0","(39)","Layanan cetak digital","·","Jl anggrek Garuda raya blok H 10","·","Buka 24 jam","","0889-0878-0078","","","Rute","","","https://ssl.gstatic.com/local/servicebusiness/default_user.png","""Tempat yg paling pas untuk melakukan kegiatan  printing""",""
"https://www.google.com/maps/place/RC+Printing+Textile+%7C+Print+Kain+Jakarta/data=!4m7!3m6!1s0x2e69f7f9b7f1416f:0x6c60b8c9ea2683ad!8m2!3d-6.2049043!4d106.7772125!16s%2Fg%2F11kpk7534d!19sChIJb0Hxt_n3aS4RrYMm6sm4YGw?authuser=0&hl=id&rclk=1","RC Printing Textile | Print Kain Jakarta","3,0","(2)","Layanan cetak digital","·","Jl. Salam Raya No.66","Tutup","· Buka Sen pukul 09.00","·","0821-8173-0505","http://rcprintingtextile.com/","","Situs Web","","Rute","","",""
"https://www.google.com/maps/place/Metro+Sticker+%7C+Print+%26+Cut/data=!4m7!3m6!1s0x2e69f7d62122f799:0x927ca2c35824aa18!8m2!3d-6.1967344!4d106.7548127!16s%2Fg%2F11y99r8nxh!19sChIJmfciIdb3aS4RGKokWMOifJI?authuser=0&hl=id&rclk=1","Metro Sticker | Print & Cut","","","Pabrik stiker","·","Near, Jl. Meruya Ilir Raya, RT.1/RW.3","·","Buka 24 jam","","0852-8375-5526","","","Rute","","","","",""
"https://www.google.com/maps/place/Kampung+CMYK+%7C+Printing+24+Jam/data=!4m7!3m6!1s0x2e69f7a623416477:0x7f435413bef88f32!8m2!3d-6.1951548!4d106.7946856!16s%2Fg%2F11y3m99pjz!19sChIJd2RBI6b3aS4RMo_4vhNUQ38?authuser=0&hl=id&rclk=1","Kampung CMYK | Printing 24 Jam","4,9","(34)","Layanan cetak digital","·","Jl. Anggrek Rosliana VII H No.109, RT.1/RW.5, RT.1/RW.5","·","Segera tutup","· 00.00 · Buka Sen pukul 00.00","0851-5526-9935","","","Rute","","","https://ssl.gstatic.com/local/servicebusiness/default_user.png","""Mantap sekali saya","print"
"https://www.google.com/maps/place/Nadhif+Print/data=!4m7!3m6!1s0x2e69f6ee3e45e92b:0x96288417378b0739!8m2!3d-6.1889957!4d106.7867341!16s%2Fg%2F11bz_0rp4z!19sChIJK-lFPu72aS4ROQeLNxeEKJY?authuser=0&hl=id&rclk=1","Nadhif Print","4,8","(13)","Toko Elektronik","·","Jl. Kemanggisan Utama Raya, RT.2/RW.7","·","Tutup","· Buka Min pukul 08.00","0821-1243-3736","","","Rute","","","https://ssl.gstatic.com/local/servicebusiness/default_user.png","""Mantabs ..penjualnya ramah sekali""",""
"https://www.google.com/maps/place/3Q+PRINT+SDN+BHD/data=!4m7!3m6!1s0x2e69f7c3ecdee459:0x187a5732d84bad2!8m2!3d-6.1951581!4d106.7686355!16s%2Fg%2F11v0l42hzr!19sChIJWeTe7MP3aS4R0rqELXOlhwE?authuser=0&hl=id&rclk=1","3Q PRINT SDN BHD","","","Pabrikan perangkat keras komputer","·","GALLERY WEST OFFICE TOWER, Jl. Panjang Pitt Street No.5 9TH FLOOR","Tutup","· Buka Sen pukul 09.00","·","+60 18-969 7922","http://www.3qprint.my/","","Situs Web","","Rute","","",""
"https://www.google.com/maps/place/Copas+print/data=!4m7!3m6!1s0x2e69f797f67c1ec7:0x96e1404502e7dfb!8m2!3d-6.1824655!4d106.7651183!16s%2Fg%2F11ks075yzf!19sChIJxx589pf3aS4R-30uUAQUbgk?authuser=0&hl=id&rclk=1","Copas print","5,0","(2)","Gudang","·","Jl. Kedoya Duri Raya No.13, RT.13/RW.1","","","","","","","Rute","","","","",""
"https://www.google.com/maps/place/HARMA+DIGITAL+PRINT/data=!4m7!3m6!1s0x2e69f751e61d0b0b:0xc97a40cd9e11d43!8m2!3d-6.2065622!4d106.7696201!16s%2Fg%2F11sx6w2ddw!19sChIJCwsd5lH3aS4RQx3h2Qyklww?authuser=0&hl=id&rclk=1","HARMA DIGITAL PRINT","5,0","(5)","Industri Percetakan","·","Jl. Panjang Arteri Klp. Dua Raya No.13, RT.2/RW.2","","Tutup","· Buka Sen pukul 08.30","","","","Rute","","","","",""
"https://www.google.com/maps/place/Puri+Jaya+Printing/data=!4m7!3m6!1s0x2e69f712e9689d2f:0x8019b48118193315!8m2!3d-6.1905204!4d106.7516254!16s%2Fg%2F1q6jclzmm!19sChIJL51o6RL3aS4RFTMZGIG0GYA?authuser=0&hl=id&rclk=1","Puri Jaya Printing","4,2","(229)","Percetakan Komersial","·","Ruko Puri Niaga, Jl. Puri Kencana No.88 AB Blok L6, RT.11/RW.7","·","Tutup","· Buka Sen pukul 08.00","(021) 58357973","","","Rute","","","https://ssl.gstatic.com/local/servicebusiness/default_user.png","""Pelayanan bagus, hasil","print"
"https://www.google.com/maps/place/Juragan+Digital/data=!4m7!3m6!1s0x2e69f6eba05d8e99:0xeea9736e0f4cd3ea!8m2!3d-6.1941076!4d106.7911838!16s%2Fg%2F1hm4ybswk!19sChIJmY5doOv2aS4R6tNMD25zqe4?authuser=0&hl=id&rclk=1","Juragan Digital","4,9","(62)","Percetakan Komersial","·","Jl Anggrek Rosliana VII/14 Slipi, RT.2/RW.6","Tutup","· Buka Sen pukul 09.00","·","0812-9821-398","http://www.juragandigital.com/","","Situs Web","","Rute","https://ssl.gstatic.com/local/servicebusiness/default_user.png","""harganya terjangkau, hasil","print"
"https://www.google.com/maps/place/PETRA+Digital+Printing/data=!4m7!3m6!1s0x2e69f715d99141fb:0xeca2f6ed767530b9!8m2!3d-6.1973332!4d106.7526789!16s%2Fg%2F11hcdvhfpl!19sChIJ-0GR2RX3aS4RuTB1du32ouw?authuser=0&hl=id&rclk=1","PETRA Digital Printing","4,1","(223)","Toko Percetakan","·","·","Tutup","· Buka Min pukul 08.00","Ruko Taman Aries, Jl. Meruya Ilir Raya Blok H1/3","(021) 58904567","http://petradigiprint.com/","","Situs Web","","Rute","https://ssl.gstatic.com/local/servicebusiness/default_user.png","""Hasil","print"
"https://www.google.com/maps/place/Sablon+print+satuan+HW+Cloth/data=!4m7!3m6!1s0x2e69f7e9a7816047:0xb091fa763f9ee992!8m2!3d-6.1978336!4d106.7826914!16s%2Fg%2F11kb96nmj7!19sChIJR2CBp-n3aS4RkumeP3b6kbA?authuser=0&hl=id&rclk=1","Sablon print satuan HW Cloth","","","Toko Sablon","·","Jl. Kemanggisan Ilir VI No.2, RT.2/RW.13","","Tutup","· Buka Sen pukul 00.00","","","","Rute","","","","Pesan antar",""
"https://www.google.com/maps/place/TC+Print/data=!4m7!3m6!1s0x2e69f74ea1b09af7:0x81b7208791f9954b!8m2!3d-6.2000534!4d106.7914128!16s%2Fg%2F11k036k_5z!19sChIJ95qwoU73aS4RS5X5kYcgt4E?authuser=0&hl=id&rclk=1","TC Print","4,4","(13)","Jasa Reparasi Printer","·","Jl. Kemanggisan Pulo No.23, RT.3/RW.17","","","","0818-0707-0422","https://www.facebook.com/share/1HBqnyKmu9/","","Situs Web","","Rute","https://ssl.gstatic.com/local/servicebusiness/default_user.png","""Printer bnrn terjamin baik hasil cetak dan bodynya.""",""
"https://www.google.com/maps/place/Salak+Jaya+Print/data=!4m7!3m6!1s0x2e69f75624ee120d:0xaa0ea199248f652d!8m2!3d-6.1889937!4d106.7868881!16s%2Fg%2F11pxm8nqhy!19sChIJDRLuJFb3aS4RLWWPJJmhDqo?authuser=0&hl=id&rclk=1","Salak Jaya Print","5,0","(3)","Perusahaan Konstruksi","·","Jl. Kemanggisan Utama Raya No.1 e 2, RT.2/RW.7","·","Tutup","· Buka Min pukul 08.00","0821-3331-7886","","","Rute","","","","",""
"https://www.google.com/maps/place/GrafurPrint+Art+%26+Stationery/data=!4m7!3m6!1s0x2e69f73f6772debd:0x65c1b1fefc87d47c!8m2!3d-6.2077483!4d106.7830739!16s%2Fg%2F11btxck1kh!19sChIJvd5yZz_3aS4RfNSH_P6xwWU?authuser=0&hl=id&rclk=1","GrafurPrint Art & Stationery","4,3","(243)","Toko Percetakan","·","Jl. Bang Pitung No.7b, RT.3/RW.11","Tutup","· Buka Sen pukul 09.00","·","0815-8663-2007","https://www.grafurprint.com/","","Situs Web","","Rute","https://ssl.gstatic.com/local/servicebusiness/default_user.png","""Selalu puas","print"
"https://www.google.com/maps/place/Indonesia+3D+Print/data=!4m7!3m6!1s0x2e69f6ee5f765117:0x64d93102a9fc7a76!8m2!3d-6.19036!4d106.7866729!16s%2Fg%2F11rgs5v9g0!19sChIJF1F2X-72aS4Rdnr8qQIx2WQ?authuser=0&hl=id&rclk=1","Indonesia 3D Print","","","Jl. Kemanggisan Utama IV No.1A, RT.3/RW.7","","","","","","","http://www.indomakers.com/contact","","Situs Web","","Rute","","",""
"https://www.google.com/maps/place/Gama+Printing/data=!4m7!3m6!1s0x2e69f6eb2bc7e979:0xd4db58c4e4244062!8m2!3d-6.195099!4d106.7940554!16s%2Fg%2F11bwtrbk1v!19sChIJeenHK-v2aS4RYkAk5MRY29Q?authuser=0&hl=id&rclk=1","Gama Printing","4,5","(55)","Percetakan Komersial","·","Jl. Anggrek Rosliana No.86A Blok H, RT.9/RW.3","Tutup","· Buka Sen pukul 07.00","·","0878-7758-6084","https://qasir.biz/gamaprinting","","Situs Web","","Rute","https://ssl.gstatic.com/local/servicebusiness/default_user.png","""vendor yg sangat membantu, bekerja dengan hati hati sukses gama printer!""",""
"https://www.google.com/maps/place/Sempurna+Printing/data=!4m7!3m6!1s0x2e69f755ef85595d:0x11fd0b5878db31ea!8m2!3d-6.2027111!4d106.7979109!16s%2Fg%2F11qr_xs7m4!19sChIJXVmF71X3aS4R6jHbeFgL_RE?authuser=0&hl=id&rclk=1","Sempurna Printing","4,9","(351)","Layanan cetak digital","·","·","QQWX+V5R, Jl. Pal Merah Utara II, RT.5/RW.16","Tutup","· Buka Sen pukul 08.00","0812-8675-0000","","","Rute","","","https://ssl.gstatic.com/local/servicebusiness/default_user.png","""hasil","print"
"https://www.google.com/maps/place/Cahaya+Print/data=!4m7!3m6!1s0x2e69f7ea676585c3:0x375772603893335b!8m2!3d-6.2093203!4d106.7616372!16s%2Fg%2F11q466t3h4!19sChIJw4VlZ-r3aS4RWzOTOGByVzc?authuser=0&hl=id&rclk=1","Cahaya Print","","","Layanan cetak digital","·","Jl. H. Kelik No.28, RT.1/RW.6","","","","0812-9982-7635","","","Rute","","","","",""
"https://www.google.com/maps/place/The+Best+Digital+Printing/data=!4m7!3m6!1s0x2e69f652685110bd:0x436fe4526afcee4c!8m2!3d-6.1689695!4d106.7744852!16s%2Fg%2F11gbf8trmn!19sChIJvRBRaFL2aS4RTO78alLkb0M?authuser=0&hl=id&rclk=1","The Best Digital Printing","4,3","(32)","Layanan cetak digital","·","·","Jl. Green Ville Bl. Aw No.3 5, RT.5/RW.14","","","0813-1653-2432","","","Rute","","","https://ssl.gstatic.com/local/servicebusiness/default_user.png","""Dikerjakan secara profesional""",""
"https://www.google.com/maps/place/printcustom.co.id+-+Custom+Tumbler+Promosi,+Goodiebag+Spunbond,+Emoney,+Payung+Custom,+Jasa+Print+UV,+Print+DTF,+Grafir/data=!4m7!3m6!1s0x2e69f72d28574345:0xf9489b9c2b3d631!8m2!3d-6.1803266!4d106.784969!16s%2Fg%2F11kx3k_v8l!19sChIJRUNXKC33aS4RMdazwrmJlA8?authuser=0&hl=id&rclk=1","printcustom.co.id - Custom Tumbler Promosi, Goodiebag Spunbond, Emoney, Payung Custom, Jasa Print UV, Print DTF, Grafir","4,9","(110)","Layanan cetak digital","·","lantai dasar, Jl. Tanjung Duren Timur 5 No.19, RT.2/RW.4","Tutup","· Buka Sen pukul 09.00","·","0878-8093-1298","https://printcustom.co.id/","","Situs Web","","Rute","https://ssl.gstatic.com/local/servicebusiness/default_user.png","""Hasil","print"
"https://www.google.com/maps/place/Jasa+Print+24+Jam+%26+Design+-+SUNNY+24H+Priscapy/data=!4m7!3m6!1s0x2e69f7d6bc51ce6b:0xfbc78a1e6c784a2b!8m2!3d-6.1570558!4d106.7980854!16s%2Fg%2F11t7q__p9_!19sChIJa85RvNb3aS4RK0p4bB6Kx_s?authuser=0&hl=id&rclk=1","Jasa Print 24 Jam & Design - SUNNY 24H Priscapy","4,3","(12)","Percetakan Komersial","·","Jl. Kali Anyar V No.29b 7, RT.7/RW.3","·","Buka 24 jam","","0818-832-855","","","Rute","","","https://ssl.gstatic.com/local/servicebusiness/default_user.png","""Seneng banget","print"
"https://www.google.com/maps/place/Kail+Mas+Printing/data=!4m7!3m6!1s0x2e69f6cfef67be3f:0x90e7f205cf784b84!8m2!3d-6.209298!4d106.783151!16s%2Fg%2F11bz_10pn3!19sChIJP75n78_2aS4RhEt4zwXy55A?authuser=0&hl=id&rclk=1","Kail Mas Printing","4,1","(26)","Toko Percetakan","·","·","Tutup","· Buka Sen pukul 09.00","Jl. Bang Pitung No.18, RT.3/RW.2","(021) 5324149","https://www.kailmas.id/","","Situs Web","","Rute","https://ssl.gstatic.com/local/servicebusiness/default_user.png","""bagus bgt","print"
"https://www.google.com/maps/place/Metro+Print/data=!4m7!3m6!1s0x2e69f653441618cb:0xdcb6b8494ee34c14!8m2!3d-6.1723!4d106.7719691!16s%2Fg%2F11ghs75pdw!19sChIJyxgWRFP2aS4RFEzjTkm4ttw?authuser=0&hl=id&rclk=1","Metro Print","5,0","(1)","Bl. Bs No.7, RT.7/RW.4","","","","","","","","","Rute","","","","",""
"https://www.google.com/maps/place/Arofa+Multi+Print/data=!4m7!3m6!1s0x2e69f72555a2d35d:0xe2dee98388996a04!8m2!3d-6.2090952!4d106.7590795!16s%2Fg%2F1pzwy8lyh!19sChIJXdOiVSX3aS4RBGqZiIPp3uI?authuser=0&hl=id&rclk=1","Arofa Multi Print","","","JL. Srengseng Raya, No. 111 B Rt. 004 Rw. 06, Kebon Jeruk, RT.5/RW.6","","","","","","(021) 5874063","","","Rute","","","","",""
"https://www.google.com/maps/place/Printing+digital/data=!4m7!3m6!1s0x2e69f7ab0b903f83:0xf0fca815f2f6f2!8m2!3d-6.1958478!4d106.7943653!16s%2Fg%2F11st8xhvb_!19sChIJgz-QC6v3aS4R8vbyFaj88AA?authuser=0&hl=id&rclk=1","Printing digital","5,0","(1)","Toko Percetakan","·","Jl. Anggrek Rosliana No.11b, RT.11/RW.3","·","Tutup","· Buka Min pukul 09.00","0812-9900-6301","","","Rute","","","https://ssl.gstatic.com/local/servicebusiness/default_user.png","""Hasil","print"
"https://www.google.com/maps/place/Sagitarius+Print/data=!4m7!3m6!1s0x2e69f7fc8008cfed:0x3824e79bdf1fff8b!8m2!3d-6.1773905!4d106.7862919!16s%2Fg%2F11y5bhbf0s!19sChIJ7c8IgPz3aS4Ri_8f35vnJDg?authuser=0&hl=id&rclk=1","Sagitarius Print","4,7","(6)","Jasa Reparasi Printer","·","Jl. Tanjung Duren Timur No.19","·","Tutup","· Buka Min pukul 09.00","0857-1740-0631","","","Rute","","","https://ssl.gstatic.com/local/servicebusiness/default_user.png","""Tempat nya ndak jelas dimana, ndak ketemu.""",""
"https://www.google.com/maps/place/Kairos+Digital+Printing/data=!4m7!3m6!1s0x2e69f66854a80571:0x8980cbab18ce75fe!8m2!3d-6.1645684!4d106.7966366!16s%2Fg%2F1pzv_z368!19sChIJcQWoVGj2aS4R_nXOGKvLgIk?authuser=0&hl=id&rclk=1","Kairos Digital Printing","4,9","(2.943)","Printer Digital","·","Jl. Muwardi II No.9A 2, RT.14/RW.3","·","Tutup","· Buka Sen pukul 08.00","(021) 29512197","","","Rute","","","https://ssl.gstatic.com/local/servicebusiness/default_user.png","""Harganya lebih murah dibandingkan lokasi-lokasi","print"
"https://www.google.com/maps/place/Adael+jaya+print/data=!4m7!3m6!1s0x2e69f71a6cabd41b:0x4003a05ca5a9fb14!8m2!3d-6.1732732!4d106.7700528!16s%2Fg%2F11h1mkv4h8!19sChIJG9SrbBr3aS4RFPuppVygA0A?authuser=0&hl=id&rclk=1","Adael jaya print","5,0","(3)","RQGC+M2V, Jl. Asia Baru Tanjakan, RT.5/RW.4","","","","","","0813-9170-7478","","","Rute","","","https://ssl.gstatic.com/local/servicebusiness/default_user.png","""CS sangat ramah, hasil bagus terpercaya""",""
"https://www.google.com/maps/place/Bee+Print+Digital/data=!4m7!3m6!1s0x2e69f796eac33e13:0x1998b308ecf16e23!8m2!3d-6.1973303!4d106.7895041!16s%2Fg%2F11lgmjt65c!19sChIJEz7D6pb3aS4RI27x7AizmBk?authuser=0&hl=id&rclk=1","Bee Print Digital","5,0","(4)","Layanan cetak digital","·","Jl. H. Junaidi No.15, RT.O7/RW.11","·","Tutup","· Buka Sen pukul 09.00","0812-9921-2551","","","Rute","","","","",""
"https://www.google.com/maps/place/Dunia+Printing/data=!4m7!3m6!1s0x2e69f661098c4379:0x2bfd04479d23f16c!8m2!3d-6.1740307!4d106.7978694!16s%2Fg%2F1pzxcd_02!19sChIJeUOMCWH2aS4RbPEjnUcE_Ss?authuser=0&hl=id&rclk=1","Dunia Printing","3,9","(30)","Percetakan Komersial","·","Jl. Mandala Raya No.5","Tutup","· Buka Sen pukul 09.00","·","(021) 5673753","http://www.duniaprinting.com/","","Situs Web","","Rute","https://ssl.gstatic.com/local/servicebusiness/default_user.png","""tau pertama kali di shopee buat","print"
"https://www.google.com/maps/place/DELTA+PC+PRINT+COMP/data=!4m7!3m6!1s0x2e69f7004c573491:0x7e338523c428e028!8m2!3d-6.1836685!4d106.8039648!16s%2Fg%2F11wvw8z4g5!19sChIJkTRXTAD3aS4RKOAoxCOFM34?authuser=0&hl=id&rclk=1","DELTA PC PRINT COMP","5,0","(2)","Servis Komputer","·","Jl. Kota Bambu Utara VI No.12, RT.5/RW.5","·","Buka 24 jam","","0859-2160-9901","","","Rute","","","https://ssl.gstatic.com/local/servicebusiness/default_user.png","""Laptop lemot jadi normal kembali...
Panggilan kerumah, kantor dan ...""",""
"https://www.google.com/maps/place/Duta+Pratama+Print/data=!4m7!3m6!1s0x2e69f727e791e70d:0xe5366048de374fc8!8m2!3d-6.2092741!4d106.7682615!16s%2Fg%2F1hm4p3f4w!19sChIJDeeR5yf3aS4RyE833khgNuU?authuser=0&hl=id&rclk=1","Duta Pratama Print","5,0","(1)","Toko Percetakan","·","Jl. Mushollah No.8, RT.7/RW.1","·","Tutup","· Buka Min pukul 07.00","0813-1036-5303","","","Rute","","","","Pesan antar",""
"https://www.google.com/maps/place/foto+copy+%26+print/data=!4m7!3m6!1s0x2e69f70070ab5e6d:0xa7c96e6c04c3d0bf!8m2!3d-6.1739503!4d106.7879489!16s%2Fg%2F11zktst6lz!19sChIJbV6rcAD3aS4Rv9DDBGxuyac?authuser=0&hl=id&rclk=1","foto copy & print","","","Toko Percetakan","·","Jl. Tanjung Duren Raya No.7c, RT.11/RW.7","","","","","","","Rute","","","","",""
"https://www.google.com/maps/place/fotocopy+%26+print+doubletrack/data=!4m7!3m6!1s0x2e69f75e3081fdff:0xd64b95862d469192!8m2!3d-6.1815663!4d106.7504936!16s%2Fg%2F11h0b8rxwf!19sChIJ__2BMF73aS4RkpFGLYaVS9Y?authuser=0&hl=id&rclk=1","fotocopy & print doubletrack","5,0","(13)","Toko Fotokopi","·","Jl. Puri Kembangan No.20 M, RT.11/RW.5","·","Tutup","· Buka Min pukul 09.00","0838-9919-1653","","","Rute","","","","Layanan di tempat","Janji temu online"
"https://www.google.com/maps/place/iPrint+-+Jasa+Print+Kain/data=!4m7!3m6!1s0x2e69f7ec8ec079a1:0x958e41890b0ffcb1!8m2!3d-6.174773!4d106.7766745!16s%2Fg%2F11jjn_xm8l!19sChIJoXnAjuz3aS4RsfwPC4lBjpU?authuser=0&hl=id&rclk=1","iPrint - Jasa Print Kain","4,9","(52)","Toko Percetakan","·","Jl. Mangga 7 No.7 D 7 D, RT.4/RW.3","Tutup","· Buka Sen pukul 09.00","·","0822-9917-7168","https://www.iprint.id/","","Situs Web","","Rute","https://ssl.gstatic.com/local/servicebusiness/default_user.png","""Cocok sekali untuk yang mau bisnis hijab printing.""",""
"https://www.google.com/maps/place/Global+Print+Mandiri/data=!4m7!3m6!1s0x2e69f659c015d585:0xd21c5f4d8f01eb4f!8m2!3d-6.1739208!4d106.7837873!16s%2Fg%2F11cm71t3pj!19sChIJhdUVwFn2aS4RT-sBj01fHNI?authuser=0&hl=id&rclk=1","Global Print Mandiri","4,7","(24)","Jasa Reparasi Printer","·","Jl. Tanjung Duren Raya No.52 2, RT.2/RW.5","·","Tutup","· Buka Min pukul 12.00","0812-1007-1114","","","Rute","","","https://ssl.gstatic.com/local/servicebusiness/default_user.png","""Layanan service printernya cepat dan hasilnya memuaskan.""",""
"https://www.google.com/maps/place/Senita+Print/data=!4m7!3m6!1s0x2e69f6cfc299c1ab:0x98d1cf57fb270c54!8m2!3d-6.2097673!4d106.7832807!16s%2Fg%2F1hm5y1tbl!19sChIJq8GZws_2aS4RVAwn-1fP0Zg?authuser=0&hl=id&rclk=1","Senita Print","5,0","(4)","Toko Percetakan","·","Jl. Bang Pitung No.22 2, RT.2/RW.2","·","Tutup","· Buka Sen pukul 09.00","(021) 5300062","","","Rute","","","","Pesan antar",""
"https://www.google.com/maps/place/2EQ+REPRO+-+CTP+Basys+Print/data=!4m7!3m6!1s0x2e69f64224ead9ff:0x20c27f2a344374d5!8m2!3d-6.1626768!4d106.7922704!16s%2Fg%2F1hm214zcm!19sChIJ_9nqJEL2aS4R1XRDNCp_wiA?authuser=0&hl=id&rclk=1","2EQ REPRO - CTP Basys Print","4,6","(32)","Toko","·","·","Jl. Muwardi No.26, RT.5/RW.4","Buka","· Tutup pukul 03.00","(021) 56969961","","","Rute","","","https://ssl.gstatic.com/local/servicebusiness/default_user.png","""Pusat Setting pra cetak dan pembuatan plat cetak offset.""",""
"https://www.google.com/maps/place/Dwi+Print/data=!4m7!3m6!1s0x2e69f72deac4cb23:0xd8c482316fc0d9c4!8m2!3d-6.2148448!4d106.7599995!16s%2Fg%2F11c1r1hrq6!19sChIJI8vE6i33aS4RxNnAbzGCxNg?authuser=0&hl=id&rclk=1","Dwi Print","4,7","(11)","Kantor Perusahaan","·","Jl. Srengseng Raya No.59, RT.3/RW.3","","","","0812-6007-9080","","","Rute","","","https://ssl.gstatic.com/local/servicebusiness/default_user.png","""minta WA dong mau ngeprint""",""
"https://www.google.com/maps/place/URGENE+PRINT+DTF+UV,+CUSTOM+Tumbler+Promosi,+Tas+Spunbond+Custom,+Cetak+Bola+Golf+Emoney,+Jasa+Grafir/data=!4m7!3m6!1s0x2e69f69d3ade7f53:0x1c603b35b87c288!8m2!3d-6.1803063!4d106.7850567!16s%2Fg%2F11b5yy21fg!19sChIJU3_eOp32aS4RiMKHW7MDxgE?authuser=0&hl=id&rclk=1","URGENE PRINT DTF UV, CUSTOM Tumbler Promosi, Tas Spunbond Custom, Cetak Bola Golf Emoney, Jasa Grafir","4,9","(25)","Layanan cetak digital","·","Jl. Tanjung Duren Timur 5 No.19, RT.2/RW.4","Tutup","· Buka Sen pukul 09.00","·","0878-8093-1298","http://rumahpromosi.co.id/","","Situs Web","","Rute","https://ssl.gstatic.com/local/servicebusiness/default_user.png","""Bagus banget printing payungnya.""",""
"https://www.google.com/maps/place/VENUS+FC+-+Foto+Copy+%26+Print+Warna/data=!4m7!3m6!1s0x2e69f658e87b157f:0xfad139e6eb2b2cfc!8m2!3d-6.1757638!4d106.786712!16s%2Fg%2F11nm9rggnf!19sChIJfxV76Fj2aS4R_Cwr6-Y50fo?authuser=0&hl=id&rclk=1","VENUS FC - Foto Copy & Print Warna","3,0","(2)","Jl. Tanjung Duren Timur No.RT.15, RT.15/RW.5","","","","","","","","","Rute","","","","",""
"https://www.google.com/maps/place/Enzo+print/data=!4m7!3m6!1s0x2e69f7428bd18e3d:0xf85083702da95c96!8m2!3d-6.1782899!4d106.807266!16s%2Fg%2F11tffg9hls!19sChIJPY7Ri0L3aS4RllypLXCDUPg?authuser=0&hl=id&rclk=1","Enzo print","5,0","(3)","Toko","·","Petojo binatu, Gg. V No.14","·","Segera tutup","· 00.00 · Buka Min pukul 08.00","0813-1880-4087","","","Rute","","","https://ssl.gstatic.com/local/servicebusiness/default_user.png","""Amanah, responnya cepat""",""
"https://www.google.com/maps/place/Terima+Cuci+Foto+%26+Print/data=!4m7!3m6!1s0x2e69f6c624a512f5:0x7eb5879a4f00d50e!8m2!3d-6.2080899!4d106.790053!16s%2Fg%2F11g0l93n1g!19sChIJ9RKlJMb2aS4RDtUAT5qHtX4?authuser=0&hl=id&rclk=1","Terima Cuci Foto & Print","","","Kantor Perusahaan","·","Jl. Palmerah Barat No.3 3, RT.3/RW.5","","","","","","","Rute","","","","",""
"https://www.google.com/maps/place/FOMU+3D+Print/data=!4m7!3m6!1s0x2e69f6596bce93cd:0xf3ff8001aa3906!8m2!3d-6.1650419!4d106.7679825!16s%2Fg%2F11f1vnyt_x!19sChIJzZPOa1n2aS4RBjmqAYD_8wA?authuser=0&hl=id&rclk=1","FOMU 3D Print","4,9","(262)","Toko Percetakan","·","·","Segera tutup","· 00.00 · Buka Sen pukul 00.00","perumahan taman ratu a5 No.6, RT.1/RW.13","0812-1080-0062","https://fomu.co.id/","","Situs Web","","Rute","https://ssl.gstatic.com/local/servicebusiness/default_user.png","""Mantap baru kali ini ada toko","print"
"https://www.google.com/maps/place/kolaborasi+print/data=!4m7!3m6!1s0x2e69f7f84acfd3f7:0x19b3669eca2410a8!8m2!3d-6.1811789!4d106.7754639!16s%2Fg%2F11s609c76r!19sChIJ99PPSvj3aS4RqBAkyp5msxk?authuser=0&hl=id&rclk=1","kolaborasi print","","","Pemasok peralatan percetakan","·","Jl. Angsana Raya No.rt 008 012","·","Tutup","· Buka Sen pukul 08.30","0878-8142-5889","","","Rute","","","","",""
"https://www.google.com/maps/place/Print+Story+Puri/data=!4m7!3m6!1s0x2e69f7377c398433:0x92611dd953690554!8m2!3d-6.1939753!4d106.7424563!16s%2Fg%2F11lx9pbwmm!19sChIJM4Q5fDf3aS4RVAVpU9kdYZI?authuser=0&hl=id&rclk=1","Print Story Puri","4,9","(125)","Layanan cetak digital","·","Sebrang Martabak Pizza Orins, Jl. Kembang Kerep Raya No.28, RT.4/RW.2","·","Tutup","· Buka Sen pukul 09.00","0821-1430-0222","","","Rute","","","https://ssl.gstatic.com/local/servicebusiness/default_user.png","""Hasil","print"
"https://www.google.com/maps/place/Creative+Art+Print/data=!4m7!3m6!1s0x2e69f7c984c5a3a1:0x58b70d1806bd85f2!8m2!3d-6.2099771!4d106.7724858!16s%2Fg%2F11k0xxb_v1!19sChIJoaPFhMn3aS4R8oW9BhgNt1g?authuser=0&hl=id&rclk=1","Creative Art Print","5,0","(3)","Toko Percetakan","·","Jl. Qrisdoren II No.65, RT.8/RW.10","Tutup","· Buka Min pukul 09.00","·","0813-8341-4782","http://www.instagram.com/creativeartprint","","Situs Web","","Rute","https://ssl.gstatic.com/local/servicebusiness/default_user.png","""Bersih dan menyenangkan""",""
"https://www.google.com/maps/place/We+Print+Mahakarya/data=!4m7!3m6!1s0x2e69f7ad705feb93:0x16800fdd7b402168!8m2!3d-6.2184038!4d106.7558457!16s%2Fg%2F11rwrdqgpx!19sChIJk-tfcK33aS4RaCFAe90PgBY?authuser=0&hl=id&rclk=1","We Print Mahakarya","4,1","(89)","Layanan cetak digital","·","12, Jl. Joglo Raya No.46, RW.3","·","Tutup","· Buka Sen pukul 07.30","0813-5257-9997","","","Rute","","","https://ssl.gstatic.com/local/servicebusiness/default_user.png","""Produk OK banget,  kualitas terjamin,  pengiriman tepat waktu.""",""
"https://www.google.com/maps/place/Uprint.id/data=!4m7!3m6!1s0x2e69f649e8f54e59:0xc9ac5ddcc70d37a4!8m2!3d-6.1609532!4d106.7775784!16s%2Fg%2F11g718x33k!19sChIJWU716En2aS4RpDcNx9xdrMk?authuser=0&hl=id&rclk=1","Uprint.id","4,6","(236)","Toko Percetakan","·","Ruko Swadaya City Square blok 1.10, Jl. Swadaya No.Raya kavling 39","Tutup","· Buka Sen pukul 09.00","·","0812-1234-5290","https://uprint.id/","","Situs Web","","Rute","https://ssl.gstatic.com/local/servicebusiness/default_user.png","""Cetak member card disini hasil cetakannya bagus, rapih, dan minim reject.""",""
"https://www.google.com/maps/place/%22Cetak+Buku+Yasin%22+Rahman+RTG+Printing/data=!4m7!3m6!1s0x2e69f6c52f0355cd:0x65a241eaf338a85d!8m2!3d-6.2106369!4d106.7586052!16s%2Fg%2F11cp5pt0_9!19sChIJzVUDL8X2aS4RXag48-pBomU?authuser=0&hl=id&rclk=1","""Cetak Buku Yasin"" Rahman RTG Printing","4,9","(25)","Toko Percetakan","·","Masuk, Dekat Smk Satria ( juntion, Jl. Sawah Balong I, RT.4/RW.6","Tutup","· Buka Min pukul 08.00","·","0878-8685-6313","https://tempatcetakbukuyasinjakarta.blogspot.com/","","Situs Web","","Rute","https://ssl.gstatic.com/local/servicebusiness/default_user.png","""Bagus cetakan nya....ka mau nanya no.wa nya sekrang berapa ya""",""
"https://www.google.com/maps/place/SAE+-+Cuttingpath+Laser+Cutting,+Print+UV,+Cutting+Sticker,+Neon+Letter/data=!4m7!3m6!1s0x2e69ff50feb5e591:0x2ac3809526fdec11!8m2!3d-6.1973116!4d106.7454179!16s%2Fg%2F11h4_sf910!19sChIJkeW1_lD_aS4REez9JpWAwyo?authuser=0&hl=id&rclk=1","SAE - Cuttingpath Laser Cutting, Print UV, Cutting Sticker, Neon Letter","4,8","(24)","Layanan pemotongan laser","·","Jl. Meruya Ilir Raya No.15B Blok B5, RT.1/RW.9","Tutup","· Buka Sen pukul 08.30","·","0812-8117-7790","https://www.instagram.com/cuttingpath.id","","Situs Web","","Rute","https://ssl.gstatic.com/local/servicebusiness/default_user.png","""Harga sesuai dengan kualitas terbaiknya""",""
"https://www.google.com/maps/place/Print/data=!4m7!3m6!1s0x2e69f7e84966d7bd:0x95f08ee0b0a57091!8m2!3d-6.1741705!4d106.7891928!16s%2Fg%2F11lw2_l_zq!19sChIJvddmSej3aS4RkXClsOCO8JU?authuser=0&hl=id&rclk=1","Print","","","Printer Digital","·","Soho Capital","","","","","","","Rute","","","","",""
"https://www.google.com/maps/place/Cetak+Backdrop+Spanduk+dan+Pasang+Alya+Advertising/data=!4m7!3m6!1s0x2e69f12f6e368117:0x43a259ae9f28e707!8m2!3d-6.2277607!4d106.7786455!16s%2Fg%2F1thv_l17!19sChIJF4E2bi_xaS4RB-con65ZokM?authuser=0&hl=id&rclk=1","Cetak Backdrop Spanduk dan Pasang Alya Advertising","4,5","(52)","Event Organizer (EO)","·","Jl. Raya Kby. Lama No., RW.12, RT.4/RW.10","Buka 24 jam","","·","0813-1312-0233","https://www.alya-printing.com/","","Situs Web","","Rute","https://ssl.gstatic.com/local/servicebusiness/default_user.png","""Backdrop terpasang Cepat, rapi dan bagus""",""
"https://www.google.com/maps/place/Mandiri+Print/data=!4m7!3m6!1s0x2e69f6d500417b4f:0xb85114d837adccb5!8m2!3d-6.2164734!4d106.7734815!16s%2Fg%2F11lygf1vxq!19sChIJT3tBANX2aS4RtcytN9gUUbg?authuser=0&hl=id&rclk=1","Mandiri Print","","","Jl. Raya Pos Pengumben No.104 1, RT.1/RW.6","","","","","","","","","Rute","","","","",""
"https://www.google.com/maps/place/Percetakan+One+Print/data=!4m7!3m6!1s0x2e69f75dc87fecc7:0x5e5580677c58723a!8m2!3d-6.1986687!4d106.7491622!16s%2Fg%2F11h1sjxlcr!19sChIJx-x_yF33aS4ROnJYfGeAVV4?authuser=0&hl=id&rclk=1","Percetakan One Print","","","Toko Percetakan","·","Percetakan One Print, Jl. Meruya Ilir Raya No.60R 5, RT.5/RW.8","·","Tutup","· Buka Sen pukul 09.00","0852-2878-0035","","","Rute","","","","Pesan antar",""
"https://www.google.com/maps/place/Printku+Print+Online+Jakarta/data=!4m7!3m6!1s0x2e69f76e89630643:0x3907f7ddeb705781!8m2!3d-6.1668123!4d106.7974158!16s%2Fg%2F11h15xdrnk!19sChIJQwZjiW73aS4RgVdw6933Bzk?authuser=0&hl=id&rclk=1","Printku Print Online Jakarta","4,8","(2.388)","Layanan cetak digital","·","Jl. Kyai Tapa AF No.5, RT.5/RW.9","Tutup","· Buka Min pukul 12.00","·","0811-9945-600","http://www.printku.co.id/","","Situs Web","","Rute","https://ssl.gstatic.com/local/servicebusiness/default_user.png","""Murah, professional dan hasil","print"
"https://www.google.com/maps/place/PELANGI+INDAH+DIGITAL+PRINT+%26+CUT+-+Tanjung+Duren/data=!4m7!3m6!1s0x2e69f7618fe5263f:0x338f97f97e57b099!8m2!3d-6.1690589!4d106.783226!16s%2Fg%2F11qgf51nh2!19sChIJPyblj2H3aS4RmbBXfvmXjzM?authuser=0&hl=id&rclk=1","PELANGI INDAH DIGITAL PRINT & CUT - Tanjung Duren","3,1","(40)","Layanan cetak digital","·","Jl. Taman Daan Mogot Raya No.32","·","Tutup","· Buka Min pukul 10.00","0882-1187-4662","","","Rute","","","https://ssl.gstatic.com/local/servicebusiness/default_user.png","""Pelayanan cepat,murah terjangkau, hasil printnya bagus 👍""",""
"https://www.google.com/maps/place/isiprinter/data=!4m7!3m6!1s0x2e6a1df1659d5565:0xfc202292af2decf8!8m2!3d-6.1767364!4d106.776081!16s%2Fg%2F11b809y51m!19sChIJZVWdZfEdai4R-Owtr5IiIPw?authuser=0&hl=id&rclk=1","isiprinter","5,0","(6)","Toko","·","·","Tutup","· Buka Sen pukul 08.30","Jl. Asem II No.319A, RT.2/RW.8","0851-0538-1759","https://www.isiprinter.com/","","Situs Web","","Rute","","Belanja di toko","Ambil di tepi jalan"
"https://www.google.com/maps/place/Fotocopy+KING+PRINT/data=!4m7!3m6!1s0x2e69f7002cd2245d:0xacaba1bc515f72d!8m2!3d-6.1665328!4d106.774482!16s%2Fg%2F11ltjvpyr6!19sChIJXSTSLAD3aS4RLfcVxRu6ygo?authuser=0&hl=id&rclk=1","Fotocopy KING PRINT","5,0","(2)","RQMF+9QQ, RT.8/RW.5","","","","","","","","","Rute","","","","",""
"https://www.google.com/maps/place/Dobu+Print/data=!4m7!3m6!1s0x2e69f1a57d8fc941:0x9b37502989b6c4fa!8m2!3d-6.2164384!4d106.7519957!16s%2Fg%2F11yr7m1hgy!19sChIJQcmPfaXxaS4R-sS2iSlQN5s?authuser=0&hl=id&rclk=1","Dobu Print","","","Eksportir garmen","·","Jl. Gaharu No.2M, RT.14/RW.14","","","","0852-9831-3666","","","Rute","","","","",""
"https://www.google.com/maps/place/Excellent+Print/data=!4m7!3m6!1s0x2e69f752aba6f57f:0x3b7cebedde980644!8m2!3d-6.2006642!4d106.7978352!16s%2Fg%2F11c2p54f7w!19sChIJf_Wmq1L3aS4RRAaY3u3rfDs?authuser=0&hl=id&rclk=1","Excellent Print","5,0","(56)","Pemasok Isi Tinta Pencetak","·","Jl. Letjen S. Parman No.Kav. 22-24 Lt.9 Unit O","Tutup","· Buka Sen pukul 09.00","·","0815-8346-562","http://www.jasasewaprinter.com/","","Situs Web","","Rute","https://ssl.gstatic.com/local/servicebusiness/default_user.png","""Service super excellent, nggak salah namanya excellent","print"
"https://www.google.com/maps/place/Print/data=!4m7!3m6!1s0x2e69f6b791b6118d:0xda417ebabace2699!8m2!3d-6.2083541!4d106.7961497!16s%2Fg%2F11b6dtck3k!19sChIJjRG2kbf2aS4RmSbOurp-Qdo?authuser=0&hl=id&rclk=1","Print","","","Jl. Palmerah Sel. No.3 Lantai 1, RT.4/RW.2","","","","","","(021) 5307391","","","Rute","","","","",""
"https://www.google.com/maps/place/Spare+part+foto+copy+canon+ir+%2F+ira/data=!4m7!3m6!1s0x2e69f77d956d1759:0xbd7728affd580f02!8m2!3d-6.1824465!4d106.7517867!16s%2Fg%2F11k4x2h62r!19sChIJWRdtlX33aS4RAg9Y_a8od70?authuser=0&hl=id&rclk=1","Spare part foto copy canon ir / ira","5,0","(2)","Toko Fotokopi","·","Jl. Puri Kembangan, RT.11/RW.5","·","Tutup","· Buka Min pukul 13.00","0812-8800-9197","","","Rute","","","","Layanan di tempat","Janji temu online"
"https://www.google.com/maps/place/SINAR+MANDIRI+POLY%2FHOT+PRINT+EMBOS/data=!4m7!3m6!1s0x2e69f1002523b0e7:0x1a120dd1288085b5!8m2!3d-6.2258011!4d106.7727923!16s%2Fg%2F11ymkdt5tq!19sChIJ57AjJQDxaS4RtYWAKNENEho?authuser=0&hl=id&rclk=1","SINAR MANDIRI POLY/HOT PRINT EMBOS","5,0","(1)","Industri Percetakan","·","Jl. Assirot No.rt.09/03.5C","·","Tutup","· Buka Min pukul 09.00","0812-8996-3729","","","Rute","","","","",""
"https://www.google.com/maps/place/print+partner+230a+Palmerah/data=!4m7!3m6!1s0x2e69f71e1e613979:0x7bef682f0ddb1426!8m2!3d-6.2024482!4d106.7958322!16s%2Fg%2F11yggqsd7n!19sChIJeTlhHh73aS4RJhTbDS9o73s?authuser=0&hl=id&rclk=1","print partner 230a Palmerah","5,0","(6)","Jasa Reparasi Printer","·","Jl. Pal Merah Utara II No.230a","·","Tutup","· Buka Sen pukul 08.00","0851-797-472","","","Rute","","","https://ssl.gstatic.com/local/servicebusiness/default_user.png","""Terima kasih banyak atas service printer yang cepat dan profesional!""",""
"https://www.google.com/maps/place/Happy+Print+Sublimation/data=!4m7!3m6!1s0x2e69f6573aba1a81:0x8e028f838089d81a!8m2!3d-6.1734657!4d106.7804039!16s%2Fg%2F11cny1c3gl!19sChIJgRq6Olf2aS4RGtiJgIOPAo4?authuser=0&hl=id&rclk=1","Happy Print Sublimation","5,0","(1)","Percetakan Komersial","·","Jalan Tanjung Duren Utara V Blok G3 No. 1N, RT.14/RW.3","·","Tutup","· Buka Sen pukul 10.00","0818-818-856","","","Rute","","","","",""
"https://www.google.com/maps/place/kharisma+laser+print+advertising/data=!4m7!3m6!1s0x2e69f6d435159455:0x124ef32b4d048ee9!8m2!3d-6.2135786!4d106.772771!16s%2Fg%2F11b7gk5316!19sChIJVZQVNdT2aS4R6Y4ETSvzThI?authuser=0&hl=id&rclk=1","kharisma laser print advertising","4,0","(5)","Toko Percetakan","·","Jl. Panjang Arteri Klp. Dua Raya No.1, RT.7/RW.4","·","Tutup","· Buka Sen pukul 07.00","0813-7355-4010","","","Rute","","","","Ambil di toko","Pesan antar"
"https://www.google.com/maps/place/Pandawa+5+FOTOCOPY+%26+PRINT/data=!4m7!3m6!1s0x2e69f65cf10f9f85:0xdcf94745dee57495!8m2!3d-6.1695155!4d106.7903442!16s%2Fg%2F11c3x5n0x1!19sChIJhZ8P8Vz2aS4RlXTl3kVH-dw?authuser=0&hl=id&rclk=1","Pandawa 5 FOTOCOPY & PRINT","4,8","(11)","Printer Digital","·","6 RT.6, RT.6/RW.16","·","Tutup","· Buka Sen pukul 07.00","0859-6114-6890","","","Rute","","","","",""
"https://www.google.com/maps/place/Print+is+not+dead/data=!4m7!3m6!1s0x2e69f701e8017c37:0x2031de439216956c!8m2!3d-6.2186398!4d106.7622033!16s%2Fg%2F11kq7jsdbc!19sChIJN3wB6AH3aS4RbJUWkkPeMSA?authuser=0&hl=id&rclk=1","Print is not dead","5,0","(1)","Toko Buku","·","QQJ6+GVW, Jl. Safir Raya, RT.8/RW.3","","","","","","","Rute","","","","",""
"https://www.google.com/maps/place/FOTOKOPI+DAN+PRINT+ATK+SOELTAN+TYRA/data=!4m7!3m6!1s0x2e69f79d329c855d:0x7322f0ba29cdc083!8m2!3d-6.2125663!4d106.7615565!16s%2Fg%2F11xg091kv7!19sChIJXYWcMp33aS4Rg8DNKbrwInM?authuser=0&hl=id&rclk=1","FOTOKOPI DAN PRINT ATK SOELTAN TYRA","","","Toko Fotokopi","·","Samping Gapura / Samping Kopi & Es Teh Soeltan Tyra, Jl. G No.60B, RT.3/RW.6","","Tutup","· Buka Min pukul 09.00","","","","Rute","","","","",""
"https://www.google.com/maps/place/ROSO+PRINT/data=!4m7!3m6!1s0x2e69f65d4d12e00f:0xd890939af72d94ea!8m2!3d-6.1673266!4d106.7934051!16s%2Fg%2F11md0_8v22!19sChIJD-ASTV32aS4R6pQt95qTkNg?authuser=0&hl=id&rclk=1","ROSO PRINT","5,0","(2)","Jl. Tanjung Gedong No.16A, RT.1/RW.9","","","","","","","","","Rute","","","https://ssl.gstatic.com/local/servicebusiness/default_user.png","""PELAYANAN BAGUS, HARGANYA MURAH RAMAH DIKANTONG""",""
"https://www.google.com/maps/place/Indra+Jaya+Print/data=!4m7!3m6!1s0x2e69f6880a323e93:0xebd8b78fa7e146fc!8m2!3d-6.1779111!4d106.8060045!16s%2Fg%2F1pzq7bw0b!19sChIJkz4yCoj2aS4R_Ebhp4-32Os?authuser=0&hl=id&rclk=1","Indra Jaya Print","1,8","(13)","Perancang Grafis","·","Jl. Nanas No.4 11, RT.11/RW.2","","","","(021) 6498794","","","Rute","","","","",""
"https://www.google.com/maps/place/Mitra+karya+print/data=!4m7!3m6!1s0x2e69f7eb38e7ff49:0x1d12773cf2dd9e1c!8m2!3d-6.2129984!4d106.7829479!16s%2Fg%2F1td2qdbf!19sChIJSf_nOOv3aS4RHJ7d8jx3Eh0?authuser=0&hl=id&rclk=1","Mitra karya print","","","Percetakan Komersial","·","Jl. Bang Pitung No.36, RT.4/RW.11","·","Tutup","· Buka Min pukul 09.00","0821-1018-8953","","","Rute","","","","",""
"https://www.google.com/maps/place/Richell+Photocopy+%26+Print/data=!4m7!3m6!1s0x2e69f7d2f3395a41:0x6ad857d607986403!8m2!3d-6.2109392!4d106.738176!16s%2Fg%2F11qh2nxr5b!19sChIJQVo589L3aS4RA2SYB9ZX2Go?authuser=0&hl=id&rclk=1","Richell Photocopy & Print","5,0","(189)","Toko Percetakan","·","Jl. H. Lebar, RT.7/RW.2","·","Tutup","· Buka Sen pukul 07.00","0878-6520-3177","","","Rute","","","https://ssl.gstatic.com/local/servicebusiness/default_user.png","""Pelayanannya cepat, hasil printnya rapi dan jelas, harganya terjangkau.""",""
"https://www.google.com/maps/place/Henday+Print/data=!4m7!3m6!1s0x2e69f7a6867d69bd:0x13b4530248ccfa96!8m2!3d-6.1739727!4d106.7555272!16s%2Fg%2F11gdkykh1_!19sChIJvWl9hqb3aS4RlvrMSAJTtBM?authuser=0&hl=id&rclk=1","Henday Print","4,8","(5)","Toko Fotokopi","·","Jl. SMA 57 No.29 12, RT.12/RW.6","·","Tutup","· Buka Min pukul 07.30","0895-3652-94561","","","Rute","","","https://ssl.gstatic.com/local/servicebusiness/default_user.png","""Hasil desain plakat dan banner nya bagus banget 🔥🔥""",""
"https://www.google.com/maps/place/ISTANA+PRINT+CENTER./data=!4m7!3m6!1s0x2e69f1c0b44f0507:0xd31d8e2a9d2efc1!8m2!3d-6.218844!4d106.7916828!16s%2Fg%2F11yr9726f7!19sChIJBwVPtMDxaS4Rwe_SqeLYMQ0?authuser=0&hl=id&rclk=1","ISTANA PRINT CENTER.","","","Printer Digital","·","Jl. Tentara Pelajar No.11A","·","Tutup","· Buka Sen pukul 08.00","0823-1540-9255","","","Rute","","","","",""
"https://www.google.com/maps/place/GREEN+NET+-+Photocopy+Print+Cetak+Photo+ATK+Center+%28Bisa+KJP%29/data=!4m7!3m6!1s0x2e69f78fb54aefa3:0x13824f1d5d6e9231!8m2!3d-6.1616372!4d106.7663345!16s%2Fg%2F11fn1j8fty!19sChIJo-9KtY_3aS4RMZJuXR1PghM?authuser=0&hl=id&rclk=1","GREEN NET - Photocopy Print Cetak Photo ATK Center (Bisa KJP)","4,6","(21)","Toko Fotokopi","·","·","Jl. Pengairan Pesing Koneng Raya No.40 12, RT.12/RW.8","Tutup","· Buka Min pukul 10.00","0852-1550-1111","","","Rute","","","https://ssl.gstatic.com/local/servicebusiness/default_user.png","""fotocopy terbaik!!""",""
"https://www.google.com/maps/place/F+PRINT/data=!4m7!3m6!1s0x2e69f7bd088b2c15:0xe3f017a3d790785b!8m2!3d-6.1661134!4d106.7491281!16s%2Fg%2F11f54kq9ss!19sChIJFSyLCL33aS4RW3iQ16MX8OM?authuser=0&hl=id&rclk=1","F PRINT","5,0","(1)","Servis Komputer","·","RT.09/RW.4, no. 2, RT.9/RW.4","·","Tutup","· Buka Min pukul 09.00","0878-8944-9588","","","Rute","","","","",""
"https://www.google.com/maps/place/Kin+Print/data=!4m7!3m6!1s0x2e69f757f2e9639f:0x6e560373d987e988!8m2!3d-6.2120171!4d106.7926763!16s%2Fg%2F11xh96kxbb!19sChIJn2Pp8lf3aS4RiOmH2XMDVm4?authuser=0&hl=id&rclk=1","Kin Print","","","Studio seni","·","Jl. Pulo Cemp. No.18","","","","","","","Rute","","","","",""
"https://www.google.com/maps/place/PRINT+PEDIA/data=!4m7!3m6!1s0x2e69f669effe0eef:0x10b14358dc4a545f!8m2!3d-6.162753!4d106.7950575!16s%2Fg%2F1pzx5n2bw!19sChIJ7w7-72n2aS4RX1RK3FhDsRA?authuser=0&hl=id&rclk=1","PRINT PEDIA","4,4","(99)","Layanan cetak digital","·","·","Tutup","· Buka Sen pukul 09.00","Jl. Muwardi No.10-11 11, RT.9/RW.2","0822-5888-1011","http://www.printpedia.id/","","Situs Web","","Rute","https://ssl.gstatic.com/local/servicebusiness/default_user.png","""harga kompetitif, hasil memuaskan, bisa cetak goodie bag juga""",""
"https://www.google.com/maps/place/Fotocopy+%26+print+Gracia/data=!4m7!3m6!1s0x2e69f700223e1091:0x2fab1f9d636fb1ac!8m2!3d-6.1700003!4d106.7875843!16s%2Fg%2F11vwmyh8vk!19sChIJkRA-IgD3aS4RrLFvY50fqy8?authuser=0&hl=id&rclk=1","Fotocopy & print Gracia","5,0","(11)","Toko Fotokopi","·","Jl. Universitas Tarumanagara Kampus II Jl. Tanjung Duren Raya","·","Tutup","· Buka Sen pukul 07.00","0813-8258-4013","","","Rute","","","https://ssl.gstatic.com/local/servicebusiness/default_user.png","""Bisa scan, fotocopy,","print"
"https://www.google.com/maps/place/Fotocopy,+Print,+Laminating/data=!4m7!3m6!1s0x2e69f787651b8809:0x21184865c239f291!8m2!3d-6.1615549!4d106.779559!16s%2Fg%2F11txnsbjf0!19sChIJCYgbZYf3aS4RkfI5wmVIGCE?authuser=0&hl=id&rclk=1","Fotocopy, Print, Laminating","1,7","(6)","Toko Fotokopi","·","Jl. Hadiah Utama 1 No.41, RT.11/RW.3","","","","","","","Rute","","","","",""
"https://www.google.com/maps/place/De+Artz+Digital+Print/data=!4m7!3m6!1s0x2e69f65cf83636f9:0x15839645ac37de17!8m2!3d-6.169461!4d106.7898539!16s%2Fg%2F1hm4wzvp0!19sChIJ-TY2-Fz2aS4RF943rEWWgxU?authuser=0&hl=id&rclk=1","De Artz Digital Print","4,3","(42)","Layanan cetak digital","·","Jalan Tanjung Gedong kios JB17 depan kos a4, RT.7/RW.8","·","Tutup","· Buka Sen pukul 10.00","0896-8796-9698","","","Rute","","","https://ssl.gstatic.com/local/servicebusiness/default_user.png","""Terima kasih banyaaak yaa.. Lancar lancar yaa usahanyaa🙏🏻🙏🏻🙏🏻""",""
"https://www.google.com/maps/place/PRIMA+COPY+%26+PRINT/data=!4m7!3m6!1s0x2e69f7d81b76c095:0xa0b537d2d5f88a10!8m2!3d-6.2105388!4d106.7376711!16s%2Fg%2F11g3_9wb0b!19sChIJlcB2G9j3aS4REIr41dI3taA?authuser=0&hl=id&rclk=1","PRIMA COPY & PRINT","3,1","(24)","Toko Fotokopi","·","Jl. Meruya Selatan No.17, RT.1/RW.8","","Tutup","· Buka Min pukul 09.00","","","","Rute","","","","",""
"https://www.google.com/maps/place/Pad+Print/data=!4m7!3m6!1s0x2e69f7748741afa5:0x2040103a349f9dbd!8m2!3d-6.183731!4d106.744183!16s%2Fg%2F1tsq86fs!19sChIJpa9Bh3T3aS4RvZ2fNDoQQCA?authuser=0&hl=id&rclk=1","Pad Print","","","Toko Alat Tulis","·","Jl. Kembang Indah V Blok G5 No.35, RT.4/RW.5","","","","(021) 5805791","","","Rute","","","","",""
"https://www.google.com/maps/place/Prima+Printing/data=!4m7!3m6!1s0x2e69f82b3eb7e5a1:0x8bb298dba757dd12!8m2!3d-6.1788087!4d106.7193827!16s%2Fg%2F11ckqr8syd!19sChIJoeW3Piv4aS4REt1Xp9uYsos?authuser=0&hl=id&rclk=1","Prima Printing","4,2","(46)","Toko Percetakan","·","·","Tutup","· Buka Sen pukul 09.00","Jalan Kresek Raya Nomor:29 Rt:1 Rw:3 Cengkareng, RT.1/RW.3","(021) 22302495","http://www.printjakarta.net/","","Situs Web","","Rute","","Belanja di toko","Ambil di toko"
"https://www.google.com/maps/place/Pojok+Print/data=!4m7!3m6!1s0x2e69f72cfa652717:0x7db76d97b5aa661a!8m2!3d-6.2171087!4d106.7625164!16s%2Fg%2F11gck5q4c8!19sChIJFydl-iz3aS4RGmaqtZdtt30?authuser=0&hl=id&rclk=1","Pojok Print","3,7","(6)","Toko Percetakan","·","Jl. Raya Pos Pengumben No.42 6, RT.6/RW.3","·","Tutup","· Buka Min pukul 10.00","0895-6281-44345","","","Rute","","","https://ssl.gstatic.com/local/servicebusiness/default_user.png","""keren bisa cetak id card.""",""
"https://www.google.com/maps/place/Ay+Catching+Printing+%28Jasa+Print+dan+Fotocopy%29/data=!4m7!3m6!1s0x2e69f1005874091f:0xbd999ae5fe464722!8m2!3d-6.2201466!4d106.7769878!16s%2Fg%2F11nblwqdf6!19sChIJHwl0WADxaS4RIkdG_uWamb0?authuser=0&hl=id&rclk=1","Ay Catching Printing (Jasa Print dan Fotocopy)","","","Percetakan Komersial","·","QQHG+WQX, RT.7/RW.2","Tutup","· Buka Sen pukul 08.00","·","0852-6304-9524","https://www.instagram.com/aycatching.printing?igsh=MThuNzkweXVlZ2tzcg==","","Situs Web","","Rute","","",""
"https://www.google.com/maps/place/Balon+print+global+balon/data=!4m7!3m6!1s0x2e69f76b64a1d1df:0xc09611eb40316a75!8m2!3d-6.2094037!4d106.7738485!16s%2Fg%2F11vm0k1wmz!19sChIJ39GhZGv3aS4RdWoxQOsRlsA?authuser=0&hl=id&rclk=1","Balon print global balon","","","Toko Balon","·","Jl. Liam ujung no.12, rt.09/10","Tutup","· Buka Sen pukul 09.00","·","0851-0044-9486","http://www.globalbalon.id/","","Situs Web","","Rute","","",""
"https://www.google.com/maps/place/Qiunn+Print+Clothing/data=!4m7!3m6!1s0x2e69f776459f65b1:0x7c3630de0e2dbc9e!8m2!3d-6.1747907!4d106.7766922!16s%2Fg%2F11g24sl95z!19sChIJsWWfRXb3aS4RnrwtDt4wNnw?authuser=0&hl=id&rclk=1","Qiunn Print Clothing","","","Toko Percetakan","·","RT4 Jl. Mangga 7 No.7D 4, RT.4/RW.3","Tutup","· Buka Sen pukul 09.00","·","0822-8112-1299","https://iprint.id/","","Situs Web","","Rute","","",""
"https://www.google.com/maps/place/Star+Printing/data=!4m7!3m6!1s0x2e69f6abae066959:0x377054e5f228bac8!8m2!3d-6.2143644!4d106.8142517!16s%2Fg%2F1yh4g78mc!19sChIJWWkGrqv2aS4RyLoo8uVUcDc?authuser=0&hl=id&rclk=1","Star Printing","4,6","(177)","Layanan cetak digital","·","·","Tutup","· Buka Sen pukul 08.00","Jl. Bendungan Hilir No.7A","","https://www.instagram.com/star.copyprinting?igshid=OGQ5ZDc2ODk2ZA%3D%3D&utm_source=qr","","Situs Web","","Rute","https://ssl.gstatic.com/local/servicebusiness/default_user.png","""Fast respond, cetakan bagus dan karyawan ramah2""",""
"https://www.google.com/maps/place/Quick+Print+HO/data=!4m7!3m6!1s0x2e69f19dda23058f:0xf7eec81b910866a5!8m2!3d-6.2275633!4d106.7606448!16s%2Fg%2F11mvy8kndx!19sChIJjwUj2p3xaS4RpWYIkRvI7vc?authuser=0&hl=id&rclk=1","Quick Print HO","5,0","(1)","Registri perusahaan","·","QQC6+X7C, Jl. Swadarma Raya, RT.1","","","","","","","Rute","","","https://ssl.gstatic.com/local/servicebusiness/default_user.png","""Pelayanannya sangan cepat
Hasilnya bagus gak perlu di ragukan lagi""",""
"","","","","","","","","","","","","","","","","","",""