"hfpxzc href","qBF1Pd","MW4etd","UY7F9","AJB7ye","AJB7ye 2","W4Efsd","W4Efsd 2","W4Efsd 3","W4Efsd 4","W4Efsd 5","FQ2IWe src","Jn12ke src","ah5Ghc","ah5Ghc 2","W4Efsd 6","A1zNzb href","J8zHNe","bbPy1","doJOZc","M4A5Cf"
"","","","","","","","","","","","","","","","","","","","",""
"","","","","","","","","","","","","","","","","","","","",""
"https://www.google.com/maps/place/Sky+Pasta+Binus+Jakbar/data=!4m7!3m6!1s0x2e69f7df3d774cdb:0x693739725d68490e!8m2!3d-6.2038491!4d106.7826622!16s%2Fg%2F11sm8p_x90!19sChIJ20x3Pd_3aS4RDkloXXI5N2k?authuser=0&hl=id&rclk=1","Sky Pasta Binus Jakbar","4,9","(2.316)","·","Rp 25–50 rb","Italia","·","Jl. Rw. Belong No.38-34, RT.7/RW.15","Segera tutup","· 23.00 · Buka Min pukul 11.00","https://lh3.googleusercontent.com/gps-cs-s/APNQkAF79ivm-kGya2GmmDMFzM7a7pCjFtpsrE9Br16JT5-76pCy-BMCYqudnISBPiyIvZjYv96LwNu3FOZZtD1FILKX4iHE_UDIIJVDqn07ZVicETiqQEMhLNF5z7osJbLZiJaLSKiWnA=w122-h92-k-no","https://ssl.gstatic.com/local/servicebusiness/default_user.png","""Ambiencenya juga enak dan santai, servicenya juara.""","","","","","","",""
"https://www.google.com/maps/place/Thyme+Diner/data=!4m7!3m6!1s0x2e69f526268115e3:0x55af3db447f78dd4!8m2!3d-6.186692!4d106.7836314!16s%2Fg%2F11tj2dc7gv!19sChIJ4xWBJib1aS4R1I33R7Q9r1U?authuser=0&hl=id&rclk=1","Thyme Diner","4,9","(382)","·","Rp 50–75 rb","Restoran","·","Jl. Budi Raya No.35 10, RT.10/RW.9","Tutup","· Buka Min pukul 08.00","https://lh3.googleusercontent.com/gps-cs-s/APNQkAFudLze0TqSMYxHzo6pp2p5dCR5pAqvJimWcFOsQBf-uEu-L6v1qD-mdRpMUGrd_xtpWoScoEDM7WfS9KYPfTqOsfCwq1Jf6Wrlnsgz-d1fnY72F-oP2MWFYYWRisoS4taQhTU=w122-h92-k-no","https://ssl.gstatic.com/local/servicebusiness/default_user.png","""","Restoran","","","","","",""
"https://www.google.com/maps/place/Kemangi/data=!4m7!3m6!1s0x2e69f71b0fdcd54f:0x7ef136ebd45c8b72!8m2!3d-6.1905693!4d106.7626419!16s%2Fg%2F11b806d72_!19sChIJT9XcDxv3aS4Rcotc1Os28X4?authuser=0&hl=id&rclk=1","Kemangi","4,3","(1.084)","·","Rp 75–100 rb","Indonesia","·","Jl. Perjuangan No.4 Blok A, RT.15/RW.10","Segera tutup","· 23.30 · Buka Min pukul 07.00","https://lh3.googleusercontent.com/gps-cs-s/APNQkAHSVLEg6eeSPirBY6vxpdrLIBDeVrxOfsKKUmU6gdVqdC80Mrv1GlFRSgAwrxeH5iLWaoJGid83KBzu3PIQyQlMZERZgFXJ_J40UUdIdJTtXj7Yj51G6A0ziUpcaxQnw2O0jd16=w163-h92-k-no","https://ssl.gstatic.com/local/servicebusiness/default_user.png","""Recomended banget kalo buat nongkrong, makanannya enak, pelayanan juga ok""","","Restoran keren dengan masakan klasik","https://www.google.com/viewer/chooseprovider?mid=/g/11b806d72_&g2lbs=AIBNGdV0bPu50brfv-ZUfQuNNcnuzqSsCbRWwLg4922_Qro7YOj3JKIekQOyn9vQldWAbstRnmRi8CUvVr6tU1weN8i81hKTbQ%3D%3D&hl=id-ID&gl=id&fo_m=MfohQo559jFvMUOzJVpjPL1YMfZ3bInYwBDuMfaXTPp5KXh-&utm_source=tactile&gei=JKbjafnCBaDvseMP3tmWkAs&ei=JKbjafnCBaDvseMP3tmWkAs&fo_s=OA&opi=79508299&orderType=1&ebb=1&cs=0&foub=mcpp","Pesan online","","",""
"https://www.google.com/maps/place/Bebek+Kaleyo+Kemanggisan/data=!4m7!3m6!1s0x2e69f7428ffe566f:0x1362475e19a73051!8m2!3d-6.1956679!4d106.7823963!16s%2Fg%2F11h92mx0b3!19sChIJb1b-j0L3aS4RUTCnGV5HYhM?authuser=0&hl=id&rclk=1","Bebek Kaleyo Kemanggisan","4,8","(2.926)","·","Rp 25–50 rb","Restoran","·","Jl. Kemanggisan Raya No.39 4, RT.3/RW.13","Segera tutup","· 23.00 · Buka Sen pukul 09.00","https://lh3.googleusercontent.com/gps-cs-s/APNQkAGmVo8c7ASXE-lPlblm6oclX0-fbt5PJputJS98JfhkaNUz9RMFIGzEUN5tJaLGgfZZ-aJNaHan72xNFwG_NqZIarQog4E3v1-JoNOlWS7MQuHvgQ4k85_XxbEdEmypE4iGEW8=w122-h92-k-no","https://ssl.gstatic.com/local/servicebusiness/default_user.png","""Menu bebek yang enak, bumbunya terasa, dengan varian rasa.""","","","","","","",""
"https://www.google.com/maps/place/Bale+Dahar/data=!4m7!3m6!1s0x2e69f71db1f00645:0x814dab962bcd095f!8m2!3d-6.1939015!4d106.7692194!16s%2Fg%2F1v90f60n!19sChIJRQbwsR33aS4RXwnNK5arTYE?authuser=0&hl=id&rclk=1","Bale Dahar","4,4","(520)","·","Rp 50–75 rb","Restoran","·","·","Tutup","· Buka Min pukul 10.00","https://lh3.googleusercontent.com/gps-cs-s/APNQkAFh7ptwTiGWVREfU2AvCjkfIAmb-GvfiwO-uSGOeKokuv-RQskLKBKLgahqIuX1kx-tNCxF6-PfpoH04SR_dkKOi86iN7ibl6LFWU5_NwIPcjtco1ZAvtyEJHAGyiAHUdUNhFQfvw=w135-h92-k-no","https://ssl.gstatic.com/local/servicebusiness/default_user.png","""Pesen nasi lodeh, tahu isi, dan nasi pecel semuanya enak.""","","Jl. Panjang No.5D, RT.7/RW.11","https://www.google.com/viewer/chooseprovider?mid=/g/1v90f60n&g2lbs=AIBNGdVPCMf02j9VR6aTQuDvJUrcF3UOqSBaf5v7hdnaclgz81m8MOsF_Ln5dchNRhCUF2B0GVhADFiqnPdwJ6fRNS78o_qxZA%3D%3D&hl=id-ID&gl=id&fo_m=MfohQo559jFvMUOzJVpjPL1YMfZ3bInYwBDuMfaXTPp5KXh-&utm_source=tactile&gei=JKbjafnCBaDvseMP3tmWkAs&ei=JKbjafnCBaDvseMP3tmWkAs&fo_s=OA&opi=79508299&ebb=1&cs=0&foub=mcpp","Pesan online","","",""
"https://www.google.com/maps/place/Pesisir+Seafood/data=!4m7!3m6!1s0x2e69f7602b9f7f0d:0x3e76fc8493347d90!8m2!3d-6.1974202!4d106.757001!16s%2Fg%2F11fmfz3955!19sChIJDX-fK2D3aS4RkH00k4T8dj4?authuser=0&hl=id&rclk=1","Pesisir Seafood","4,7","(5.582)","·","$$$","Hidangan Laut","·","·","Tutup","· Buka Min pukul 11.00","https://lh3.googleusercontent.com/gps-cs-s/APNQkAHoLMPVj3YeNc1ZvXdFcUrRdgR4w4tjrOqyzaJS5xgn6q-XSc0qcq3gIaXqnh6Y9YwMVb9c-brKZUSMi09LjnvLEDrPT6qJLSqsVnUUKTaPa4YXPJ-VrUTQXOzhwurcAxG_FkY5=w163-h92-k-no","https://ssl.gstatic.com/local/servicebusiness/default_user.png","""makanan enak, tempat luas, servicenya mantap bintang 5 deh!""","","Daerah Khusus Ibukota, Jl. Meruya Ilir Raya No.9, RT.4/RW.1, Srengseng, Kec. Kembangan, Kota, Jl. Meruya Ilir Raya, RT.4/RW.1","https://www.google.com/viewer/chooseprovider?mid=/g/11fmfz3955&g2lbs=AIBNGdWARpMBRgOeBayOGnr-KcSw6VC1-MKUzOmP6WOKmcc2hsoY-CWV6c9erqmSoY3rrBLtLuF1OxMnXund9CIJUfl3d93SCQ%3D%3D&hl=id-ID&gl=id&fo_m=MfohQo559jFvMUOzJVpjPL1YMfZ3bInYwBDuMfaXTPp5KXh-&utm_source=tactile&gei=JKbjafnCBaDvseMP3tmWkAs&ei=JKbjafnCBaDvseMP3tmWkAs&fo_s=OA&opi=79508299&orderType=1&ebb=1&cs=0&foub=mcpp","Pesan online","","",""
"https://www.google.com/maps/place/Waroeng+Sunda/data=!4m7!3m6!1s0x2e69f702ca5474d9:0x3dfeb94d32643aac!8m2!3d-6.187942!4d106.768904!16s%2Fg%2F11cmsvpdhc!19sChIJ2XRUygL3aS4RrDpkMk25_j0?authuser=0&hl=id&rclk=1","Waroeng Sunda","4,5","(5.441)","·","$$","Sunda","·","·","Tutup","· Buka Min pukul 10.00","https://lh3.googleusercontent.com/gps-cs-s/APNQkAGmeN9Ap7zmF4JkxdH07aIX0i6sRhuamkRhm2uRzt18ja0kmbnSWQ7czf-cbVzzsCnkDJTmk4fzjyyRl7qTB5esCFOh1s8f8FMIZBwK5SBtyALc65imibHEaLOiC2r-F6_sVTfsyhZTels=w163-h92-k-no","https://ssl.gstatic.com/local/servicebusiness/default_user.png","""All good, makanan enak, ambient nya bagus""","","Jl. Panjang No.57, RT.6/RW.1","https://www.google.com/viewer/chooseprovider?mid=/g/11cmsvpdhc&g2lbs=AIBNGdX2916f4tpehvRbD8xc3JpBKGDR_uobAXeff9WirQ2HT-5NjIuBQB3d7acVMWrGaYSDroh18Gto1VKu60Pw03PXQhUaaA%3D%3D&hl=id-ID&gl=id&fo_m=MfohQo559jFvMUOzJVpjPL1YMfZ3bInYwBDuMfaXTPp5KXh-&utm_source=tactile&gei=JKbjafnCBaDvseMP3tmWkAs&ei=JKbjafnCBaDvseMP3tmWkAs&fo_s=OA&opi=79508299&orderType=1&ebb=1&cs=0&foub=mcpp","Pesan online","","",""
"https://www.google.com/maps/place/Fish+Bite+Kemanggisan/data=!4m7!3m6!1s0x2e69f6c32ab88dad:0x65a6fbd6c560bf64!8m2!3d-6.200706!4d106.7836059!16s%2Fg%2F11hbgjcn75!19sChIJrY24KsP2aS4RZL9gxdb7pmU?authuser=0&hl=id&rclk=1","Fish Bite Kemanggisan","4,3","(381)","·","Rp 50–75 rb","Fish & Chips","·","Jl. Keluarga No.36 6, RT.6/RW.12","Buka","· Tutup pukul 00.00","https://lh3.googleusercontent.com/gps-cs-s/APNQkAFunWV1n2L8N99637ESTSrvagQHfGCXhv3DXN-JDLCDZfiU5LpOoUeqruGrjWd2CGEycflaALQ6_1a_eXi09b-piMZlEs18gau0-uiOIYC2ax3LajF1J4gThga2_a3-WiisQpZ4Zw=w122-h92-k-no","https://ssl.gstatic.com/local/servicebusiness/default_user.png","""Tartar sauce, butter, creamy pasta, fish smua enak banget.""","","","https://www.google.com/viewer/chooseprovider?mid=/g/11hbgjcn75&g2lbs=AIBNGdUA5TO70mCHJgqw3-fZSiwjrc0xwx6_md8r2-EIEOUc_g9D9wAYG8HbygArSIIt5sRF0wsQlMdXqc6wR5Mnl0SGsE9eNw%3D%3D&hl=id-ID&gl=id&fo_m=MfohQo559jFvMUOzJVpjPL1YMfZ3bInYwBDuMfaXTPp5KXh-&utm_source=tactile&gei=JKbjafnCBaDvseMP3tmWkAs&ei=JKbjafnCBaDvseMP3tmWkAs&fo_s=OA&opi=79508299&orderType=1&ebb=1&cs=0&foub=mcpp","Pesan online","","",""
"https://www.google.com/maps/place/Sarang+Oci,+Restoran+Manado+-+Kebon+Jeruk/data=!4m7!3m6!1s0x2e69f720ec98f829:0x2f27b35bc7124024!8m2!3d-6.2032443!4d106.7696938!16s%2Fg%2F1td8nv4t!19sChIJKfiY7CD3aS4RJEASx1uzJy8?authuser=0&hl=id&rclk=1","Sarang Oci, Restoran Manado - Kebon Jeruk","4,5","(3.238)","·","$$","Manado","·","·","Tutup","· Buka Min pukul 10.00","https://lh3.googleusercontent.com/gps-cs-s/APNQkAEf7XOOVV8TSX79YdVEt_Ne4mY8oRZBAIyV1ljpezaIf39m3hztX_vJ4FUfb8NhiRz2FX5Qiafd7cFzkctkyAp5OhEnaCgkUWB73jOPWmu97wp0SCnyJ_5r75AGCv0zkLUh5ZWKqXjI0WSg=w122-h92-k-no","https://ssl.gstatic.com/local/servicebusiness/default_user.png","""Menu nya kebanyakan adalah menu ikan dengan beragam sambal khas nya.""","","Jl. Panjang Arteri Klp. Dua Raya Jl. Panjang No.99, RT.8/RW.2","https://www.google.com/viewer/chooseprovider?mid=/g/1td8nv4t&g2lbs=AIBNGdXsdO-4CCS9i8Eb-qDtvHNsHEeKPvZ-n1wmcm5L6Q8tkEKoB3TsxrCHYjtx5D2XRRHZwev752nVeoPmDnnN6s1__jfuPQ%3D%3D&hl=id-ID&gl=id&fo_m=MfohQo559jFvMUOzJVpjPL1YMfZ3bInYwBDuMfaXTPp5KXh-&utm_source=tactile&gei=JKbjafnCBaDvseMP3tmWkAs&ei=JKbjafnCBaDvseMP3tmWkAs&fo_s=OA&opi=79508299&orderType=1&ebb=1&cs=0&foub=mcpp","Pesan online","","",""
"https://www.google.com/maps/place/Layar+Seafood+%26+Ikan+Bakar+Pesanggrahan/data=!4m7!3m6!1s0x2e69f716e3eecd51:0xd946d87a48641634!8m2!3d-6.1956147!4d106.7554717!16s%2Fg%2F11cjh_y82z!19sChIJUc3u4xb3aS4RNBZkSHrYRtk?authuser=0&hl=id&rclk=1","Layar Seafood & Ikan Bakar Pesanggrahan","4,6","(7.330)","·","$$","Hidangan Laut","·","·","Tutup","· Buka Min pukul 11.00","https://lh3.googleusercontent.com/gps-cs-s/APNQkAEq0rKl2kvcmhmITDqWyxaoYzb5mDdENHVSmpjOOD1Sp5o8xLtPsWNAGkkyqtlZ2e6DupKC_xetcc60D7Ugv4_7SGh7_V0ghgsq3ZDgdJ81U5lgt1mqBUNFLp9Mi4mfCM2STD-P=w163-h92-k-no","https://ssl.gstatic.com/local/servicebusiness/default_user.png","""Harganya tergolong pricy, but worth it untuk sekali-kali makan disini.""","","1, Jl. Pesanggrahan No.80, RT.1/RW.3","https://www.google.com/viewer/chooseprovider?mid=/g/11cjh_y82z&g2lbs=AIBNGdVHu36nA8q4_7SdPfkhEnE_NNWW8-zlvBiQGD7I8eVUB1avmLulZuUb_0weHclYZEtM3w75n-olOevz1xPT_nmqAevGHQ%3D%3D&hl=id-ID&gl=id&fo_m=MfohQo559jFvMUOzJVpjPL1YMfZ3bInYwBDuMfaXTPp5KXh-&utm_source=tactile&gei=JKbjafnCBaDvseMP3tmWkAs&ei=JKbjafnCBaDvseMP3tmWkAs&fo_s=OA&opi=79508299&ebb=1&cs=0&foub=mcpp","Pesan online","","",""
"https://www.google.com/maps/place/Ngebakmee/data=!4m7!3m6!1s0x2e69f6c2d27c0001:0x8ddfd59681e201e8!8m2!3d-6.2001386!4d106.7826502!16s%2Fg%2F11rpv8xb_j!19sChIJAQB80sL2aS4R6AHigZbV340?authuser=0&hl=id&rclk=1","Ngebakmee","4,8","(20)","","","Restoran","·","Jl. Rw. Belong No.6A, RT.6/RW.12","Tutup","· Buka Min pukul 09.00","https://lh3.googleusercontent.com/gps-cs-s/APNQkAHbH1M_4z2FUvNsKqfyQuXAXZ6fbbQrNCh3r7m_1ZjPodMIIKcMTGzKUx2RdIWnGueMtfar8MFPbuvnpW3qflfjEVXq1UqFeXMjmT4RXJuN1mxtDbxfHmBzbCUgQ01TzvK99gpP=w163-h92-k-no","https://ssl.gstatic.com/local/servicebusiness/default_user.png","""Enak bakmie nyaa rasa nya pass""","","","","","","",""
"https://www.google.com/maps/place/Waroeng+Western/data=!4m7!3m6!1s0x2e69f6c3068a5e63:0xbfdbe0cb19b2e676!8m2!3d-6.2036051!4d106.7756191!16s%2Fg%2F11b7jg2m8k!19sChIJY16KBsP2aS4RduayGcvg278?authuser=0&hl=id&rclk=1","Waroeng Western","4,3","(468)","·","Rp 25–50 rb","Perpaduan","·","·","Tutup","· Buka Min pukul 09.00","https://lh3.googleusercontent.com/gps-cs-s/APNQkAEeg2UdG2zHP8aOCAXhgwloHDeBNEAFOn4jrID73Hvl983LBi9m8JPYjY9DgNCT8fUVf3x1fOAgeyQpBiccfhIXUi2fCXRGShLjHvKFX7PrY8oudb8af9w1E4EnMsWFf2B3cxgd=w122-h92-k-no","https://ssl.gstatic.com/local/servicebusiness/default_user.png","""Makanan di sini enak-enak dan harganya sangat terjangkau.""","","Jl. Harun Raya No.4A","https://www.google.com/viewer/chooseprovider?mid=/g/11b7jg2m8k&g2lbs=AIBNGdUme3hR5_OFMeu90EkRcjbI8A0aOV47as8NCtUOkKtBGexQel0P4Q14cn2QG_jG1GxhJs1-LDbpgHM600izNIC3PImjTA%3D%3D&hl=id-ID&gl=id&fo_m=MfohQo559jFvMUOzJVpjPL1YMfZ3bInYwBDuMfaXTPp5KXh-&utm_source=tactile&gei=JKbjafnCBaDvseMP3tmWkAs&ei=JKbjafnCBaDvseMP3tmWkAs&fo_s=OA&opi=79508299&orderType=1&ebb=1&cs=0&foub=mcpp","Pesan online","","",""
"https://www.google.com/maps/place/RENZ+CAFE/data=!4m7!3m6!1s0x2e69f7595fcb6039:0xfbc2896818dee2a8!8m2!3d-6.1936646!4d106.7558942!16s%2Fg%2F11xvf3gsk_!19sChIJOWDLX1n3aS4RqOLeGGiJwvs?authuser=0&hl=id&rclk=1","RENZ CAFE","5,0","(664)","·","Rp 50–75 rb","Restoran","·","·","Buka","· Tutup pukul 00.00","https://lh3.googleusercontent.com/gps-cs-s/APNQkAHogP3N36pbTFBzD53K6TjGMjuibX1PBqsGvyseGjpstJq0jdxzSbCDVGE8YB7FrK3rI8BrgkgssnfsgGiGogbM8fxLTZ4MtDO5H66-QQyMFfDz-FqkEKuL05OndfYGxE5B0Oi_zEm0d3Q=w122-h92-k-no","https://ssl.gstatic.com/local/servicebusiness/default_user.png","""overall semuanya thebest dari food, service dan atmosphere nya.""","","Jl. Pesanggrahan No.35A","https://www.google.com/viewer/chooseprovider?mid=/g/11xvf3gsk_&g2lbs=AIBNGdU3J4VIc8V-w8qg7KfKw6SftIm9jhr7FBIgTX4TnJSkG3GDPC1eCZmtv_97e2L7n_WXwcdWb-_YsrQbtsR860xz-7Lfcw%3D%3D&hl=id-ID&gl=id&fo_m=MfohQo559jFvMUOzJVpjPL1YMfZ3bInYwBDuMfaXTPp5KXh-&utm_source=tactile&gei=JKbjafnCBaDvseMP3tmWkAs&ei=JKbjafnCBaDvseMP3tmWkAs&fo_s=OA&opi=79508299&orderType=1&ebb=1&cs=0&foub=mcpp","Pesan online","","",""
"https://www.google.com/maps/place/Warung+Makan+Dapoer+Genok/data=!4m7!3m6!1s0x2e69f7cd0dbb69d5:0x6ba0d9f781f5ae3b!8m2!3d-6.1971108!4d106.7685073!16s%2Fg%2F11ql5_l6hp!19sChIJ1Wm7Dc33aS4RO671gffZoGs?authuser=0&hl=id&rclk=1","Warung Makan Dapoer Genok","5,0","(12)","","","Indonesia","·","7, Jl. Lapangan Bola No.16, RT.7/RW.1","Tutup","· Buka Min pukul 08.00","https://lh3.googleusercontent.com/gps-cs-s/APNQkAGWO5XAHird_axXHBmm5hf2NPHa_iAqfFKDpnWMTT0RYH76W6YY2GaB3Kbso1677b78Sw1kBPUwqCkhks_EHRJovvtYqTNNebVg9NsT1jQ0gu9keaz_ZsPPCCGUYwmzbVrjUHNiwA=w139-h92-k-no","","Makan di tempat","Bawa pulang","","","","","","·"
"https://www.google.com/maps/place/RM.+Akoen+Kebon+Jeruk/data=!4m7!3m6!1s0x2e69f71f601d8099:0xa68da7aa5a747b93!8m2!3d-6.1987385!4d106.7662566!16s%2Fg%2F11bx4kz9ky!19sChIJmYAdYB_3aS4Rk3t0WqqnjaY?authuser=0&hl=id&rclk=1","RM. Akoen Kebon Jeruk","4,4","(280)","·","Rp 50–75 rb","China","·","Jl. Raya Kb. Jeruk No.44A 10, RT.10/RW.1","Tutup","· Buka Min pukul 10.00","https://lh3.googleusercontent.com/gps-cs-s/APNQkAE-QV6lQvkQTrK0zfX4f7-IEZXorW6sggVk70WjtgiQJqw6dDyFCcbG4y9h9wObRUOv-3lIx9Rhb-WbmjoodhJv9UcfzfX1Xob50JW4UZKM9SRiR1JHXal1exGMvoU86EDyNrbe=w163-h92-k-no","https://ssl.gstatic.com/local/servicebusiness/default_user.png","""Chinese food resto yang rasanya enak dan harganya terjangkau.""","","","https://www.google.com/viewer/chooseprovider?mid=/g/11bx4kz9ky&g2lbs=AIBNGdWkfIQ8ElGm8MgU4K3Vp3mePzbpTB6njKVvL_-XBDbl3ss14qONnaeH2uQpjLFlFsa9J0EWQloX6Sf9JNlfGhAZg35twQ%3D%3D&hl=id-ID&gl=id&fo_m=MfohQo559jFvMUOzJVpjPL1YMfZ3bInYwBDuMfaXTPp5KXh-&utm_source=tactile&gei=JKbjafnCBaDvseMP3tmWkAs&ei=JKbjafnCBaDvseMP3tmWkAs&fo_s=OA&opi=79508299&orderType=1&ebb=1&cs=0&foub=mcpp","Pesan online","","",""
"https://www.google.com/maps/place/GONIZ+RESTO/data=!4m7!3m6!1s0x2e69f6c33f1a726f:0x75cddc3ec052d4c7!8m2!3d-6.201918!4d106.783642!16s%2Fg%2F11c1n5n31j!19sChIJb3IaP8P2aS4Rx9RSwD7czXU?authuser=0&hl=id&rclk=1","GONIZ RESTO","4,6","(36)","","","China","·","Jl. U Raya Gang U2 No.70 9, RT.9/RW.15","Tutup","· Buka Min pukul 10.30","https://lh3.googleusercontent.com/gps-cs-s/APNQkAFsKZNdrBiglF3us_QtDAjcIOy4qeYP9K_XXIKAtw1SfbyS4DjqhYZ7UN7BKMaGh71cRC1Ww7TILoRqGSNMg2c6ChITpjZ5Qcnfmqn4oEoozjtzG99OO3bTLjamsvDrY80XYshm0g=w122-h92-k-no","https://ssl.gstatic.com/local/servicebusiness/default_user.png","""Warung chinese food under 20 ribu harga mahasiswa.""","","","https://www.google.com/viewer/chooseprovider?mid=/g/11c1n5n31j&g2lbs=AIBNGdV4s-gFEwpybkAq2wYCPRlD64mJh46s2tSbjcFx2TMGAC7Md9hoaejA6AfnY6yY6gxHz1nMvCSueiPVlBJukjOmQeGCzA%3D%3D&hl=id-ID&gl=id&fo_m=MfohQo559jFvMUOzJVpjPL1YMfZ3bInYwBDuMfaXTPp5KXh-&utm_source=tactile&gei=JKbjafnCBaDvseMP3tmWkAs&ei=JKbjafnCBaDvseMP3tmWkAs&fo_s=OA&opi=79508299&orderType=1&ebb=1&cs=0&foub=mcpp","Pesan online","","",""
"https://www.google.com/maps/place/Delaudine+Jakarta+Barat/data=!4m7!3m6!1s0x2e69f722c03b3699:0x47ca19aa0813c6e5!8m2!3d-6.2024077!4d106.7842716!16s%2Fg%2F11fjy2_1dk!19sChIJmTY7wCL3aS4R5cYTCKoZykc?authuser=0&hl=id&rclk=1","Delaudine Jakarta Barat","4,2","(25)","","","Indonesia","·","Jl. U No.27 C, RT.9/RW.15","Buka 24 jam","","https://lh3.googleusercontent.com/gps-cs-s/APNQkAHKRTapSwoZ5J7KLuBtiYjeTxNVycugS7onRmpS8nFBSXfHjulG9RGInGzSTsU_iyOicxBjqUScHY7JGv_H7o7DmpuR1PehyfAltJ9gnjtibbabbECdCkKaQFgQDnuKn1VT-GdgYHfC-RdZ=w80-h177-k-no","https://ssl.gstatic.com/local/servicebusiness/default_user.png","""Di sini warung Jawa Timur palmerah dan warung babat gongso.""","","","","","","",""
"https://www.google.com/maps/place/%23WarungTetangga+Lauk+Sambal+Bude+Ndut/data=!4m7!3m6!1s0x2e69f6e825701295:0x23d99440d4feaa04!8m2!3d-6.1976597!4d106.7845632!16s%2Fg%2F11kkbcrvxw!19sChIJlRJwJej2aS4RBKr-1ECU2SM?authuser=0&hl=id&rclk=1","#WarungTetangga Lauk Sambal Bude Ndut","4,9","(10)","","","Restoran","·","RQ2M+WRP, RT.5/RW.12","Tutup","· Buka Min pukul 07.00","https://lh3.googleusercontent.com/gps-cs-s/APNQkAECDF5WqrDr7a3aV1xM3yuRXZ9ycgyTym_K5KZy7Ewy8ZMYWwXuopx702-D5yJM2ZQpyskWIbQRwjlU-YQsBls3bEqvNC9IOvVdrh2sX7vffkT59fTSGxZJfb1BmzcENx8-WbE6=w138-h92-k-no","https://ssl.gstatic.com/local/servicebusiness/default_user.png","""Enak, murah, meriah""","","","","","","",""
"https://www.google.com/maps/place/Pakistan+biryani%28kebuli%29+%26+shawarma/data=!4m7!3m6!1s0x2e69f7f5468d5507:0x4d664e39143d745!8m2!3d-6.2008371!4d106.78308!16s%2Fg%2F11w92v50p5!19sChIJB1WNRvX3aS4RRddDkeNk1gQ?authuser=0&hl=id&rclk=1","Pakistan biryani(kebuli) & shawarma","5,0","(30)","·","Rp 1–25.000","Pakistan","·","Jl. Kyai H. Syahdan No.4, RT.7/RW.12","Buka","· Tutup pukul 01.00","https://lh3.googleusercontent.com/gps-cs-s/APNQkAExfcmKu8BA99PNn35YLWUhJwrtpHY7Fm8c2lDBaTmyuf9Xn1sVMCocrPIMpoyDmbjQg4JGehl4egR6Qai4f1gijNqYIT0IiYub_C9G6K4FWoZgrrNje7ZPfJQn-ygcvSghaoHXFQ=w122-h92-k-no","https://ssl.gstatic.com/local/servicebusiness/default_user.png","""Makanan enak, wifi gratis, dan tempat makan yang bersih.""","","","https://www.google.com/viewer/chooseprovider?mid=/g/11w92v50p5&g2lbs=AIBNGdV9QbtlgeTOfhBtZwUpZiQZbN_mnaolpa90qOU85cBlsi8LRSl_phU6AqRXd-AqTd3cSrvgKDy4IPpnSIW5h92Us1VdQw%3D%3D&hl=id-ID&gl=id&fo_m=MfohQo559jFvMUOzJVpjPL1YMfZ3bInYwBDuMfaXTPp5KXh-&utm_source=tactile&gei=JKbjafnCBaDvseMP3tmWkAs&ei=JKbjafnCBaDvseMP3tmWkAs&fo_s=OA&opi=79508299&orderType=1&ebb=1&cs=0&foub=mcpp","Pesan online","","",""
"https://www.google.com/maps/place/Iga+penyet+rumah+putih/data=!4m7!3m6!1s0x2e69f7197930d2fb:0xe55778a9238f28c!8m2!3d-6.1860651!4d106.7725797!16s%2Fg%2F11jdqnd94v!19sChIJ-9IweRn3aS4RjPI4kop3VQ4?authuser=0&hl=id&rclk=1","Iga penyet rumah putih","4,9","(15)","","","Restoran","·","Jl. Duri Raya No.12, RT.2/RW.7","Segera tutup","· 22.45 · Buka Min pukul 09.00","https://lh3.googleusercontent.com/gps-cs-s/APNQkAHrOE9R3dUruJTqQtLqEJ1CR9pMq4ZEhq6C0P0sLUw0CaKXNmJs5af0EZbgp6x655XSuT2P48wuQO0vWteQpzWlE2FU2OTI6cJQZM7OTQlZDllax7_JZXudWP5S7rQvZnbvLXM=w80-h106-k-no","https://ssl.gstatic.com/local/servicebusiness/default_user.png","""Tempat nyantai yg nyaman dan bisa karoke""","","","","","","",""
"https://www.google.com/maps/place/Sentra+Jamu+Indonesia/data=!4m7!3m6!1s0x2e69f6d7e4cc14c5:0x94cbd41b86fbb5!8m2!3d-6.2095433!4d106.7712569!16s%2Fg%2F11cs6kj7g3!19sChIJxRTM5Nf2aS4RtfuGG9TLlAA?authuser=0&hl=id&rclk=1","Sentra Jamu Indonesia","4,5","(157)","·","$$","Jawa","·","Jl. Panjang Arteri Klp. Dua Raya No.27 1, RT.1/RW.2","Tutup","· Buka Sen pukul 10.00","https://lh3.googleusercontent.com/gps-cs-s/APNQkAGH7gT3h7Y0_vsElSglwLijF4mpDpywrFv5tg6oqX2m8D9dNki2QPOH6CjmCbggVO8aOcHo3JMnvum1wBt_A21kKpzJq45zMoKrseQ2Y5xIENpCLkwchzWeSU1YcFbTJxTP99pNMA=w163-h92-k-no","https://ssl.gstatic.com/local/servicebusiness/default_user.png","""tempat nya bersih dan nyaman dan service nya bagus.""","","","","","","",""
"https://www.google.com/maps/place/DAXI+RESTORAN/data=!4m7!3m6!1s0x2e69f700377d5941:0x25769e16f855d0c0!8m2!3d-6.1808774!4d106.7921805!16s%2Fg%2F11yr_07c4g!19sChIJQVl9NwD3aS4RwNBV-BaediU?authuser=0&hl=id&rclk=1","DAXI RESTORAN","4,7","(6)","","","Masakan Asia","·","Hublife Jakarta, Lantai 1, RT.12/RW.1","","","https://lh3.googleusercontent.com/gps-cs-s/APNQkAEXIeDolCu68iM5TMQhOOKaOJ67NfAmvKd1gKJI1X1MDiUXyT9bj5JMm0d2L8plncevM3foS_INCPWwjHo9FqkHfIQSE69z6489yHifa5bPie8sqgLAwahXt_C7akAJOVHghvX8lMAE4vDW=w122-h92-k-no","","Makan di tempat","Bawa pulang","","","","","","·"
"https://www.google.com/maps/place/Saiyo+Sakato/data=!4m7!3m6!1s0x2e69f7211516bf67:0xe2ce2fb9080347fa!8m2!3d-6.2026537!4d106.7665235!16s%2Fg%2F11f6570752!19sChIJZ78WFSH3aS4R-kcDCLkvzuI?authuser=0&hl=id&rclk=1","Saiyo Sakato","3,0","(2)","","","Padang","·","Jl. E No.1 1, RT.2/RW.1","Tutup","· Buka Min pukul 08.00","https://lh3.googleusercontent.com/gps-cs-s/APNQkAHlwEq9OolRKigIxk3NU1OvYfrXeVFv8qH9fQbm4V3hA8iHVCW_chtuuBaZsEjuTz-yx7J_EQ3Skk2Fbh_iO7QV3UcCkX-FGZSomtjpgp0s48lafOJK-tKwKl0lU7QGYqggqOGlMg=w80-h173-k-no","","Makan di tempat","Bawa pulang","","","","","","·"
"https://www.google.com/maps/place/Nasi+Uduk+Betawi+Bu+RT/data=!4m7!3m6!1s0x2e69f7b89c773c3b:0x9a06a1c3cb7c92dc!8m2!3d-6.1878912!4d106.776603!16s%2Fg%2F11llj3yd_d!19sChIJOzx3nLj3aS4R3JJ8y8OhBpo?authuser=0&hl=id&rclk=1","Nasi Uduk Betawi Bu RT","4,8","(8)","","","Pecel Lele","·","Jl. Asem No.8E, RT.4/RW.4","Tutup","· Buka Min pukul 17.00","https://lh3.googleusercontent.com/gps-cs-s/APNQkAExJRGhAhB1jYIN3zw9yTJYHEBX0Ek7b6l8qjqD1HL-r0rvndkEO8RcPkD2PhAu012ZRGWi4YAGlFy90ClD-MTHM4QKvRx-QFtoMwFCpoJJibVMjHRPrkZLBtfaJnXDfnFMC5tT2w=w122-h92-k-no","","Makan di tempat","Bawa pulang","","","","","","·"
"https://www.google.com/maps/place/Bakso+%26+Mie+Ayam+Jatisrono+2/data=!4m7!3m6!1s0x2e69f71bc673b87b:0xa8dc3c7f29dc99ef!8m2!3d-6.193626!4d106.7634691!16s%2Fg%2F11bz_4ljgs!19sChIJe7hzxhv3aS4R75ncKX883Kg?authuser=0&hl=id&rclk=1","Bakso & Mie Ayam Jatisrono 2","4,2","(32)","","","Bakso","·","·","Tutup","· Buka Min pukul 10.00","https://lh3.googleusercontent.com/gps-cs-s/APNQkAFC1ZujyMqTk8b7h54cCxc2o728JX8B2g1HokwSGySPRSktggvWTNXjK6v4PJS8iHYa-VUNr6tq3Kpa099AnblV0cBPE0O21CUoQEW_weKtyvydUxQv57xmYdJAJhzFK6CZ6lGr=w163-h92-k-no","","Makan di tempat","Bawa pulang","Jl. Perjuangan No.32 2, RT.9/RW.7","","","","","·"
"https://www.google.com/maps/place/Danny+Afung+Vira+Sabil+Resto/data=!4m7!3m6!1s0x2e69f7c967f34135:0x486baf7f90be5d32!8m2!3d-6.1970741!4d106.793916!16s%2Fg%2F11h1m58x0z!19sChIJNUHzZ8n3aS4RMl2-kH-va0g?authuser=0&hl=id&rclk=1","Danny Afung Vira Sabil Resto","4,3","(4)","","","China","·","Jl. Pakembangan 1/ Inspeksi Slipi No.10 13, RT.13/RW.3","Buka 24 jam","","https://lh3.googleusercontent.com/gps-cs-s/APNQkAGF7AkkwIafAGQkHDVvHwqtEPtZ4pcvF0IlRE_QA1LCDE6AP09pFaCNCQ64yDTFEiOMB4SwmZLD3hHGir07qBrOjbh3GnaSPRXuyxCItL8DIAZOpXCEo_yzjrEGBZBNKYVrw7Y=w80-h142-k-no","","Makan di tempat","Bawa pulang","","","","","","·"
"https://www.google.com/maps/place/Warung+Soto+%26+Ayam+Penyet+%27Bossquh%27/data=!4m7!3m6!1s0x2e69f78a2f96c4f3:0xd325f45caf1d7a51!8m2!3d-6.1996766!4d106.783593!16s%2Fg%2F11hz3rwpr2!19sChIJ88SWL4r3aS4RUXodr1z0JdM?authuser=0&hl=id&rclk=1","Warung Soto & Ayam Penyet 'Bossquh'","5,0","(5)","","","Restoran","·","Jl. Keluarga No.6, RT.6/RW.12","Tutup","· Buka Min pukul 10.00","https://lh3.googleusercontent.com/gps-cs-s/APNQkAGBeBwR1ttx4CeQtbtmMeeHHvuoIJRSO7O7Nr4UZXK0segH4nS4sbgIC1AQLbTMegi-2VIIllkOuXOdGiuan6xnRgMq_N-a1MfxZaH7qGyFgREmst1SBDk9br2Zs7zQ2PkCrb4L=w163-h92-k-no","","Makan di tempat","Bawa pulang","","","","","","·"
"https://www.google.com/maps/place/Bakso+JWR+%28+jawir+%29/data=!4m7!3m6!1s0x2e69f71123762bb7:0x69a8dcd8ff51182c!8m2!3d-6.1941698!4d106.7558898!16s%2Fg%2F1ptz9wlqk!19sChIJtyt2IxH3aS4RLBhR_9jcqGk?authuser=0&hl=id&rclk=1","Bakso JWR ( jawir )","4,2","(963)","·","Rp 25–50 rb","Bakso","·","·","Tutup","· Buka Min pukul 10.00","https://lh3.googleusercontent.com/gps-cs-s/APNQkAFigrV-wNS8UceZcoXqSCD7Nr0mtpXR4U5pGKPR0yMlh-rxC3Mm0fkTd7zt86PKcbHhRTWm1WpJ858GdyK_Naaj3Tk0Bhv0cgOjXqTKuOYJEllyCSTfGandm3xeEEaOuhh21hw=w80-h106-k-no","https://ssl.gstatic.com/local/servicebusiness/default_user.png","""Their bakso, mie goreng, pangsit goreng, etc are superb.""","","Jalan Pesanggrahan Raya No.12 B, RT.2/RW.7","https://www.google.com/viewer/chooseprovider?mid=/g/1ptz9wlqk&g2lbs=AIBNGdVoEfVTDrQxZXqeR8SkJVl4wPveq6E074FVPS63zJYVvJVz3UFfepEZUfNKVLh3Kejp2eDtbpAn_pg_CJY-2M4-VILYtg%3D%3D&hl=id-ID&gl=id&fo_m=MfohQo559jFvMUOzJVpjPL1YMfZ3bInYwBDuMfaXTPp5KXh-&utm_source=tactile&gei=JabjabO2Mea_seMPlMvt8QE&ei=JabjabO2Mea_seMPlMvt8QE&fo_s=OA&opi=79508299&orderType=1&ebb=1&cs=0&foub=mcpp","Pesan online","","",""
"https://www.google.com/maps/place/Madgrill+Steak,+Kemanggisan/data=!4m7!3m6!1s0x2e69f7ba5784dc87:0x8fe4eb213833eeeb!8m2!3d-6.1929124!4d106.7850227!16s%2Fg%2F11j0s5brwx!19sChIJh9yEV7r3aS4R6-4zOCHr5I8?authuser=0&hl=id&rclk=1","Madgrill Steak, Kemanggisan","","","","","Steak","·","Jl. Kemanggisan Raya No.103 5, RT.5/RW.7","","","https://streetviewpixels-pa.googleapis.com/v1/thumbnail?panoid=uWWZqPyR4GJZLP-pEL6jYg&cb_client=search.gws-prod.gps&w=80&h=92&yaw=98.73993&pitch=0&thumbfov=100","","Makan di tempat","Bawa pulang","","","","","","·"
"https://www.google.com/maps/place/Warung+Makan+Lek+Katni/data=!4m7!3m6!1s0x2e69f731d6a2fe65:0x4080561a3e261835!8m2!3d-6.178775!4d106.80879!16s%2Fg%2F11f79klp2s!19sChIJZf6i1jH3aS4RNRgmPhpWgEA?authuser=0&hl=id&rclk=1","Warung Makan Lek Katni","4,9","(10)","","","Restoran","·","RRC5+FGM, RT.16/RW.6","","","https://lh3.googleusercontent.com/gps-cs-s/APNQkAHJqi5FIyAvWgywqToQhvErYNFuyFBBSsu21XaFuesr1FFjtIk7M6hHkSOYOKbiXB83VQPgRbcQ9IxQPdNaxwnoiAhNGTEXGCCL4MIaBTcKICAM4Ve27GBhDeG5F7wCHmq5wx1B=w92-h92-k-no","https://ssl.gstatic.com/local/servicebusiness/default_user.png","""Sajian sederhana tapi kenyang""","","","","","","",""
"https://www.google.com/maps/place/Gado+gado+gandes/data=!4m7!3m6!1s0x2e69f7801616c81b:0x57268d08d9cc232c!8m2!3d-6.2010271!4d106.7613607!16s%2Fg%2F11qnjnxzdx!19sChIJG8gWFoD3aS4RLCPM2QiNJlc?authuser=0&hl=id&rclk=1","Gado gado gandes","5,0","(2)","","","Makanan Siap Saji","·","Jl. Nanas No.33 4, RT.4/RW.7","Tutup","· Buka Min pukul 10.00","https://lh3.googleusercontent.com/gps-cs-s/APNQkAFH_5Aq_6nlhYOema5NXWh90bk_fjrHQkNK9STTB34nTWpiu7phQarKAdbLzuJGNpU-hWoJgWFydFEsHKMl74jZfYr8BSRg-LKaOpTN5VD_XsV5z1cZkL1dKQ9g-_-67pxildg=w80-h106-k-no","","Makan di tempat","Bawa pulang","","","","","","·"
"https://www.google.com/maps/place/Bubur+Ayam+Barokah+Pak+Syam/data=!4m7!3m6!1s0x2e69f71b0df90151:0xe99f57095bde81e0!8m2!3d-6.1905965!4d106.7629188!16s%2Fg%2F11ggrlncs2!19sChIJUQH5DRv3aS4R4IHeWwlXn-k?authuser=0&hl=id&rclk=1","Bubur Ayam Barokah Pak Syam","4,0","(5)","","","Bubur","·","Jl. Perjuangan No.14, RT.14/RW.10","Tutup","· Buka Min pukul 07.00","https://lh3.googleusercontent.com/gps-cs-s/APNQkAE1NYOUv9mtOKYDEoIErRvhy4m_P55wDcbdHnF_L2MzM0VjEoSy0sNRKlVu_YG_f8_T1zCFG7n5i0xLxT8hr8RkooE7ZpibDzBwrxM-RJ6meYB7kXPsTOo0Qh22DKH8wweLOErn=w122-h92-k-no","https://ssl.gstatic.com/local/servicebusiness/default_user.png","""Tempatnya sebelah siloam, agak tersembunyi.""","","","","","","",""
"https://www.google.com/maps/place/Ayam+Bakar+%26+Ikan+Bakar+Bahari+2/data=!4m7!3m6!1s0x2e69f71b071bfc9f:0xcceaaeeacb91ec3e!8m2!3d-6.1910574!4d106.7624262!16s%2Fg%2F11bzrj_398!19sChIJn_wbBxv3aS4RPuyRy-qu6sw?authuser=0&hl=id&rclk=1","Ayam Bakar & Ikan Bakar Bahari 2","4,0","(2)","","","Ayam","·","Jl. Perjuangan No.15, RT.15/RW.10","Tutup","· Buka Min pukul 10.00","https://streetviewpixels-pa.googleapis.com/v1/thumbnail?panoid=9Jw2KG8uM_m9gKKsJC0avg&cb_client=search.gws-prod.gps&w=80&h=92&yaw=83.79138&pitch=0&thumbfov=100","","Makan di tempat","Bawa pulang","","","","","","·"
"https://www.google.com/maps/place/Gado+Gado+dan+Nasi+Uduk+Betawi+Ibu+Mumun/data=!4m7!3m6!1s0x2e69f6e7afffffff:0x796c5f97892da3b2!8m2!3d-6.1963659!4d106.7802308!16s%2Fg%2F11hcd4qqhr!19sChIJ____r-f2aS4RsqMtiZdfbHk?authuser=0&hl=id&rclk=1","Gado Gado dan Nasi Uduk Betawi Ibu Mumun","4,4","(5)","","","Betawi","·","·","Tutup","· Buka Min pukul 06.00","https://lh3.googleusercontent.com/gps-cs-s/APNQkAGLcBQXuKoDiRA0lFrw9Qe1wRLYe-Z6tkh1B1MwcyrZobu-ctEcVjUHbeOtmAOmrCKOsH4quL4AxC69Uz1Gt6raL1cmH34A5bhXmtKIbfgxF-buDKyQI_ZFRJqRDFEzyl8ZWCc=w122-h92-k-no","","Makan di tempat","Bawa pulang","Jl. Nuh (samping majlis ta'lim Al-Amin) masuk dari samping Aura Decoration RT.09/RW.05, No.1C, RT.5/RW.5","","","","","·"
"https://www.google.com/maps/place/Warung+Makan+Pak+Gotur/data=!4m7!3m6!1s0x2e69f692a76c2ecb:0xf9be9f792a26c670!8m2!3d-6.1876578!4d106.7951609!16s%2Fg%2F11c5bp_j0p!19sChIJyy5sp5L2aS4RcMYmKnmfvvk?authuser=0&hl=id&rclk=1","Warung Makan Pak Gotur","4,8","(13)","·","Rp 1–25.000","Restoran","·","Jl. Anggrek Neli Murni No.118, RT.11/RW.1","Tutup","· Buka Min pukul 06.00","https://lh3.googleusercontent.com/gps-cs-s/APNQkAFc-X0w6_R5Ke2Qes-LZrf1zJUysnSJ_5_gEiipwUDNt4C-EX3j8K1bZEeuG-mUw9H06y2_0hTi3uGgPyrLLj4IoAiGtPwjwoT5cHQUAaf-FNLRhGjJcT8LSZkAS53yTsJhpznz=w80-h106-k-no","https://ssl.gstatic.com/local/servicebusiness/default_user.png","""Kuah sayur gratis, ganti2, nangka, singkong, labu, sop, sayur asem.""","","","","","","",""
"https://www.google.com/maps/place/Harmony+Restaurant/data=!4m7!3m6!1s0x2e69f69776ed4993:0x4eaad78517570edd!8m2!3d-6.198043!4d106.8020064!16s%2Fg%2F11j1fc7g7l!19sChIJk0ntdpf2aS4R3Q5XF4XXqk4?authuser=0&hl=id&rclk=1","Harmony Restaurant","4,6","(69)","","","Indonesia","·","·","Tutup","· Buka Min pukul 06.00","https://lh3.googleusercontent.com/gps-cs-s/APNQkAGgp9U_VIIsM2FkNuOSXOM6ClplUDC7UmGzyXQ-xrN6lWBL18HWDOk47EvpHDmPulGeKso7Zqj6jZrNkSkUeYIbhJaIMa5VQ1Q2kNIHEOqhK543UIVLyHlo9ai59AdxEwoExq4=w122-h92-k-no","","Makan di tempat","Bawa pulang","Hotel Santika Premiere Jakarta Lantai Mezzanine, Jl. Aipda KS. Tubun No. 7, Slipi, RT.1/RW.7","","","","","·"
"https://www.google.com/maps/place/RM.+Mandala/data=!4m7!3m6!1s0x2e69f6c3d215cc7d:0x41826f73f19c937b!8m2!3d-6.1993493!4d106.7877843!16s%2Fg%2F11gdqxpkqs!19sChIJfcwV0sP2aS4Re5Oc8XNvgkE?authuser=0&hl=id&rclk=1","RM. Mandala","4,2","(14)","","","Padang","·","RQ2Q+747, Jl. Kyai H. Syahdan, RT.2/RW.11","Segera tutup","· 23.00 · Buka Min pukul 09.00","https://lh3.googleusercontent.com/gps-cs-s/APNQkAEHFPtsR8tJR7SEltihI3r6Ttfp0UeCJUrgYs5drS3LaCOdNbKb7XGAdwH1bKEVpPerLub1M0yAX82h1drQYqy8bRAHWmWTglCieysT9XmqtTq7DwhBtG0ChhpplyjEgNmmtOfzQQ=w80-h142-k-no","https://ssl.gstatic.com/local/servicebusiness/default_user.png","""Menurut gua ini tempat makan padang paling enak di daerah binus si.""","","","","","","",""
"https://www.google.com/maps/place/Rumah+Makan+Haji+Rawi/data=!4m7!3m6!1s0x2e69f7e28e258f43:0xc3262311b3861ad7!8m2!3d-6.1863934!4d106.8082458!16s%2Fg%2F11fk4qv5m_!19sChIJQ48ljuL3aS4R1xqGsxEjJsM?authuser=0&hl=id&rclk=1","Rumah Makan Haji Rawi","4,5","(430)","·","Rp 25–50 rb","Indonesia","·","·","Tutup","· Buka Min pukul 11.00","https://lh3.googleusercontent.com/gps-cs-s/APNQkAHyTnKCaqcr2AaqFlgC5l-D6vQJsECsp7xVklMPx_MaF-29aqKjUujFqS5GBoIISyR9yCvCLbAP8bGEftgxmwnReXtBQ3rHhU3Hai4HiemEsNul_WvUz1vMy0v-Xf55nFxgMds4=w122-h92-k-no","https://ssl.gstatic.com/local/servicebusiness/default_user.png","""Owner-nya ramah,makanannya banyak pilihan,,harga terbilang murah.""","","1, Jl. KS Tubun I No.12, RT.Rw 03/RW.3","https://www.google.com/viewer/chooseprovider?mid=/g/11fk4qv5m_&g2lbs=AIBNGdWnZ4YnsSYYsDPpdChl6BsbzhCoFD8YthNk2yaD7f_yMX5hJVhDKmcNPUJQ32kDJYv5yXbG_ONH2eunmq5H8YUNovsYzw%3D%3D&hl=id-ID&gl=id&fo_m=MfohQo559jFvMUOzJVpjPL1YMfZ3bInYwBDuMfaXTPp5KXh-&utm_source=tactile&gei=JabjabO2Mea_seMPlMvt8QE&ei=JabjabO2Mea_seMPlMvt8QE&fo_s=OA&opi=79508299&orderType=1&ebb=1&cs=0&foub=mcpp","Pesan online","","",""
"https://www.google.com/maps/place/Rumah+Makan+Simay/data=!4m7!3m6!1s0x2e69f6c7f8f75b37:0xd520b1ae9d490162!8m2!3d-6.2076246!4d106.7945333!16s%2Fg%2F1hm5v0g4l!19sChIJN1v3-Mf2aS4RYgFJna6xINU?authuser=0&hl=id&rclk=1","Rumah Makan Simay","4,5","(475)","·","Rp 25–50 rb","Padang","·","·","Tutup","· Buka Sen pukul 09.00","https://lh3.googleusercontent.com/gps-cs-s/APNQkAGzaIh7nsTBtUDUyuAla3mYcw03FnYuCw8cA89nr7-VdKXiNOnSf51JuhCskJNAYagYE0b0NHY8UpB9dC-93dDQ6Y3GCYpLE3PuvhfIs5DmKq8RvB1-LdDsr7Krqeb43TyfS_eBnw=w122-h92-k-no","https://ssl.gstatic.com/local/servicebusiness/default_user.png","""Rendangnya so tasty, Tunjangnya gurih & Ayam gorengnya mantap banget""","","3, Jl. Palmerah Barat No.52, RW.7","https://www.google.com/viewer/chooseprovider?mid=/g/1hm5v0g4l&g2lbs=AIBNGdV3avBxX4pITJ23bw6xu9mFQajEqNO06axBQs86VG7H5OPlJ4NZSgCXzcbf29lCXd66Omjseqq72mR8ciK2A-fstteu8g%3D%3D&hl=id-ID&gl=id&fo_m=MfohQo559jFvMUOzJVpjPL1YMfZ3bInYwBDuMfaXTPp5KXh-&utm_source=tactile&gei=JabjabO2Mea_seMPlMvt8QE&ei=JabjabO2Mea_seMPlMvt8QE&fo_s=OA&opi=79508299&orderType=1&ebb=1&cs=0&foub=mcpp","Pesan online","","",""
"https://www.google.com/maps/place/Imperial+Tables+-+RS+Harapan+Kita/data=!4m7!3m6!1s0x2e69f73bc79b63c5:0xe324e1f4913fb8c3!8m2!3d-6.1851925!4d106.7989517!16s%2Fg%2F11j534cbxs!19sChIJxWObxzv3aS4Rw7g_kfThJOM?authuser=0&hl=id&rclk=1","Imperial Tables - RS Harapan Kita","4,6","(183)","·","Rp 50–75 rb","Restoran","·","Jl. Letjen S. Parman","Tutup","· Buka Min pukul 10.00","https://lh3.googleusercontent.com/gps-cs-s/APNQkAESz-PAn_wQ0TT-iy42nIQliWBuLTgFrw1KOQLda813VZ0jpbtyXdSOVi5LdACxdQImIKT4X4Kdov2TGm3uUqDK42jWbkP6UMNZs_6E5IwSA89qEubnhH_a2uogAGy-0N8Gt7kYBQ=w163-h92-k-no","https://ssl.gstatic.com/local/servicebusiness/default_user.png","""Menu enak enak, penyajian oke, pelayanan top.""","","","","","","",""
"https://www.google.com/maps/place/Bebek+Goreng+Haji+Yogi/data=!4m7!3m6!1s0x2e69f727644f5093:0xa4acede131520208!8m2!3d-6.2054342!4d106.7698419!16s%2Fg%2F1tdf3ndf!19sChIJk1BPZCf3aS4RCAJSMeHtrKQ?authuser=0&hl=id&rclk=1","Bebek Goreng Haji Yogi","4,5","(1.694)","·","Rp 50–75 rb","Masakan Asia","·","Jl. Panjang Arteri Klp. Dua Raya No.4, RT.4/RW.2","Tutup","· Buka Min pukul 10.00","https://lh3.googleusercontent.com/gps-cs-s/APNQkAHLDn8sp5FRAxkyQp9w80zQEFZ7q9Kyugbe9Ze_PqNitpZmxe37Spm8UmE-S_pSlSXTH68q06M4eQ-KcAph6dXRq40hlZBW69CXwbEClMqWXppDuuEJ8hChrya2Poi7kd-MoDzO4A=w122-h92-k-no","https://ssl.gstatic.com/local/servicebusiness/default_user.png","""Suasana nyaman, tempat bersih, yg pasti banyak menu pilihan dan enak.""","","Resto dengan hidangan klasik Indonesia","https://www.google.com/viewer/chooseprovider?mid=/g/1tdf3ndf&g2lbs=AIBNGdUuHMMnQOH7g8xlYJIdZh-3-j1tDCPBsM1NnnnSmtR9kti5_d5qdMCYdtdQrdt18LevFT0lMveKTYNG6bSEpIzkajbD-w%3D%3D&hl=id-ID&gl=id&fo_m=MfohQo559jFvMUOzJVpjPL1YMfZ3bInYwBDuMfaXTPp5KXh-&utm_source=tactile&gei=LKbjacGWKN6nseMP0s65uQ4&ei=LKbjacGWKN6nseMP0s65uQ4&fo_s=OA&opi=79508299&orderType=1&ebb=1&cs=0&foub=mcpp","Pesan online","","",""
"https://www.google.com/maps/place/New+San+Thao/data=!4m7!3m6!1s0x2e69f70e45b760c5:0x4c0375de7806ddb4!8m2!3d-6.1861023!4d106.7552318!16s%2Fg%2F1pzs29t3j!19sChIJxWC3RQ73aS4RtN0GeN51A0w?authuser=0&hl=id&rclk=1","New San Thao","4,8","(916)","·","$$","China","·","JL Pesanggrahan Raya, No. 1128 E RT.4/RW.6, Puri Indah, Kembangan Selatan, Kembangan, RT.4/RW.6","Tutup","· Buka Min pukul 10.00","https://lh3.googleusercontent.com/gps-cs-s/APNQkAH_884Cns46EATdOscpuNj-G4jJBifTIC4Mwl4w4i8kwiwzSZ01pD7yp8LxGtutWyHBWTJgeOoNAcLD4VfYy5LxIy19Yh9VH5wiW4eDKui-6zriMemlQc4a1m_trwofBagQCjc=w122-h92-k-no","https://ssl.gstatic.com/local/servicebusiness/default_user.png","""Makanannya enak, saya pesan udang mayonaise dan nasi goreng.""","","","https://www.google.com/viewer/chooseprovider?mid=/g/1pzs29t3j&g2lbs=AIBNGdXScTFqvJ3Wq6oEaXUaFd3nbOTVAG-hqi7nbxxkXZ5lKTVH5Kb7TdUqDa_VTA46MbYfoZSM8Y--UrOyKU3xbgGkYQCCdw%3D%3D&hl=id-ID&gl=id&fo_m=MfohQo559jFvMUOzJVpjPL1YMfZ3bInYwBDuMfaXTPp5KXh-&utm_source=tactile&gei=LKbjacGWKN6nseMP0s65uQ4&ei=LKbjacGWKN6nseMP0s65uQ4&fo_s=OA&opi=79508299&orderType=1&ebb=1&cs=0&foub=mcpp","Pesan online","","",""
"https://www.google.com/maps/place/McDonald%27s+Kebon+Jeruk/data=!4m7!3m6!1s0x2e69f720176d7af7:0x648be451f6933d6b!8m2!3d-6.1993419!4d106.7694247!16s%2Fg%2F1ptwm8lqz!19sChIJ93ptFyD3aS4Raz2T9lHki2Q?authuser=0&hl=id&rclk=1","McDonald's Kebon Jeruk","4,5","(9.680)","·","Rp 25–50 rb","Makanan Siap Saji","·","·","Buka 24 jam","","https://lh3.googleusercontent.com/gps-cs-s/APNQkAH9Z0xqxXBlWxBFgfLkr0kJohlWsM8s6BBtF6UnlP51qKNXY1qvNtR27kU3AxcCNYE2SGXUqvJoIKCvrd5vSR-EC6oW7ZWHFSYRkzYmN1YMMqHDkS3YQJEvHnsma4BmLYGL_sc=w137-h92-k-no","https://ssl.gstatic.com/local/servicebusiness/default_user.png","""Menunya enak, Parkir luas n good service""","","Jl. Panjang Arteri Klp. Dua Raya No.16, RT.1/RW.2","https://www.google.com/viewer/chooseprovider?mid=/g/1ptwm8lqz&g2lbs=AIBNGdX6sAE8gdOjOc4-OU2wiBiPQ4CLs_-6G12ky89LTC4sHnkkmQLPsG2dw4bmUok6dyj7FpvTWEAf7pmPLNDZDLthgYfFHA%3D%3D&hl=id-ID&gl=id&fo_m=MfohQo559jFvMUOzJVpjPL1YMfZ3bInYwBDuMfaXTPp5KXh-&utm_source=tactile&gei=LKbjacGWKN6nseMP0s65uQ4&ei=LKbjacGWKN6nseMP0s65uQ4&fo_s=OA&opi=79508299&orderType=1&ebb=1&cs=0&foub=mcpp","Pesan online","","",""
"https://www.google.com/maps/place/Angkringan+Raden/data=!4m7!3m6!1s0x2e69f757f1a816e1:0xcda5642864ffc6b8!8m2!3d-6.20052!4d106.7839428!16s%2Fg%2F11fqsg96qy!19sChIJ4Rao8Vf3aS4RuMb_ZChkpc0?authuser=0&hl=id&rclk=1","Angkringan Raden","4,9","(10)","","","Rumah Makan","·","Universitas Bina Nusantara Kampus Anggrek, Jl. Kyai H. Syahdan No.20 6, RT.6/RW.12","Buka","· Tutup pukul 03.00","https://lh3.googleusercontent.com/gps-cs-s/APNQkAGnx7etjw4P4XndSxeCVD65_riTDi4eKsU579PAjmE3i6Ih1QiLtrpujun7GmHe-vqn8upyCZRnMsM_Bzmcd8xMLzVShk5ISFyjPcc_osQ4x4K2zLYjWZyh_6lf7lJj4yBtIjtJWQ=w80-h150-k-no","","Makan di tempat","Bawa pulang","","","","","","·"
"https://www.google.com/maps/place/Warteg+Kharisma+Bahari/data=!4m7!3m6!1s0x2e69f71fa3ab627f:0xd4070c58b93cbfc3!8m2!3d-6.1972263!4d106.7682266!16s%2Fg%2F11c6df4nh4!19sChIJf2Krox_3aS4Rw788uVgMB9Q?authuser=0&hl=id&rclk=1","Warteg Kharisma Bahari","4,2","(83)","·","$","Soto Ayam","·","·","Buka 24 jam","","https://lh3.googleusercontent.com/gps-cs-s/APNQkAEDh-QqT5Mou2VstZZq_-cVIl3clOGvl-8AlfZvL8mj1DnNOHIv9Lfd-pIG9p2mqlk_cjEgCwNfmPQk4ubqPIOiwdcxbHIfLfvQduP8rWhUVCePYoJvmI8ui10dzWEkDrUN-3mz_Q=w122-h92-k-no","","Makan di tempat","Bawa pulang","Jl. Lapangan Bola No.6 7, RT.7/RW.1","","","","","·"
"https://www.google.com/maps/place/Rumah+Makan+Mutiara+Indah+2/data=!4m7!3m6!1s0x2e69f71babffc859:0x8739fd7283b5554a!8m2!3d-6.1909441!4d106.7621476!16s%2Fg%2F1hm5_tpw5!19sChIJWcj_qxv3aS4RSlW1g3L9OYc?authuser=0&hl=id&rclk=1","Rumah Makan Mutiara Indah 2","4,4","(249)","·","Rp 25–50 rb","Padang","·","Jl. Perjuangan No.4, RT.3/RW.7","Tutup","· Buka Min pukul 09.00","https://lh3.googleusercontent.com/gps-cs-s/APNQkAFcLf322JWivYBA7USroyRf1X-m8bla-aMSrFGG4RxaYnNT8wDMfh-To9-2NYt6sKpu3uGu31z_XfcDidMMCir-lfIp78_MBHU5_H_E-Bqm4wqL-J3DhA8-wgg74-yFEpdBIOhvug=w80-h106-k-no","https://ssl.gstatic.com/local/servicebusiness/default_user.png","""Makanannya enak, tempatnya bersih harga terjangkau""","","","https://www.google.com/viewer/chooseprovider?mid=/g/1hm5_tpw5&g2lbs=AIBNGdVy10T9zEnluebNevLFpaZv7q1FkYWnK5ZBFXDEru8ToigV9yTuMFeqKYgXjd_UsUw62BwsE1M9YxnyS6mNrTNKpECnCQ%3D%3D&hl=id-ID&gl=id&fo_m=MfohQo559jFvMUOzJVpjPL1YMfZ3bInYwBDuMfaXTPp5KXh-&utm_source=tactile&gei=LKbjacGWKN6nseMP0s65uQ4&ei=LKbjacGWKN6nseMP0s65uQ4&fo_s=OA&opi=79508299&orderType=1&ebb=1&cs=0&foub=mcpp","Pesan online","","",""
"https://www.google.com/maps/place/RM+Spices+Nasi+bakar+dan+ayam+penyet/data=!4m7!3m6!1s0x2e69f6c2e7766781:0x8aa23c74da7eff33!8m2!3d-6.2001642!4d106.7840547!16s%2Fg%2F11g8v93762!19sChIJgWd258L2aS4RM_9-2nQ8ooo?authuser=0&hl=id&rclk=1","RM Spices Nasi bakar dan ayam penyet","4,5","(381)","·","Rp 25–50 rb","Ayam","·","6 Jalan Keluarga No.37z, RT.6/RW.12","Tutup","· Buka Sen pukul 09.30","https://lh3.googleusercontent.com/gps-cs-s/APNQkAEGoS7hYWRnRrILzkE2u1t8suHuczltgH-pwuY0RojWYKwlE2XgkWEX8MG3wcmovgAn6czGHTtmQeoDG_jLLtjxF0Dq941mWpkeNXJAmuLLnCMG4BySp_0b6iLZwX4ZLSro9xkg=w122-h92-k-no","https://ssl.gstatic.com/local/servicebusiness/default_user.png","""Ayam bakarnya menggoda, bumbunya pas, harga sesuai lah""","","","https://www.google.com/viewer/chooseprovider?mid=/g/11g8v93762&g2lbs=AIBNGdXnW78nM5VJRB8TFPp-RdgelBW3f2MpvocQsr8B_ikVk3za2kKiqg2MxaTPMGkRizlkM6-x_FhsgqZekPb6DDxLIFrzFA%3D%3D&hl=id-ID&gl=id&fo_m=MfohQo559jFvMUOzJVpjPL1YMfZ3bInYwBDuMfaXTPp5KXh-&utm_source=tactile&gei=LKbjacGWKN6nseMP0s65uQ4&ei=LKbjacGWKN6nseMP0s65uQ4&fo_s=OA&opi=79508299&orderType=1&ebb=1&cs=0&foub=mcpp","Pesan online","","",""
"https://www.google.com/maps/place/Tony+Roma%27s+Pesanggrahan/data=!4m7!3m6!1s0x2e69f76826a049b1:0x3ecf09c0d03cbda6!8m2!3d-6.1882279!4d106.7561078!16s%2Fg%2F11ptlg6dz0!19sChIJsUmgJmj3aS4Rpr080MAJzz4?authuser=0&hl=id&rclk=1","Tony Roma's Pesanggrahan","4,6","(301)","·","Rp 250.000+","Restoran Amerika","·","1, Jl. Pesanggrahan No.2, RT.1/RW.7","Tutup","· Buka Min pukul 11.00","https://lh3.googleusercontent.com/gps-cs-s/APNQkAGsxkMyXtgDaYTcF73Z9wr7FzSj3GtFmGngRsSAtBXibQxNgfFHLNfil3TIEi5buACgvgs1EUmZh4qyqZjfTGqKUNO7jRmKCWurUuz2Zc1l7L9DMhFFqQ4LGfPcbEiQqOoeysaS=w80-h106-k-no","https://ssl.gstatic.com/local/servicebusiness/default_user.png","""Roti, starter, ribs, and steak all good.""","","Jaringan restoran iga terkenal","https://www.google.com/viewer/chooseprovider?mid=/g/11ptlg6dz0&g2lbs=AIBNGdWNnBi501HH3wAdPwGJaZwKVzbF6y1TqcLxdQNI4oW6VzKqX8g2Ykuy-s59WCYPMwe0Lr3Yp3tWf7iOL5foKuT6GoLvpQ%3D%3D&hl=id-ID&gl=id&fo_m=MfohQo559jFvMUOzJVpjPL1YMfZ3bInYwBDuMfaXTPp5KXh-&utm_source=tactile&gei=LKbjacGWKN6nseMP0s65uQ4&ei=LKbjacGWKN6nseMP0s65uQ4&fo_s=OA&opi=79508299&orderType=1&ebb=1&cs=0&foub=mcpp","Pesan online","","",""
"https://www.google.com/maps/place/Rumah+Makan+Makmur+2/data=!4m7!3m6!1s0x2e69f6ef1da11d01:0x84de3f92021c97b5!8m2!3d-6.1858008!4d106.7867556!16s%2Fg%2F1hdz6bkb9!19sChIJAR2hHe_2aS4RtZccApI_3oQ?authuser=0&hl=id&rclk=1","Rumah Makan Makmur 2","4,7","(20)","","","Padang","·","·","Buka 24 jam","","https://lh3.googleusercontent.com/gps-cs-s/APNQkAFe-vG6eoa8T9wuz9TV1Ar2rmQE2pNKVYr8MsYapAAsDL4sJBKt2qTbQk4L9dBMTOoNtQpuXcEFYzcl11fQbW84AU211VHRTmZrNOOPnrbJBn0iwEZagEaVnFhgwJAysyYa8onZtQ=w120-h92-k-no","","Makan di tempat","Bawa pulang","Jl. Kemanggisan Raya No. 24 F Batusari, RT.10/RW.9","","","","","·"
"https://www.google.com/maps/place/Gandy+%26+Co.+-+Steak+%26+Bakery+kedoya/data=!4m7!3m6!1s0x2e69f759d08e765d:0x3192090e87c3caa!8m2!3d-6.1835552!4d106.7617102!16s%2Fg%2F11llrdy9fs!19sChIJXXaO0Fn3aS4Rqjx86JAgGQM?authuser=0&hl=id&rclk=1","Gandy & Co. - Steak & Bakery kedoya","4,4","(795)","","","Steak","·","·","Tutup","· Buka Min pukul 11.00","https://lh3.googleusercontent.com/gps-cs-s/APNQkAExDKHTdIjqB0hHTFRXrXU3aRiH9x_uLOr-pCqxdiaW4es-2Nk93SX9_wBwEAYoa_2NBYxbQjDfXE8AQlqM127aF_pjnMg-oQcJ0d1l-Vslgqr_p53nYFT8RwruJuZOjQTsUjS3=w163-h92-k-no","https://ssl.gstatic.com/local/servicebusiness/default_user.png","""Malam Minggu ada live music
Steak enak dan dapat welcome roti nya 👍""","","Jl. Kedoya Pesing No.A15. No.29 Blok A15, RT.1/RW.4","https://www.google.com/viewer/chooseprovider?mid=/g/11llrdy9fs&g2lbs=AIBNGdUV22W7661nD0mVb9JXpLcnoOIQzYefHApxxyuw4vk5pOsEJf2LSfksH61yE6aiPG5iPtwmVcBy1ocBbk5fxM0ZPatk0w%3D%3D&hl=id-ID&gl=id&fo_m=MfohQo559jFvMUOzJVpjPL1YMfZ3bInYwBDuMfaXTPp5KXh-&utm_source=tactile&gei=LKbjacGWKN6nseMP0s65uQ4&ei=LKbjacGWKN6nseMP0s65uQ4&fo_s=OA&opi=79508299&orderType=1&ebb=1&cs=0&foub=mcpp","Pesan online","","",""
"https://www.google.com/maps/place/Warung+Makan+Indomie/data=!4m7!3m6!1s0x2e69f6c36c395c65:0xd6095c8cd3b79f6!8m2!3d-6.2015607!4d106.7849139!16s%2Fg%2F11bxf28wp8!19sChIJZVw5bMP2aS4R9nk7zciVYA0?authuser=0&hl=id&rclk=1","Warung Makan Indomie","5,0","(1)","","","Jawa","·","·","Buka 24 jam","","https://streetviewpixels-pa.googleapis.com/v1/thumbnail?panoid=nk1UEs6t9jpkO4zvSBUHYw&cb_client=search.gws-prod.gps&w=80&h=92&yaw=302.5149&pitch=0&thumbfov=100","","Makan di tempat","Bawa pulang","Jalan U No 23 Rt 007 Rw 12 Palmerah Palmerah, RT.9/RW.15","","","","","·"
"https://www.google.com/maps/place/Ayam+PENYET+Enak!/data=!4m7!3m6!1s0x2e69f718b5c78507:0xe9a0a2521d38333f!8m2!3d-6.1975251!4d106.7643788!16s%2Fg%2F11g03jwsw9!19sChIJB4XHtRj3aS4RPzM4HVKioOk?authuser=0&hl=id&rclk=1","Ayam PENYET Enak!","5,0","(8)","·","Rp 1–25.000","Ayam Penyet","·","Jl. Perjuangan No.63 2, RT.2/RW.10","Buka","· Tutup pukul 23.56","https://lh3.googleusercontent.com/gps-cs-s/APNQkAFl52i9dAHYNr0nu9kTSwkvzkfbRS87yqQpz2IYQWw3SrrQ--NMX0lyGANtX88BdGZGk747L8k7RUie5vY109OWcfg6UAXr5QwcQXjb_bTl5TG3OHwOlDT0JPHWA2f2-JkXlRkIIQ=w163-h92-k-no","https://ssl.gstatic.com/local/servicebusiness/default_user.png","""Masakannya enak,sambel bawangnya juara.""","","","","","","",""
"https://www.google.com/maps/place/KUALI/data=!4m7!3m6!1s0x2e69f7918ce28933:0xb8e56117e4518503!8m2!3d-6.2005153!4d106.7864076!16s%2Fg%2F11fffrjqwr!19sChIJM4nijJH3aS4RA4VR5Bdh5bg?authuser=0&hl=id&rclk=1","KUALI","4,6","(233)","·","Rp 1–25.000","Restoran","·","·","Tutup","· Buka Sen pukul 10.00","https://lh3.googleusercontent.com/gps-cs-s/APNQkAHRmq03pjwlmrZ3HCaVH3yxxdQQalpfvF6TMYAIDhkhKZ2-953TfWLPHPlwijghtaJg2WfWSQ2Q9TGLklOT4fQ_ScOIKFOarmRZRnHK_T-XbcloSxK3ta83adpBNBYcIp6xXB3P=w122-h92-k-no","https://ssl.gstatic.com/local/servicebusiness/default_user.png","""Makanannya enak, harganya murah, terjangkau di kantong mahasiswa.""","","Jl. Kyai H. Syahdan No.2","","","","",""
"https://www.google.com/maps/place/Rumah+Makan+Merah+Putih/data=!4m7!3m6!1s0x2e69f732d7eca629:0xcb975b8dad66ef02!8m2!3d-6.1911256!4d106.7807009!16s%2Fg%2F11fhwkqtyg!19sChIJKabs1zL3aS4RAu9mrY1bl8s?authuser=0&hl=id&rclk=1","Rumah Makan Merah Putih","4,4","(49)","·","Rp 25–50 rb","Padang","·","Jl. Sang Timur No.71 2, RT.12/RW.4","Tutup","· Buka Min pukul 08.00","https://lh3.googleusercontent.com/gps-cs-s/APNQkAEfDntBlBryl3EpjgqVcGvySZkCqA82AudBR7ZnMKUfPQv5gOCBRqUMWoMq-hhNaoSGiCfqLYGT0Il4g5XwRmKYWsV4S0JSvrxjVUicL6M4htxV6oW2oo7v0leBhQdy04NFDrw=w80-h106-k-no","https://ssl.gstatic.com/local/servicebusiness/default_user.png","""Harganya bersahabat dan rasa makanannya mantap""","","","https://www.google.com/viewer/chooseprovider?mid=/g/11fhwkqtyg&g2lbs=AIBNGdVCQMDkEZonCqFB0WiW3IKMH-CWRS3kcvOo48FbxWoOqa5d20XzRxJNyEO-gsu4EfHOqff4IRVY73OjVpAIGeWgmhPwig%3D%3D&hl=id-ID&gl=id&fo_m=MfohQo559jFvMUOzJVpjPL1YMfZ3bInYwBDuMfaXTPp5KXh-&utm_source=tactile&gei=LKbjacGWKN6nseMP0s65uQ4&ei=LKbjacGWKN6nseMP0s65uQ4&fo_s=OA&opi=79508299&orderType=1&ebb=1&cs=0&foub=mcpp","Pesan online","","",""
"https://www.google.com/maps/place/Warung+Sate+Solo+Pak+No/data=!4m7!3m6!1s0x2e69f71ff2c102ff:0x1a6cf3c39f015f17!8m2!3d-6.1980772!4d106.769201!16s%2Fg%2F11fylydbqv!19sChIJ_wLB8h_3aS4RF18Bn8PzbBo?authuser=0&hl=id&rclk=1","Warung Sate Solo Pak No","4,6","(271)","·","Rp 25–50 rb","Sate","·","·","Tutup","· Buka Min pukul 10.30","https://lh3.googleusercontent.com/gps-cs-s/APNQkAHTIEst6oyx3feuLAlAj-tbU6kiw4gEnWNeiymJ89i6UeSyiHpUw0mcRoLhZc5EMVLu-D6YAvFtH0-R07pAqVDhj61FUpofboRTNuHJOUua6SV4GtI8eGw5rBRs49dCHGKKwH1ghQ=w122-h92-k-no","https://ssl.gstatic.com/local/servicebusiness/default_user.png","""Masukan semua kuah dan racikannya baru daging nya terakhir, pasti nyosss.""","","Jl. Raya Kb. Jeruk No.30 1, RT.1/RW.11","https://www.google.com/viewer/chooseprovider?mid=/g/11fylydbqv&g2lbs=AIBNGdXcRXflRTBuv7L_OKjWlLOzjAU3heCvhUetDcwNIPyDc4RFZ3E3hsEU8M1gHGpreDFnyrQrUMy7vYn_h2TJMX-_AnOaMA%3D%3D&hl=id-ID&gl=id&fo_m=MfohQo559jFvMUOzJVpjPL1YMfZ3bInYwBDuMfaXTPp5KXh-&utm_source=tactile&gei=LKbjacGWKN6nseMP0s65uQ4&ei=LKbjacGWKN6nseMP0s65uQ4&fo_s=OA&opi=79508299&orderType=1&ebb=1&cs=0&foub=mcpp","Pesan online","","",""
"https://www.google.com/maps/place/SOTO+BETAWI+EMAK+HAJI+SEROH+PERJUANGAN/data=!4m7!3m6!1s0x2e69f7a83400bc8b:0xf1796903cf15a4eb!8m2!3d-6.1924902!4d106.7638861!16s%2Fg%2F11j3s8f2wf!19sChIJi7wANKj3aS4R66QVzwNpefE?authuser=0&hl=id&rclk=1","SOTO BETAWI EMAK HAJI SEROH PERJUANGAN","4,6","(34)","·","Rp 25–50 rb","Soto","·","Jl. Melati No.23 13, RT.12/RW.10","Tutup","· Buka Sen pukul 08.00","https://lh3.googleusercontent.com/gps-cs-s/APNQkAEhTn0PvDjdEpIA0rxeJtBfhJU4ikoxqkAvPL5deKVP_m5lHHS6_IJSjApL6_qwotXQTs2TjV9SH5tXniZjW73nQmdZ1Mt9Z6BNkd_q8YnFcNvbZBfFgEdXO8MaB0sZaqeBtF9ANg=w163-h92-k-no","https://ssl.gstatic.com/local/servicebusiness/default_user.png","""Seporsi soto daging 20ribu tapii dagingnya banyak.""","","","","","","",""
"https://www.google.com/maps/place/Kemangi+Resto/data=!4m7!3m6!1s0x2e69f70c1e514937:0x1fb439f9c8575052!8m2!3d-6.1850748!4d106.7526643!16s%2Fg%2F1td3c4f_!19sChIJN0lRHgz3aS4RUlBXyPk5tB8?authuser=0&hl=id&rclk=1","Kemangi Resto","4,2","(1.414)","·","Rp 50–75 rb","Indonesia","·","Jl. Puri Indah Raya, RT.1/RW.8","Segera tutup","· 23.30 · Buka Min pukul 07.00","https://lh3.googleusercontent.com/gps-cs-s/APNQkAEIfxO2atLsB9CSY7lO2jSDJtfKiP77F1o3Eh38l0VsdXeC-7GZD8wILjWzzniI8mFVEt329CZuQ3Z7uDTJHWoZr8MzBEoN9Ff3F98cCoeGSSh-Khz1cozXXpLjz4EbXeWV61wg0g=w122-h92-k-no","https://ssl.gstatic.com/local/servicebusiness/default_user.png","""Great food, yummy, tapi servingnya lamaaaaaaaaaaaaa banget...""","","Restoran bernuansa modern dan nyaman","https://www.google.com/viewer/chooseprovider?mid=/g/1td3c4f_&g2lbs=AIBNGdWsrxSRgjYspJqE2v628gklgJI_z4MNoLaabkBxo_Eu6tRQ1xCzdo7PKwz3WW0cF3fiOey8uX2koUIG3EN3LFgGheDzIg%3D%3D&hl=id-ID&gl=id&fo_m=MfohQo559jFvMUOzJVpjPL1YMfZ3bInYwBDuMfaXTPp5KXh-&utm_source=tactile&gei=LKbjacGWKN6nseMP0s65uQ4&ei=LKbjacGWKN6nseMP0s65uQ4&fo_s=OA&opi=79508299&orderType=1&ebb=1&cs=0&foub=mcpp","Pesan online","","",""
"https://www.google.com/maps/place/Kwetiau+79/data=!4m7!3m6!1s0x2e69f6dcbe8f7a57:0x9feb05e4c4111047!8m2!3d-6.2024594!4d106.7809263!16s%2Fg%2F1pzt3443g!19sChIJV3qPvtz2aS4RRxARxOQF658?authuser=0&hl=id&rclk=1","Kwetiau 79","4,4","(125)","·","Rp 25–50 rb","Restoran","·","·","Tutup","· Buka Sen pukul 08.15","https://lh3.googleusercontent.com/gps-cs-s/APNQkAHPenXgMGA7Go0sYhIugoDhccAdQZdMr0XtgVp3cOnNPqd-G7ASoqxIOSkXw68LPkSw41pOCEU9m6kT3BOMi4W2rx_6gF_GDq0lpM1HxM5bei3gVRmCOiS4_gP9NCtjPVH_e1O5=w80-h106-k-no","https://ssl.gstatic.com/local/servicebusiness/default_user.png","""Menu favorit:
Ayam cabe garam, kwetiau siram, onion rings.""","","Jalan Anggrek cakra no 17 Kemanggisan, RT.4/RW.6","","","","",""
"https://www.google.com/maps/place/Rumah+Makan+Cahaya+Baru/data=!4m7!3m6!1s0x2e69f6c36b5326db:0x335ebb1dd110442c!8m2!3d-6.2021333!4d106.7842236!16s%2Fg%2F11hbntpnx5!19sChIJ2yZTa8P2aS4RLEQQ0R27XjM?authuser=0&hl=id&rclk=1","Rumah Makan Cahaya Baru","4,5","(20)","·","Rp 1–25.000","Padang","·","·","Tutup","· Buka Min pukul 09.00","https://lh3.googleusercontent.com/gps-cs-s/APNQkAGqB7w3NbpzWkghHTmpuh0tJj7Wdefb2AZVy78IjDVKcIFfOlmD9Ax-cvvxdXX_x8DR0AD9pFJUWa_-U0zLHVvjc8_s8JkgVD0-BhsAe7ZJK2-YPuNGvSGcaggHQG1zfTGTonn8=w80-h106-k-no","","Makan di tempat","Bawa pulang","9, RT.9/RW.15","","","","","·"
"https://www.google.com/maps/place/Mandoya+Mini+Pao+%26+Snacks/data=!4m7!3m6!1s0x2e69f6fb5fc2a41b:0xc0fbfdb5740dde59!8m2!3d-6.1892342!4d106.7704212!16s%2Fg%2F1tf8jdzp!19sChIJG6TCX_v2aS4RWd4NdLX9-8A?authuser=0&hl=id&rclk=1","Mandoya Mini Pao & Snacks","4,5","(135)","·","Rp 25–50 rb","Hidangan Penutup","·","Jl. Arjuna Utara No.9-D, RT.8/RW.1","Tutup","· Buka Min pukul 07.00","https://lh3.googleusercontent.com/gps-cs-s/APNQkAH12JHl9SdMj-07Y-VPrO2DAJkz-pupaHmGtc_ZTkSwORLxK9OntIDvPO0L0JST5CSWZrHaDxT_vxgfVEA8-uY4gzTfV1EJ0qbTBHRfpSnPdTaBGaetTksfkKpXfCFlUv4Ugvk=w80-h106-k-no","https://ssl.gstatic.com/local/servicebusiness/default_user.png","""Paling rekomen bakpao rendang dan bakpao tuna nya <3 Favorit dan endull!!""","","Toko roti dengan menu utama bakpao mini","","","","",""
"https://www.google.com/maps/place/Soto+Dan+Ikan+Pecak+Mpok+Nur/data=!4m7!3m6!1s0x2e69f701526556af:0xed3bd013fe67fa56!8m2!3d-6.2014317!4d106.7613476!16s%2Fg%2F11r7_j651l!19sChIJr1ZlUgH3aS4RVvpn_hPQO-0?authuser=0&hl=id&rclk=1","Soto Dan Ikan Pecak Mpok Nur","5,0","(3)","","","Restoran","·","Jl. Nanas No.4, RT.4/RW.7","Buka 24 jam","","https://lh3.googleusercontent.com/gps-cs-s/APNQkAF-2mO-bZsfk9FqHtxm1egaGrqQpp3Wx5wwSrKefeWqx-P4JNykSFqOUE1NPJFwPXf8R4YmKVoFBj-cqhnl28b6-KA37gBufBcpxpd2Q04XfJgXbIAh2F6b9q8RXzgHm7WqKzGX=w94-h92-k-no","","Makan di tempat","Bawa pulang","","","","","","·"
"https://www.google.com/maps/place/Pizza+Hut+Restoran+-+Kemanggisan/data=!4m7!3m6!1s0x2e69f6e6239aecab:0x99f9111f328d59ee!8m2!3d-6.194767!4d106.781733!16s%2Fg%2F11bv2cg_6r!19sChIJq-yaI-b2aS4R7lmNMh8R-Zk?authuser=0&hl=id&rclk=1","Pizza Hut Restoran - Kemanggisan","4,6","(4.239)","·","$$","Pizza","·","·","Tutup","· Buka Min pukul 10.00","https://lh3.googleusercontent.com/gps-cs-s/APNQkAErMI-w5mWikQj4C52hjc_eLGbE7llxFrF9FeqxjDZB2EBW7i9D1C1CC3mWYfSPukCzLPbBDgBeNnfgOGdE3MdJHgLG4HuxvZjCCvyo3br__ldMTb7puzL_0eMOMZi8MRuvZYWwKA=w163-h92-k-no","https://ssl.gstatic.com/local/servicebusiness/default_user.png","""Pelayanannya bagus, ramah dan makanannya juga enak dan tempatnya bersih""","","Jl. Kemanggisan Raya No.4, RT.11/RW.5","https://www.google.com/viewer/chooseprovider?mid=/g/11bv2cg_6r&g2lbs=AIBNGdVCGI75a4qIYBKICxraoAZIJB4HZCMs4fI3zoX2rLI38MDTjtnGvf_8okfIZZXGA8PolRnrRVnkpCF2AJhPg36JDN0gMw%3D%3D&hl=id-ID&gl=id&fo_m=MfohQo559jFvMUOzJVpjPL1YMfZ3bInYwBDuMfaXTPp5KXh-&utm_source=tactile&gei=LqbjaeSCEbahnesPx4WiyQI&ei=LqbjaeSCEbahnesPx4WiyQI&fo_s=OA&opi=79508299&ebb=1&cs=0&foub=mcpp","Pesan online","","",""
"https://www.google.com/maps/place/Pizza+Hut+Delivery+-+PHD+Indonesia/data=!4m7!3m6!1s0x2e69f69701bf1039:0x8a92ba61d47cc04b!8m2!3d-6.199153!4d106.782139!16s%2Fg%2F1td0kfgb!19sChIJORC_AZf2aS4RS8B81GG6koo?authuser=0&hl=id&rclk=1","Pizza Hut Delivery - PHD Indonesia","4,6","(907)","·","$$","Stan Pizza","·","·","Buka","· Tutup pukul 00.00","https://lh3.googleusercontent.com/gps-cs-s/APNQkAG72ZT7RNhO1UBKBE4dZcr0CRrRzB6uK6uedGdLcHuHE_hVLsTmLg_Vga9qEjFNz9YSDjiUfz30okC9ARAbMLy7u5RtjwLbrxjotCcKVALyQSfaQ7RYsuWsHjSbMF_TBhakph-u=w122-h92-k-no","https://ssl.gstatic.com/local/servicebusiness/default_user.png","""Tempatnya bersih, makanan nya juga enakk""","","Jl. Raya Kb. Jeruk No.24, RT.1/RW.9","https://www.google.com/viewer/chooseprovider?mid=/g/1td0kfgb&g2lbs=AIBNGdUTU6mQlJ60nNGIW-qQHcw2ZCVOcirGYAAfwqk_rnaik3Kd-rwpZVIAF0ogUX-ru6daCn7dVM5BQMv45621TpK2Q9oaBw%3D%3D&hl=id-ID&gl=id&fo_m=MfohQo559jFvMUOzJVpjPL1YMfZ3bInYwBDuMfaXTPp5KXh-&utm_source=tactile&gei=LqbjaeSCEbahnesPx4WiyQI&ei=LqbjaeSCEbahnesPx4WiyQI&fo_s=OA&opi=79508299&ebb=1&cs=0&foub=mcpp","Pesan online","","",""
"https://www.google.com/maps/place/Fortune+Corner+Binus/data=!4m7!3m6!1s0x2e69f6c373e6395b:0x8cb7b5a326282409!8m2!3d-6.2021869!4d106.7849494!16s%2Fg%2F11g7225jfh!19sChIJWznmc8P2aS4RCSQoJqO1t4w?authuser=0&hl=id&rclk=1","Fortune Corner Binus","4,7","(133)","·","Rp 1–25.000","Vegan","·","·","Tutup","· Buka Sen pukul 07.00","https://lh3.googleusercontent.com/gps-cs-s/APNQkAGsL8925Ep8zPkyrsPAz9IUomK5hkQWdc7lrVgop80bBj0X2vliOxV6qMv1sv_Bngx5gA57zCKXlqkTCWSZ5tJx7J3gmcPDs1ApWdKfYKx0V5Lt4xJGo66xz04e9Cveih6lrM_e=w122-h92-k-no","https://ssl.gstatic.com/local/servicebusiness/default_user.png","""Makanannya enak, murah, lebih murah dibanding resto vegan pada umumnya.""","","Jl. U No.17d","https://www.google.com/viewer/chooseprovider?mid=/g/11g7225jfh&g2lbs=AIBNGdXCspaM2VGUJjVAuEKbwFd0CC0dbHwfMqlv7GguYVhAnHC2XrLomw_PoQP3jYTHKgl9NCUwiIgPT4vA9t5DQYj4K8o-Sg%3D%3D&hl=id-ID&gl=id&fo_m=MfohQo559jFvMUOzJVpjPL1YMfZ3bInYwBDuMfaXTPp5KXh-&utm_source=tactile&gei=LqbjaeSCEbahnesPx4WiyQI&ei=LqbjaeSCEbahnesPx4WiyQI&fo_s=OA&opi=79508299&orderType=1&ebb=1&cs=0&foub=mcpp","Pesan online","","",""
"https://www.google.com/maps/place/Bakmi+Joss/data=!4m7!3m6!1s0x2e69f71d58d3ea8b:0x4c8f87ac222601bf!8m2!3d-6.1892821!4d106.7703639!16s%2Fg%2F1v7y02f6!19sChIJi-rTWB33aS4RvwEmIqyHj0w?authuser=0&hl=id&rclk=1","Bakmi Joss","4,3","(313)","·","Rp 50–75 rb","Mi","·","Jl. Terusan Arjuna Utara No. 9E Kedoya Selatan Kebon Jeruk Jakarta Barat DKI Jakarta, RT.8/RW.1","Tutup","· Buka Min pukul 08.00","https://lh3.googleusercontent.com/gps-cs-s/APNQkAF__f9OwTeH3wDSLq-4mXtluLmPVRV6vZD8KlFJc6YNtcuRcoTrY0SQwx8j9wOTA5D_hWpLhCuI1OhqGzjzetO28cBE12tqWWjAfGm-DZJjoOsrg89waRvdhKb7XgGyDt0pbUGY0g=w163-h92-k-no","https://ssl.gstatic.com/local/servicebusiness/default_user.png","""Menu dan makanannya enak2, parkir luas, pelayanan ramah dan cepat.""","","","","","","",""
"https://www.google.com/maps/place/AYAM+BAKAR+A+B+B+3/data=!4m7!3m6!1s0x2e69f7234f31265b:0x10864cb555a05586!8m2!3d-6.2020454!4d106.7582945!16s%2Fg%2F11cjgf3wzv!19sChIJWyYxTyP3aS4RhlWgVbVMhhA?authuser=0&hl=id&rclk=1","AYAM BAKAR A B B 3","5,0","(3)","","","Ayam","·","No Jl. Lapangan Bola No.79 2, RT.2/RW.1","Buka","· Tutup pukul 01.00","https://streetviewpixels-pa.googleapis.com/v1/thumbnail?panoid=EQsonfQ_Qv8y1wwDYEmxMg&cb_client=search.gws-prod.gps&w=80&h=92&yaw=33.18372&pitch=0&thumbfov=100","","Makan di tempat","Bawa pulang","","","","","","·"
"https://www.google.com/maps/place/Ayam+Goreng+Jakarta/data=!4m7!3m6!1s0x2e69f6f08e528db9:0x4a3c5eb17ffb48fb!8m2!3d-6.1824629!4d106.7837637!16s%2Fg%2F1th5fwqh!19sChIJuY1SjvD2aS4R-0j7f7FePEo?authuser=0&hl=id&rclk=1","Ayam Goreng Jakarta","4,6","(508)","·","Rp 50–75 rb","Sunda","·","·","Tutup","· Buka Min pukul 10.00","https://lh3.googleusercontent.com/gps-cs-s/APNQkAEBkfjdYKWlKBvUqT7BsPpAKylb_IVvxaAEpEsulJf0SX8LKiVq1setSPOd38eDA_VQqAep7owIEem7m2OFDkorbcQYQin5B7CyXPSIN65MmYVPWKt-Um0sJ8fHXcWwhupwWBEbA5J-GGmH=w163-h92-k-no","https://ssl.gstatic.com/local/servicebusiness/default_user.png","""Bagus tempatnya, makanan enak, servicenya oke""","","Jl. Tanjung Duren Raya No.1 4, RT.4/RW.2","","","","",""
"https://www.google.com/maps/place/Warung+Makan+Bahari/data=!4m7!3m6!1s0x2e69f6c2efe9b0ff:0x2a968fac08c087ae!8m2!3d-6.199874!4d106.7846576!16s%2Fg%2F11c2pp9rzl!19sChIJ_7Dp78L2aS4RrofACKyPlio?authuser=0&hl=id&rclk=1","Warung Makan Bahari","4,3","(21)","","","Restoran","·","Jl. H. Sennin No.6, RT.6/RW.12","Tutup","· Buka Min pukul 08.00","https://lh3.googleusercontent.com/gps-cs-s/APNQkAHnfRnLu1CCjEfTGLVORzNQ2aw4r__yKV2ilxeLG1kUw9SESTcLfY8Vjsi7fZ5KvQiaKQ498w5eG9nMT3ilG5Se316wzAqi6WzoOg5EnA-rJGfQQDsWL7iXKji92AT4jnZGE9BGCw=w138-h92-k-no","https://ssl.gstatic.com/local/servicebusiness/default_user.png","""Sangat enak dan mantap""","","","https://www.google.com/viewer/chooseprovider?mid=/g/11c2pp9rzl&g2lbs=AIBNGdUqq3lEfiAWBgfcz_aubzmISPNlASd3YGq9PuNGQC2yKU1nYx-5lYYF46oi2eyB55ChoqmOMFDx8ANHRnGdf6B56C3fTg%3D%3D&hl=id-ID&gl=id&fo_m=MfohQo559jFvMUOzJVpjPL1YMfZ3bInYwBDuMfaXTPp5KXh-&utm_source=tactile&gei=LqbjaeSCEbahnesPx4WiyQI&ei=LqbjaeSCEbahnesPx4WiyQI&fo_s=OA&opi=79508299&orderType=1&ebb=1&cs=0&foub=mcpp","Pesan online","","",""
"https://www.google.com/maps/place/Warung+Bang+Zaenal/data=!4m7!3m6!1s0x2e69f6f26b0ff5a9:0xdf8360ef3b63eb42!8m2!3d-6.1865463!4d106.7900018!16s%2Fg%2F11g7197h56!19sChIJqfUPa_L2aS4RQutjO-9gg98?authuser=0&hl=id&rclk=1","Warung Bang Zaenal","4,5","(52)","·","$","Rumah Makan","·","Jl. Kemanggisan Ilir XI No.3 13, RT.13/RW.8","Buka","· Tutup Min pukul 12.00","https://lh3.googleusercontent.com/gps-cs-s/APNQkAFD2ipPJYM-7Tl20mGp3beVHRdMcpPeGlhf7EBET8gA6IsFgKt7qXkEdFtr-xXjKiNBOdVx_LcLhJUg9wfGSnuXrq5XmpHf5sZnmQQSv8bVzCJB5jAZ-bsxcxMMWuLj_-NW4_0=w80-h106-k-no","","Makan di tempat","Bawa pulang","","","","","","·"
"https://www.google.com/maps/place/RM.+Minang+Safari/data=!4m7!3m6!1s0x2e69f6ddf06bb055:0xaf69958e1b8b5281!8m2!3d-6.1989595!4d106.777407!16s%2Fg%2F1hm2b5bxt!19sChIJVbBr8N32aS4RgVKLG46Vaa8?authuser=0&hl=id&rclk=1","RM. Minang Safari","4,5","(123)","·","Rp 1–25.000","Padang","·","·","Tutup","· Buka Min pukul 12.00","https://lh3.googleusercontent.com/gps-cs-s/APNQkAHk4NvGNQNLuEUuBvukLDgxZd7q1mgMQ6XIcnTBkWdl15F9ZcZY8MdXeH6a4ZnST4fhYVQsARqK06IZvAq4fIkFjZDAOXX9c7PmcU_IE5EDavlekLpEp8IaZm3zomO-0PrWWgEJ=w92-h92-k-no","https://ssl.gstatic.com/local/servicebusiness/default_user.png","""Juaraaa banget makannya, harga affordable lagii🫰""","","Jl. Raya Kb. Jeruk No.37, RT.7/RW.2","https://www.google.com/viewer/chooseprovider?mid=/g/1hm2b5bxt&g2lbs=AIBNGdUQc-9P7C_bZo1X7ye5WMFcZcwV5_8u8ycN0_BQYCLmcTlLYUT47nUSisf39jVHTRONaF9wYwo924v-q1-guQcKJO087A%3D%3D&hl=id-ID&gl=id&fo_m=MfohQo559jFvMUOzJVpjPL1YMfZ3bInYwBDuMfaXTPp5KXh-&utm_source=tactile&gei=LqbjaeSCEbahnesPx4WiyQI&ei=LqbjaeSCEbahnesPx4WiyQI&fo_s=OA&opi=79508299&orderType=1&ebb=1&cs=0&foub=mcpp","Pesan online","","",""
"https://www.google.com/maps/place/RM.+Sake+77/data=!4m7!3m6!1s0x2e69f71f7f1fbbb3:0x1109a67baa9c6086!8m2!3d-6.198469!4d106.767572!16s%2Fg%2F1hm5f5_bd!19sChIJs7sffx_3aS4RhmCcqnumCRE?authuser=0&hl=id&rclk=1","RM. Sake 77","4,4","(131)","·","$","Jawa","·","Jl. Raya Kb. Jeruk No.77 10, RT.10/RW.1","Tutup","· Buka Min pukul 09.00","https://lh3.googleusercontent.com/gps-cs-s/APNQkAHP4rL8yOQbGRn7r6uK9eVF4przyPdRwql4NdKyITUzwARCh_EZPwu5oxBtxHLcMloPaLOEPy3QbnH-j8lw-WymeftdK0U_JgEY4LDbOV-GK_xPR9jRMdRAHg03-antItl__H3V=w80-h106-k-no","https://ssl.gstatic.com/local/servicebusiness/default_user.png","""The real the best pisang ijo di jakarta.""","","","","","","",""
"https://www.google.com/maps/place/Nasi+Uduk+Bang+Udin/data=!4m7!3m6!1s0x2e69f6c517e0941b:0x1a4fe3de750d8bd5!8m2!3d-6.2065932!4d106.7835636!16s%2Fg%2F1vtt_104!19sChIJG5TgF8X2aS4R1YsNdd7jTxo?authuser=0&hl=id&rclk=1","Nasi Uduk Bang Udin","4,3","(813)","·","Rp 25–50 rb","Nasi Uduk","·","·","Buka","· Tutup pukul 00.30","https://lh3.googleusercontent.com/gps-cs-s/APNQkAFbuX8d0AsYcVf69FKXZbvUK8d9MGLX5DRGLU05XD7XtI_MAYtV85kmz_vahCmIjVgnoeYTPPmtGLCpyevH9tLJfIppUNZfU_EPT74m-lhINEat7Tq2A0cmzD5Yoi2XO9rzCZbMGQ=w122-h92-k-no","https://ssl.gstatic.com/local/servicebusiness/default_user.png","""Rasanya standart namun harganya diluar standart""","","Jl. Palmerah Barat No.25A, RT.2/RW.15","https://www.google.com/viewer/chooseprovider?mid=/g/1vtt_104&g2lbs=AIBNGdUGfn_qhypY-7sFmErK_MM8Vum5Wbp2io-R8zZmPPpgM15o-uzHOhYYyV7MCzOab6GLstQdOZ-eTV4KAmVYL6q8gD3e5A%3D%3D&hl=id-ID&gl=id&fo_m=MfohQo559jFvMUOzJVpjPL1YMfZ3bInYwBDuMfaXTPp5KXh-&utm_source=tactile&gei=LqbjaeSCEbahnesPx4WiyQI&ei=LqbjaeSCEbahnesPx4WiyQI&fo_s=OA&opi=79508299&orderType=1&ebb=1&cs=0&foub=mcpp","Pesan online","","",""
"https://www.google.com/maps/place/Kedai+89+Chinese+Food/data=!4m7!3m6!1s0x2e69f70e059e639b:0x5985a9614c2add6!8m2!3d-6.2002571!4d106.7839452!16s%2Fg%2F11fhtytw5h!19sChIJm2OeBQ73aS4R1q3CFJZamAU?authuser=0&hl=id&rclk=1","Kedai 89 Chinese Food","5,0","(8)","","","China","·","Jl. Kh.Syahdan Gg. Keluarga No.31 6, RT.6/RW.12","Tutup","· Buka Min pukul 10.00","https://lh3.googleusercontent.com/gps-cs-s/APNQkAErmlbOscTsX8u7BTdgQDtTdxZ1ewSuNapInAz8BZX57nIMbFNx4W9sUUrIogDi-irHkVhjA8ZP-u4NWp7N1eQoauYIk77KTNEnXvAo6rIqx3LGi6E6nrSQaLGrFIMWZHHIVhAm=w118-h92-k-no","","Makan di tempat","Bawa pulang","","","","","","·"
"https://www.google.com/maps/place/Nasi+uduk+malam/data=!4m7!3m6!1s0x2e69f6e5381e3e0b:0x95ec15a6d1b44176!8m2!3d-6.188865!4d106.7795829!16s%2Fg%2F11bt_9bnft!19sChIJCz4eOOX2aS4RdkG00aYV7JU?authuser=0&hl=id&rclk=1","Nasi uduk malam","4,2","(11)","","","Betawi","·","·","Buka","· Tutup pukul 00.00","https://streetviewpixels-pa.googleapis.com/v1/thumbnail?panoid=YrH-iQ1f5krQ_JtwnjL5hg&cb_client=search.gws-prod.gps&w=80&h=92&yaw=170.5164&pitch=0&thumbfov=100","","Makan di tempat","Bawa pulang","no., Jl. Budi Swadaya No.6, RT.2/RW.4","","","","","·"
"https://www.google.com/maps/place/Tiga+saudara+sop+kaki+kambing,+sop+daging+sapi+%26+sate+kambing/data=!4m7!3m6!1s0x2e69f72d412c07eb:0x2e3235f93eef55b3!8m2!3d-6.1971482!4d106.7682715!16s%2Fg%2F11gjzvy3rw!19sChIJ6wcsQS33aS4Rs1XvPvk1Mi4?authuser=0&hl=id&rclk=1","Tiga saudara sop kaki kambing, sop daging sapi & sate kambing","4,6","(219)","·","Rp 25–50 rb","Sup","·","Jl. Lapangan Bola No.7 7, RT.7/RW.1","Buka","· Tutup pukul 01.30","https://lh3.googleusercontent.com/gps-cs-s/APNQkAH2qfJRosuXf_9vWEK2onsmy7Wd-QONB7pyrdiiTmxEGUwi394xaObG2zg8G-MwhiceN2z2Nh9D7qtrjaCLgseOvDV44BUa3K1GdDC7oEIeeBqHw67xHmb74_6Xz2nMkcU_-arA=w122-h92-k-no","https://ssl.gstatic.com/local/servicebusiness/default_user.png","""15 tusuk sate kambing, nasi putih, teh hangat manis.""","","","","","","",""
"https://www.google.com/maps/place/Warteg+prima+bahari+023/data=!4m7!3m6!1s0x2e69f70049e69b0d:0x1786d2e24dc320f6!8m2!3d-6.18941!4d106.7828661!16s%2Fg%2F11y_kflhx8!19sChIJDZvmSQD3aS4R9iDDTeLShhc?authuser=0&hl=id&rclk=1","Warteg prima bahari 023","5,0","(7)","","","Makanan Siap Saji","·","Jl. Budi Raya","","","https://lh3.googleusercontent.com/gps-cs-s/APNQkAFw_qcOKWpnEhXISWfzTWiMJ4wKKKABgYJoQYrwZ6OMnG98dy8OjxDGFjdvrtxZjnYStPKWC5FeLeDdouxX7M7a4eePtVJgXi6FIePlNgFGJIX6Nbtni2ONhEcFX_Cq9E-2Blq3ujIKnGqp=w163-h92-k-no","https://ssl.gstatic.com/local/servicebusiness/default_user.png","""Bersih
Nikmat
Murah""","","","","","","",""
"https://www.google.com/maps/place/Warung+Bu+Eti/data=!4m7!3m6!1s0x2e69f6c2f23a5423:0xe7e076384ed89c1e!8m2!3d-6.1989488!4d106.785004!16s%2Fg%2F11cs0q3xzl!19sChIJI1Q68sL2aS4RHpzYTjh24Oc?authuser=0&hl=id&rclk=1","Warung Bu Eti","4,7","(3)","","","Betawi","·","Blok H Senin, Jl. H. Sennin Blok H Senin No.61, RT.6/RW.12","Segera tutup","· 23.00 · Buka Sen pukul 06.00","https://lh3.googleusercontent.com/gps-cs-s/APNQkAF6snyRAdYYSZXvCqzG5u59B-t-rFomuhBLbeEq83se2N_7LH6wBHo3KRCbCNehOD1LowNEVr8N1RVvg2pT7ALgJFD6vj-_psFJNNhV-dk7bA8u4jPFA44y-6cJ05V-ZBJTnZs=w80-h106-k-no","","Makan di tempat","Bawa pulang","","","","","","·"
"https://www.google.com/maps/place/Takoyaki+Ka+Aal+%28W@rjok_in%29/data=!4m7!3m6!1s0x2e69f7fb7062dd7f:0xa11a2e6e27faa86f!8m2!3d-6.1994207!4d106.77519!16s%2Fg%2F11mw8j_zct!19sChIJf91icPv3aS4Rb6j6J24uGqE?authuser=0&hl=id&rclk=1","Takoyaki Ka Aal (W@rjok_in)","5,0","(3)","","","Sesuai untuk keluarga","·","Jl. Komp. Dpr I Atas No.4, RT.4/RW.2","Buka","· Tutup Min pukul 09.00","https://lh3.googleusercontent.com/gps-cs-s/APNQkAH1wL33WknP7ZoSpWPJcf7amBGfTZX03oW4zREjnGDAAR_WRNRo_9UpYGYSZIe2aOmUDfkBxLh1pxifpNUe8imOlUDdb1jNwapzeNPhIuA5PENYN1Oc_gqS3M0HQbEKHRUbEKDr=w80-h106-k-no","","Makan di tempat","Bawa pulang","","","","","","·"
"https://www.google.com/maps/place/Ayam+Bakar+Kambal/data=!4m7!3m6!1s0x2e69f12293638da3:0x4bc90a845893d196!8m2!3d-6.2113635!4d106.7834814!16s%2Fg%2F12lw68bgr!19sChIJo41jkyLxaS4RltGTWIQKyUs?authuser=0&hl=id&rclk=1","Ayam Bakar Kambal","4,4","(2.365)","·","Rp 25–50 rb","Ayam","·","·","Buka 24 jam","","https://lh3.googleusercontent.com/gps-cs-s/APNQkAFH1k-qfHM1sxXE8UuipZk4SEX-mQ08kYXZhd-kOsoSnl_n80fBfdWPxCRGw6Mnoe2FABjMSxTrXDA2u_Weg4e3gj3r0r11Q4Ngs-tmnxPQPqFKctej4Kwbr9YmSeDb0DSKItqwhg=w122-h92-k-no","https://ssl.gstatic.com/local/servicebusiness/default_user.png","""Semua menunya enak, terjangkau, bersih top deh""","","Jl. Tanah Baru I No.1 4, RT.6/RW.13","https://www.google.com/viewer/chooseprovider?mid=/g/12lw68bgr&g2lbs=AIBNGdWaUrff5Tu4R7efqKVvId_w5zpNhIIsHAcjGZRD_5vEwZdk5clVzdTANmsV4qaytve1khaTV3GFv8k4zrp-wtD-74Na0A%3D%3D&hl=id-ID&gl=id&fo_m=MfohQo559jFvMUOzJVpjPL1YMfZ3bInYwBDuMfaXTPp5KXh-&utm_source=tactile&gei=LqbjaeSCEbahnesPx4WiyQI&ei=LqbjaeSCEbahnesPx4WiyQI&fo_s=OA&opi=79508299&orderType=1&ebb=1&cs=0&foub=mcpp","Pesan online","","",""
"https://www.google.com/maps/place/Sayur+Asem+Bu+Marlin/data=!4m7!3m6!1s0x2e69f7baa11a20c5:0x283e63706e137394!8m2!3d-6.2007308!4d106.7836747!16s%2Fg%2F11hz2z7hvl!19sChIJxSAaobr3aS4RlHMTbnBjPig?authuser=0&hl=id&rclk=1","Sayur Asem Bu Marlin","4,4","(19)","","","Restoran","·","Jl. Kyai H. Syahdan No.18, RT.6/RW.12","Tutup","· Buka Min pukul 11.00","https://lh3.googleusercontent.com/gps-cs-s/APNQkAGkeU7oINLcQ31CW6e6L11zG2jgQLGRIUO2GpTRNO8GmZQ-gFIlX2mtjo36q0LLANt2StkGZH9IM4_KLAN0EciOTu-5izmXXhdG3D4Ic1fLH31q22RhT-fPe2iZ-Ytzc9Rp1gpgT9HF1hOG=w92-h92-k-no","https://ssl.gstatic.com/local/servicebusiness/default_user.png","""Sayur asemnya segar banget, kuahnya pas antara asam dan gurih.""","","","https://www.google.com/viewer/chooseprovider?mid=/g/11hz2z7hvl&g2lbs=AIBNGdVC6KWtGDlBQPykLUYU_jeEB2Ag2bH3XqDxn6tAom0Y7xQcAKsJaq-Sf5jPwqPd16-oTC5rBeLhJ4trOPuupCtA29wRgg%3D%3D&hl=id-ID&gl=id&fo_m=MfohQo559jFvMUOzJVpjPL1YMfZ3bInYwBDuMfaXTPp5KXh-&utm_source=tactile&gei=LqbjaeSCEbahnesPx4WiyQI&ei=LqbjaeSCEbahnesPx4WiyQI&fo_s=OA&opi=79508299&orderType=1&ebb=1&cs=0&foub=mcpp","Pesan online","","",""
"https://www.google.com/maps/place/Pecel+Lele+Prapatan+Srengseng/data=!4m7!3m6!1s0x2e69f717a9ec7aa9:0x28cdf5ca98f63552!8m2!3d-6.1965691!4d106.7563609!16s%2Fg%2F11c0r5dqdk!19sChIJqXrsqRf3aS4RUjX2mMr1zSg?authuser=0&hl=id&rclk=1","Pecel Lele Prapatan Srengseng","4,5","(87)","·","$","Pujasera","·","Jl. Meruya Ilir Raya No.50 6, RT.6/RW.5","Buka","· Tutup pukul 01.00","https://lh3.googleusercontent.com/gps-cs-s/APNQkAH0dPVq6vuGqzGV9oHnkjAyD1uc_dSW3JbDV5iArUQzfULBfbc5xoh58bfvCsb9KnKGPIc2j1n2mNHsoQ9jHHUbNV4kCC8GcPFvX6rDhn9PIRsjnXWE00HTltekd2PhCfivjHCRSw=w80-h106-k-no","https://ssl.gstatic.com/local/servicebusiness/default_user.png","""Biasa aja tempat dan rasanya cuma enak buat nongkrong""","","","","","","",""
"https://www.google.com/maps/place/Dimsum+Bamboo/data=!4m7!3m6!1s0x2e69f78ec9da80db:0x3be804dc5dd3d707!8m2!3d-6.2007828!4d106.7838132!16s%2Fg%2F11gsbjcqc0!19sChIJ24DayY73aS4RB9fTXdwE6Ds?authuser=0&hl=id&rclk=1","Dimsum Bamboo","4,5","(11)","","","Dim Sum","·","Marlin Square, Jl. Kyai H. Syahdan No.18A 7, RT.6/RW.12","Segera tutup","· 23.00 · Buka Min pukul 11.00","https://lh3.googleusercontent.com/gps-cs-s/APNQkAEJEyjgmcBxk58vaSrJAxmqW6Rj3E-t6gCpSjRzOEv37L7BIjHWm5uwCVWmQOVH24iYU38Eixo4GgrRhDytYkfM61UgOIlYJf-RNr2JNys8Tk2Z5SAYGcgsm2sF4B1ZM7ASoYM2kQ=w122-h92-k-no","","Makan di tempat","Bawa pulang","","","","","","·"
"https://www.google.com/maps/place/Ayam+Bakar+Jibless/data=!4m7!3m6!1s0x2e69f6c327f4f061:0x246c172e58296db5!8m2!3d-6.2007495!4d106.7832445!16s%2Fg%2F11cnc9ss5_!19sChIJYfD0J8P2aS4RtW0pWC4XbCQ?authuser=0&hl=id&rclk=1","Ayam Bakar Jibless","4,0","(3)","","","Ayam","·","Jalan Kh Syahdan No 17 Kemanggisan Palmerah, Jakarta Barat, RT.6/RW.12","Buka","· Tutup pukul 01.00","https://streetviewpixels-pa.googleapis.com/v1/thumbnail?panoid=-ZuFOBPRtdPTxLi6iOpnaw&cb_client=search.gws-prod.gps&w=80&h=92&yaw=335.32443&pitch=0&thumbfov=100","","Makan di tempat","Bawa pulang","","","","","","·"
"https://www.google.com/maps/place/Mapo+Galmaegi+-+Magal+BBQ+Puri/data=!4m7!3m6!1s0x2e69f711847183f5:0x40f8004a92904cb6!8m2!3d-6.1912893!4d106.7533519!16s%2Fg%2F11g8_0dgny!19sChIJ9YNxhBH3aS4RtkyQkkoA-EA?authuser=0&hl=id&rclk=1","Mapo Galmaegi - Magal BBQ Puri","4,5","(1.448)","·","$$$","BBQ Korea","·","Jl. Taman Aries No.3D, RT.10/RW.3","Tutup","· Buka Min pukul 11.30","https://lh3.googleusercontent.com/gps-cs-s/APNQkAFOvnjawcYuDo4qouAvvtVhKy30Ir33Y5syOaBG6rQ5wIlVk5HRjJ7-f95X96aweinWqs96m6Q9GaHhTO2hRe1fkfhDIJzUCaSR5PilczIRza2KRKl_3V_9KBRvi9SNFJaUi5b8=w163-h92-k-no","https://ssl.gstatic.com/local/servicebusiness/default_user.png","""best grilled bbq, kimchi rameyon nya recommend, kopinya enak😍.""","","Restoran mewah dengan BBQ Korea & klasik","https://www.google.com/viewer/chooseprovider?mid=/g/11g8_0dgny&g2lbs=AIBNGdVUb_2yZbQWrYM1tz4t_THX8KiSxZvg9n0IdK7r4dwB9UxKDUw_cMMeZ4uYnljM2aoZytBP2-VQyTZR7q-S5sLfIh37sw%3D%3D&hl=id-ID&gl=id&fo_m=MfohQo559jFvMUOzJVpjPL1YMfZ3bInYwBDuMfaXTPp5KXh-&utm_source=tactile&gei=L6bjaYzePJ2RseMPm4rOqAM&ei=L6bjaYzePJ2RseMPm4rOqAM&fo_s=OA&opi=79508299&orderType=1&ebb=1&cs=0&foub=mcpp","Pesan online","","",""
"https://www.google.com/maps/place/Sate+Padang+Pariaman+Doa+Mandeh/data=!4m7!3m6!1s0x2e69f6c3526be2e3:0x41389d125d62f456!8m2!3d-6.2028237!4d106.782723!16s%2Fg%2F11cjj0l436!19sChIJ4-JrUsP2aS4RVvRiXRKdOEE?authuser=0&hl=id&rclk=1","Sate Padang Pariaman Doa Mandeh","4,6","(52)","","","Sate","·","·","Buka","· Tutup pukul 00.00","https://lh3.googleusercontent.com/gps-cs-s/APNQkAH7rCgn2pdicExG4z3uzOITll5ha63NowCsygaHzwINlQ1q-lbQd7Xl-uP1RCL629Iz1GhERMn2LB62ufD4_oLqpN2yFleQzisvdeBbcEleSk-Dnrdvn82_ayywVTFTsGP7cShR3g=w122-h92-k-no","https://ssl.gstatic.com/local/servicebusiness/default_user.png","""Kualitas rasa agak beda/menurun karena sudah beda yg masak.""","","3, Jl. Rw. Belong No.41B, RT.3/RW.6","https://www.google.com/viewer/chooseprovider?mid=/g/11cjj0l436&g2lbs=AIBNGdXb7cH8ka2lCer0ScsLMjOlH8CbwDyakJ5WywjdJzYvUU3pFVB5mIu-G3v0RoFdVndC8dgstJ-gLklOOoFbaV7b_iSfxg%3D%3D&hl=id-ID&gl=id&fo_m=MfohQo559jFvMUOzJVpjPL1YMfZ3bInYwBDuMfaXTPp5KXh-&utm_source=tactile&gei=L6bjaYzePJ2RseMPm4rOqAM&ei=L6bjaYzePJ2RseMPm4rOqAM&fo_s=OA&opi=79508299&orderType=1&ebb=1&cs=0&foub=mcpp","Pesan online","","",""
"https://www.google.com/maps/place/prima+rasa+ayam+penyet+kemanggisan/data=!4m7!3m6!1s0x2e69f6c345e68685:0x822e1e3e1d804e2b!8m2!3d-6.2024513!4d106.783305!16s%2Fg%2F11fyzdklzk!19sChIJhYbmRcP2aS4RK06AHT4eLoI?authuser=0&hl=id&rclk=1","prima rasa ayam penyet kemanggisan","4,5","(4)","","","Ayam Penyet","·","Blok U, Jl. U Raya Blok U No.25, RT.9/RW.15","Tutup","· Buka Min pukul 10.00","https://streetviewpixels-pa.googleapis.com/v1/thumbnail?panoid=CxiUVfmyKaoJ2tiI29bRcA&cb_client=search.gws-prod.gps&w=80&h=92&yaw=106.93324&pitch=0&thumbfov=100","","Makan di tempat","Bawa pulang","","","","","","·"
"https://www.google.com/maps/place/Healthyfood.jakarta/data=!4m7!3m6!1s0x2e69f76f9b7f749b:0xd1f4dc4df546bb41!8m2!3d-6.1866361!4d106.7801491!16s%2Fg%2F11h2fgc4hj!19sChIJm3R_m2_3aS4RQbtG9U3c9NE?authuser=0&hl=id&rclk=1","Healthyfood.jakarta","3,3","(11)","","","Makanan Sehat","·","Jl. Asem No.1 2, RT.2/RW.12","Tutup","· Buka Min pukul 09.00","https://lh3.googleusercontent.com/gps-cs-s/APNQkAE1kWLx8j44BZ-vRTAwMbSzyP6B62CWJLj_jUrZ8VvzwfFueUcSqDzOXZx3E_7QK2mArjQ8HAaFoRQ3-WvKNvG9yjibsHM-zR9shH2lHmdBw69AnOlZdmt5GFEhDHNT7MSVrhoZHQ=w92-h92-k-no","","Makan di tempat","Bawa pulang","","https://www.google.com/viewer/chooseprovider?mid=/g/11h2fgc4hj&g2lbs=AIBNGdUUQXUuzmp3RqRTQrwJLSB9KepwGFFtHqC9umvYFMudjLR5lVSgL1F5XqrGt2avQLomIdGy5skusHpiGcaegGwM_KalAg%3D%3D&hl=id-ID&gl=id&fo_m=MfohQo559jFvMUOzJVpjPL1YMfZ3bInYwBDuMfaXTPp5KXh-&utm_source=tactile&gei=L6bjaYzePJ2RseMPm4rOqAM&ei=L6bjaYzePJ2RseMPm4rOqAM&fo_s=OA&opi=79508299&ebb=1&cs=0&foub=mcpp","Pesan online","","","·"
"https://www.google.com/maps/place/Bakso+Aan/data=!4m7!3m6!1s0x2e69f7112e8ddec7:0x2fd78cd767621a8e!8m2!3d-6.1935069!4d106.7553415!16s%2Fg%2F11c1q97b11!19sChIJx96NLhH3aS4RjhpiZ9eM1y8?authuser=0&hl=id&rclk=1","Bakso Aan","4,4","(1.115)","·","Rp 50–75 rb","Bakso","·","11, Jl. Pesanggrahan No.8C 11, RT.11/RW.3","Tutup","· Buka Min pukul 10.00","https://lh3.googleusercontent.com/gps-cs-s/APNQkAH8mLV0aWBm44DE-y9lrhe4XZbzFKhUC-iOFAjVvV8bCv0GK3Ah2oFsITMdSmsOGWHrnbQLsBoPONa5kgptRvQ7ZZPmppZrJxs6Utorrxq8Jk69HaXip1Bxoot2yAXYG-oBfgQy=w92-h92-k-no","https://ssl.gstatic.com/local/servicebusiness/default_user.png","""Banyak variasi pilihan bakso dan daging dengan kuah yg lezat.""","","Menu kaki lima Indonesia di kedai nyaman","https://www.google.com/viewer/chooseprovider?mid=/g/11c1q97b11&g2lbs=AIBNGdXwtlu7xvxuKWTyAhUv6lMW04lbtcl8l1cxcEXvkYiA1SWJNrnw0JszGZSiG5zJ9eSLdRhjrEekZCb0TFYL6aVr1WE_EA%3D%3D&hl=id-ID&gl=id&fo_m=MfohQo559jFvMUOzJVpjPL1YMfZ3bInYwBDuMfaXTPp5KXh-&utm_source=tactile&gei=L6bjaYzePJ2RseMPm4rOqAM&ei=L6bjaYzePJ2RseMPm4rOqAM&fo_s=OA&opi=79508299&orderType=1&ebb=1&cs=0&foub=mcpp","Pesan online","","",""
"https://www.google.com/maps/place/Tangyue+Xiaoguan+Restoran+%E6%A3%A0%E6%82%A6%E5%B0%8F%E9%A6%86%C2%B7%E5%B7%9D%E7%B2%A4%E8%9E%8D%E5%90%88%E8%8F%9C/data=!4m7!3m6!1s0x2e69f7565122f097:0x4ba8e2a3211130cd!8m2!3d-6.1773957!4d106.7890404!16s%2Fg%2F11y87b845z!19sChIJl_AiUVb3aS4RzTARIaPiqEs?authuser=0&hl=id&rclk=1","Tangyue Xiaoguan Restoran 棠悦小馆·川粤融合菜","4,6","(65)","","","China","·","Central Park Podomoro City Garden Shopping Arcade, Blok Clairmont No.9AP, Letjen S. Parman No.Kav 28, RT.12/RW.6","Buka","· Tutup pukul 02.00","https://lh3.googleusercontent.com/gps-cs-s/APNQkAGs6AwAuzhP1dLNBDLv5HRYAZGNewhdh0LVNoYa45DkUTUG8LJsV000zi1IG_1mCUqgAPkzZjRB4Ba0IfJAK8BimgmfgTnjmbCQMhf_U6W0YXkKT8xCU5mm6nFy_NucgUXJ1RLXdFEuXb30=w122-h92-k-no","https://ssl.gstatic.com/local/servicebusiness/default_user.png","""makanannya enak bgt, staff nya ramah, harganya sangat worth it.""","","","","","","",""
"https://www.google.com/maps/place/Nasi+Uduk+Hj.Aweh,+Warung+Ba%27so+Teteh+%26+snack/data=!4m7!3m6!1s0x2e69f6e89bcbfb3b:0x4e4315c1b7af42ba!8m2!3d-6.1947879!4d106.7832419!16s%2Fg%2F11c55br4yk!19sChIJO_vLm-j2aS4RukKvt8EVQ04?authuser=0&hl=id&rclk=1","Nasi Uduk Hj.Aweh, Warung Ba'so Teteh & snack","4,7","(18)","","","Betawi","·","Jl. Kemanggisan I Jl. Kemanggisan Ilir V No.103 5, RT.5/RW.13","Tutup","· Buka Min pukul 06.00","https://lh3.googleusercontent.com/gps-cs-s/APNQkAFCHVVnEgI9rGVwiuqsqxlQtwyPzsqFPsMtsdDkPJWfIeUj1Y6WYolTzJmuYdwQExoBe5VVZ2IcUfqkCCTFS1_aih5M6AAfln6DFCQkJGpPhJgKA-sSRta7ufJQs2iDITKp69eZ=w163-h92-k-no","https://ssl.gstatic.com/local/servicebusiness/default_user.png","""Nasi uduk yang enak buat sarapan""","","","","","","",""
"https://www.google.com/maps/place/Warung+Nasi+Goreng+Mawuut/data=!4m7!3m6!1s0x2e69f6c34a08be71:0x1365e605668dc320!8m2!3d-6.2020775!4d106.7827969!16s%2Fg%2F11bcf2_mmq!19sChIJcb4ISsP2aS4RIMONZgXmZRM?authuser=0&hl=id&rclk=1","Warung Nasi Goreng Mawuut","4,5","(2)","","","Nasi Goreng","·","No. 82 Kecamatan Palmerah, Kelurahan, Jl. Raya Kb. Jeruk, RT.9/RW.15","Tutup","· Buka Min pukul 08.00","https://lh3.googleusercontent.com/gps-cs-s/APNQkAFFSzfmFDjfq3G9W0kOdtXFEhZxluVdq8xVpOc52PlC53DzxPjI2c31B5BJkXIm0-_dGn5BWQkVhY99EDdlJ_q8Vx1YeLmC7KvKOE53oKQvRa12Q-WbherLN5imS_YceAXsjriq=w88-h92-k-no","","Makan di tempat","Bawa pulang","","","","","","·"
"https://www.google.com/maps/place/Gerobak+Betawi+Taman+Ratu/data=!4m7!3m6!1s0x2e69f7879df5c781:0x85180bdf3de3485f!8m2!3d-6.1699866!4d106.7666034!16s%2Fg%2F1hm1wcqmq!19sChIJgcf1nYf3aS4RX0jjPd8LGIU?authuser=0&hl=id&rclk=1","Gerobak Betawi Taman Ratu","4,4","(2.571)","·","Rp 50–75 rb","Indonesia","·","·","Buka","· Tutup pukul 00.00","https://lh3.googleusercontent.com/gps-cs-s/APNQkAE_lTWXLpY4dmhQ9IuIYR43zXGdhB9HjT3KoMToyc1TMNtpvqjsTvmSKtscTY8ZZu7w5Yah86dZZ2HxKb_KVvdxYbmWBOJoU5vISq7uscrT4tJoHvnWbC41C1x_PGrIw3WOMdHk=w122-h92-k-no","https://ssl.gstatic.com/local/servicebusiness/default_user.png","""Tapi sate ayamnya Ok, pake daging dada tapi tetap juicy Dan tender.""","","Jl. Surya Wijaya Blk. BB1 No.1D, RT.9/RW.11","https://www.google.com/viewer/chooseprovider?mid=/g/1hm1wcqmq&g2lbs=AIBNGdXMXk6Cj-MiyawpMt3YPLzaFt9BJbakyIuQjzWuEndLxuIGvQ2VNR5anfjDRS10wM_AbQSCp1PXqSYlI0WwrH1hUFIdgg%3D%3D&hl=id-ID&gl=id&fo_m=MfohQo559jFvMUOzJVpjPL1YMfZ3bInYwBDuMfaXTPp5KXh-&utm_source=tactile&gei=L6bjaYzePJ2RseMPm4rOqAM&ei=L6bjaYzePJ2RseMPm4rOqAM&fo_s=OA&opi=79508299&ebb=1&cs=0&foub=mcpp","Pesan online","","",""
"https://www.google.com/maps/place/Restoran+berkah+hokki+Kemanggisan/data=!4m7!3m6!1s0x2e69f7c55e646cab:0xa021377be493fb0f!8m2!3d-6.1921823!4d106.7851885!16s%2Fg%2F11ss4k5y1n!19sChIJq2xkXsX3aS4RD_uT5Hs3IaA?authuser=0&hl=id&rclk=1","Restoran berkah hokki Kemanggisan","5,0","(4)","","","Makanan Siap Saji","·","Jl. Kemanggisan Raya No.1, RT.1/RW.8","","","https://lh3.googleusercontent.com/gps-cs-s/APNQkAG2bF8U4TnhoKRMHPl4-HQEeCi7fWPEjYedwPD1UDkfmLnOasYA6iEbaN71ehQMC0bBSUpXIEeNQrgtOPS1q8XxR2qwhh4AOicYA3-mM6vLKDdjeUV4mmJJfVOt1rBn8rsveS-22g=w137-h92-k-no","https://ssl.gstatic.com/local/servicebusiness/default_user.png","""Makanannya enak banget, mantapp""","","","","","","",""
"https://www.google.com/maps/place/Angkringan+Nasi+Kucing+Solo%22mbah+MO%22/data=!4m7!3m6!1s0x2e69f7111b65ea2d:0xcbd992c603421343!8m2!3d-6.192077!4d106.755437!16s%2Fg%2F11g6tyfjk3!19sChIJLeplGxH3aS4RQxNCA8aS2cs?authuser=0&hl=id&rclk=1","Angkringan Nasi Kucing Solo""mbah MO""","4,6","(49)","","","Jawa","·","·","Buka","· Tutup pukul 02.00","https://lh3.googleusercontent.com/gps-cs-s/APNQkAG_4iWPDaG5m4m0jDzxX5ePFgft3SrRCQ7y1vOf4nihHQK2aUSbS5s88S8HqT6DC15wrRLs_aWg6FVQ2iQjI-mCHFFOD6ZAARKMvxR-kUo_fK5J5_1Gczaxg_AvYIn7hr3OFs41=w163-h92-k-no","","Makan di tempat","Bawa pulang","RT.11/RW.3","","","","","·"
"https://www.google.com/maps/place/Ayam+Goreng+Suharti/data=!4m7!3m6!1s0x2e69f7216b1de327:0xa9be30ee191f514e!8m2!3d-6.1887024!4d106.7554059!16s%2Fg%2F11rfc5_n41!19sChIJJ-MdayH3aS4RTlEfGe4wvqk?authuser=0&hl=id&rclk=1","Ayam Goreng Suharti","4,5","(136)","","","Indonesia","·","Jl. Pesanggrahan No.15a 2, RT.2/RW.7","Tutup","· Buka Min pukul 09.00","https://lh3.googleusercontent.com/gps-cs-s/APNQkAEXdhGR3lbZZE3AHLePhE_ryYcusBfJyxjv0DQ9YajLNMhylcnkVXowX-ujCHTmA207qHmrzcOVrA7KbULeKhERweHc-7-PUT-AV20txIP_BFymdsd9fZWmyrRgvgYvQxLd96GZ=w122-h92-k-no","https://ssl.gstatic.com/local/servicebusiness/default_user.png","""Jaman dulu masih enak , ayam goreng sama sambel nya enak rasanya pas.""","","","https://www.google.com/viewer/chooseprovider?mid=/g/11rfc5_n41&g2lbs=AIBNGdXi6ZR0yJKY_IFu3Ej34zo8yq6Sm1Pkr03mOi4UgV1jg9Qtnv0bvNL4I0PRauHvOt9GODkG0EuLDus4QhO3_tezZx2QgA%3D%3D&hl=id-ID&gl=id&fo_m=MfohQo559jFvMUOzJVpjPL1YMfZ3bInYwBDuMfaXTPp5KXh-&utm_source=tactile&gei=L6bjaYzePJ2RseMPm4rOqAM&ei=L6bjaYzePJ2RseMPm4rOqAM&fo_s=OA&opi=79508299&orderType=1&ebb=1&cs=0&foub=mcpp","Pesan online","","",""
"https://www.google.com/maps/place/Central+Kitchen+Marco/data=!4m7!3m6!1s0x2e69f68800a2bfbf:0xa77bfb1d75906327!8m2!3d-6.1772649!4d106.8059974!16s%2Fg%2F11g9gjncjh!19sChIJv7-iAIj2aS4RJ2OQdR37e6c?authuser=0&hl=id&rclk=1","Central Kitchen Marco","4,7","(39)","","","Rumah Makan","·","no Jl. Tomang Asli No.58a 10, RT.10/RW.2","Buka","· Tutup pukul 03.00","https://streetviewpixels-pa.googleapis.com/v1/thumbnail?panoid=G-ueyO-HjPLElN9r24wVKQ&cb_client=search.gws-prod.gps&w=80&h=92&yaw=153.57822&pitch=0&thumbfov=100","https://ssl.gstatic.com/local/servicebusiness/default_user.png","""Aman sentosa 😁😇😍""","","","","","","",""
"https://www.google.com/maps/place/Dimsum+Ayu/data=!4m7!3m6!1s0x2e69f6c4b1a34e0d:0xc6ab346227abff9e!8m2!3d-6.2040696!4d106.7827891!16s%2Fg%2F11c59sk9kf!19sChIJDU6jscT2aS4Rnv-rJ2I0q8Y?authuser=0&hl=id&rclk=1","Dimsum Ayu","3,9","(22)","","","Dim Sum","·","Jl. Rw. Belong No.33 7, RT.1/RW.15","Buka","· Tutup pukul 00.00","https://lh3.googleusercontent.com/gps-cs-s/APNQkAFjSArpfuLMQnah3lF4dHw5ZXx9rb3yJIiVpzDkhr5BBPTyyqR74vyEToutlSIKP_s0O3Hzw-oxb-0uv5AXTafVxWLIRWVZD0OIBt6pr76FoTagu11gFMpRqyz7Jt9z76H3cRtFNw=w80-h106-k-no","","Makan di tempat","Bawa pulang","","","","","","·"
"https://www.google.com/maps/place/Ah+mei+cafe+kebon+jeruk/data=!4m7!3m6!1s0x2e69f71062942365:0x1c1a4950bf874ea!8m2!3d-6.1911796!4d106.7576859!16s%2Fg%2F1ptzzm132!19sChIJZSOUYhD3aS4R6nT4C5WkwQE?authuser=0&hl=id&rclk=1","Ah mei cafe kebon jeruk","4,2","(542)","·","$$","Masakan Asia","·","Prisma Kedoya Permai, Blok D9, Jl. Perjuangan, Kebon Jeruk, RT.1/RW.7","Tutup","· Buka Min pukul 08.15","https://lh3.googleusercontent.com/gps-cs-s/APNQkAGj4aiWs2Gp-aHvLbEmCyLjt6RiZyQixZtka6RGP5gxy12afnApvL37ls-chqxtChbSYy8oDnSrn656RrMp6Txx9xAXJfzxph3MHYLJZLbxF9Qp5L-DFlL9TUSFJ_pndHabLfl4=w122-h92-k-no","https://ssl.gstatic.com/local/servicebusiness/default_user.png","""Makanan nya enak, kue n roti nya authentic bgt, uenakkk bgt.""","","","","","","",""
"https://www.google.com/maps/place/Mlinjo+Cafe+and+Resto+Tomang/data=!4m7!3m6!1s0x2e69f689fa25d94b:0x5f9d82f0ab92f3c8!8m2!3d-6.1778143!4d106.8005774!16s%2Fg%2F11bw226wlm!19sChIJS9kl-on2aS4RyPOSq_CCnV8?authuser=0&hl=id&rclk=1","Mlinjo Cafe and Resto Tomang","4,6","(3.425)","·","Rp 50–75 rb","Indonesia","·","Jl. Kemuning No.50, RT.10/RW.1","Tutup","· Buka Min pukul 09.00","https://lh3.googleusercontent.com/gps-cs-s/APNQkAFAuGS19ieXxOMoE6j2d-72XKiX8Uiz08h3bxh7CW0v7gncoAqVHOFBmNVDeUQZzwR3FF9OQPQ15_LXvU_weHDW4dGo8hMtg7QNsWqph4FsSbdAyNw9ILChsPLGtj24K_bKjr8u=w122-h92-k-no","https://ssl.gstatic.com/local/servicebusiness/default_user.png","""Menu Empal Gentong juga enak, dagingnya sangat empuk dan kuahnya enak.""","","Restoran unik dengan masakan Jawa","","","","",""
"https://www.google.com/maps/place/Waroeng+soto+Lintang+Binus/data=!4m7!3m6!1s0x2e69f74400ac9fab:0x79b2d614d20068ea!8m2!3d-6.2011735!4d106.7826615!16s%2Fg%2F11h91d25p6!19sChIJq5-sAET3aS4R6mgA0hTWsnk?authuser=0&hl=id&rclk=1","Waroeng soto Lintang Binus","5,0","(9)","","","Restoran","·","Jl. Rw. Belong No.76 7, RT.7/RW.12","Tutup","· Buka Min pukul 09.00","https://lh3.googleusercontent.com/gps-cs-s/APNQkAFE3kPJYLlUpctNW5H-Eg0ksoeF8Mbw934kbhiSct1n3COt1L_r-7OzZnlv0vatm6hCcaAqzdzA6x2miwVt56JYKpGqmAcMI8OCCZsd97M6U8uxiY8d61qJsqKTYxr8ARvE7P9TaA=w122-h92-k-no","","Makan di tempat","Bawa pulang","","","","","","·"
"https://www.google.com/maps/place/Dapur+Saudaree/data=!4m7!3m6!1s0x2e69f7007100066d:0x747849c103ea76ac!8m2!3d-6.1911281!4d106.7834855!16s%2Fg%2F11xsh0f72z!19sChIJbQYAcQD3aS4RrHbqA8FJeHQ?authuser=0&hl=id&rclk=1","Dapur Saudaree","5,0","(2)","","","Pangsit","·","Jl. Bhakti IV No.01/09","Segera tutup","· 23.00 · Buka Min pukul 18.00","https://lh3.googleusercontent.com/gps-cs-s/APNQkAFTPScOG0xdobaUG1NtWM5xU4B3Gzdo5GPQ899471paq3GcmdsO6GjUsc4GomwLwEyzQH8U4M3pVukDLqFR3ENtISc7cNEZmf50XTfmxNhAnX32qkUeoK4-hh8VKJPDWQC0lhnpPo57bi5r=w80-h106-k-no","","Makan di tempat","Bawa pulang","","https://www.google.com/viewer/chooseprovider?mid=/g/11xsh0f72z&g2lbs=AIBNGdV6UxoRbjE4Tp34nzKLth9TMJaLRPXeuG5u-QI6ren98eSfZrsGt9cXFErkmcBhg593T1HYwh-8IwDbrrAXUZaTIZHfrA%3D%3D&hl=id-ID&gl=id&fo_m=MfohQo559jFvMUOzJVpjPL1YMfZ3bInYwBDuMfaXTPp5KXh-&utm_source=tactile&gei=MqbjacmSBY2XseMPgeLg-Qk&ei=MqbjacmSBY2XseMPgeLg-Qk&fo_s=OA&opi=79508299&orderType=1&ebb=1&cs=0&foub=mcpp","Pesan online","","","·"
"https://www.google.com/maps/place/Mie+Ayam+Melati/data=!4m7!3m6!1s0x2e69f78e76f85ee7:0x267183e6a635625f!8m2!3d-6.19246!4d106.7634069!16s%2Fg%2F11hfbtlh4n!19sChIJ5174do73aS4RX2I1puaDcSY?authuser=0&hl=id&rclk=1","Mie Ayam Melati","4,9","(30)","","","Mi","·","Jl. Melati No.18 13, RT.13/RW.10","Tutup","· Buka Min pukul 06.30","https://lh3.googleusercontent.com/gps-cs-s/APNQkAHaJ1N-adjTUHh5h_vjGJRCOLoFznuJYyz3_7OTsKVO-ZonAPL9gY-fFBQB2z51MmdNeXzpBY3nDIRemTJgUyKxMqHkO-lFIM1ditGTtdKsImpAsnGPLTQTCcTfkL3CjyzDM5jU=w80-h106-k-no","","Makan di tempat","Bawa pulang","","https://www.google.com/viewer/chooseprovider?mid=/g/11hfbtlh4n&g2lbs=AIBNGdVMn0KtmuOKLq7dI_zjCGSKPcA8OVAEx5VmzGmTyLTEI_TZxfL-WYrwJFKEExdizImxdac2vHs_niDhRwomjZ5h5CBwFw%3D%3D&hl=id-ID&gl=id&fo_m=MfohQo559jFvMUOzJVpjPL1YMfZ3bInYwBDuMfaXTPp5KXh-&utm_source=tactile&gei=MqbjacmSBY2XseMPgeLg-Qk&ei=MqbjacmSBY2XseMPgeLg-Qk&fo_s=OA&opi=79508299&orderType=1&ebb=1&cs=0&foub=mcpp","Pesan online","","","·"
"https://www.google.com/maps/place/Rumah+Makan+Pelangi/data=!4m7!3m6!1s0x2e69f6c23c953599:0x12371217b97e25f1!8m2!3d-6.1991509!4d106.7877582!16s%2Fg%2F1hf0t7fwp!19sChIJmTWVPML2aS4R8SV-uRcSNxI?authuser=0&hl=id&rclk=1","Rumah Makan Pelangi","4,1","(22)","","","Indonesia","·","Jl. KH. Taisir No. 1, RT. 11/ RW. 06, Kemanggisan, Palmerah, RT.5/RW.11","Segera tutup","· 23.00 · Buka Min pukul 16.00","https://lh3.googleusercontent.com/gps-cs-s/APNQkAGOBFHGJQ251rEq6fcNxdrBXb6Kfm598msP0F6tvFOTyFGGlCM5Ov1tqOwRrke1s_kolYOXqjsQ0hyMy1ejI1jTxNFX_E4oCcCFHn7VQ8HxIbfTk2Tboohz5ZMxwERxckRKSlQ7=w80-h142-k-no","https://ssl.gstatic.com/local/servicebusiness/default_user.png","""","Restoran","","","","","",""
"https://www.google.com/maps/place/Pagaruyung/data=!4m7!3m6!1s0x2e69f716de575ae7:0xb57ac6a4d16dbc3a!8m2!3d-6.1953261!4d106.7557238!16s%2Fg%2F1pt_qpy4n!19sChIJ51pX3hb3aS4ROrxt0aTGerU?authuser=0&hl=id&rclk=1","Pagaruyung","4,3","(38)","·","Rp 1–25.000","Padang","·","·","Tutup","· Buka Min pukul 10.00","https://lh3.googleusercontent.com/gps-cs-s/APNQkAEFGxkJImXU3C9asmqZizp8cgsZk1vEz-kIpRkKEB7-4LqiUElM4h5kjhVE5qSdR4fLEeLVV1WvWTFQvuutJKvLr3ih9bX4Ur9MIBiLiujwOq5TAUEX5KB0IWyLg6HT2_1BEIZ2PA=w92-h92-k-no","https://ssl.gstatic.com/local/servicebusiness/default_user.png","""Makan enak dengan harga murah.""","","Jalan Pesanggrahan Raya No.14, RT.2/RW.3","","","","",""
"https://www.google.com/maps/place/Warung+Pengkolan+Ma%27+Yati/data=!4m7!3m6!1s0x2e69f692a4215d5d:0x3a1a1f2e8f9e8d2a!8m2!3d-6.188125!4d106.7951894!16s%2Fg%2F11g71vb1d8!19sChIJXV0hpJL2aS4RKo2ejy4fGjo?authuser=0&hl=id&rclk=1","Warung Pengkolan Ma' Yati","4,7","(20)","·","Rp 1–25.000","Jawa","·","·","Buka","· Tutup pukul 00.00","https://lh3.googleusercontent.com/gps-cs-s/APNQkAEb65CZ21nrdTuuXGRx3MnWN4v1OHFojrVcFb7qF-2GYPNOcqL1p7CtZcWFqfWovDKgE1v6rxSz7iHZYyX_bksrRVY7jB6E1KDy_lL21gtEGahF64GqSfWmSDhuumr1mHhDF5PxpA=w138-h92-k-no","https://ssl.gstatic.com/local/servicebusiness/default_user.png","""Ada nasi putih & uduk, udah termasuk lalapan.""","","Jl anggrek nelimurni C12B, RT.10/RW.1","","","","",""
"https://www.google.com/maps/place/Nasi+Goreng+Khas+Solo+%22Mas+Paijo%22/data=!4m7!3m6!1s0x2e69f6591f0c6b65:0xfebbf1d2b744dac2!8m2!3d-6.1749393!4d106.7867587!16s%2Fg%2F11f122j55r!19sChIJZWsMH1n2aS4RwtpEt9Lxu_4?authuser=0&hl=id&rclk=1","Nasi Goreng Khas Solo ""Mas Paijo""","4,5","(298)","·","Rp 1–25.000","Nasi Goreng","·","·","Buka","· Tutup pukul 02.30","https://lh3.googleusercontent.com/gps-cs-s/APNQkAEEYOTGKEn7EcXUOOyJ1ZdOyU-deYzvfwpnrZFjy2h24kOFpgZ6YEH0Nrx5JKL4lN3H5fROoE6NjBKKzuYqu0mqY6P0rlPwlkCfBnCd7TLErzHBcDvBWdLSU5zQ7vGVuC1R0AcB=w163-h92-k-no","https://ssl.gstatic.com/local/servicebusiness/default_user.png","""Makannya murah dan enak.""","","Jl. Tanjung Duren Timur No.11 3, RT.3/RW.5","https://www.google.com/viewer/chooseprovider?mid=/g/11f122j55r&g2lbs=AIBNGdU3sJu39QcV40BCnTTgyzANzRW-xKybCTHPL8GkNIfq6YsiNseumrHxl6gsOgVOA17jdJCUBK13wuPjto4pvHU6T5KDJQ%3D%3D&hl=id-ID&gl=id&fo_m=MfohQo559jFvMUOzJVpjPL1YMfZ3bInYwBDuMfaXTPp5KXh-&utm_source=tactile&gei=MqbjacmSBY2XseMPgeLg-Qk&ei=MqbjacmSBY2XseMPgeLg-Qk&fo_s=OA&opi=79508299&orderType=1&ebb=1&cs=0&foub=mcpp","Pesan online","","",""
"https://www.google.com/maps/place/Saung+kita+kamboja/data=!4m7!3m6!1s0x2e69f689af6a33df:0xdba71658a6475bc9!8m2!3d-6.1792827!4d106.8023505!16s%2Fg%2F11b7l19qfb!19sChIJ3zNqr4n2aS4RyVtHplgWp9s?authuser=0&hl=id&rclk=1","Saung kita kamboja","4,6","(2.841)","·","Rp 25–50 rb","Restoran","·","Jl. Kamboja No.40","Tutup","· Buka Min pukul 10.00","https://lh3.googleusercontent.com/gps-cs-s/APNQkAGOFV0MIpKGGz1ELo-10TxWzcU7OfCh3Dj4cckSfiDQmkA9v2L01TJ21VEHXc8DCNxoGHlF2DB78RvGG85NTL3B1cZ7HGBovLQ4Sbbf85zTdcQkpJFB0HHYzIXAxD2i-zI6xwvr=w122-h92-k-no","https://ssl.gstatic.com/local/servicebusiness/default_user.png","""Makan di sini enak dan puas sekali, taste dan ambience nya menyenangkan.""","","","","","","",""
"https://www.google.com/maps/place/Nasi+Uduk+Betawi+Mpok+Nyai+H.Domang/data=!4m7!3m6!1s0x2e69f6df603d3c6d:0x31ce624c771449d0!8m2!3d-6.2024362!4d106.7705915!16s%2Fg%2F11h5km9t0r!19sChIJbTw9YN_2aS4R0EkUd0xizjE?authuser=0&hl=id&rclk=1","Nasi Uduk Betawi Mpok Nyai H.Domang","5,0","(1)","","","Restoran","·","QQXC+26G, Jl. H. Domang, RT.8/RW.2","","","https://lh3.googleusercontent.com/gps-cs-s/APNQkAFRr8-plntm3i1tht6P2faRrbc5P2wV6RVAi2ehIqvWnlPBmNq9XZuIDKamXqjVk3U_nUPGf4SA5Q9z2296MMAfAtm1BV978jzkGwCSDFiRImwRQnaIP0iEFRy0Ca3Y0p10U4IQ=w80-h106-k-no","https://ssl.gstatic.com/local/servicebusiness/default_user.png","""Enak murah meriah""","","","","","","",""
"https://www.google.com/maps/place/Rumah+makan+putri/data=!4m7!3m6!1s0x2e69f75698ac6baf:0x202d251f466befc2!8m2!3d-6.2042779!4d106.7846504!16s%2Fg%2F11gzpj07l4!19sChIJr2usmFb3aS4Rwu9rRh8lLSA?authuser=0&hl=id&rclk=1","Rumah makan putri","5,0","(4)","","","Rumah Makan","·","Jl. Palmerah Barat VI No.10 7, RT.7/RW.10","Tutup","· Buka Min pukul 09.00","https://streetviewpixels-pa.googleapis.com/v1/thumbnail?panoid=YnKLSYlkgxsWK8c4RArz-g&cb_client=search.gws-prod.gps&w=80&h=92&yaw=136.89331&pitch=0&thumbfov=100","","Makan di tempat","Bawa pulang","","","","","","·"
"https://www.google.com/maps/place/Nasi+Uduk+Pagi,+Empok+Enong/data=!4m7!3m6!1s0x2e69f71a36225f0f:0xf91582d2bf5dc6ef!8m2!3d-6.192537!4d106.761331!16s%2Fg%2F11g7nvh66l!19sChIJD18iNhr3aS4R78Zdv9KCFfk?authuser=0&hl=id&rclk=1","Nasi Uduk Pagi, Empok Enong","4,8","(6)","","","Betawi","·","Jl. Mawar III No.20A 1, RT.1/RW.7","Tutup","· Buka Min pukul 05.00","https://streetviewpixels-pa.googleapis.com/v1/thumbnail?panoid=s691Zqf5S-4MvoM0Af09AA&cb_client=search.gws-prod.gps&w=80&h=92&yaw=359.49677&pitch=0&thumbfov=100","","Makan di tempat","Bawa pulang","","","","","","·"
"https://www.google.com/maps/place/Warung+Kempoel+%28Katering%29/data=!4m7!3m6!1s0x2e69f6c6d09fd55d:0xcb505f3d81882d4a!8m2!3d-6.2038042!4d106.7907307!16s%2Fg%2F11bxg0vy82!19sChIJXdWf0Mb2aS4RSi2IgT1fUMs?authuser=0&hl=id&rclk=1","Warung Kempoel (Katering)","4,5","(156)","·","Rp 1–25.000","Restoran","·","·","Tutup","· Buka Min pukul 07.00","https://lh3.googleusercontent.com/gps-cs-s/APNQkAFJ_IucemUW7AV9V8JLQUhpBAOhumg7E1xnPTjhprcDscCqTe6Nx20e1nZdN9KiKQnwjV5U4wAxUEJdiAhKzzvE9eU7oKV0OvvZZX1aNoBlULwAIF7-R9zks89yMhHa1Ovhe-t8-A=w163-h92-k-no","https://ssl.gstatic.com/local/servicebusiness/default_user.png","""Masakan mantap, berbagai macam variasi menu dan harganya murah""","","I No, Jl. Kemanggisan Pulo No.2, RT.2/RW.3","","","","",""
"https://www.google.com/maps/place/RM+Sederhana+Minang+-+Meruya/data=!4m7!3m6!1s0x2e69f76d862fcd83:0x93693596ddff1900!8m2!3d-6.1989975!4d106.7614626!16s%2Fg%2F11l_4wlz3q!19sChIJg80vhm33aS4RABn_3ZY1aZM?authuser=0&hl=id&rclk=1","RM Sederhana Minang - Meruya","4,9","(7)","·","Rp 1–25.000","Padang","·","Jl. Meruya Ilir Raya No.38, RT.1/RW.5","Tutup","· Buka Min pukul 08.00","https://lh3.googleusercontent.com/gps-cs-s/APNQkAGfEyPhJLY67JKB-M6ypkdaUnc7wAyj6ad7K7NT2tdKOqreTCwFggQY21mEt-rKG5nfuk6f2OovVpwb5AHDp0f3dfR_0VMlQA6KVNmStcYLwF1CN9XSapiZ1-rOJRzV17kUXu8w=w92-h92-k-no","https://ssl.gstatic.com/local/servicebusiness/default_user.png","""Layanan memuaskan,harga hemat
Rasa tidak kalah dgn resto besar""","","","https://www.google.com/viewer/chooseprovider?mid=/g/11l_4wlz3q&g2lbs=AIBNGdWWjyVdbgvhaDO-giQJIHuGab0_-ccDheTSU6F8vRKQJ38BWbKY3UjnXpYn7gIISryYEa0565gOhmZbKZ5dpg2eG93IrQ%3D%3D&hl=id-ID&gl=id&fo_m=MfohQo559jFvMUOzJVpjPL1YMfZ3bInYwBDuMfaXTPp5KXh-&utm_source=tactile&gei=MqbjacmSBY2XseMPgeLg-Qk&ei=MqbjacmSBY2XseMPgeLg-Qk&fo_s=OA&opi=79508299&ebb=1&cs=0&foub=mcpp","Pesan online","","",""
"https://www.google.com/maps/place/KEDAI+MAHONI/data=!4m7!3m6!1s0x2e69f731548d935d:0x8e2164d97d332b8f!8m2!3d-6.1955178!4d106.8048294!16s%2Fg%2F11hmjcrpfp!19sChIJXZONVDH3aS4RjyszfdlkIY4?authuser=0&hl=id&rclk=1","KEDAI MAHONI","4,8","(41)","","","Restoran","·","Flat.c no.1 asrama brimob, Jl. KS Tubun III blok.c No.1, RT.14/RW.6","Segera tutup","· 23.30 · Buka Min pukul 10.00","https://lh3.googleusercontent.com/gps-cs-s/APNQkAG-W2iF0_hQP8pRc5HnouvlnGUS7ZAA8L6hqYCmDXwDfa8SocQ7w0UBjswt1gjEQEXaaWOdzj_vMu5orCyUFw6BlfC_WPrCvu29LRSA3ZmPUJiNymw2vpBdeviDDbpI2OhncRQ6=w200-h92-k-no","","Makan di tempat","Drive-through","","","","","","·"
"https://www.google.com/maps/place/Warung+Soto+Betawi+Mpo+Mumun/data=!4m7!3m6!1s0x2e69f6e3f032325d:0xbf663117a43c74eb!8m2!3d-6.1926585!4d106.7753484!16s%2Fg%2F11cncy2957!19sChIJXTIy8OP2aS4R63Q8pBcxZr8?authuser=0&hl=id&rclk=1","Warung Soto Betawi Mpo Mumun","4,3","(22)","","","Soto","·","9, Jl. Gili Sampeng No.6, RT.9/RW.3","Tutup","· Buka Sen pukul 11.00","https://lh3.googleusercontent.com/gps-cs-s/APNQkAHMd40B_THz-CKus2NjeSC0HDi2Q0xrFoCchEUHvFZ4Rx6I15rHJSaKL3ZKLtPhoGgiYevMUlATvvgydxMiOq_3CalLuoYZek5Hpb_jcB7x2JXyI5_zczINHlibqGv6STzlelEw=w80-h106-k-no","https://ssl.gstatic.com/local/servicebusiness/default_user.png","""Enak gado2nya""","","","","","","",""
"https://www.google.com/maps/place/Bebek+Kaleyo+Tomang/data=!4m7!3m6!1s0x2e69f6626b778a67:0xee3cd605124fc369!8m2!3d-6.1762618!4d106.8018131!16s%2Fg%2F11f5dw_23q!19sChIJZ4p3a2L2aS4RacNPEgXWPO4?authuser=0&hl=id&rclk=1","Bebek Kaleyo Tomang","4,7","(4.633)","·","Rp 25–50 rb","Indonesia","·","Jl. Tomang Raya No.44, RT.1/RW.1","Segera tutup","· 23.00 · Buka Sen pukul 08.00","https://lh3.googleusercontent.com/gps-cs-s/APNQkAGGXd3LWbvTtKV2JXLF3EZajcO1oiZrhCShFmc-j1YF5CLSv2U4bBtOZRT52BPS4vZybasVq_1eT1aXP7m1ayurv2BRET6Zd3MoUCbzu3sV0irSCSn1lM8XAUf0mm5BsMJfViQd=w163-h92-k-no","https://ssl.gstatic.com/local/servicebusiness/default_user.png","""Dinner disini, Vibes, Ambience + Quality of Food nya thebest pkonya.""","","","","","","",""
"https://www.google.com/maps/place/Ayam+Goreng+Cabe+Ijo+Kebon+Jeruk/data=!4m7!3m6!1s0x2e69f74479b135b7:0x3382bfa88c6c800c!8m2!3d-6.1915857!4d106.7626651!16s%2Fg%2F11f5q8w_sb!19sChIJtzWxeUT3aS4RDIBsjKi_gjM?authuser=0&hl=id&rclk=1","Ayam Goreng Cabe Ijo Kebon Jeruk","4,1","(10)","","","Ayam","·","Jl. Perjuangan No.6, RT.3/RW.7","Tutup","· Buka Min pukul 08.32","https://lh3.googleusercontent.com/gps-cs-s/APNQkAGd07dUi0d5vZkoaspd5abtdAyztXxDr2Qc8-L7Vm8sSWNvzIfbI9MLsvFCzLB7RTEKENBIRpzT_ilSyosTJSJ9PGgJZHg80v5CvgSBVeFlHXys1V0p-8CKIHM0SvJBlDiyFqUN7w=w122-h92-k-no","https://ssl.gstatic.com/local/servicebusiness/default_user.png","""murah tapi gak murahann, gokss""","","","","","","",""
"https://www.google.com/maps/place/Mie+Ayam+Bakso+Nunik/data=!4m7!3m6!1s0x2e69f6facafc13e5:0x6332b7acb8a088c9!8m2!3d-6.1873569!4d106.7804767!16s%2Fg%2F11f3jvqhgd!19sChIJ5RP8yvr2aS4RyYiguKy3MmM?authuser=0&hl=id&rclk=1","Mie Ayam Bakso Nunik","4,5","(24)","","","Mi","·","RQ7J+355, Jl. Budi III, RT.3/RW.12","Tutup","· Buka Min pukul 09.00","https://lh3.googleusercontent.com/gps-cs-s/APNQkAEZoYzPDCf-Zjqk9Wu2BmlA1ytwbyFF323y6u0vcvRwBPhuxkEXbjvum5Ivgk_7OCwuhs517gHDKhsdRTihSiFeULBK4BoB09VHQLiGBIbD8MfKnRK5RtxnIDxWkhlEITnqbfo4=w80-h106-k-no","https://ssl.gstatic.com/local/servicebusiness/default_user.png","""Sangat cepat penyajian dan bersih tempat nya""","","","","","","",""
"https://www.google.com/maps/place/Warung+Kita/data=!4m7!3m6!1s0x2e69f710369bf9c5:0xc312e14bd31eab2d!8m2!3d-6.189899!4d106.756293!16s%2Fg%2F11bc7qbwyn!19sChIJxfmbNhD3aS4RLase00vhEsM?authuser=0&hl=id&rclk=1","Warung Kita","3,0","(1)","","","Indonesia","·","JL Raya Pesanggrahan, No. 169 L, RT.2/RW.7","Tutup","· Buka Sen pukul 11.00","https://streetviewpixels-pa.googleapis.com/v1/thumbnail?panoid=ppC5GHI3vIIdVkfcZqn15A&cb_client=search.gws-prod.gps&w=80&h=92&yaw=105.986755&pitch=0&thumbfov=100","","Makan di tempat","Bawa pulang","","","","","","·"
"https://www.google.com/maps/place/mama+wulan+food/data=!4m7!3m6!1s0x2e69f75d1b823003:0x5e157dc5dad616cb!8m2!3d-6.1872252!4d106.7942491!16s%2Fg%2F11h4zkxssp!19sChIJAzCCG133aS4RyxbW2sV9FV4?authuser=0&hl=id&rclk=1","mama wulan food","4,6","(18)","","","Restoran","·","Jl. Anggrek Neli Murni No.11 No.151, RT.11/RW.1","Segera tutup","· 23.00 · Buka Min pukul 11.00","https://lh3.googleusercontent.com/gps-cs-s/APNQkAHJekONNwiVBMQr3VzC7keTNf9_LjKt3InGI9_5zxcQIm4aAgyQlGqV5PYSeBWTRar5eXZF9WfyUrE4cB9WpXS3nvDMuiWNQJ_aXaDM59zY_WhzDsET9VUF4dc_Ay9S--O3Uq1VmQ=w183-h92-k-no","https://ssl.gstatic.com/local/servicebusiness/default_user.png","""Mak nyoss...mantul harga terjangkau pelayanan bagus""","","","","","","",""
"https://www.google.com/maps/place/Puri+88/data=!4m7!3m6!1s0x2e69f70c1f2d473b:0x9188e18e03dcf5e7!8m2!3d-6.1849318!4d106.7527486!16s%2Fg%2F1tfws80g!19sChIJO0ctHwz3aS4R5_XcA47hiJE?authuser=0&hl=id&rclk=1","Puri 88","4,2","(213)","·","Rp 50–75 rb","China","·","·","Tutup","· Buka Min pukul 10.30","https://lh3.googleusercontent.com/gps-cs-s/APNQkAGQzHwVtAaMSwY0MsfW24hoxVF24w-b_o5HoPhOmmO4m2Mdn_ij7xaE5_EhOUgQluFZemywTIU80hD0GNLZlAVd1AkyYafRx8i2o8Y1A1GWyFQjDGd8EwDuudBcoCewaEy8-Xk=w122-h92-k-no","https://ssl.gstatic.com/local/servicebusiness/default_user.png","""Pesan nasi lengko, kangkung hot plate dan udang goreng tepung.""","","Jl. Puri Indah Raya Blok A No.8 1, RT.1/RW.8","https://www.google.com/viewer/chooseprovider?mid=/g/1tfws80g&g2lbs=AIBNGdVcW1v5iTyfWCwEhNqs-z5JZEhg4BrXzdUiTkUdkkVVodud2l0lgrHvFi3bRQI_9ju7dWOSPydL2ssvb49NDVhr9X7cNw%3D%3D&hl=id-ID&gl=id&fo_m=MfohQo559jFvMUOzJVpjPL1YMfZ3bInYwBDuMfaXTPp5KXh-&utm_source=tactile&gei=MqbjacmSBY2XseMPgeLg-Qk&ei=MqbjacmSBY2XseMPgeLg-Qk&fo_s=OA&opi=79508299&orderType=1&ebb=1&cs=0&foub=mcpp","Pesan online","","",""
"","","","","","","","","","","","","","","","","","","","",""