"hfpxzc href","qBF1Pd","MW4etd","UY7F9","W4Efsd","W4Efsd 2","W4Efsd 3","W4Efsd 6","W4Efsd 7","FQ2IWe src","Jn12ke src","ah5Ghc","ah5Ghc 2","ah5Ghc 3","A1zNzb href","J8zHNe","bbPy1"
"","","","","","","","","","","","","","","","",""
"","","","","","","","","","","","","","","","",""
"https://www.google.com/maps/place/La+Reassa+Ice+Cream/data=!4m7!3m6!1s0x2e69f70302758855:0x191104680db679a9!8m2!3d-6.189603!4d106.7660751!16s%2Fg%2F1tj4q7j6!19sChIJVYh1AgP3aS4RqXm2DWgEERk?authuser=0&hl=id&rclk=1","La Reassa Ice Cream","4,6","(36)","Es Krim","·","·","Tutup","· Buka Min pukul 08.00","https://lh3.googleusercontent.com/gps-cs-s/APNQkAFwD4iYWEEoakLi7QP32PBqUai3ylhZmyoR9hdOjuw2TmID_B_h_JJblCUmHcz5i39mMQiLvsxVkVGPg_P6qvOlffpusupeMjhjB5XdbOKKNbQZ-btYEdF78jpirqlZUPpWSAtn=w92-h92-k-no","https://ssl.gstatic.com/local/servicebusiness/default_user.png","""Mudah di akses""","","","","",""
"https://www.google.com/maps/place/Pesca+Ice+Cream/data=!4m7!3m6!1s0x2e69f70bf96bd8d9:0xc07dd4bad9eb2dc3!8m2!3d-6.1867492!4d106.7554116!16s%2Fg%2F1jky5jht9!19sChIJ2dhr-Qv3aS4Rwy3r2brUfcA?authuser=0&hl=id&rclk=1","Pesca Ice Cream","4,6","(720)","Es Krim","·","Jl. Pesanggrahan Raya Jl. Puri Indah Raya No.6C, RT.2/RW.6","Tutup","· Buka Min pukul 09.00","https://lh3.googleusercontent.com/gps-cs-s/APNQkAGUgiXG6uBxY9nujeOYfrXZC8Xxpd_zccBfj3eeuyIVRjOk4Rhk3ClUs5oB8pxpoIWlo80NLPhhWNSKStMGz36EcShVZc_0SY2q6tJQHFh8J-RGu9gflHzZl70Tw3oU-hN0Oo0r2A=w189-h92-k-no","https://ssl.gstatic.com/local/servicebusiness/default_user.png","""","Es krim","nya enak, tapi tempat nya kurang asik buat nongkrong""","https://www.google.com/viewer/chooseprovider?mid=/g/1jky5jht9&g2lbs=AIBNGdURtJ-it1dQK1zOaHdx8WYsgEVXlXjQBuHsUzwIl1qXuRQgDALYGm95fQWe4yxAZ2GKMYnoV9Gvg6SGb48dWdjBRlyJCA%3D%3D&hl=id-ID&gl=id&fo_m=MfohQo559jFvMUOzJVpjPL1YMfZ3bInYwBDuMfaXTPp5KXh-&utm_source=tactile&gei=86njafGCG6n3seMP3qGDoAk&ei=86njafGCG6n3seMP3qGDoAk&fo_s=OA&opi=79508299&orderType=1&ebb=1&cs=0&foub=mcpp","Pesan online",""
"https://www.google.com/maps/place/Katina+Gelato+%26+Dessert/data=!4m7!3m6!1s0x2e69f7005109062b:0xe5d558eb1a4ae886!8m2!3d-6.1849335!4d106.7528539!16s%2Fg%2F11y5yx_j4n!19sChIJKwYJUQD3aS4RhuhKGutY1eU?authuser=0&hl=id&rclk=1","Katina Gelato & Dessert","4,9","(138)","Es Krim","·","Jl. Puri Indah Raya Blok A No.13, RT.1/RW.8","Segera tutup","· 23.00 · Buka Min pukul 09.00","https://lh3.googleusercontent.com/gps-cs-s/APNQkAF20mcpFQloLV-Yk_CQrpaX4-cD82e7O43fZytFAm4z89b8taSmHFpbu4oit9ye8hkyWwJ44tOCA1TDz2oJRPgFK9Tf9Lo06ATo8pjxF-9P6cuXUajCy8S21seZU4elAMu72reVItcH_AM=w163-h92-k-no","https://ssl.gstatic.com/local/servicebusiness/default_user.png","""Pertama kesini,","es","krimnya enak enak 🫶""","","",""
"https://www.google.com/maps/place/Es+Campur+Gili+Sampeng,+Asep/data=!4m7!3m6!1s0x2e69f70056048abf:0xdb9b29352056176d!8m2!3d-6.1928365!4d106.7794302!16s%2Fg%2F11n9syp529!19sChIJv4oEVgD3aS4RbRdWIDUpm9s?authuser=0&hl=id&rclk=1","Es Campur Gili Sampeng, Asep","5,0","(2)","Es Krim","·","RQ4H+VQ7, Jl. Gili Sampeng, RT.11/RW.4","","","https://streetviewpixels-pa.googleapis.com/v1/thumbnail?panoid=7BgJ0GjedCgaArj3yqhz3g&cb_client=search.gws-prod.gps&w=80&h=92&yaw=31.516783&pitch=0&thumbfov=100","https://ssl.gstatic.com/local/servicebusiness/default_user.png","""Top semoga lancar usahanya""","","","","",""
"https://www.google.com/maps/place/Momoyo+KH+Syahdan/data=!4m7!3m6!1s0x2e69f79ffb512b5b:0xc50e579d372348f9!8m2!3d-6.2007015!4d106.7845636!16s%2Fg%2F11vyzgjvnr!19sChIJWytR-5_3aS4R-UgjN51XDsU?authuser=0&hl=id&rclk=1","Momoyo KH Syahdan","4,6","(502)","Es Krim","·","Jl. KH. Syahdan Gg. H. Senin No.23, RT.6/RW.12","Tutup","· Buka Min pukul 10.00","https://lh3.googleusercontent.com/gps-cs-s/APNQkAGvMOSyYbhOOlu8oCQxdZYh8ADAzNz7OrCj_KKZPb5rRXajM-RYJ-8qCvJyadr4LYIbtiyFsIyneuzrpPsVwwbux_unk8Gnh0Oonr1kan6lUAGh_JMFiBNGZs5H2quMg3uMyetlXVcmUHnH=w80-h106-k-no","https://ssl.gstatic.com/local/servicebusiness/default_user.png","""Servis baik, tempatnya enak dan","es krim","enak""","https://www.google.com/viewer/chooseprovider?mid=/g/11vyzgjvnr&g2lbs=AIBNGdW6gSFQ8WVR4rbIG0wtJVWMyLkFfhR-lBwrwJV2WSd0jyLvVeeDD-iMMYTgms3sBcBWnJ943nrvkghYUrGThrzWFRkJMA%3D%3D&hl=id-ID&gl=id&fo_m=MfohQo559jFvMUOzJVpjPL1YMfZ3bInYwBDuMfaXTPp5KXh-&utm_source=tactile&gei=86njafGCG6n3seMP3qGDoAk&ei=86njafGCG6n3seMP3qGDoAk&fo_s=OA&opi=79508299&orderType=1&ebb=1&cs=0&foub=mcpp","Pesan online",""
"https://www.google.com/maps/place/Momoyo+Kemanggisan/data=!4m7!3m6!1s0x2e69f72df09b339f:0x9280a7fbfe5da5f7!8m2!3d-6.2032431!4d106.7711883!16s%2Fg%2F11vwryq229!19sChIJnzOb8C33aS4R96Vd_vungJI?authuser=0&hl=id&rclk=1","Momoyo Kemanggisan","4,4","(188)","Es Krim","·","Jl. Anggrek No.86, RT.7/RW.2","Tutup","· Buka Min pukul 10.00","https://lh3.googleusercontent.com/gps-cs-s/APNQkAF4nB9uqkosMX1IgZnyW9spkpIKj61fi_o99rs4rfZVfDkJOdYO_9lhSMhPHFWI4r035juKeC6JmDvbJ4UX79Bgsy4J5rR-QxfwRbeWx0o3L9qXGfR98yJnJAygKEfIX9ZkNWKqzg=w80-h106-k-no","https://ssl.gstatic.com/local/servicebusiness/default_user.png","""","Es","krimm nyaa enakk bangettt,","","",""
"https://www.google.com/maps/place/Mixue+Binus+Syahdan/data=!4m7!3m6!1s0x2e69f7d0165a2963:0x103c48f9f667b33a!8m2!3d-6.2009138!4d106.7842125!16s%2Fg%2F11rd_8s9tr!19sChIJYylaFtD3aS4ROrNn9vlIPBA?authuser=0&hl=id&rclk=1","Mixue Binus Syahdan","4,6","(418)","Es Krim","·","Jl. Kyai H. Syahdan No.16B, RT.7/RW.12","Segera tutup","· 23.00 · Buka Min pukul 10.00","https://lh3.googleusercontent.com/gps-cs-s/APNQkAHMY6IYYMJOL7m2p3MIGLmgQG3PCMnTOYunt5gGj1a1LpNFnD0wpO4OJF7sAjM7jd1MkyNwH5peoSoHl0bToelgex7hLpUdoVP3nMURlXEuoz-5M4dBDblikFx0Ab5gDPhvbPQQ=w80-h106-k-no","https://ssl.gstatic.com/local/servicebusiness/default_user.png","""","es krim","dan","https://www.google.com/viewer/chooseprovider?mid=/g/11rd_8s9tr&g2lbs=AIBNGdVAemXIqcJstiWHllj4dgzEdzdRbvbqBhH3F68LBZDXLSVcc9LpS2U2L5JrSuzPvhvsEVktXzA3a7KV8is_0IHqF7sxhA%3D%3D&hl=id-ID&gl=id&fo_m=MfohQo559jFvMUOzJVpjPL1YMfZ3bInYwBDuMfaXTPp5KXh-&utm_source=tactile&gei=86njafGCG6n3seMP3qGDoAk&ei=86njafGCG6n3seMP3qGDoAk&fo_s=OA&opi=79508299&orderType=1&ebb=1&cs=0&foub=mcpp","Pesan online",""
"https://www.google.com/maps/place/Depo+Ice+Cream+Diamond,+Kosasih/data=!4m7!3m6!1s0x2e69f7272ee4dbc5:0xca5177436e3d6973!8m2!3d-6.2042093!4d106.768169!16s%2Fg%2F11b6plf5hv!19sChIJxdvkLif3aS4Rc2k9bkN3Uco?authuser=0&hl=id&rclk=1","Depo Ice Cream Diamond, Kosasih","4,7","(25)","Es Krim","·","·","Tutup","· Buka Min pukul 10.00","https://lh3.googleusercontent.com/gps-cs-s/APNQkAEe9kh_N6dpUYw-5e8eLEI_70vxlg2LVzEANEs5x1jk7kr7Pbx_P0FPrajfXiiRzieIw6EwCr0Ib76TKfB1K0eugyNT2TuRdpTyTbgd6Xc4Xvislj3iDvNvSJZBBApb7YeMMbCr=w80-h106-k-no","https://ssl.gstatic.com/local/servicebusiness/default_user.png","""Apakah masih buka""","","","","",""
"https://www.google.com/maps/place/Sandora+Ice+Cream/data=!4m7!3m6!1s0x2e69f7000733ac7f:0xcc9d4a0c8558471b!8m2!3d-6.1935728!4d106.775778!16s%2Fg%2F11w9qnczg5!19sChIJf6wzBwD3aS4RG0dYhQxKncw?authuser=0&hl=id&rclk=1","Sandora Ice Cream","","","Es Krim","·","Jl. H. Salihun No.27, RT.7/RW.3","Buka","· Tutup Min pukul 09.00","https://lh3.googleusercontent.com/gps-cs-s/APNQkAE4v8zJ7uaOkxbne1SRoDS8DTolszHc6_aEuiP6cfE03RlrqPaI6Xb35NceveghD69e5Rguan5QbJWxuOyoPxpHtJ4zHj3nljQHaAlOHxiYtQ0NxGrXQMaWjGTifzxXpQgXBePG=w80-h177-k-no","","Bawa pulang","","","","",""
"https://www.google.com/maps/place/Bebe+Gelato/data=!4m7!3m6!1s0x2e69f7c41d044ea3:0x2107d4f59fc28cf1!8m2!3d-6.1823088!4d106.7839532!16s%2Fg%2F11vj81wr8h!19sChIJo04EHcT3aS4R8YzCn_XUByE?authuser=0&hl=id&rclk=1","Bebe Gelato","5,0","(31)","Es Krim","·","Petamburan, Jl. Tanjung Duren Timur No.431e 6, blok i no","Tutup","· Buka Min pukul 11.00","https://lh3.googleusercontent.com/gps-cs-s/APNQkAFmOkcanSbz4umjnJ-ql_aSKGaOAp0lGviOJKoUbJDqDFL12zTvXIdSv6GEqKhZ-8gZgHvvKMyZ2_VElMzukNUvxtm_NxNgY5ISijYG5oyr2L08N6ei9NTqrMlO7uRNs6ldgZwa=w163-h92-k-no","https://ssl.gstatic.com/local/servicebusiness/default_user.png","""Worth it for","ice cream","lover.""","https://www.google.com/viewer/chooseprovider?mid=/g/11vj81wr8h&g2lbs=AIBNGdVFtB1G6cwtLLUVfMSJ4EMLrHco-DZg1YYKF96jzmpPGX7Wxm7T-DRhBu0d5vh8A6wNcRB3doKbG9yPxTtRPnyUoMk_qg%3D%3D&hl=id-ID&gl=id&fo_m=MfohQo559jFvMUOzJVpjPL1YMfZ3bInYwBDuMfaXTPp5KXh-&utm_source=tactile&gei=86njafGCG6n3seMP3qGDoAk&ei=86njafGCG6n3seMP3qGDoAk&fo_s=OA&opi=79508299&orderType=1&ebb=1&cs=0&foub=mcpp","Pesan online",""
"https://www.google.com/maps/place/Bing+chun+Kemanggisan/data=!4m7!3m6!1s0x2e69f7007470d507:0x7f1ff5e524d79b0b!8m2!3d-6.2009762!4d106.7824805!16s%2Fg%2F11wpm9kll8!19sChIJB9VwdAD3aS4RC5vXJOX1H38?authuser=0&hl=id&rclk=1","Bing chun Kemanggisan","4,3","(42)","Es Krim","·","Jl. Rw. Belong No.9B, RT.1/RW.9","","","https://lh3.googleusercontent.com/gps-cs-s/APNQkAE4GCTG6wKYiV-raO-JtVgokwlHsRYCNCtSC9SQ2rNUfqTnmA30y0YuHy7Tuba30x1Q-JfViyqBYIt3R3o8t7tMezz5AmOFq0PyX7Af2j_n7OBgboHwk2TRJpVzpGpOnrIAC6dySbVuaHqn=w80-h142-k-no","https://ssl.gstatic.com/local/servicebusiness/default_user.png","""","Es krim","enak tempat nya nyaman recommended nihh""","https://www.google.com/viewer/chooseprovider?mid=/g/11wpm9kll8&g2lbs=AIBNGdXcNTd2JhT5IdySB1RQnmYKaZHwcYiU1p0thLBYWTUBXhMyVx8yOTO6ph4GjTMUQSuTwdG5Ea5zyfHGK9XEcwhWYQCgUA%3D%3D&hl=id-ID&gl=id&fo_m=MfohQo559jFvMUOzJVpjPL1YMfZ3bInYwBDuMfaXTPp5KXh-&utm_source=tactile&gei=86njafGCG6n3seMP3qGDoAk&ei=86njafGCG6n3seMP3qGDoAk&fo_s=OA&opi=79508299&orderType=1&ebb=1&cs=0&foub=mcpp","Pesan online",""
"https://www.google.com/maps/place/Momoyo+Srengseng/data=!4m7!3m6!1s0x2e69f7000491792b:0x229fde69524fe5e7!8m2!3d-6.2075364!4d106.7586548!16s%2Fg%2F11n9mlygjs!19sChIJK3mRBAD3aS4R5-VPUmnenyI?authuser=0&hl=id&rclk=1","Momoyo Srengseng","5,0","(2)","Es Krim","·","Jl. Srengseng Raya No.12, RT.6/RW.1","Segera tutup","· 23.00 · Buka Min pukul 10.00","https://lh3.googleusercontent.com/gps-cs-s/APNQkAH5oVGkEVP7tBuEF-jR0yXLpYE7NGkxUsW8VyQ18K7vlLtNK9VoiSBozwQRldwPFPmS7rI9rbux5aC_xtmLQkuZgyzLU_EtoYio_ua4u6FkGxvDNAF2eIZG8S9H06CwcVt-98slTiKYBK3o=w159-h92-k-no","","","","","","",""
"https://www.google.com/maps/place/Icel+shop/data=!4m7!3m6!1s0x2e69f7c763504eaf:0xfb1d6f8f0b491d80!8m2!3d-6.204407!4d106.756333!16s%2Fg%2F11fmbb_vw0!19sChIJr05QY8f3aS4RgB1JC49vHfs?authuser=0&hl=id&rclk=1","Icel shop","5,0","(1)","Es Krim","·","Jl. Pulau Klp. Jl. B II No.17 v blok, RT.1/RW.2","Tutup","· Buka Min pukul 10.00","https://streetviewpixels-pa.googleapis.com/v1/thumbnail?panoid=6p5vwy2A2dWtLiqcmUEIEg&cb_client=search.gws-prod.gps&w=80&h=92&yaw=5.7610865&pitch=0&thumbfov=100","","Pesan antar","","","","",""
"https://www.google.com/maps/place/Kedai+Ice+cream+%26+tea/data=!4m7!3m6!1s0x2e69f775408e926b:0xf7048ecb67af269a!8m2!3d-6.2047037!4d106.7548311!16s%2Fg%2F11kk8_jms6!19sChIJa5KOQHX3aS4RmiavZ8uOBPc?authuser=0&hl=id&rclk=1","Kedai Ice cream & tea","5,0","(1)","Es Krim","·","Jl. H.Mandor Salim No.52, RT.3/RW.2","Tutup","· Buka Min pukul 11.00","https://lh3.googleusercontent.com/gps-cs-s/APNQkAFy4VK70BK5m-Yjj6XcpE2FksnoRKCm_xIEY_JyYyj_QCAdH3pjyoW2KRrFUAukdkqaIx1JZmJzFwtdpl2YAhbs_QfNqWGxpRHawiuOp8KUt5wPc7S-CTsVj4W7ORZrDmolf8X7=w80-h142-k-no","https://ssl.gstatic.com/local/servicebusiness/default_user.png","""Enak ... seger""","","","","",""
"https://www.google.com/maps/place/NUMANI+Gelato+%26+Coffee/data=!4m7!3m6!1s0x2e69f7012f04d8ad:0x85bf360504c991b8!8m2!3d-6.1916059!4d106.7509599!16s%2Fg%2F11j5fl3r34!19sChIJrdgELwH3aS4RuJHJBAU2v4U?authuser=0&hl=id&rclk=1","NUMANI Gelato & Coffee","4,8","(177)","Es Krim","·","Rukan Grand Aries Niaga Blok G1 No. 1T, RT.12/RW.3","Tutup","· Buka Min pukul 10.00","https://lh3.googleusercontent.com/gps-cs-s/APNQkAEhomVpxyihHfW_RA7uBRr2BDCN2brIiPs7eifwTTkb_gDxDFuwIdkmf3YGttGfWP9YuyQzjd-Cnj4Fr5X9QsJfuhJCHrzMpUfuTEiL-aqMzQc7iynZbl8-WW7bvXrWZiH4X1U=w163-h92-k-no","https://ssl.gstatic.com/local/servicebusiness/default_user.png","""Enak gelatonya 🥰 tempatnya juga enak bgt buat nongkrong.""","","","","",""
"https://www.google.com/maps/place/Rimini+Gelaterie/data=!4m7!3m6!1s0x2e69f7a9006e119f:0x4ceb8fc37fac214e!8m2!3d-6.1918269!4d106.7512777!16s%2Fg%2F11lfcj210c!19sChIJnxFuAKn3aS4RTiGsf8OP60w?authuser=0&hl=id&rclk=1","Rimini Gelaterie","4,9","(190)","Es Krim","·","Rukan Aries Niaga, Jl. Taman Aries No.2K 12","Tutup","· Buka Min pukul 10.30","https://lh3.googleusercontent.com/gps-cs-s/APNQkAGgB2cRDMiHDyPqUjy63vy-YAwNc-s2LgWCxaumeWULGISF9OGg20BP9waTJmI928ud6Yw9jKFxT76THYYrzP9_aj8EeE_MBxeYbMhop-pCZfSuhkkinQhCG0_fkgtqGZMMmf5dfZcphjB9=w80-h106-k-no","https://ssl.gstatic.com/local/servicebusiness/default_user.png","""","Es krim","kualitasnya mantab, creamy dan rasanya enak.""","https://www.google.com/viewer/chooseprovider?mid=/g/11lfcj210c&g2lbs=AIBNGdWcXrA0HuWTwhzViSfLb-cgrF5KAfVGXuZMxaLg_n6mhATd2_ilk2BIjYqkoON2Clt1k-z1koIiHViVkHyyxjtXeJYDCg%3D%3D&hl=id-ID&gl=id&fo_m=MfohQo559jFvMUOzJVpjPL1YMfZ3bInYwBDuMfaXTPp5KXh-&utm_source=tactile&gei=86njafGCG6n3seMP3qGDoAk&ei=86njafGCG6n3seMP3qGDoAk&fo_s=OA&opi=79508299&orderType=1&ebb=1&cs=0&foub=mcpp","Pesan online",""
"https://www.google.com/maps/place/Juragan+Ice+Cream+Kebon+jeruk+Hub/data=!4m7!3m6!1s0x2e69f720ce7995df:0x725bbb758319c5c7!8m2!3d-6.203485!4d106.768576!16s%2Fg%2F11gfnznrxj!19sChIJ35V5ziD3aS4Rx8UZg3W7W3I?authuser=0&hl=id&rclk=1","Juragan Ice Cream Kebon jeruk Hub","5,0","(1)","Es Krim","·","Jl. H. Alimun No.42 1, RT.1/RW.3","Buka","· Tutup pukul 00.00","https://lh3.googleusercontent.com/gps-cs-s/APNQkAFdtHEM288frs2AQ0_e5JYWov2vVlXR6CVJk8l_jgOCKg4Z9lp5MZtxi1Vukg43st4BBEnmIRCWCI6s8JmaNQYqqPUBmZ4ai9MuPJIeIAh5lLTmqQhxbpSudjt3REX8FnB4OZ0T=w80-h106-k-no","","Bawa pulang","","","","",""
"https://www.google.com/maps/place/Me+Queen/data=!4m7!3m6!1s0x2e69f721a4aecc11:0xcc83cb13457b1e32!8m2!3d-6.2006811!4d106.7665363!16s%2Fg%2F11ckqn9n_m!19sChIJEcyupCH3aS4RMh57RRPLg8w?authuser=0&hl=id&rclk=1","Me Queen","4,1","(9)","Es Krim","·","Jl. Masjid As Surur No.10 3, RT.3/RW.1","Tutup","· Buka Min pukul 09.00","https://lh3.googleusercontent.com/gps-cs-s/APNQkAGdSThY-7n7CbDadpPdv8mDRlSpGDj87e234KoU111ug1MEY5ndpL3gtDxRf-noaA-LaoBfyEzMo6yefuCD2rppnUBtWOXa7VyezwI4fk-K2CIcrn11SFySW8P8h6ITh5HDj8cx=w153-h92-k-no","","Pesan antar","","","","",""
"https://www.google.com/maps/place/Enaknya+Susu+Kedelai/data=!4m7!3m6!1s0x2e69f70035918981:0x1832351e5ea9e12d!8m2!3d-6.2065771!4d106.7585123!16s%2Fg%2F11z436cs6r!19sChIJgYmRNQD3aS4RLeGpXh41Mhg?authuser=0&hl=id&rclk=1","Enaknya Susu Kedelai","5,0","(6)","Es Krim","·","Jl. Srengseng Raya halaman kios No.13, RT.10/RW.5","Tutup","· Buka Min pukul 06.30","https://lh3.googleusercontent.com/gps-cs-s/APNQkAGKyd5bwvpe2HProhmFFQT17zxs2JkrAvtNEhpnc3vpMMySTjQgkFOCBG1uujwtLG1FMQjeRJwVsT-Y82QrURScNpoDDoYNXj3cQrEOjILLim4VpqTYM9Ek6RGhEenTCsDVIBGGyZpjtrw=w80-h106-k-no","https://ssl.gstatic.com/local/servicebusiness/default_user.png","""Enak segar","es","nya rekomend""","","",""
"https://www.google.com/maps/place/ES+PODENG+75/data=!4m7!3m6!1s0x2e69f7febf44755d:0xdadd15bed52d0df8!8m2!3d-6.2004711!4d106.7665685!16s%2Fg%2F11sx0fczyx!19sChIJXXVEv_73aS4R-A0t1b4V3do?authuser=0&hl=id&rclk=1","ES PODENG 75","5,0","(3)","Es Krim","·","Jl. Masjid As Surur No.1 9, RT.4/RW.1","Tutup","· Buka Min pukul 10.00","https://lh3.googleusercontent.com/gps-cs-s/APNQkAEvx39cuRzyFuyhgqYl4LHjcyfm2d3csW567DR69yhv3ZaxX0dRjq6zDp7eIB63S5KgROz8eqFIV2qzV_bjtJPScvfizLy7D9u9TQBFQOpsviZ9tY4rQ-ohYYR_JKBXGWBuS1nfQx8e8oTy=w92-h92-k-no","https://ssl.gstatic.com/local/servicebusiness/default_user.png","""Enak rasanya pas'
Abang Penjualnya juga ramah""","","","","",""
"https://www.google.com/maps/place/Rumah+Ice+Cream+Anna/data=!4m7!3m6!1s0x2e69f6c312004dc9:0x2e785c9de094bbbc!8m2!3d-6.2010835!4d106.7811986!16s%2Fg%2F11rkdtxv4j!19sChIJyU0AEsP2aS4RvLuU4J1ceC4?authuser=0&hl=id&rclk=1","Rumah Ice Cream Anna","","","Kedai Hidangan Penutup","·","Rawa Belong 2 No.1D, RT.2/RW.9","","","https://maps.gstatic.com/tactile/pane/result-no-thumbnail-2x.png","","Bawa pulang","","","","",""
"https://www.google.com/maps/place/D%27crystal/data=!4m7!3m6!1s0x2e69f7f7d720d527:0xfa1ca4929d534cfc!8m2!3d-6.2008254!4d106.7869318!16s%2Fg%2F11s7bg4mqy!19sChIJJ9Ug1_f3aS4R_ExTnZKkHPo?authuser=0&hl=id&rclk=1","D'crystal","4,0","(2)","Es Krim","·","Jl. Sandang","Buka 24 jam","","https://lh3.googleusercontent.com/gps-cs-s/APNQkAG45gFAHU8Z1U4f7wQpMtY5fnyhTe7ORKQZ8GWzrvhTdYc1RBmnucsmRt-_F4UNIYK0k2feP5JnalV1QvUxdgZkZVReNwD1GZv1Y82XYZImxIFPzQPp7wcIvC3uF5JsyKS1W9RN=w80-h142-k-no","https://ssl.gstatic.com/local/servicebusiness/default_user.png","""Pelayanan ok""","","","","",""
"https://www.google.com/maps/place/Es+Cappucino+Cincau+Atonk/data=!4m7!3m6!1s0x2e69f7512325aec7:0x92750f78dbb70fa9!8m2!3d-6.1862679!4d106.7726603!16s%2Fg%2F11sfdnwg36!19sChIJx64lI1H3aS4RqQ-323gPdZI?authuser=0&hl=id&rclk=1","Es Cappucino Cincau Atonk","5,0","(3)","Es Krim","·","Jl. Duri Raya, RT.2/RW.1","Segera tutup","· 23.00 · Buka Min pukul 10.00","https://lh3.googleusercontent.com/gps-cs-s/APNQkAGsKsHvh7Twtuz2tUnEwi9Xc72d19CNKyBTZyjGJRxiBVvtiji5h-IPEnMY4_kTcycI6MQEUOt9mcAP1jDqkeGhp1h5rAPuRb9NeeiUw3HSWJ3L2dAZMdtFhdyPob9_rYyMrS58pw=w80-h106-k-no","","Belanja di toko","Ambil di toko","Pesan antar","","",""
"https://www.google.com/maps/place/Latteria+Gelato+and+Dessert+Bar,+Cab.ECO8/data=!4m7!3m6!1s0x2e69f7004c62cc61:0xbbea866326ad86e1!8m2!3d-6.1917429!4d106.7532607!16s%2Fg%2F11yb8fz_gn!19sChIJYcxiTAD3aS4R4YatJmOG6rs?authuser=0&hl=id&rclk=1","Latteria Gelato and Dessert Bar, Cab.ECO8","4,7","(39)","Es Krim","·","Jl. Taman Aries No 8 Meruya Utara, Kec. Kembangan, Kota Jakarta Barat11620","Tutup","· Buka Min pukul 10.00","https://lh3.googleusercontent.com/gps-cs-s/APNQkAF8_bB5b4CGQzYxfbcTh8akbkrH9wQINJX4A_alIGnUCKY-sLRgBVocB5xS5Jlu-TBR97-7UyyQwZU4OsNGhSVDjAfClKRNOgIwNo7NUWJt4SZpPpg6KDPItIp67n7ZnEUxQrBS0ZgFwaI=w122-h92-k-no","https://ssl.gstatic.com/local/servicebusiness/default_user.png","""Tekstur gelatonya lembut ttp, tp somehow cairnya jg lmyan cepet.""","","","https://www.google.com/viewer/chooseprovider?mid=/g/11yb8fz_gn&g2lbs=AIBNGdWiDnHc0wNYWsjIL1NjsEzVi-upvuT7FkuXvYCN8WVPrcW9xFnRipBGOpbFCAQMeq8DArrwJdjRwvCMEMd1DI47_vMzAA%3D%3D&hl=id-ID&gl=id&fo_m=MfohQo559jFvMUOzJVpjPL1YMfZ3bInYwBDuMfaXTPp5KXh-&utm_source=tactile&gei=9qnjabSdJ_6cseMPt83i0QM&ei=9qnjabSdJ_6cseMPt83i0QM&fo_s=OA&opi=79508299&orderType=1&ebb=1&cs=0&foub=mcpp","Pesan online",""
"https://www.google.com/maps/place/Ice+Cream+Gelato/data=!4m7!3m6!1s0x2e69f7228dfda695:0x79d7be00ed6fefa0!8m2!3d-6.1758992!4d106.7902164!16s%2Fg%2F11h3n70qld!19sChIJlab9jSL3aS4RoO9v7QC-13k?authuser=0&hl=id&rclk=1","Ice Cream Gelato","4,8","(17)","Es Krim","·","Central Park Mall, Lower Ground East Tunnel Unit L-124, Jl. Let. Jend. S. Parman I No.28 12, RT.15/RW.6","Tutup","· Buka Min pukul 10.00","https://lh3.googleusercontent.com/gps-cs-s/APNQkAHVKnhrgU8Jstpub7FHFLOWLakbV6ZkWK4FotYsDxB4DWU9nqxR_X9IimHljb_Uub33YTaas54p3wHbOhJRPXoYtueIQH2Ye4n4e2rBjYUVrhVtAbolLZhD7V0qFWwkaEUduUu1=w163-h92-k-no","https://ssl.gstatic.com/local/servicebusiness/default_user.png","""Enak, satu scoop cuma 15rb, dan banyak pilihan rasanya 👍""","","","","",""
"https://www.google.com/maps/place/Natsu+Coffee+Kedoya/data=!4m7!3m6!1s0x2e69f7001651b605:0x4b9b7c0082858f4f!8m2!3d-6.1829582!4d106.7616072!16s%2Fg%2F11m6s12kq4!19sChIJBbZRFgD3aS4RT4-FggB8m0s?authuser=0&hl=id&rclk=1","Natsu Coffee Kedoya","5,0","(27)","Es Krim","·","1, Jl. Kedoya Pesing No.22, RT.1/RW.4","Tutup","· Buka Min pukul 10.00","https://lh3.googleusercontent.com/gps-cs-s/APNQkAG_VbqdlE58MT5oIaCFHW7LCGBQO2zJsa8QPlY1EVBFmc7vKf1k3-rfGG0tLBAI0qjxpE41LsjM5IqIRbTFpHuUncy2V89GwkHhDd_pTn1HQKeLnYZuxpQLCkX5YKTglOrpuOPWog=w80-h106-k-no","https://ssl.gstatic.com/local/servicebusiness/default_user.png","""","Es","krimnya beda sma","https://www.google.com/viewer/chooseprovider?mid=/g/11m6s12kq4&g2lbs=AIBNGdWDuIve3L9JMPXXpH7oaGOeNe9fIw4WnPtSgrlolACSXi_HWxDBmWICXo4eMwuuSc8Dv1nchNN0EjHtADUT3g0ugaXWyA%3D%3D&hl=id-ID&gl=id&fo_m=MfohQo559jFvMUOzJVpjPL1YMfZ3bInYwBDuMfaXTPp5KXh-&utm_source=tactile&gei=9qnjabSdJ_6cseMPt83i0QM&ei=9qnjabSdJ_6cseMPt83i0QM&fo_s=OA&opi=79508299&orderType=1&ebb=1&cs=0&foub=mcpp","Pesan online",""
"https://www.google.com/maps/place/Zaira%27s+Kitchen+%2F+Boeni+Ice+Cream/data=!4m7!3m6!1s0x2e69f723104d2f4b:0x373c3b46e2e8752!8m2!3d-6.2022585!4d106.7609329!16s%2Fg%2F11fxzwvbgx!19sChIJSy9NECP3aS4RUocubrTDcwM?authuser=0&hl=id&rclk=1","Zaira's Kitchen / Boeni Ice Cream","5,0","(7)","Es Krim","·","Jl. Buni I No.2, RT.6/RW.7","Tutup","· Buka Min pukul 10.00","https://lh3.googleusercontent.com/gps-cs-s/APNQkAEQ6s2id2qYo24DeIDV69zPMoPb9au4NP4nbwy8vAMmd8wsLHBJYeqsggs8mNMVHlrIi2Yp9yjdUaHxI_uF4X6gUvhi-RvmnPpqLFMUDTmFHWtk-nRrrXBLl2yl7j_BcUrkwbMZxA=w80-h110-k-no","","Pesan antar","","","","",""
"https://www.google.com/maps/place/MIXUE+Kedoya/data=!4m7!3m6!1s0x2e69f78f862a72ff:0x7bc2af2a1382adf9!8m2!3d-6.1816365!4d106.7619673!16s%2Fg%2F11tjgw27lh!19sChIJ_3Iqho_3aS4R-a2CEyqvwns?authuser=0&hl=id&rclk=1","MIXUE Kedoya","4,8","(352)","Es Krim","·","Jl. Kedoya Pesing No.26-29, RT.1/RW.4","Tutup","· Buka Min pukul 10.00","https://lh3.googleusercontent.com/gps-cs-s/APNQkAGrOTUaLsTy0CFP9dRowVwdIqTqMCu8XdVghtMDV9qRuSNSsBnKgWJhE7Xf_91rQvLMepTO88xZvAR8PFsLOIAwOlJdhHXXLXBZEkbNp3YRASla39RB6E-TveqydSXW39BPr0xDPQ=w163-h92-k-no","https://ssl.gstatic.com/local/servicebusiness/default_user.png","""Minuman dan","es","krimnya enak, banyak varian, affordable.""","https://www.google.com/viewer/chooseprovider?mid=/g/11tjgw27lh&g2lbs=AIBNGdU0KMcl6Ifa0PqCRCiFS8mJ5maBeQzXzD1mAZ8ZoOsN4P8lABzn98KSR2I6sXCBbHbNxfh__paCOKQaSP2YUloOPByCYg%3D%3D&hl=id-ID&gl=id&fo_m=MfohQo559jFvMUOzJVpjPL1YMfZ3bInYwBDuMfaXTPp5KXh-&utm_source=tactile&gei=9qnjabSdJ_6cseMPt83i0QM&ei=9qnjabSdJ_6cseMPt83i0QM&fo_s=OA&opi=79508299&orderType=1&ebb=1&cs=0&foub=mcpp","Pesan online",""
"https://www.google.com/maps/place/Tianlala+Kemanggisan/data=!4m7!3m6!1s0x2e69f7f5921c2f5d:0xe553d2d9fe20fe93!8m2!3d-6.201496!4d106.7825212!16s%2Fg%2F11xsmvspzs!19sChIJXS8ckvX3aS4Rk_4g_tnSU-U?authuser=0&hl=id&rclk=1","Tianlala Kemanggisan","4,7","(23)","Es Krim","·","JI, Komplek Mandala, Jl. Raya Kb. Jeruk No.5 Kios unit 5c","Tutup","· Buka Min pukul 09.00","https://lh3.googleusercontent.com/gps-cs-s/APNQkAGvWMYOZo1KqHTTCm-gPGNqiOoVJJnEwFP5J4B_a-ui39DTkF9AEhBDSssxReBgqu4CWgGwoNIrleAxZ-PtnOYOGDSEzDkjsFA1wrMyOgtavSrwswNGdcveDSh84ZpnKNvqfwudswsLV1Qf=w122-h92-k-no","https://ssl.gstatic.com/local/servicebusiness/default_user.png","""Semua minuman nya enak tempat nya bagus bersih""","","","","",""
"https://www.google.com/maps/place/Ice+Kul+Kul+by+Imah/data=!4m7!3m6!1s0x2e69f750f20400d5:0xa5ea5306e294b252!8m2!3d-6.2054194!4d106.7764158!16s%2Fg%2F11v71ffb0f!19sChIJ1QAE8lD3aS4RUrKU4gZT6qU?authuser=0&hl=id&rclk=1","Ice Kul Kul by Imah","4,7","(3)","Es Krim","·","QQVG+JMJ, Jl. Isa No.47, RT.1/RW.8","Tutup","· Buka Min pukul 16.00","https://lh3.googleusercontent.com/gps-cs-s/APNQkAFOGRtv1PJFka0-eFxLYof8AkPPi9FJtsRmaV-66QuzcA8CM-J8f51gHRj83fqnZlRE7kHVydwqLNrVuwcz4ghye_GfQyYxDjJY7Pj-90rHvKCWwjznHK6X29g0LA-gjIIqU04=w80-h106-k-no","https://ssl.gstatic.com/local/servicebusiness/default_user.png","""Coklatnya mantep kaya","es krim","magnum.""","","",""
"https://www.google.com/maps/place/Gure+Gelato/data=!4m7!3m6!1s0x2e69f70b04141fa3:0x47cd3042ba4312b5!8m2!3d-6.1798384!4d106.7662912!16s%2Fg%2F11sdcjdq1p!19sChIJox8UBAv3aS4RtRJDukIwzUc?authuser=0&hl=id&rclk=1","Gure Gelato","3,8","(6)","Es Krim","·","Jl. Panjang No.128, RT.16/RW.1","","","https://lh3.googleusercontent.com/gps-cs-s/APNQkAFd32edFnlBh0M8zfCiXhLSMQofNmtSBWnJ7sd7CTjUS_PnT88yx5-vhKmdiiJPrEkj9Cq1aOkEdEs5SbguqP98FbbMiXGhcGqsVArBm4YXgsO5Kqy7qcJ1axqvQwGpWyA0gmI_YA=w80-h106-k-no","https://ssl.gstatic.com/local/servicebusiness/default_user.png","""Pilihan gelato sedikit sekali, cuman 5 rasa""","","","","",""
"https://www.google.com/maps/place/Mixue+Lagi/data=!4m7!3m6!1s0x2e69f7c9aee6c4f3:0x2d08fc85c79dff2!8m2!3d-6.1999988!4d106.7825824!16s%2Fg%2F11khbts6c3!19sChIJ88Tmrsn3aS4R8t95XMiP0AI?authuser=0&hl=id&rclk=1","Mixue Lagi","2,1","(7)","Es Krim","·","Jl. Raya Kb. Jeruk No.8, RW.12","","","https://lh3.googleusercontent.com/gps-cs-s/APNQkAEy52VWIaP0yqO3-QSW2rrKkEeR8zYodDJTec5-igEYAEgWTX2gFLjgWK53daSWM8D8hTE1-Y3aY_mnaUoqAfP5s6xffRBYhxixKHTLAlJkZ4La7-m8mujCQ9LpvEz04VlPbzbv=w204-h92-k-no","https://ssl.gstatic.com/local/servicebusiness/default_user.png","""Bisa sambil ngemil Makaroni Basreng""","","","","",""
"https://www.google.com/maps/place/Gading+Store/data=!4m7!3m6!1s0x2e69f7d17e525211:0xd73aefb6f5152c9a!8m2!3d-6.1972491!4d106.7655124!16s%2Fg%2F11h15xmsxr!19sChIJEVJSftH3aS4RmiwV9bbvOtc?authuser=0&hl=id&rclk=1","Gading Store","5,0","(2)","Es Krim","·","Jl. Lapangan Bola No.1B 6, RT.3/RW.10","Tutup","· Buka Min pukul 09.00","https://lh3.googleusercontent.com/gps-cs-s/APNQkAGHjyeF4ekB4vUunBi-OP5-mkYjMoU-h5jKOSHWnuSTb5iB9CIoiiVwtZD7XvR2tLiuzzhlVa1XgqsnzbRNnmfORmWybzpX3SPEupBiDEZua2niV_KFvm7OUkc1QdTODUHH5Ip7=w80-h100-k-no","","Pesan antar","","","","",""
"https://www.google.com/maps/place/Alpukat+Kocok+IMO+Avocado/data=!4m7!3m6!1s0x2e69f70059a72d73:0xf78e676ad9e56e16!8m2!3d-6.193013!4d106.784169!16s%2Fg%2F11wppln34k!19sChIJcy2nWQD3aS4RFm7l2Wpnjvc?authuser=0&hl=id&rclk=1","Alpukat Kocok IMO Avocado","2,5","(6)","Es Krim","·","Jl. Kemanggisan Raya No.98, RT.2/RW.9","Buka 24 jam","","https://lh3.googleusercontent.com/gps-cs-s/APNQkAHlWV9B6opk2nQ92AJlngVsrQyfAWfqP7cEXy-m1V9MzNReCEXpeiEhvyWURIZjv6JAATLLXL2AS6ix-PfIhGjiUKa4QzCTLaIDL_i67KKyjonayVRQOrjV3SHi1T4aZqe1UrM=w80-h106-k-no","https://ssl.gstatic.com/local/servicebusiness/default_user.png","""Biasanya susunya putih, warnannya juga agak coklat2.""","","","","",""
"https://www.google.com/maps/place/Doger+Granita+BINUS+Kemanggisan/data=!4m7!3m6!1s0x2e69f7001e361d9f:0x5542883bc69f4ae!8m2!3d-6.2009142!4d106.7833003!16s%2Fg%2F11wfsxfsn2!19sChIJnx02HgD3aS4RrvRpvIMoVAU?authuser=0&hl=id&rclk=1","Doger Granita BINUS Kemanggisan","","","Es Krim","·","Jl. Kyai H. Syahdan No.7","Tutup","· Buka Min pukul 10.00","https://lh3.googleusercontent.com/gps-cs-s/APNQkAGczCDXT-vh94McB2kyfdtz25YkwNfC80zt2kxM6UYWW1KRKOvaqEzezRGlgtnI18c-u9NBoJNLW87owGe5BWLmGFdtUIXbY3j54kUOw0hzT0j9z4U2WMND8uso5fHfkyjZVhghwA=w80-h142-k-no","","","","","","",""
"https://www.google.com/maps/place/Three+Folks+Ice+Cream+%26+Coffee+-+Meruya/data=!4m7!3m6!1s0x2e69f7bb0341f9cb:0x556ca9535ebaf2b2!8m2!3d-6.1970569!4d106.7481658!16s%2Fg%2F11h5dlz__g!19sChIJy_lBA7v3aS4RsvK6XlOpbFU?authuser=0&hl=id&rclk=1","Three Folks Ice Cream & Coffee - Meruya","4,7","(740)","Es Krim","·","Jl. Meruya Ilir Raya No.10, RT.11/RW.6","Tutup","· Buka Min pukul 10.00","https://lh3.googleusercontent.com/gps-cs-s/APNQkAHJs5gZmZZnTpYJacF9e-4gtR3nadoPgBcKUMl0YRyeTgCNi-a1_dOgM9jYH9HWA6tprpLaWZ8HlyPZvWRJfa4EQ2A2Lr-tvYTNS1xoL6WDtu3RTJ0i0pCMgT3tOJqCY-v4FUwDDQ61yDUL=w137-h92-k-no","https://ssl.gstatic.com/local/servicebusiness/default_user.png","""","Es","krimnya enak 2 scoop coklat sama monster pas perpaduannya.""","https://www.google.com/viewer/chooseprovider?mid=/g/11h5dlz__g&g2lbs=AIBNGdWBPz0ftjDK_syhMO342HTwK_zcVSJvsuxQRrSHKQXSGRQnWvWGHCmQspIv1d_ngj8MFsGUSF48erXb4oQOGpHhoMWKPA%3D%3D&hl=id-ID&gl=id&fo_m=MfohQo559jFvMUOzJVpjPL1YMfZ3bInYwBDuMfaXTPp5KXh-&utm_source=tactile&gei=9qnjabSdJ_6cseMPt83i0QM&ei=9qnjabSdJ_6cseMPt83i0QM&fo_s=OA&opi=79508299&orderType=1&ebb=1&cs=0&foub=mcpp","Pesan online",""
"https://www.google.com/maps/place/AICE+Cream+Zora/data=!4m7!3m6!1s0x2e69f78ab711354b:0x209b341be9d95287!8m2!3d-6.1791012!4d106.7750065!16s%2Fg%2F11rrjr19nb!19sChIJSzURt4r3aS4Rh1LZ6Rs0myA?authuser=0&hl=id&rclk=1","AICE Cream Zora","4,0","(4)","Es Krim","·","RT. 003 / RW. 08 No. 157 Jalan Ters. Villa Tomang MAS Baru No.157 RT. 003 / RW. 08 No. 157, RT.3/RW.8","Tutup","· Buka Min pukul 07.00","https://lh3.googleusercontent.com/gps-cs-s/APNQkAGFVQ_F1kv9XyXHrvCwb87kc1uhUTik-71l-4GfI3ONBfpBKfSUroFV8qSU56EODG3DCuPnlZDD4RO3bWqF9mFg90rZdDY5qA-N4CvuRCf-HxnCaW-n3wt7rHPPoA9yuY5vqVPZBw=w122-h92-k-no","https://ssl.gstatic.com/local/servicebusiness/default_user.png","""Suka sama","ice cream","mochi nya.""","","",""
"https://www.google.com/maps/place/Es+cokelat+Tentang+Kita+Kedoya/data=!4m7!3m6!1s0x2e69f720b5bd96f7:0x35aa59b0f0c7926a!8m2!3d-6.1788669!4d106.7573942!16s%2Fg%2F11nm_2c13x!19sChIJ95a9tSD3aS4RapLH8LBZqjU?authuser=0&hl=id&rclk=1","Es cokelat Tentang Kita Kedoya","5,0","(2)","Es Krim","·","Jl. Kedoya Raya No. 2AI - 2AIII & 2B, RT.2/RW.2","Buka","· Tutup pukul 23.59","https://lh3.googleusercontent.com/gps-cs-s/APNQkAFm8cB6m0bJjlSJMgXFctJjoeJasE44vLJk9FlyQb1noHAUYkoqWl6-SC9ehEUxdv_K2cCCHvMcpeqqs1sN14F1ksbA8N5AsKbOXi2b8XW9dL63MAzN5dmHOXzLNCZQVuPtvSjeaA=w92-h92-k-no","","Bawa pulang","","","https://www.google.com/viewer/chooseprovider?mid=/g/11nm_2c13x&g2lbs=AIBNGdUZ6BJKP_0SREPtfx-LDZynv7E3M8qce1-pMQIACMUqVlHy89uocDHZygHsj0kl3DnUmY75w2GaXxBH7seSdllr4o-r_g%3D%3D&hl=id-ID&gl=id&fo_m=MfohQo559jFvMUOzJVpjPL1YMfZ3bInYwBDuMfaXTPp5KXh-&utm_source=tactile&gei=9qnjabSdJ_6cseMPt83i0QM&ei=9qnjabSdJ_6cseMPt83i0QM&fo_s=OA&opi=79508299&orderType=1&ebb=1&cs=0&foub=mcpp","Pesan online",""
"https://www.google.com/maps/place/Es+Krim+khas+Cilacap/data=!4m7!3m6!1s0x2e69f7005b9a077f:0xc633d28a0a2df943!8m2!3d-6.204231!4d106.7567025!16s%2Fg%2F11vzcw3_9w!19sChIJfweaWwD3aS4RQ_ktCorSM8Y?authuser=0&hl=id&rclk=1","Es Krim khas Cilacap","","","Es Krim","·","QQW4+8M4, RT.1/RW.2","Buka 24 jam","","https://streetviewpixels-pa.googleapis.com/v1/thumbnail?panoid=odjciqXxcdGAgQbkMJ2BYQ&cb_client=search.gws-prod.gps&w=80&h=92&yaw=241.97813&pitch=0&thumbfov=100","","Bawa pulang","","","","",""
"https://www.google.com/maps/place/WK+Juice/data=!4m7!3m6!1s0x2e69f7001f058573:0x345aae7820c098d1!8m2!3d-6.2007353!4d106.7722634!16s%2Fg%2F11vrw_86sx!19sChIJc4UFHwD3aS4R0ZjAIHiuWjQ?authuser=0&hl=id&rclk=1","WK Juice","4,5","(2)","Es Krim","·","QQXC+PW6, Jl. Musyawarah raya No.1B, RT.5/RW.13","Tutup","· Buka Min pukul 11.00","https://streetviewpixels-pa.googleapis.com/v1/thumbnail?panoid=GIP06WAYSqiuGZMcW1y9qg&cb_client=search.gws-prod.gps&w=80&h=92&yaw=231.63707&pitch=0&thumbfov=100","https://ssl.gstatic.com/local/servicebusiness/default_user.png","""Tempat yang nyaman dan asik""","","","","",""
"https://www.google.com/maps/place/Ai-CHA+Tanjung+Duren/data=!4m7!3m6!1s0x2e69f7c0368e24fd:0xd5524c5cd45318f8!8m2!3d-6.1739548!4d106.787897!16s%2Fg%2F11twcfjv08!19sChIJ_SSONsD3aS4R-BhT1FxMUtU?authuser=0&hl=id&rclk=1","Ai-CHA Tanjung Duren","4,9","(150)","Es Krim","·","·","Tutup","· Buka Min pukul 10.00","https://lh3.googleusercontent.com/gps-cs-s/APNQkAGzVptM3q7RvVqluSKzCE_vRkI1Zjfo0nwHopVU283HSEgGCWGVT79dxrovAerVAy5crrZ4dS_vuNGlEXIJhkOObzMglMSupYtm60JJQHQLsH43cDFrjBF5SavW8A3BpArm4w_MhAk75Do=w80-h106-k-no","https://ssl.gstatic.com/local/servicebusiness/default_user.png","""","Es krim","jasmine nya mantapp, gk terlalu manis dan legittt""","https://www.google.com/viewer/chooseprovider?mid=/g/11twcfjv08&g2lbs=AIBNGdUtSgyl83Gs5YkVm0uuGHrgh_LrirSNHi3-m6KFaE3LZvcAI1YUggGxheZqZv5SWoUpONsOaNGG9ah424JC2U5omHIyeA%3D%3D&hl=id-ID&gl=id&fo_m=MfohQo559jFvMUOzJVpjPL1YMfZ3bInYwBDuMfaXTPp5KXh-&utm_source=tactile&gei=_anjaebWK6GjseMP0sPTsQE&ei=_anjaebWK6GjseMP0sPTsQE&fo_s=OA&opi=79508299&orderType=1&ebb=1&cs=0&foub=mcpp","Pesan online",""
"https://www.google.com/maps/place/The+Harvest/data=!4m7!3m6!1s0x2e69f6d359e63fd7:0xb11422cb3a19c677!8m2!3d-6.1999489!4d106.7694018!16s%2Fg%2F11b6c__vzs!19sChIJ1z_mWdP2aS4Rd8YZOssiFLE?authuser=0&hl=id&rclk=1","The Harvest","4,5","(497)","Toko Kue","·","Jl. Panjang No.19 6, RT.2/RW.2","Tutup","· Buka Min pukul 08.00","https://lh3.googleusercontent.com/gps-cs-s/APNQkAFeP269nEbTWIm_w1YdCGkCVG-lRLuzmc09shN5HXSdZ2_jNKgyRlm6B36e_bq30CI6BLdYrvmxf4vqRw8xhAaOwtP6fJ7VXkv4qvwCJf0_TrYI74OQoITR0k-PpdPUJQnWJK5I5Q=w204-h92-k-no","https://ssl.gstatic.com/local/servicebusiness/default_user.png","""Tempat nya nyaman harga nya mahal sesuai kualitas nya.""","","","https://www.google.com/viewer/chooseprovider?mid=/g/11b6c__vzs&g2lbs=AIBNGdWQ-dO8r8eusWa62B3bJAgmi3GXHgrTzRd1eAvJWA_GqMEIw-rSZcPxYyT2WvhDvkWr49yCtId-No0RSRFhEOvHnGDqag%3D%3D&hl=id-ID&gl=id&fo_m=MfohQo559jFvMUOzJVpjPL1YMfZ3bInYwBDuMfaXTPp5KXh-&utm_source=tactile&gei=_anjaebWK6GjseMP0sPTsQE&ei=_anjaebWK6GjseMP0sPTsQE&fo_s=OA&opi=79508299&ebb=1&cs=0&foub=mcpp","Pesan online",""
"https://www.google.com/maps/place/STICKY+MILK+kang+maniiiieezzz/data=!4m7!3m6!1s0x2e69f70052d893ef:0x7373773885e964f9!8m2!3d-6.193156!4d106.7798762!16s%2Fg%2F11m6jr2m6m!19sChIJ75PYUgD3aS4R-WTphTh3c3M?authuser=0&hl=id&rclk=1","STICKY MILK kang maniiiieezzz","","","Es Krim","·","RQ4H+PXJ, Jl. Gili Sampeng, RT.2/RW.5","","","https://lh3.googleusercontent.com/gps-cs-s/APNQkAHdd16lw2FxAVzKKC8KWanF8xkNJ_iatq0UUZB7BoyUXD9JmS90ft53QLb7CNVdJpEwY7gX3nSAKzrQHzjqWWUfjo5tDyKFij4J7u9b8pfxyxDBFPTNyvsFv5f5splSpu7SDCE3LmLbmAE=w80-h142-k-no","","Bawa pulang","","","","",""
"https://www.google.com/maps/place/Unicorn+ice+cream/data=!4m7!3m6!1s0x2e69f76a50affbbf:0xcf82edd0aed9b35b!8m2!3d-6.1848662!4d106.8029411!16s%2Fg%2F11rtmvhnb0!19sChIJv_uvUGr3aS4RW7PZrtDtgs8?authuser=0&hl=id&rclk=1","Unicorn ice cream","4,5","(6)","Es Krim","·","Jl. Kota Bambu Raya No.4, RT.12/RW.6","Segera tutup","· 23.00 · Buka Min pukul 11.00","https://lh3.googleusercontent.com/gps-cs-s/APNQkAETrNHUEY53epKUJkk_By8onbwhVPEcTWIHwmL7VoJPBkXWeCbNw-Zi_gv9QPtThi_s2QfqSvuBNCoPh_78ozAOna3SWSdVHbujmP6QAHrS5PVl9ti8UXaP-NStl0yLVFJdSGE=w80-h177-k-no","https://ssl.gstatic.com/local/servicebusiness/default_user.png","""recomended rasanya guys""","","","","",""
"https://www.google.com/maps/place/Rumah+hendi/data=!4m7!3m6!1s0x2e69f76bd7c4a6db:0xbbf15867a1eb6e6a!8m2!3d-6.197936!4d106.7541568!16s%2Fg%2F11k5v4xk2c!19sChIJ26bE12v3aS4Ram7roWdY8bs?authuser=0&hl=id&rclk=1","Rumah hendi","5,0","(1)","Es Krim","·","Jl. Meruya Ilir Raya No.31a 3, RT.3/RW.8","","","https://streetviewpixels-pa.googleapis.com/v1/thumbnail?panoid=cjwGNJ35mH3aMH8jgnBB9Q&cb_client=search.gws-prod.gps&w=80&h=92&yaw=103.478424&pitch=0&thumbfov=100","","Bawa pulang","","","","",""
"https://www.google.com/maps/place/MIXUE+KEBON+JERUK/data=!4m7!3m6!1s0x2e69f7208d067249:0xf5f8f9912b9cf16e!8m2!3d-6.198675!4d106.762583!16s%2Fg%2F11s5yh3btn!19sChIJSXIGjSD3aS4RbvGcK5H5-PU?authuser=0&hl=id&rclk=1","MIXUE KEBON JERUK","3,9","(105)","Kedai Hidangan Penutup","·","ICON21, Ruko, Jl. Raya Kb. Jeruk Jl. Meruya Ilir Raya No.8","Tutup","· Buka Min pukul 09.30","https://lh3.googleusercontent.com/gps-cs-s/APNQkAGjmdG8SKpJ2dRrxBf6BS3rl5JQwYYk6Ro76jJz0mVAeyYWkVe32bCZkzvi4I6kWVSX3Q_MlR0PxivvQovA9Ymx3tubVPD1NXkCsXytro-TfhU06PZCidZBgzL27IS_05vEACJSnw=w80-h106-k-no","https://ssl.gstatic.com/local/servicebusiness/default_user.png","""Restoran","es krim","yg murah dan rasanya enak, tempatnya tidak luas.""","https://www.google.com/viewer/chooseprovider?mid=/g/11s5yh3btn&g2lbs=AIBNGdWLprPXJwx8S1fy968ANX0QI8A0XT81S1z2uPA2atPfjdNRXk6X01rEC4-bQ1LfZ3eG0UJY1pNC620Llip4FkV8B62gEA%3D%3D&hl=id-ID&gl=id&fo_m=MfohQo559jFvMUOzJVpjPL1YMfZ3bInYwBDuMfaXTPp5KXh-&utm_source=tactile&gei=_anjaebWK6GjseMP0sPTsQE&ei=_anjaebWK6GjseMP0sPTsQE&fo_s=OA&opi=79508299&orderType=1&ebb=1&cs=0&foub=mcpp","Pesan online",""
"https://www.google.com/maps/place/Denay+durian+Binus/data=!4m7!3m6!1s0x2e69f784075b3237:0x724abad4827b2c22!8m2!3d-6.2000781!4d106.782109!16s%2Fg%2F11k3xtfry2!19sChIJNzJbB4T3aS4RIix7gtS6SnI?authuser=0&hl=id&rclk=1","Denay durian Binus","3,0","(2)","Es Krim","·","No.10RW, Jl. Raya Kb. Jeruk No.9","Tutup","· Buka Min pukul 04.00","https://lh3.googleusercontent.com/gps-cs-s/APNQkAHJOCyIEUSN9kTrXcR8PZ02A58S8e93GXlNH8r1JgL65QuEa_X7-x72adazlGStCfPwxzBd5uMaA34umDgdFhRMG5WrnORwQeFvJoZiKT9C3Zf4veCRbPeXXjRkRveQN-WWFPf-=w80-h142-k-no","https://ssl.gstatic.com/local/servicebusiness/default_user.png","""","Es","serba durian yang enak dan","","",""
"https://www.google.com/maps/place/Nusa+pangan/data=!4m7!3m6!1s0x2e69f7b78a277661:0xd9ef9166f8481d21!8m2!3d-6.1930616!4d106.7848647!16s%2Fg%2F11sv_myb67!19sChIJYXYnirf3aS4RIR1I-GaR79k?authuser=0&hl=id&rclk=1","Nusa pangan","","","Es Krim","·","Jl. Kemanggisan Ilir III No.5, RT.5/RW.7","","","https://streetviewpixels-pa.googleapis.com/v1/thumbnail?panoid=O0q5UB5L-VvHjU6vcaeayA&cb_client=search.gws-prod.gps&w=80&h=92&yaw=227.44922&pitch=0&thumbfov=100","","Bawa pulang","","","","",""
"https://www.google.com/maps/place/Paletas+Wey+-+Ranch+Market+Pesanggrahan/data=!4m7!3m6!1s0x2e69f7250f4e219b:0x14410022a14aa0bd!8m2!3d-6.1885535!4d106.7560756!16s%2Fg%2F11pc50k1mn!19sChIJmyFODyX3aS4RvaBKoSIAQRQ?authuser=0&hl=id&rclk=1","Paletas Wey - Ranch Market Pesanggrahan","","","Es Krim","·","Jalan Pesanggrahan Raya No.2 1, RT.2/RW.7","Tutup","· Buka Min pukul 08.00","https://lh3.googleusercontent.com/gps-cs-s/APNQkAEXNX27wMopgf2TUC1FjOX7yJSA-VNd94Y7gjDczggp9wPGA2PxRSYb-RS0jxiqRynHHWvWTh6u4h0jlGJytDODZ2eftslufK4Omxma2F-WZ30zxmRcOt9hOwPnhvMQLMKglckR=w92-h92-k-no","","Pesan antar","","","","",""
"https://www.google.com/maps/place/haus!+Binus+3/data=!4m7!3m6!1s0x2e69f77df1b073ff:0x6b71153f5996d2eb!8m2!3d-6.2006995!4d106.7871322!16s%2Fg%2F11v0y3q400!19sChIJ_3Ow8X33aS4R69KWWT8VcWs?authuser=0&hl=id&rclk=1","haus! Binus 3","4,1","(250)","Es Krim","·","Jl. Kyai H. Syahdan No.8, RT.2/RW.12","Buka 24 jam","","https://lh3.googleusercontent.com/gps-cs-s/APNQkAHr99XL0MDn1e9pz1OaqKf-ZToGJ1MXwXjr44qCw_DEYgXchReNFF7igibLBO3guDkxuz8yvIA53vQxPySjWL6_8LwwBTWzOu-rwhlqqVykfjnJhVfyPfZtNmbLxlLmTI3NH4jU=w80-h106-k-no","https://ssl.gstatic.com/local/servicebusiness/default_user.png","""enak dan nyamannn😍😍😍""","","","https://www.google.com/viewer/chooseprovider?mid=/g/11v0y3q400&g2lbs=AIBNGdX0qkcR505QyfDPoQqfLG3kcAL9_6yZM3cWmvs6ZPQwn14qAxlOZ9aSh66fXCTj0iZ18pp1HSknCBd-yC6I8IUV9oMLKQ%3D%3D&hl=id-ID&gl=id&fo_m=MfohQo559jFvMUOzJVpjPL1YMfZ3bInYwBDuMfaXTPp5KXh-&utm_source=tactile&gei=_anjaebWK6GjseMP0sPTsQE&ei=_anjaebWK6GjseMP0sPTsQE&fo_s=OA&opi=79508299&orderType=1&ebb=1&cs=0&foub=mcpp","Pesan online",""
"https://www.google.com/maps/place/HAUS!+BINUS+2/data=!4m7!3m6!1s0x2e69f7e2436a733b:0x87c325c1807ef696!8m2!3d-6.200743!4d106.78504!16s%2Fg%2F11fjn1gh0z!19sChIJO3NqQ-L3aS4RlvZ-gMElw4c?authuser=0&hl=id&rclk=1","HAUS! BINUS 2","4,3","(156)","Es Krim","·","Jl. Kyai H. Syahdan No.8 2, RT.2/RW.11","Tutup","· Buka Min pukul 11.00","https://lh3.googleusercontent.com/gps-cs-s/APNQkAEN-1DO6ovnVwkQIRAI7CMBP0APgDl9yzKXiZvWSXEHYrD4aDNzJirNrNRgxPYx4xHTxYcxs_GPs_pK937W6uBKU1orcp-bMKBNWXGUcoJhRJt6ZvNftsQwOFACFhTjjDsBDFer=w80-h106-k-no","https://ssl.gstatic.com/local/servicebusiness/default_user.png","""Tempatnya deket dari kampus dan ada cimol enak""","","","","",""
"https://www.google.com/maps/place/RATU+ICE+PALMERAH/data=!4m7!3m6!1s0x2e69f778ddb07d2d:0x3a2f412c182c0369!8m2!3d-6.2000105!4d106.787677!16s%2Fg%2F11sv5km2wq!19sChIJLX2w3Xj3aS4RaQMsGCxBLzo?authuser=0&hl=id&rclk=1","RATU ICE PALMERAH","","","Es Krim","·","START UP!, Jl. Kyai H. Taisir No.11, RT.3/RW.11","","","https://streetviewpixels-pa.googleapis.com/v1/thumbnail?panoid=2qJ5O1jBJ72l-9iRfTgryw&cb_client=search.gws-prod.gps&w=80&h=92&yaw=71.740204&pitch=0&thumbfov=100","","Bawa pulang","","","","",""
"https://www.google.com/maps/place/Tianlala+taman+kota/data=!4m7!3m6!1s0x2e69f7005b22002f:0xd0116f137e0240e4!8m2!3d-6.1602067!4d106.7550773!16s%2Fg%2F11zjm09jn8!19sChIJLwAiWwD3aS4R5EACfhNvEdA?authuser=0&hl=id&rclk=1","Tianlala taman kota","4,5","(21)","Es Krim","·","Blok B-4-32, Jl. Perumahan Taman Kota EE, RT.7/RW.5","Segera tutup","· 23.30 · Buka Min pukul 10.00","https://lh3.googleusercontent.com/gps-cs-s/APNQkAFZlSYEiZbNSrp4bsG-biOnESDM1lj8Fxt_mal5DCt6iDyWiU9908_d1OcIDE8r8qm32Q1_INqu6F_EcqUrXSbhRv_nvF83JNhSHIRkYWef6zXjL5F1LDKPDmc2wK6N-rxWnMKgPs7bavrs=w80-h106-k-no","https://ssl.gstatic.com/local/servicebusiness/default_user.png","""Ulasannya,Staff nya ramah banget,apa lagi ada","ice cream","yogurt sukaaaaa""","https://www.google.com/viewer/chooseprovider?mid=/g/11zjm09jn8&g2lbs=AIBNGdU-BFyjzui-KL8N2OvuRnsu5hGdN_321-Osz31rUpqYLwrmViLgLyhFkL5oSP7YgZQvDQIZ3ykldC6rCcAHH2qVTxU0MQ%3D%3D&hl=id-ID&gl=id&fo_m=MfohQo559jFvMUOzJVpjPL1YMfZ3bInYwBDuMfaXTPp5KXh-&utm_source=tactile&gei=_anjaebWK6GjseMP0sPTsQE&ei=_anjaebWK6GjseMP0sPTsQE&fo_s=OA&opi=79508299&orderType=1&ebb=1&cs=0&foub=mcpp","Pesan online",""
"https://www.google.com/maps/place/Sweetooth+Ice+Cream+-+Puri+Indah/data=!4m7!3m6!1s0x2e69f736c7bb6f69:0x6df4f3ecc4e8c475!8m2!3d-6.1877948!4d106.7453438!16s%2Fg%2F11h1ll2f3x!19sChIJaW-7xzb3aS4RdcToxOzz9G0?authuser=0&hl=id&rclk=1","Sweetooth Ice Cream - Puri Indah","4,7","(23)","Es Krim","·","Blok G4, Jl. Kembang Indah IV Jl. Puri Indah Raya No.22","Tutup","· Buka Min pukul 12.00","https://lh3.googleusercontent.com/gps-cs-s/APNQkAH1vQUquuon4NclkLrFuVwEAIlbqzwRiKETsWz95fMr9e3I5JHbPOhGbW6BfXf-i8fmU_ysQz5T_oSBFQEsFaIQcN0BVhJyYKFEDy6Mgq_iT_a84qfc8Iyugv_nwEs7qgXwcug=w92-h92-k-no","https://ssl.gstatic.com/local/servicebusiness/default_user.png","""","ICE CREAM","CAKE FAVORIT!""","https://www.google.com/viewer/chooseprovider?mid=/g/11h1ll2f3x&g2lbs=AIBNGdXU1Ox2cqYKznSFUoZDx4x6apR1yjlLPtJoqrmNNWgSneZK5r7EMrk1tejCZzInx6q4i1eaI5wUPjSl0fR1se3VWrlT4Q%3D%3D&hl=id-ID&gl=id&fo_m=MfohQo559jFvMUOzJVpjPL1YMfZ3bInYwBDuMfaXTPp5KXh-&utm_source=tactile&gei=_anjaebWK6GjseMP0sPTsQE&ei=_anjaebWK6GjseMP0sPTsQE&fo_s=OA&opi=79508299&orderType=1&ebb=1&cs=0&foub=mcpp","Pesan online",""
"https://www.google.com/maps/place/Toko+Walls+eskrim/data=!4m7!3m6!1s0x2e69f713c8a6bccb:0x5ac7d7cf47737bef!8m2!3d-6.2108928!4d106.7669998!16s%2Fg%2F11h1lvld5d!19sChIJy7ymyBP3aS4R73tzR8_Xx1o?authuser=0&hl=id&rclk=1","Toko Walls eskrim","3,0","(3)","Toko bahan makanan","·","Jl. Kiruntag No.61, RT.2/RW.1","Tutup","· Buka Min pukul 09.00","https://lh3.googleusercontent.com/gps-cs-s/APNQkAGT6qwCf3U3llabUw1Fj3cCk5841XqJi0tzJ7PE7VN4WmJr5WF_prBd36-HxEhxibme-JKwqzr5HQeuNAuqO1FDQyGMxII9Ho921sqt97Hev52dIrFnZE5YzxjVJnYWedVyLRil=w80-h142-k-no","https://ssl.gstatic.com/local/servicebusiness/default_user.png","""beli","es cream","jaraknya sangat terjangkau""","","",""
"https://www.google.com/maps/place/Es+cendol+sekolahan/data=!4m7!3m6!1s0x2e69f7007ecafcbd:0xac2d10659bee73ab!8m2!3d-6.1850143!4d106.772538!16s%2Fg%2F11yg2rk_j9!19sChIJvfzKfgD3aS4Rq3Pum2UQLaw?authuser=0&hl=id&rclk=1","Es cendol sekolahan","5,0","(1)","Es Krim","·","RQ7F+X2V SMPN 191","","","https://streetviewpixels-pa.googleapis.com/v1/thumbnail?panoid=aD9ONfN-EcaqvJ2DbcHzoQ&cb_client=search.gws-prod.gps&w=80&h=92&yaw=32.446865&pitch=0&thumbfov=100","","","","","","",""
"https://www.google.com/maps/place/Tipsy+Cream+-+Central+Park/data=!4m7!3m6!1s0x2e69f7887c45778d:0xcf2909413eb49cbb!8m2!3d-6.177638!4d106.7910532!16s%2Fg%2F11k3xt9qb2!19sChIJjXdFfIj3aS4Ru5y0PkEJKc8?authuser=0&hl=id&rclk=1","Tipsy Cream - Central Park","4,6","(37)","Es Krim","·","Jl. Letjen S. Parman No.kav.28","Tutup","· Buka Min pukul 10.00","https://lh3.googleusercontent.com/gps-cs-s/APNQkAHaKXblEvPUDT5Wp-KAnqDldW5u2BPwBrbF0lbyfglEjOU7NjokWo2boib3BhOlXLWXFLqgZbkrvpEUk-NTxJOJlNj4yfyv5buB_nUjlXrx7eI-Gd_jTECfLlvlWMItEfSWgYZ7=w163-h92-k-no","https://ssl.gstatic.com/local/servicebusiness/default_user.png","""Yg amer rasanya unik 🤣
1 scoop 49rb
500ml 185rb""","","","","",""
"https://www.google.com/maps/place/Rumah+Ice+Cream+Jakarta/data=!4m7!3m6!1s0x2e69f1266a328b73:0xdd709902ed0cff34!8m2!3d-6.2260732!4d106.7718462!16s%2Fg%2F11kqnk8y5d!19sChIJc4syaibxaS4RNP8M7QKZcN0?authuser=0&hl=id&rclk=1","Rumah Ice Cream Jakarta","4,6","(111)","Es Krim","·","2, Jl. Panjang Cidodol No.40, RT.2/RW.4","Tutup","· Buka Min pukul 11.00","https://lh3.googleusercontent.com/gps-cs-s/APNQkAGPx6R7Emy2Y4j6y7iUtM7qHdL3jRL468Sj0esSeAxP99GhREdPBdPmsb66xTy0nHmlSlg3KUYTe-uHLShCE7LYTxmgw2bxVZRZE6HpCj-vNLkVnox33pGHCgYt-gDRXYPAGxB3z4s0obQ=w80-h106-k-no","https://ssl.gstatic.com/local/servicebusiness/default_user.png","""Enak banget menu-menu","es krim","disini!""","","",""
"https://www.google.com/maps/place/Wedrink+Greenville/data=!4m7!3m6!1s0x2e69f79a7ef86089:0xf167cd110726f981!8m2!3d-6.1739761!4d106.7785853!16s%2Fg%2F11txt40pwh!19sChIJiWD4fpr3aS4RgfkmBxHNZ_E?authuser=0&hl=id&rclk=1","Wedrink Greenville","4,3","(56)","Es Krim","·","Perumahan Greenville, Jl. Mangga Raya No.11, RT.1/RW.9","Tutup","· Buka Min pukul 10.00","https://lh3.googleusercontent.com/gps-cs-s/APNQkAF2K5HsbruNj7b3iFj67tKRkMyNDom9jvBd0p_AEcsgUnQJmh40Uqezl22SzQiEgfvvx-69O1uL617eF4kpaQIoQ2hwF1N6SKaQWTr3vYxu5ag0MGc1buCZVLyO5Y4GeCbDI28X=w80-h106-k-no","https://ssl.gstatic.com/local/servicebusiness/default_user.png","""","Es krim","matcha enak.""","https://www.google.com/viewer/chooseprovider?mid=/g/11txt40pwh&g2lbs=AIBNGdXCcD5twAZFSSbs7pLX3SsPYz89noVAek_y1C-StJbIEG64hBMAJVobOvxps8HSkbnQFed01bHDsmJXydRJAkx_RwsBoA%3D%3D&hl=id-ID&gl=id&fo_m=MfohQo559jFvMUOzJVpjPL1YMfZ3bInYwBDuMfaXTPp5KXh-&utm_source=tactile&gei=_anjaebWK6GjseMP0sPTsQE&ei=_anjaebWK6GjseMP0sPTsQE&fo_s=OA&opi=79508299&orderType=1&ebb=1&cs=0&foub=mcpp","Pesan online",""
"https://www.google.com/maps/place/Es+Krim+Mambo/data=!4m7!3m6!1s0x2e69f7ecca0e58f1:0x590ad2ee3202eb91!8m2!3d-6.1908733!4d106.7991526!16s%2Fg%2F11ky5yzlz4!19sChIJ8VgOyuz3aS4RkesCMu7SClk?authuser=0&hl=id&rclk=1","Es Krim Mambo","5,0","(16)","Es Krim","·","Jl. G1 No.48, RT.5/RW.3","Tutup","· Buka Min pukul 08.00","https://lh3.googleusercontent.com/gps-cs-s/APNQkAGDTCDvKq8p2atmLdZ2gzc5VMA7ZS1HkAFbX39PCFt6lP7C8zxwMvlfkcG_j6LdVuImG5Z4a9KjNkW5nGUgH3oH_1ex-K4zY1CeefszYKBiuMmh2o_LF19OxmTArwS4xc5X7bg8yQ=w80-h106-k-no","https://ssl.gstatic.com/local/servicebusiness/default_user.png","""selalu enak dan murah meriah, Mambo 10/10❤️""","","","","",""
"https://www.google.com/maps/place/Es+Kacang+Merah+Bangka+778/data=!4m7!3m6!1s0x2e69f7165a69eacd:0xd70a46015c3e41cd!8m2!3d-6.1969855!4d106.7550768!16s%2Fg%2F1pzrn4r11!19sChIJzeppWhb3aS4RzUE-XAFGCtc?authuser=0&hl=id&rclk=1","Es Kacang Merah Bangka 778","4,7","(331)","Kedai Hidangan Penutup","·","·","Tutup","· Buka Min pukul 12.30","https://lh3.googleusercontent.com/gps-cs-s/APNQkAFPIACP18VovLjulVRNjMcp5pgvw2benVw9jvH2ylZH9F-oqTGL8FxH7fnq-MViROe8oyDEUc3VuEv_Az9UmBzitvEM4U3buvKL2Ej95kcldAp12qFq2kBpiOCAIFpaXl8ixtuPyA=w80-h97-k-no","https://ssl.gstatic.com/local/servicebusiness/default_user.png","""Esnya enak, porsinya jumbo..harga juga sangat masuk akal..""","","","","",""
"https://www.google.com/maps/place/Dairy+Queen+Central+Park/data=!4m7!3m6!1s0x2e69f65f82818615:0x839926480caa922d!8m2!3d-6.176998!4d106.7913!16s%2Fg%2F1wg_my57!19sChIJFYaBgl_2aS4RLZKqDEgmmYM?authuser=0&hl=id&rclk=1","Dairy Queen Central Park","4,8","(532)","Es Krim","·","Jl. Letjen S. Parman No.28 L-159, RT.12/RW.6","Tutup","· Buka Min pukul 10.00","https://lh3.googleusercontent.com/gps-cs-s/APNQkAE6lZQMolrvnJw71aUQ3Sh4WDcMGL2lb7PCuqPDUG7I6cn4EHgAaJnCSx1QlAIOsijscx86ovAo6GL9MsS0ha6wzDlPNK3EkybgeeigtlzncROmQAfDEIj6enBceNlh_HdJHM9V=w122-h92-k-no","https://ssl.gstatic.com/local/servicebusiness/default_user.png","""","es","krimnya enak banget.. favorit aku, paling recommend yang oreo blizzard""","https://www.google.com/viewer/chooseprovider?mid=/g/1wg_my57&g2lbs=AIBNGdXQky_Jy0KQraH7Pfr6SvoUs-bRpzm6LRSnYzvnK8iWiQFup5bHe8BHC2RrmWLwTg5C9pMaVIsbyEv4hCvQ7_NeabonQg%3D%3D&hl=id-ID&gl=id&fo_m=MfohQo559jFvMUOzJVpjPL1YMfZ3bInYwBDuMfaXTPp5KXh-&utm_source=tactile&gei=AqrjadfJMO6VseMP8bPE8Qs&ei=AqrjadfJMO6VseMP8bPE8Qs&fo_s=OA&opi=79508299&orderType=1&ebb=1&cs=0&foub=mcpp","Pesan online",""
"https://www.google.com/maps/place/Rumah+Ice+Cream+Indonesia/data=!4m7!3m6!1s0x2e69f1eaaa11b8ff:0x34a3d70a2c60bae3!8m2!3d-6.2319037!4d106.7450665!16s%2Fg%2F11gxmfhk7y!19sChIJ_7gRqurxaS4R47pgLArXozQ?authuser=0&hl=id&rclk=1","Rumah Ice Cream Indonesia","4,7","(260)","Es Krim","·","Jl. H. Muchtar Raya No.100, RT.10/RW.11","Tutup","· Buka Min pukul 09.00","https://lh3.googleusercontent.com/gps-cs-s/APNQkAFFc8MypkhQ4vqQFga7qL0Lu9vm_HiidbH6XRzDZyhaFNIKH6B4Szl6ZmFwKWMM6exdPMPbmC4wuI14cif5j519qBYChUiZBmttZAAYUYPUlXhPKeEv_i8_qHmnf09EXhrVOYW5=w122-h92-k-no","https://ssl.gstatic.com/local/servicebusiness/default_user.png","""","es krim","nya enak,harga nyajuga murah banget""","https://www.google.com/viewer/chooseprovider?mid=/g/11gxmfhk7y&g2lbs=AIBNGdWa36IyQkparlVBFUa8-Aj8uFDJ29b7rENSH6fO-FbJ8WoojkccM9D8i-rIohD2Bnu8h7Ja5Qy_ZY0qnFtJSrF54QndvA%3D%3D&hl=id-ID&gl=id&fo_m=MfohQo559jFvMUOzJVpjPL1YMfZ3bInYwBDuMfaXTPp5KXh-&utm_source=tactile&gei=AqrjadfJMO6VseMP8bPE8Qs&ei=AqrjadfJMO6VseMP8bPE8Qs&fo_s=OA&opi=79508299&orderType=1&ebb=1&cs=0&foub=mcpp","Pesan online",""
"https://www.google.com/maps/place/Ranah+juice,+sop+dan+salad+buah/data=!4m7!3m6!1s0x2e69f7b4d5c4e4f9:0x6691f159062d496a!8m2!3d-6.1833714!4d106.7670306!16s%2Fg%2F11vjnt4shn!19sChIJ-eTE1bT3aS4RakktBlnxkWY?authuser=0&hl=id&rclk=1","Ranah juice, sop dan salad buah","5,0","(1)","Es Krim","·","Jl. Kedoya Duri Raya No.5, RT.6/RW.1","Segera tutup","· 23.00 · Buka Min pukul 09.30","https://lh3.googleusercontent.com/gps-cs-s/APNQkAE82xc78JGpQT2tOxeF8dZXs_zNU4cwjQ_IL6tQ2DRHaNJeyKUmYs2fXCIGHJ_PgA72MLbqyHfuozHdAVgF9Io1wiz48DCnAmU4mouS2VgoNTgoms2komE0rncahM9TpdC5aMRMag=w163-h92-k-no","https://ssl.gstatic.com/local/servicebusiness/default_user.png","""Mantap selalu... Hampir setiap hari beli.. Selalu ok dah..""","","","","",""
"https://www.google.com/maps/place/Es+kelapa+muda+berkah+biruleuk/data=!4m7!3m6!1s0x2e69f7be3de322db:0x8397255c5be088be!8m2!3d-6.1818605!4d106.7712895!16s%2Fg%2F11yv2hx91n!19sChIJ2yLjPb73aS4RvojgW1wll4M?authuser=0&hl=id&rclk=1","Es kelapa muda berkah biruleuk","5,0","(3)","Es Krim","·","Jl. Duri Nirmala Raya No.19, RT.3/RW.11","","","https://lh3.googleusercontent.com/gps-cs-s/APNQkAEGxExoWo_ZVmki7oR9Jsq1BvWmcJNiwklMJjSD7mQjI2qSyhXYwqTMs9c3N63GrqlTGenKDMKPn4bUz_sGt6POkr0Od0MtpjOEOQtewprJj1mDxO6CsnkrQfSvKEebx1vy57ycXZEGtVTL=w80-h106-k-no","","","","","https://www.google.com/viewer/chooseprovider?mid=/g/11yv2hx91n&g2lbs=AIBNGdXVOHDrgnTmj44MSux5rQoyJ1W-OFsEL2WeVgo5EVF3nszboG2KPeMw_wReCQrjdw1EB1lLf8CpVfZA9KEuYE5hYQVJNg%3D%3D&hl=id-ID&gl=id&fo_m=MfohQo559jFvMUOzJVpjPL1YMfZ3bInYwBDuMfaXTPp5KXh-&utm_source=tactile&gei=AqrjadfJMO6VseMP8bPE8Qs&ei=AqrjadfJMO6VseMP8bPE8Qs&fo_s=OA&opi=79508299&orderType=1&ebb=1&cs=0&foub=mcpp","Pesan online",""
"https://www.google.com/maps/place/Bingxue+Citra+8/data=!4m7!3m6!1s0x2e69f70240d5617d:0x3bcb5527baab36c2!8m2!3d-6.2082788!4d106.7642176!16s%2Fg%2F11ymr1ryvb!19sChIJfWHVQAL3aS4RwjaruidVyzs?authuser=0&hl=id&rclk=1","Bingxue Citra 8","","","Es Krim","·","Jalan sunset evenue Blk. A No.3 blok j01","","","https://streetviewpixels-pa.googleapis.com/v1/thumbnail?panoid=WQzDtmziMBVakx-ptYC5zQ&cb_client=search.gws-prod.gps&w=80&h=92&yaw=9.617021&pitch=0&thumbfov=100","","Bawa pulang","","","","",""
"https://www.google.com/maps/place/Athree+Ice+Cream/data=!4m7!3m6!1s0x2e69f653513484dd:0x147e1e30008e3e8d!8m2!3d-6.1727086!4d106.7711578!16s%2Fg%2F11g0l935mz!19sChIJ3YQ0UVP2aS4RjT6OADAefhQ?authuser=0&hl=id&rclk=1","Athree Ice Cream","5,0","(1)","Kedai Hidangan Penutup","·","Jl. Asia Baru No.6 6, RT.6/RW.4","Tutup","· Buka Min pukul 10.00","https://streetviewpixels-pa.googleapis.com/v1/thumbnail?panoid=tdwkq2Xev4mwTujsHko4pA&cb_client=search.gws-prod.gps&w=80&h=92&yaw=155.7494&pitch=0&thumbfov=100","","Bawa pulang","","","","",""
"https://www.google.com/maps/place/Es+Krim+Indonesia+-+Petojo/data=!4m7!3m6!1s0x2e69f724b9001f29:0x4591ba4a1bf11351!8m2!3d-6.1619675!4d106.8163157!16s%2Fg%2F11tn5615nw!19sChIJKR8AuST3aS4RURPxG0q6kUU?authuser=0&hl=id&rclk=1","Es Krim Indonesia - Petojo","4,6","(17)","Es Krim","·","Jl. Pembangunan III No.2c","Tutup","· Buka Min pukul 10.00","https://lh3.googleusercontent.com/gps-cs-s/APNQkAE8aAMymKaN8G_FE6ET5AE5HvVHfo8Ruae7S36EAXLl79R_y3WrxwDLbG0ZnaT775hEbNWfuqRebzJfL6S9Cw0mkbINLolV44FD_YGPw7UxS2c9rH2SO2tl8tt8Ht6qn8xQ33t2=w80-h92-k-no","https://ssl.gstatic.com/local/servicebusiness/default_user.png","""Enak rasanya pas tidak terlalu manis","es krim","nya, mantap👌""","https://www.google.com/viewer/chooseprovider?mid=/g/11tn5615nw&g2lbs=AIBNGdX5Jmg34nOzzRYAvVq5bzivg4ZWRE6RRpMe7OWt3YwfZRVwkYttFvs-utyZhE3G0dDmAyIGRDTcL9OSCkGqfAX0dZySLQ%3D%3D&hl=id-ID&gl=id&fo_m=MfohQo559jFvMUOzJVpjPL1YMfZ3bInYwBDuMfaXTPp5KXh-&utm_source=tactile&gei=AqrjadfJMO6VseMP8bPE8Qs&ei=AqrjadfJMO6VseMP8bPE8Qs&fo_s=OA&opi=79508299&orderType=1&ebb=1&cs=0&foub=mcpp","Pesan online",""
"https://www.google.com/maps/place/Outlet+Resmi+Pabrik+Es+Krim/data=!4m7!3m6!1s0x2e69f70ed235ef9d:0xb3dd2df6e3dfa02c!8m2!3d-6.184034!4d106.7553198!16s%2Fg%2F11h5rphgwn!19sChIJne810g73aS4RLKDf4_Yt3bM?authuser=0&hl=id&rclk=1","Outlet Resmi Pabrik Es Krim","5,0","(1)","Es Krim","","","Tutup","· Buka Min pukul 10.00","https://streetviewpixels-pa.googleapis.com/v1/thumbnail?panoid=6iX9nkEAZGa78eVvjLICqw&cb_client=search.gws-prod.gps&w=80&h=92&yaw=167.26898&pitch=0&thumbfov=100","","Bawa pulang","","","","",""
"https://www.google.com/maps/place/Gelato+Frut-o/data=!4m7!3m6!1s0x2e69f77f83a07f2f:0xee981210a09f6d28!8m2!3d-6.1753581!4d106.7894734!16s%2Fg%2F11svdy5z_5!19sChIJL3-gg3_3aS4RKG2foBASmO4?authuser=0&hl=id&rclk=1","Gelato Frut-o","5,0","(4)","Es Krim","·","RQFQ+VQ5, Central Park, RT.9/RW.13","","","https://lh3.googleusercontent.com/gps-cs-s/APNQkAF7Uil1vn89CO-3aeDlucwv66LfGB1yqhtB7Cn0p8w4ADyu4NvRwf3iVlm9MhKO1zN_gljNDeXVI-0Q9gjXseWK5ApCVLBq-u6PRp_vZ5kN5MNrRXUdtXgtLnoduj6u03YS9AmT=w122-h92-k-no","https://ssl.gstatic.com/local/servicebusiness/default_user.png","""Gelatonya relatif murah, karena satu scoop dengan harga 15rb.""","","","","",""
"https://www.google.com/maps/place/MeQueen+Soft+Ice+Cream/data=!4m7!3m6!1s0x2e69f7b7459d14a9:0xfef00a9d7b2a80d7!8m2!3d-6.2137251!4d106.7749896!16s%2Fg%2F11gmcj5jnv!19sChIJqRSdRbf3aS4R14Aqe50K8P4?authuser=0&hl=id&rclk=1","MeQueen Soft Ice Cream","","","Es Krim","·","Jl. madrasah 1, gang YY, No. 11, RT03/ RW. 9, RT.1/RW.4","Buka","· Tutup Min pukul 08.30","https://streetviewpixels-pa.googleapis.com/v1/thumbnail?panoid=m_BVTQedrBcJ2mIcQEM5PA&cb_client=search.gws-prod.gps&w=80&h=92&yaw=332.4022&pitch=0&thumbfov=100","","Bawa pulang","","","","",""
"https://www.google.com/maps/place/Eskrim+indonesia+-+kapuk+cengkareng+pedongkelan/data=!4m7!3m6!1s0x2e69f70057715ea3:0xddde9e449ad8c192!8m2!3d-6.1480749!4d106.7495194!16s%2Fg%2F11yfyxvmql!19sChIJo15xVwD3aS4RksHYmkSe3t0?authuser=0&hl=id&rclk=1","Eskrim indonesia - kapuk cengkareng pedongkelan","4,9","(43)","Es Krim","·","Jl. Anggrek Raya, RT.3/RW.14","Tutup","· Buka Min pukul 08.00","https://lh3.googleusercontent.com/gps-cs-s/APNQkAF_kpJ8BjHBPKMych_NC5pd9CKvwIS_TQizk_iMybelZ5aS3DiIf3OTJDl_yzYRph-3ToIztWPpZ418eW9u9_NsJZB4o_3-CtFw3A-Qiou0oR-QA7e_qyFfyQv59XKEU025brD2O8iPuN8=w80-h106-k-no","https://ssl.gstatic.com/local/servicebusiness/default_user.png","""","Es","krimnya gede harganya murah rasanya juga enak tiap hari beda rasa""","https://www.google.com/viewer/chooseprovider?mid=/g/11yfyxvmql&g2lbs=AIBNGdU0MnIw8AKpBbMTuiWVZqkd8UnF7WPeh9KFppLubognNuh43cDOzegH-dRZlHGpi1kipTHUM89riWB1dY9jDpTYc1opfA%3D%3D&hl=id-ID&gl=id&fo_m=MfohQo559jFvMUOzJVpjPL1YMfZ3bInYwBDuMfaXTPp5KXh-&utm_source=tactile&gei=AqrjadfJMO6VseMP8bPE8Qs&ei=AqrjadfJMO6VseMP8bPE8Qs&fo_s=OA&opi=79508299&orderType=1&ebb=1&cs=0&foub=mcpp","Pesan online",""
"https://www.google.com/maps/place/Es+Doger+jakarta/data=!4m7!3m6!1s0x2e69f76638bd1a23:0x9c0b8d26b3b782a9!8m2!3d-6.2000764!4d106.7606626!16s%2Fg%2F11w_w0x_gx!19sChIJIxq9OGb3aS4RqYK3syaNC5w?authuser=0&hl=id&rclk=1","Es Doger jakarta","","","Es Krim","·","QQX6+X77 depan alfamart srengseng, Jl. Lapangan Bola Jl. Cemara","","","https://streetviewpixels-pa.googleapis.com/v1/thumbnail?panoid=6niKGYzTnULwvTt7zeK7DQ&cb_client=search.gws-prod.gps&w=80&h=92&yaw=28.270668&pitch=0&thumbfov=100","","","","","","",""
"https://www.google.com/maps/place/dBOSSCOOL+ES+JELLY/data=!4m7!3m6!1s0x2e69f77581a0d055:0x9e9c9807d336b85d!8m2!3d-6.2068443!4d106.7743211!16s%2Fg%2F11nn1w4b6n!19sChIJVdCggXX3aS4RXbg20weYnJ4?authuser=0&hl=id&rclk=1","dBOSSCOOL ES JELLY","5,0","(3)","Es Krim","·","Jl. Ishak No.37 rt05/08 5, RT.5/RW.8","Tutup","· Buka Sen pukul 11.00","https://lh3.googleusercontent.com/gps-cs-s/APNQkAEamTxAej9RlpwwRLC6jf38vR_hFCW7ooOjc2sMdcmRw5oDNiVsfqYsVqtzR-Au-ZO7Hk9yffQj8a_dJniXls58esu84_E3XhfLk196Tg_HyTgFjN8xIm9g90_cIYDwA2vjzao=w127-h92-k-no","","Belanja di toko","Ambil di toko","Pesan antar","","",""
"https://www.google.com/maps/place/ICE+CREAM+MIAMI+PALMERAH+MAS+ADAM/data=!4m7!3m6!1s0x2e69f7e12cc3add3:0xcbfd0ecf487372cd!8m2!3d-6.2149613!4d106.787041!16s%2Fg%2F11t2s977v4!19sChIJ063DLOH3aS4RzXJzSM8O_cs?authuser=0&hl=id&rclk=1","ICE CREAM MIAMI PALMERAH MAS ADAM","5,0","(10)","Es Krim","·","Jl. Komp. Tvri No.16 7, RT.3/RW.13","Tutup","· Buka Min pukul 07.30","https://lh3.googleusercontent.com/gps-cs-s/APNQkAH0HUFaUe6Je2IF-omvhDzvLQVB_q_dJidL49hjHutNoBaCq45HFqAlxGlnjT-0Zz2e2LX7vSbbAQFIXGATd9Oh3-LpbOld6t5HY359SBm55rxkZG4sXIg3q6zSR1pDQ4xG8LAh=w124-h92-k-no","https://ssl.gstatic.com/local/servicebusiness/default_user.png","""Bang saya yang di Al Barkah saya Nabil","es krim","nya enak""","","",""
"https://www.google.com/maps/place/One+Cup+Durian/data=!4m7!3m6!1s0x2e69f7b858d17cc7:0x128f70b79ceac9fa!8m2!3d-6.2017514!4d106.7880135!16s%2Fg%2F11t7xxfl5b!19sChIJx3zRWLj3aS4R-snqnLdwjxI?authuser=0&hl=id&rclk=1","One Cup Durian","5,0","(3)","Es Krim","·","Jl. Sandang No.1, RT.1/RW.11","","","https://lh3.googleusercontent.com/gps-cs-s/APNQkAFRIVsBByDQ_lK0GC9YYfn2I-VRQlHXkE7Ivk7ysST3xyUCZ6uV10693WJuGdVV7IOXUWfk7-tNfsgveZkCZu6ZuWCkw5Wq4YLX7qrtQghzRrxwl-6SliuUYuzZpfR-guD6PjO8nQ=w80-h114-k-no","https://ssl.gstatic.com/local/servicebusiness/default_user.png","""Beli disini","es","krimnya enak banget,ga nyesel makan","","",""
"https://www.google.com/maps/place/ESCREAMPODENG+BG+GON/data=!4m7!3m6!1s0x2e69f7004d78d381:0x31b7b3795f1797f5!8m2!3d-6.208656!4d106.7641996!16s%2Fg%2F11xzyr_xd_!19sChIJgdN4TQD3aS4R9ZcXX3mztzE?authuser=0&hl=id&rclk=1","ESCREAMPODENG BG GON","5,0","(1)","Es Krim","·","Jl. Hutan Kota No.1, RT.1/RW.6","Tutup","· Buka Min pukul 10.00","https://streetviewpixels-pa.googleapis.com/v1/thumbnail?panoid=BrP77nG7TszqH-lKyH1lzQ&cb_client=search.gws-prod.gps&w=80&h=92&yaw=111.60786&pitch=0&thumbfov=100","","","","","https://www.google.com/viewer/chooseprovider?mid=/g/11xzyr_xd_&g2lbs=AIBNGdVfBBaXbi-9aslhlF2xSdFsi6_-OnASu2fP4meP2_lQharZdunTodRiHl4zbgr_mlVUXXbF8apOtwullGDPrj-YjzYwnw%3D%3D&hl=id-ID&gl=id&fo_m=MfohQo559jFvMUOzJVpjPL1YMfZ3bInYwBDuMfaXTPp5KXh-&utm_source=tactile&gei=AqrjadfJMO6VseMP8bPE8Qs&ei=AqrjadfJMO6VseMP8bPE8Qs&fo_s=OA&opi=79508299&orderType=2&ebb=1&cs=0&foub=mcpp","Pesan online",""
"https://www.google.com/maps/place/Es+Teh+Manis+Alfa+Mart+Syahdan+2/data=!4m7!3m6!1s0x2e69f703ce4f379f:0x675640a4f8f3c369!8m2!3d-6.2007261!4d106.7876151!16s%2Fg%2F11rxtj87s0!19sChIJnzdPzgP3aS4RacPz-KRAVmc?authuser=0&hl=id&rclk=1","Es Teh Manis Alfa Mart Syahdan 2","5,0","(1)","Es Krim","·","Rawa Belong No.2 23 3, RT.3/RW.11","Segera tutup","· 23.08 · Buka Min pukul 16.08","https://lh3.googleusercontent.com/gps-cs-s/APNQkAHyhFWTk--u_JLrhP99it37-Q4iA5yt_REgp3UYhBp8O-k-20LJkukD75xMyD7vcTmG9HilAPMtzqVRwzyERscnheQ_fbLghFq2WHJIgh3xbAWAEPLfzQsPkiU9fGoq48znE45AmA=w80-h106-k-no","","Bawa pulang","","","","",""
"https://www.google.com/maps/place/Esta+Ice+Cream+%28Ice+Cream+Padang%29+Es+gang+hoktek/data=!4m7!3m6!1s0x2e69f768a5f9e44b:0xd84f3c2799a8d70d!8m2!3d-6.19636!4d106.736415!16s%2Fg%2F11bw4lttgt!19sChIJS-T5pWj3aS4RDdeomSc8T9g?authuser=0&hl=id&rclk=1","Esta Ice Cream (Ice Cream Padang) Es gang hoktek","4,6","(11)","Kedai Hidangan Penutup","·","Jalan Intan 5 Taman Ilir blok F10 no.18 Meruya, RT.8/RW.11","Tutup","· Buka Min pukul 07.00","https://lh3.googleusercontent.com/gps-cs-s/APNQkAHcJHShMZx2_hEDPu2N0xWR7cB-VyrSJx0beCYr9SYEC0XMfFzTBnMsXb0hWOXdACtasoiBFJpKoz8uz_Z1dopn60isg4ByAUw4g9RnuIYjOrY7ljlTdZJObi-qdyhrNSJaNGSB=w92-h92-k-no","","Ambil di toko","Pesan antar","","","",""
"https://www.google.com/maps/place/HOLLY+TEA+KEBON+JERUK/data=!4m7!3m6!1s0x2e69f7000994db4f:0x2ecadb49b91b5f57!8m2!3d-6.1985624!4d106.7671896!16s%2Fg%2F11vpq4vwph!19sChIJT9uUCQD3aS4RV18buUnbyi4?authuser=0&hl=id&rclk=1","HOLLY TEA KEBON JERUK","","","Es Krim","·","Jl. Raya Kb. Jeruk No.28, RT.10/RW.10","","","https://streetviewpixels-pa.googleapis.com/v1/thumbnail?panoid=jdC5N6aoi6H1UYbkdksmVw&cb_client=search.gws-prod.gps&w=80&h=92&yaw=183.54608&pitch=0&thumbfov=100","","Bawa pulang","","","","",""
"https://www.google.com/maps/place/Es+Coklat+Creamy/data=!4m7!3m6!1s0x2e69f7660a7b99bf:0x345e675476e9293f!8m2!3d-6.1981971!4d106.7916192!16s%2Fg%2F11lm_675hj!19sChIJv5l7Cmb3aS4RPynpdlRnXjQ?authuser=0&hl=id&rclk=1","Es Coklat Creamy","5,0","(2)","Kafe Coklat","·","Jl. H. Junaidi No.44, RT.1/RW.17","Tutup","· Buka Min pukul 09.00","https://lh3.googleusercontent.com/gps-cs-s/APNQkAEDxCKQX2kR_RLIFzRO1ugzE0TAvMeJcWSDEayCKgpGmG00wMYnds8culiec-eKKToeQcY4tLQ4H1XgYC3n0jQyqGyHJr8T4OOHDHN4iA_naJMq1sPNKgHaX10JtrmU-rz58gaHRg=w80-h127-k-no","https://ssl.gstatic.com/local/servicebusiness/default_user.png","""Esnya enak bangeettt, manisnya pas, segeerrrrrr recomeeddd pokonyaaa""","","","","",""
"https://www.google.com/maps/place/IMO+AVOCADO+%28Distributor+alpukat+mentega+%26+alpukat+kocok/data=!4m7!3m6!1s0x2e69f7b7b027d5d7:0x25a2f30ec28a0acb!8m2!3d-6.1921356!4d106.7866589!16s%2Fg%2F11td9jlgqc!19sChIJ19UnsLf3aS4RywqKwg7zoiU?authuser=0&hl=id&rclk=1","IMO AVOCADO (Distributor alpukat mentega & alpukat kocok","3,4","(5)","Es Krim","·","Jl. Kemanggisan Ilir I No.6, RT.8/RW.7","Buka 24 jam","","https://lh3.googleusercontent.com/gps-cs-s/APNQkAFdP-yYMX28WeIvr8jpA1WUE9vgbklIoWahvrcoWQScNubmR4y3JmFN59wqMdO2UykrIyhQ9hLMhGoWs8erBIhc4PiUNvz4bvcRcoBSanaUZbRp7xIwi00QwHVUS4vPa9ZNwzNK=w80-h142-k-no","https://ssl.gstatic.com/local/servicebusiness/default_user.png","""Mnis ok Oreo keju nya enak bgt""","","","","",""
"https://www.google.com/maps/place/Andri+Princess+Soft+Ice+Cream/data=!4m7!3m6!1s0x2e69f78e021c568d:0xd95d3797ca938823!8m2!3d-6.1643191!4d106.7352247!16s%2Fg%2F11hbv47b99!19sChIJjVYcAo73aS4RI4iTypc3Xdk?authuser=0&hl=id&rclk=1","Andri Princess Soft Ice Cream","4,7","(12)","Es Krim","·","Jl. Bojong Raya No.48, RT.2","Tutup","· Buka Min pukul 10.00","https://lh3.googleusercontent.com/gps-cs-s/APNQkAF0b8KXhh6skpv_oQctPmoe0Eo4WPOiy7UhKuKRER_cj4JptS5m8KxWRixNG8W4AUhCl-bC-eITGhxY8JstdN43O87d08ueAMTe5hmoMs5lOe48MQhQLaJoGSgsmJh0s_Afvfyf=w163-h92-k-no","","Makan di tempat","Bawa pulang","","","",""
"https://www.google.com/maps/place/haus!+Binus+1/data=!4m7!3m6!1s0x2e69f7974884d28b:0x622f27adeeca1964!8m2!3d-6.2007562!4d106.7850987!16s%2Fg%2F11nmjmjd63!19sChIJi9KESJf3aS4RZBnK7q0nL2I?authuser=0&hl=id&rclk=1","haus! Binus 1","4,2","(65)","Es Krim","·","Samping silicon computer, Jl. Kyai H. Syahdan No.4A 2, RT.2/RW.12","Tutup","· Buka Min pukul 10.00","https://lh3.googleusercontent.com/gps-cs-s/APNQkAEAsrn_TYB4FceKnnBYmijNJPNLi32_xfTWoLMjRnNVjnwjCbycLC5ZP7A460wd7-KZLkhsQ_GJEfLLvpoPTHa8NLA4GDSIKnlYXi9-e0d2RWe5OIRwG1OR5cJMP8GoUrKqMSBr2MDQjGfY=w204-h92-k-no","https://ssl.gstatic.com/local/servicebusiness/default_user.png","""dan saya minta less","ice","tpi di bkin normal","https://www.google.com/viewer/chooseprovider?mid=/g/11nmjmjd63&g2lbs=AIBNGdW4fYl9L4rvnV1wNtQyNhaeBQOMZ3mk6WGCeQkw7ww9FoIrLSU5Kc05DbQ9LsTpQFaIzUo4s-jDEP6bxficKsSWXLvA_g%3D%3D&hl=id-ID&gl=id&fo_m=MfohQo559jFvMUOzJVpjPL1YMfZ3bInYwBDuMfaXTPp5KXh-&utm_source=tactile&gei=BarjadeiDefLseMP7vuH8QQ&ei=BarjadeiDefLseMP7vuH8QQ&fo_s=OA&opi=79508299&orderType=1&ebb=1&cs=0&foub=mcpp","Pesan online",""
"https://www.google.com/maps/place/EM+Gelato/data=!4m7!3m6!1s0x2e69f18118bda96d:0x91cb311ac7aa6b9d!8m2!3d-6.2439119!4d106.7985967!16s%2Fg%2F11ssxd2h37!19sChIJbam9GIHxaS4RnWuqxxoxy5E?authuser=0&hl=id&rclk=1","EM Gelato","4,6","(483)","Es Krim","·","·","Buka","· Tutup pukul 00.00","https://lh3.googleusercontent.com/gps-cs-s/APNQkAHqX5bFH9U8Gt6u0Xr4i_XrPyTYnvjA5dognTqQXFEbv03kifitGietRWO5ow_vrYQVmKPoBAckbI4KwPhZnEl3PkVkdgIXO-2eyycfEZbhbeiym1LVrgkPRLojRNwJkQYmjDU1Pg=w80-h106-k-no","https://ssl.gstatic.com/local/servicebusiness/default_user.png","""Enak ga terlalu manis tp masih bingung ini gelato atau","es krim","""","https://www.google.com/viewer/chooseprovider?mid=/g/11ssxd2h37&g2lbs=AIBNGdVQOxJ9qhsL2oIYhdAbuumcy6_9t3d-LSnVIBYp56FV4sDcnPewz97uK02SnSVWhzwlObEGj2PVza84rn5TwQbaWrhmoA%3D%3D&hl=id-ID&gl=id&fo_m=MfohQo559jFvMUOzJVpjPL1YMfZ3bInYwBDuMfaXTPp5KXh-&utm_source=tactile&gei=BarjadeiDefLseMP7vuH8QQ&ei=BarjadeiDefLseMP7vuH8QQ&fo_s=OA&opi=79508299&orderType=1&ebb=1&cs=0&foub=mcpp","Pesan online",""
"https://www.google.com/maps/place/H%C3%A4agen-Dazs+Cafe+-+Central+Park+Mall/data=!4m7!3m6!1s0x2e69f6f5f3920225:0xc5ec30b5d0e2e5c9!8m2!3d-6.1777607!4d106.7907833!16s%2Fg%2F11g_zj0lm!19sChIJJQKS8_X2aS4RyeXi0LUw7MU?authuser=0&hl=id&rclk=1","Häagen-Dazs Cafe - Central Park Mall","4,4","(211)","Es Krim","·","Letjen S. Parman No.28","Tutup","· Buka Min pukul 10.00","https://lh3.googleusercontent.com/gps-cs-s/APNQkAFB_lkJ7d9AdMaMbBF_r4fiXt0vMj5EI6OYKGBcDfxixaldx_58JsFRrXRd6qS9iBT62ItboNbV969_ScgQ9r5S2VrA0B2xweg9GSSWYXnTPfchpHhFFvHHqC_OdIrTHHRgCoeE=w122-h92-k-no","https://ssl.gstatic.com/local/servicebusiness/default_user.png","""Varian","es","krimnya banyak sekali.""","https://www.google.com/viewer/chooseprovider?mid=/g/11g_zj0lm&g2lbs=AIBNGdW0quLfv3nCuerSVTOpIcXQRHOHVuJ051BD49XP4j_CdLkg1Zh2LeNLTjUWTTj6u3vDZIwgpdyYKCmi5uZUyqMk3Ejfow%3D%3D&hl=id-ID&gl=id&fo_m=MfohQo559jFvMUOzJVpjPL1YMfZ3bInYwBDuMfaXTPp5KXh-&utm_source=tactile&gei=BarjadeiDefLseMP7vuH8QQ&ei=BarjadeiDefLseMP7vuH8QQ&fo_s=OA&opi=79508299&orderType=1&ebb=1&cs=0&foub=mcpp","Pesan online",""
"https://www.google.com/maps/place/ES+CREAM+DIAMOND/data=!4m7!3m6!1s0x2e69f700712c8bf3:0x1df819406450628b!8m2!3d-6.2167929!4d106.7543222!16s%2Fg%2F11wntptk9p!19sChIJ84sscQD3aS4Ri2JQZEAZ-B0?authuser=0&hl=id&rclk=1","ES CREAM DIAMOND","5,0","(1)","Es Krim","·","Jl. Langgar No.19, RT.12/RW.3","Tutup","· Buka Min pukul 07.30","https://lh3.googleusercontent.com/gps-cs-s/APNQkAHKSYZ2m9t0N4But_cuJvlzaX6s1NRzSalZo1FBAbogNHrUxaeRmXt3fIZu06UyhbVXBR74ZNONluxD8RmqhIjLwZKhkqWr-UjbI-2YHKJ5mARf3uwd8c0WPSyU7qD72ZhA-PMZuw=w80-h106-k-no","","Bawa pulang","","","","",""
"https://www.google.com/maps/place/Depo+Ice+Cream+Diamond+H+Andu/data=!4m7!3m6!1s0x2e69f78729636795:0xbc1e4dc09c614287!8m2!3d-6.1765969!4d106.8072711!16s%2Fg%2F11ryhjvb3c!19sChIJlWdjKYf3aS4Rh0JhnMBNHrw?authuser=0&hl=id&rclk=1","Depo Ice Cream Diamond H Andu","5,0","(4)","Es Krim","·","Jl. Pelita 1, RT.001/RW.4","Tutup","· Buka Min pukul 08.00","https://lh3.googleusercontent.com/gps-cs-s/APNQkAExckQSHqhJ5Np4dD7rrd4CViKFLuKgCg4QDWDX1pC74tYqiYdJDK7UxEXFBge-crbdbVqxHu1rbh1lts233HS7krvSpejBVpeCMbPLlMsQHiKC4Lu-KJ-hZxlOsOqoKiqUrGq1=w122-h92-k-no","https://ssl.gstatic.com/local/servicebusiness/default_user.png","""Mantap","es","krinya""","https://www.google.com/viewer/chooseprovider?mid=/g/11ryhjvb3c&g2lbs=AIBNGdWnSSz_wdjSpHxRu6934AJkFn6avGEtLXdHF6jR2-I7Yu60KDWloML-8bWv9eW6h-1jOYx1qzf4G6RsjP2tN860MVdahQ%3D%3D&hl=id-ID&gl=id&fo_m=MfohQo559jFvMUOzJVpjPL1YMfZ3bInYwBDuMfaXTPp5KXh-&utm_source=tactile&gei=BarjadeiDefLseMP7vuH8QQ&ei=BarjadeiDefLseMP7vuH8QQ&fo_s=OA&opi=79508299&ebb=1&cs=0&foub=mcpp","Pesan online",""
"https://www.google.com/maps/place/Ice+Cream+Medan+Lily/data=!4m7!3m6!1s0x2e69f637ca70769d:0xfe486d3f01d0573d!8m2!3d-6.1560998!4d106.7796596!16s%2Fg%2F11by_c70qq!19sChIJnXZwyjf2aS4RPVfQAT9tSP4?authuser=0&hl=id&rclk=1","Ice Cream Medan Lily","4,5","(48)","Es Krim","·","·","Tutup","· Buka Min pukul 09.00","https://lh3.googleusercontent.com/gps-cs-s/APNQkAEvWFEll9cVp639gfQAsw1HK-aNU72tcjh1lsx5FBMUDy-1wxDjppg1uUss5qreZq2xJwD0LcqMPQ6es3Rk6nvMwS56PX-IHLsQV9ZEKMpuiUdJY2toP8SE0gFmqt5ZAFW6nB5V=w138-h92-k-no","https://ssl.gstatic.com/local/servicebusiness/default_user.png","""enak, mantap","es","krimnya, mudah2an segera bisa kirim buat yang jauh jauh..""","","",""
"https://www.google.com/maps/place/ES+Teh+SoLo+%28Mpok+Ida%29/data=!4m7!3m6!1s0x2e69f7693407573d:0xef780327c2638cd6!8m2!3d-6.2037933!4d106.7751897!16s%2Fg%2F11twc4lwjf!19sChIJPVcHNGn3aS4R1oxjwicDeO8?authuser=0&hl=id&rclk=1","ES Teh SoLo (Mpok Ida)","","","Es Krim","·","8, Jl. Harun Raya No.21, RT.9/RW.7","Buka","· Tutup pukul 00.00","https://lh3.googleusercontent.com/gps-cs-s/APNQkAFK7c9qqEDCJgeC28oy_05fIOrNovPJO92LfqBBzQl-XoqV8IU0ofG_jZ3AuLkU8TOnOpEuEunP1ODQpiwQGtL4KdacnKKOuHgOzFWPbtcfQJPCdYDbJIr1ZuZ5HeKusvNqPIlx5w=w85-h92-k-no","","Bawa pulang","","","","",""
"https://www.google.com/maps/place/camelo+es+cream/data=!4m7!3m6!1s0x2e69f73aa4cf5c1d:0x92d050505d5f24b6!8m2!3d-6.208623!4d106.7578632!16s%2Fg%2F11cjhyq_g8!19sChIJHVzPpDr3aS4RtiRfXVBQ0JI?authuser=0&hl=id&rclk=1","camelo es cream","5,0","(3)","Toko bahan makanan","·","No., Jl. Srengseng Raya No.88, RT.6/RW.6","Tutup","· Buka Min pukul 09.00","https://streetviewpixels-pa.googleapis.com/v1/thumbnail?panoid=FK9AdRAxusxXvaiDm18isQ&cb_client=search.gws-prod.gps&w=80&h=92&yaw=343.09222&pitch=0&thumbfov=100","https://ssl.gstatic.com/local/servicebusiness/default_user.png","""Saya butuh bahan kemasan camelo bisa pesan gk tp siap di anter gak ya""","","","","",""
"https://www.google.com/maps/place/Es+potong+espessia_bytha/data=!4m7!3m6!1s0x2e69f700485af46b:0x842dfce64865d89e!8m2!3d-6.2029648!4d106.7595494!16s%2Fg%2F11ydc0mf1c!19sChIJa_RaSAD3aS4RnthlSOb8LYQ?authuser=0&hl=id&rclk=1","Es potong espessia_bytha","","","Es Krim","·","Jl. Lapangan Bola No.12, RT.9/RW.1","Tutup","· Buka Sen pukul 10.00","https://lh3.googleusercontent.com/gps-cs-s/APNQkAENqJMtjnZCxAX73rW2UgoIV0YSwsY-i31uGvwku_xwMu93JkAoBRDvbhXMXKZxsf50WeGfppCnanzjJ6yKwP7QiM6TXqxZb47RPjA3V7otqf0WdNZXbPbjM7ZfN_DEA6hF0-aJkaM9q42J=w80-h110-k-no","","","","","","",""
"https://www.google.com/maps/place/Ice+Cream+Ministry/data=!4m7!3m6!1s0x2e69f73c35d04d25:0x2b86202f30949383!8m2!3d-6.1713017!4d106.8010962!16s%2Fg%2F11nyn5xfhy!19sChIJJU3QNTz3aS4Rg5OUMC8ghis?authuser=0&hl=id&rclk=1","Ice Cream Ministry","3,8","(15)","Es Krim","·","Jl. Rawa Kepa VI No.586A, RT.10/RW.15","Tutup","· Buka Min pukul 08.00","https://lh3.googleusercontent.com/gps-cs-s/APNQkAFjqZn2cLr_MoK9aE1MloqxOaHUDECmeb0g5ALCNGN7S2KhyF8fCE-u7REvrB9UxVehEfxt_Iu1jvvig63qsR0NoBQ9PqhkwQ3hbfZq36O6FqT1AjEu1h3m54IX_r_-N40ltovjf7taRLxU=w131-h92-k-no","","Bawa pulang","","","https://www.google.com/viewer/chooseprovider?mid=/g/11nyn5xfhy&g2lbs=AIBNGdXkUfW3WNShfu_5QNKdcx-c6VbD9cSGcGVZjVq_2V_4gzRDJq9L3QUo0LW_ut90Rz-f5O0ZBQQQ2n-oEBzdIr3OqT36Ng%3D%3D&hl=id-ID&gl=id&fo_m=MfohQo559jFvMUOzJVpjPL1YMfZ3bInYwBDuMfaXTPp5KXh-&utm_source=tactile&gei=BarjadeiDefLseMP7vuH8QQ&ei=BarjadeiDefLseMP7vuH8QQ&fo_s=OA&opi=79508299&orderType=1&ebb=1&cs=0&foub=mcpp","Pesan online",""
"https://www.google.com/maps/place/JUAL+BELI+ICE+CREAM+MIAMI+COD+DI+TEMPAT/data=!4m7!3m6!1s0x2e69f7801daa5073:0xeb795c1d08f06538!8m2!3d-6.214586!4d106.7866963!16s%2Fg%2F11v51rdwj5!19sChIJc1CqHYD3aS4ROGXwCB1cees?authuser=0&hl=id&rclk=1","JUAL BELI ICE CREAM MIAMI COD DI TEMPAT","5,0","(2)","Es Krim","·","Jl. Komp. Tvri No.15, RT.7/RW.13","Tutup","· Buka Min pukul 07.00","https://lh3.googleusercontent.com/gps-cs-s/APNQkAH_IJ1cLDgTIHvRMmo62W2wtI0O9qh3J5Gsm1LI6qFDejcG90NYgeTzmqr4FcXqAGylJ6iiBJxMXEM2io7PxQgXQ9yMpyksK6hS0j4KumghPDTm8W25kwXsXPluuuPGHZK8Qox55g=w153-h92-k-no","https://ssl.gstatic.com/local/servicebusiness/default_user.png","""","Es","krimnya enak seger banget bang enak banget pokoknya hehehe👍👍""","","",""
"https://www.google.com/maps/place/Demi+Gelato/data=!4m7!3m6!1s0x2e69f65266ad60dd:0x2bdd8b50b679b8d!8m2!3d-6.168839!4d106.77397!16s%2Fg%2F11j1hyd7cg!19sChIJ3WCtZlL2aS4RjZtnC7XYvQI?authuser=0&hl=id&rclk=1","Demi Gelato","5,0","(1)","Es Krim","·","Blok AV No. 19, Jl. Komp. Graha Indah Green Ville No.7, RT.7/RW.14","Tutup","· Buka Min pukul 10.00","https://streetviewpixels-pa.googleapis.com/v1/thumbnail?panoid=zQk87TX9FW3o_zoMcwMYIA&cb_client=search.gws-prod.gps&w=80&h=92&yaw=174.2329&pitch=0&thumbfov=100","","Makan di tempat","Bawa pulang","Pesan antar","","",""
"https://www.google.com/maps/place/Ai-Cha+Kota+Bambu/data=!4m7!3m6!1s0x2e69f73b0e790837:0xace5fc5999a38727!8m2!3d-6.1861161!4d106.8071518!16s%2Fg%2F11zjyjk6zm!19sChIJNwh5Djv3aS4RJ4ejmVn85aw?authuser=0&hl=id&rclk=1","Ai-Cha Kota Bambu","5,0","(9)","Es Krim","·","Jl. Kota Bambu Utara II No.42, RT.4/RW.3","Tutup","· Buka Min pukul 10.00","https://lh3.googleusercontent.com/gps-cs-s/APNQkAHdpCW-7L_KauH9jJAHbbS4whmWblxNvQMwNmRPkgNyV_DZcKPBSXcIjwrzwUNsn8dJigOgTCdHS4oy9OraGvKEhJN3_nbJGhaEwUN5yfdqDWZUYZw1H2xDEGcnvrvSjH_IGTLxcKdS-WrF=w80-h106-k-no","https://ssl.gstatic.com/local/servicebusiness/default_user.png","""eskrimnya enak, pelayannya ramah2..""","","","https://www.google.com/viewer/chooseprovider?mid=/g/11zjyjk6zm&g2lbs=AIBNGdUrcA-E6rPCe35TWj9OsqUElEqnm0HB07wLA7-FhMEbY-abiQozRC97k-SpIprkF0UGrfyieHH-tpynEEOn8kzMSDvEPw%3D%3D&hl=id-ID&gl=id&fo_m=MfohQo559jFvMUOzJVpjPL1YMfZ3bInYwBDuMfaXTPp5KXh-&utm_source=tactile&gei=BarjadeiDefLseMP7vuH8QQ&ei=BarjadeiDefLseMP7vuH8QQ&fo_s=OA&opi=79508299&orderType=1&ebb=1&cs=0&foub=mcpp","Pesan online",""
"https://www.google.com/maps/place/Icy+Drip+Gelato/data=!4m7!3m6!1s0x2e69f7815c5cdce9:0x569c5d436acff7d9!8m2!3d-6.157732!4d106.794989!16s%2Fg%2F11r9f6vjj2!19sChIJ6dxcXIH3aS4R2ffPakNdnFY?authuser=0&hl=id&rclk=1","Icy Drip Gelato","5,0","(11)","Es Krim","·","Jl. Dr. Semeru Gg. II No.23, RT.15/RW.7","Tutup","· Buka Sen pukul 08.00","https://lh3.googleusercontent.com/gps-cs-s/APNQkAFu0nPZqoKNxyU8ljPnsvAr2YvXX8tP5pC_SWvlTuDtE3bgQ4TP-ek1HyOf_QZDSe8ASnNjM5xpTpJuv04eDik3OxUOnTTauSvzoVWEe6dMc3VriqgZJ0eDCdGnUYahpQjzRrX8BA=w92-h92-k-no","","Bawa pulang","","","","",""
"https://www.google.com/maps/place/Ice+cream+diamond+jl+h+tohir/data=!4m7!3m6!1s0x2e69f195775c710d:0xb260903b1af39c4d!8m2!3d-6.2251727!4d106.7690399!16s%2Fg%2F11y1j8v44x!19sChIJDXFcd5XxaS4RTZzzGjuQYLI?authuser=0&hl=id&rclk=1","Ice cream diamond jl h tohir","5,0","(6)","Es Krim","·","Jl. H. Tohir No.24b, RT.10/RW.4","Tutup","· Buka Min pukul 07.00","https://lh3.googleusercontent.com/gps-cs-s/APNQkAFzo0l3qsaErsWpPOhu4Z6-hWG2yw0gDDJ6W0TewJIqhGachkzWdtJSl01v0DBk6XTIgFYG05bTADeh0xSalkkwseav03AM6EFVe_QFbs2F6uyAl6z0ve2LTL1EDPNV4RBH5PC2=w163-h92-k-no","https://ssl.gstatic.com/local/servicebusiness/default_user.png","""Pelayanan sangat memuaskan cepat, responsip""","","","","",""
"https://www.google.com/maps/place/Ice+Cream+ESuka/data=!4m7!3m6!1s0x2e69f73bc6afaf71:0xc4f6e1deb36a4d46!8m2!3d-6.1668184!4d106.7339031!16s%2Fg%2F11qn5gzkzj!19sChIJca-vxjv3aS4RRk1qs97h9sQ?authuser=0&hl=id&rclk=1","Ice Cream ESuka","5,0","(24)","Toko Makanan","·","samping air minum isi ulang fajar, Jl. Bojong Raya No.35 10, RT.10/RW.04","Tutup","· Buka Min pukul 10.00","https://lh3.googleusercontent.com/gps-cs-s/APNQkAFo9vOCHxJtOv8RlgiYraS-DT6XbEzciDrqybrsvllbpspvbid5KW9eVs25A-m4TO5UaB5x_x-QCxDVc8QaBLqBXf5AmSCeq6JL_FNTptf0M8eOEmnTEqoX_i6xEYIpS0U1Osip=w92-h92-k-no","https://ssl.gstatic.com/local/servicebusiness/default_user.png","""Enak rasa nya""","","","","",""
"https://www.google.com/maps/place/Luuca+Central+Park/data=!4m7!3m6!1s0x2e69f7006137d16d:0x671e8a351b71e108!8m2!3d-6.1765433!4d106.7915471!16s%2Fg%2F11y3ngk30s!19sChIJbdE3YQD3aS4RCOFxGzWKHmc?authuser=0&hl=id&rclk=1","Luuca Central Park","4,2","(59)","Es Krim","·","Letjen S. Parman No.28, RT.12/RW.6","Tutup","· Buka Min pukul 10.00","https://lh3.googleusercontent.com/gps-cs-s/APNQkAGnHna_q2Zbq5yu-lwhcULQqnjyJJPpWelyc-DjGctbf2kCDxoAYvy0kRnXyf-eePt71A13OcwzIXPf_nvzdHlRkZmwlWif8rGK_rSPJhLtpDUrsHoEpIDShiTNz7W6aUwsKWtnyg=w80-h106-k-no","https://ssl.gstatic.com/local/servicebusiness/default_user.png","""","Ice cream","dengan harga yang sangat terjangkau, start dari 9rban""","https://www.google.com/viewer/chooseprovider?mid=/g/11y3ngk30s&g2lbs=AIBNGdW22Y-Mr2XUYSWZFlI0EkblhYlWOkElUp9OjVPP5_fdtAyV8WagQP3Ju15nR3NdqmfI2Aw627dV6pOSqFSAKQyUVYzPzw%3D%3D&hl=id-ID&gl=id&fo_m=MfohQo559jFvMUOzJVpjPL1YMfZ3bInYwBDuMfaXTPp5KXh-&utm_source=tactile&gei=BarjadeiDefLseMP7vuH8QQ&ei=BarjadeiDefLseMP7vuH8QQ&fo_s=OA&opi=79508299&orderType=1&ebb=1&cs=0&foub=mcpp","Pesan online",""
"https://www.google.com/maps/place/Es+Krim+Durian+Lestari/data=!4m7!3m6!1s0x2e69f7e145c119ab:0x88e6d4fc06161d1e!8m2!3d-6.1935935!4d106.7933283!16s%2Fg%2F11tsxs4r6t!19sChIJqxnBReH3aS4RHh0WBvzU5og?authuser=0&hl=id&rclk=1","Es Krim Durian Lestari","5,0","(1)","Kafe","·","Jl. Anggrek Rosliana No.68","Tutup","· Buka Min pukul 11.00","https://lh3.googleusercontent.com/gps-cs-s/APNQkAHLVDexp8RYL3KPm5mUYcOLwQ5J_gczi03lqW7Ys1DW3MT1ysWvXOd-KZlrpDWQugzy18W7682UimVZmeFxYHO-9dI7bdkqy66PtIT-z0tus4Xd9fdZ3zMPELz1g5l4Udbzpr1b=w80-h160-k-no","","Makan di tempat","Drive-through","","","",""
"https://www.google.com/maps/place/Home+Ice+Cream/data=!4m7!3m6!1s0x2e69f7be86531ec1:0xf1ffacabd3497aa5!8m2!3d-6.1630195!4d106.7502205!16s%2Fg%2F11g_z2crg6!19sChIJwR5Thr73aS4RpXpJ06us__E?authuser=0&hl=id&rclk=1","Home Ice Cream","5,0","(2)","Kedai Hidangan Penutup","·","Jl. Al Hidayah No.7, RT.7/RW.6","Tutup","· Buka Min pukul 10.00","https://lh3.googleusercontent.com/gps-cs-s/APNQkAFI42oitToDPi0_INiSatbTwnRXXGYFH277So3_kgsKYFm4Y0R_u92Py9zUi-kSLal2xhA8kya6y03sQYzU_8j8dP1XZ-Qx042_JLuyMGvkAuoAuLVMAiqixVob3YDmSlt7NVH-=w80-h106-k-no","","Pesan antar","","","","",""
"https://www.google.com/maps/place/Ragusa+Es+Italia/data=!4m7!3m6!1s0x2e69f58dc6f35337:0xc53f09de122388e7!8m2!3d-6.1697808!4d106.8298707!16s%2Fg%2F1tnmc1np!19sChIJN1Pzxo31aS4R54gjEt4JP8U?authuser=0&hl=id&rclk=1","Ragusa Es Italia","4,4","(20.901)","Es Krim","·","·","Tutup","· Buka Min pukul 10.00","https://lh3.googleusercontent.com/gps-cs-s/APNQkAFXZH8QAA9y4JKTYdD1X1IxCedXuKxGV7NyR7rWECmu4UKzPAaQ11G7iPUGT8K1JVsWGcxqLJsPBingcgSVH-AKXXK39Jj-6qCEiv703La84W6Hy6LgNZ0ONB7_NL_9QOTaPyE2og=w163-h92-k-no","https://ssl.gstatic.com/local/servicebusiness/default_user.png","""","es krim","nya enak apalagi","","",""
"https://www.google.com/maps/place/Es+kul-kul+kak+kiki/data=!4m7!3m6!1s0x2e69f79a9511c959:0xdca07e1949f00140!8m2!3d-6.1793769!4d106.7653156!16s%2Fg%2F11svzgy2cd!19sChIJWckRlZr3aS4RQAHwSRl-oNw?authuser=0&hl=id&rclk=1","Es kul-kul kak kiki","5,0","(3)","Es Krim","·","Jl.kedoya selatan palapa 7 no.77 rt 16/01","Tutup","· Buka Min pukul 13.30","https://streetviewpixels-pa.googleapis.com/v1/thumbnail?panoid=tF6uDTAi-NYg86X_O5U0hQ&cb_client=search.gws-prod.gps&w=80&h=92&yaw=9.623206&pitch=0&thumbfov=100","","Bawa pulang","","","","",""
"https://www.google.com/maps/place/Es+cendol+durian+%22Berkah%22/data=!4m7!3m6!1s0x2e69f7002dcb63a5:0x5f029c5642f24506!8m2!3d-6.182955!4d106.779747!16s%2Fg%2F11vx3jxbxz!19sChIJpWPLLQD3aS4RBkXyQlacAl8?authuser=0&hl=id&rclk=1","Es cendol durian ""Berkah""","5,0","(2)","Es Krim","·","Jl. Patra No.2, RW.2","Tutup","· Buka Min pukul 09.00","https://lh3.googleusercontent.com/gps-cs-s/APNQkAHaSFyg6GjOLCVtwWp2rtatuUcGRAQMDopA5FSDg1LcjFdu1g7th_A5rbe8r73DpCotlYeeI8FvEBDpFB9VTtnOd84dMLjhc_c1RU-t-GLQShSXPWRSQHtEEGFdXpPgwewW2JvRRFoSn2VE=w92-h92-k-no","","Bawa pulang","","","","",""
"https://www.google.com/maps/place/Es+Podeng+Mas+Bro/data=!4m7!3m6!1s0x2e69f6c54e4ce6fd:0x9def6dbe336b3bf8!8m2!3d-6.2076999!4d106.7833508!16s%2Fg%2F11c37_5t0d!19sChIJ_eZMTsX2aS4R-DtrM75t750?authuser=0&hl=id&rclk=1","Es Podeng Mas Bro","4,6","(25)","Es Krim","·","Jl. Bang Pitung No.19, RT.4/RW.3","Tutup","· Buka Min pukul 12.30","https://lh3.googleusercontent.com/gps-cs-s/APNQkAHFUTCG0z5MWdhWVrbNahS3wdlXCb2m6X0UUJTbFhdqpehQsMDBXHT65G7ER-xEYxN8NuoeOUm4SOYKCM7ib2cR2q8cnuYqr3mOgMrFOcxtFnf72Bh988H5wxTd0wU_pg6gtL16SQ=w80-h120-k-no","https://ssl.gstatic.com/local/servicebusiness/default_user.png","""harga 10k, ga tau kenapa ada rasa asin""","","","","",""
"https://www.google.com/maps/place/Tantular+Cafe/data=!4m7!3m6!1s0x2e69f703690f25bb:0x627d67569f61780a!8m2!3d-6.187475!4d106.755707!16s%2Fg%2F11bwn5mm4b!19sChIJuyUPaQP3aS4RCnhhn1ZnfWI?authuser=0&hl=id&rclk=1","Tantular Cafe","4,4","(584)","Kafe","·","·","Segera tutup","· 23.00 · Buka Min pukul 08.00","https://lh3.googleusercontent.com/gps-cs-s/APNQkAEUwjqyfzJt6g6pxapcedmyYw7ZKhoxx_2S5dah1mYQB4Ck0jLVm5wCcWwNwM3JkOLM7U5JErKcU1iPvdpNx4Knqw4wmSbV-0cNqiri6hXEStUFutVvFJq7AMPr5Lqs3x52iMk=w122-h92-k-no","https://ssl.gstatic.com/local/servicebusiness/default_user.png","""","Es","krimnya enakkk tempatnya juga nyamaan recommended parah sih""","","",""
"https://www.google.com/maps/place/Ice+Cream+Durian/data=!4m7!3m6!1s0x2e69f691128f2193:0x236dead7e731d33f!8m2!3d-6.1909463!4d106.8015913!16s%2Fg%2F11gg99r1t9!19sChIJkyGPEpH2aS4RP9Mx59fqbSM?authuser=0&hl=id&rclk=1","Ice Cream Durian","4,6","(9)","Es Krim","·","no Jl. Aip II Karel Sat-Suit Tubun IIB No.7A RT.9/RW.2, 11410, RT.7/RW.2","Tutup","· Buka Min pukul 09.00","https://lh3.googleusercontent.com/gps-cs-s/APNQkAEg_PYQJ3Q9HqwHSYXTVRgpAskStYnJPNYwGyB9tixvg8LlFMUbBtroxuY1tAMqO9RchWsa4Lo7TJ8Yd3lLcOSNSSb6SR_x7Y15Vq6kKqBJSCHF9ZgyIFcf0fn7T3KW5wyIdd3n=w163-h92-k-no","https://ssl.gstatic.com/local/servicebusiness/default_user.png","""ENAK BANGET!""","","","","",""
"https://www.google.com/maps/place/Es+teler/data=!4m7!3m6!1s0x2e69f7f6b54f24fb:0x3ff258db3d7fbdbc!8m2!3d-6.1909531!4d106.786676!16s%2Fg%2F11wc3dp9ch!19sChIJ-yRPtfb3aS4RvL1_PdtY8j8?authuser=0&hl=id&rclk=1","Es teler","","","Es Krim","·","Jl. Budi Raya","","","https://streetviewpixels-pa.googleapis.com/v1/thumbnail?panoid=sCxZ8EPdATSAhCkmZcce_g&cb_client=search.gws-prod.gps&w=80&h=92&yaw=295.827&pitch=0&thumbfov=100","","Bawa pulang","","","","",""
"https://www.google.com/maps/place/MOMOYO+LAND+%C2%B7+Ciledug/data=!4m7!3m6!1s0x2e69f1c45dc10ae7:0x50b27f6282f7655b!8m2!3d-6.2363043!4d106.7481741!16s%2Fg%2F11ts3bv9v3!19sChIJ5wrBXcTxaS4RW2X3gmJ_slA?authuser=0&hl=id&rclk=1","MOMOYO LAND · Ciledug","4,7","(1.865)","Es Krim","·","Jl. Ciledug Raya No.10B","Tutup","· Buka Min pukul 10.00","https://lh3.googleusercontent.com/gps-cs-s/APNQkAGXIgtXg2iSTYG_qICAxwAVyPlOOLmfMQ612581E4wncbQg-4TKi95iFtIU1Q743HutNgfeX6YXPZtlf0Iyvtsov1OJ3ryCbtiuJVWvPF1ICESR1O_ag2UQOGkdWm8YxIhXMXGIrg=w80-h106-k-no","https://ssl.gstatic.com/local/servicebusiness/default_user.png","""Enak banget","es krim","nya apalagi yg jumbo super banyak topping nya❤🥰🥰""","https://www.google.com/viewer/chooseprovider?mid=/g/11ts3bv9v3&g2lbs=AIBNGdV0pyGSBkGtYAT1zJyCxXcB2K_W89gMzqSrkM-rA48PJewmo5y2MJ5BhoeBGe0xAUOOUmr6I4DEZPN6oZm6TYaWMpgMvg%3D%3D&hl=id-ID&gl=id&fo_m=MfohQo559jFvMUOzJVpjPL1YMfZ3bInYwBDuMfaXTPp5KXh-&utm_source=tactile&gei=CarjaYXWAbuhseMP4fXWwQE&ei=CarjaYXWAbuhseMP4fXWwQE&fo_s=OA&opi=79508299&orderType=1&ebb=1&cs=0&foub=mcpp","Pesan online",""
"https://www.google.com/maps/place/Es+buah+segar+speed+drink/data=!4m7!3m6!1s0x2e69f70018585ac3:0x7569e4061c6d2a58!8m2!3d-6.2000428!4d106.7612107!16s%2Fg%2F11w3g0z9jh!19sChIJw1pYGAD3aS4RWCptHAbkaXU?authuser=0&hl=id&rclk=1","Es buah segar speed drink","","","Es Krim","·","QQX6+XFP, Jl. Cemara, RT.2/RW.2","","","https://streetviewpixels-pa.googleapis.com/v1/thumbnail?panoid=R3md4RSfxcD54uKYAss80Q&cb_client=search.gws-prod.gps&w=80&h=92&yaw=106.93807&pitch=0&thumbfov=100","","Bawa pulang","","","","",""
"https://www.google.com/maps/place/Es+kristal+dan+es+balok+angsana+raya/data=!4m7!3m6!1s0x2e69f75d10a783e5:0x317ff76073f343bc!8m2!3d-6.1839097!4d106.7775973!16s%2Fg%2F11lzclr5_g!19sChIJ5YOnEF33aS4RvEPzc2D3fzE?authuser=0&hl=id&rclk=1","Es kristal dan es balok angsana raya","","","Es Krim","·","Jkt, Jl. Kebon Raya","","","https://lh3.googleusercontent.com/gps-cs-s/APNQkAH8F9v0TyPOIU9-7kx_SuNFiD0-bvVo8m37GdStLNwC0DmpSaFa3Irq4zbjRKv366I8uNQ7I_b-nrQBNLJW-w3S--gly0xO_0EmiGcEbQVuFQHHzbruWRrLbxhPmAcT3eOge3dO=w80-h106-k-no","","Bawa pulang","","","","",""
"https://www.google.com/maps/place/ICE+OREO+PADA+SUKA/data=!4m7!3m6!1s0x2e69f6bf6fee951b:0x561b267355942e02!8m2!3d-6.2010495!4d106.7950407!16s%2Fg%2F11f3n9sx1p!19sChIJG5Xub7_2aS4RAi6UVXMmG1Y?authuser=0&hl=id&rclk=1","ICE OREO PADA SUKA","5,0","(1)","Toko bahan makanan","·","RT.6/RW.5 No. 26, RT.6/RW.5","Tutup","· Buka Min pukul 08.00","https://lh3.googleusercontent.com/gps-cs-s/APNQkAGkvC2LTmK4_yRIjVNLNS4JfsHhPiNDk7QYRHkB2yXl3abJyfiJHncdozZP8P_5YPe9dFMANwvUup4l_rTOK-qGzh3MwPzIslFTiWrn6Y9X30TtcS2XcWeA19nENemYkHzvNrDGDw=w163-h92-k-no","","","","","","",""
"https://www.google.com/maps/place/Me+Queen/data=!4m7!3m6!1s0x2e69f6cf8eafdf9f:0x2a6e06978f124097!8m2!3d-6.2086985!4d106.7842723!16s%2Fg%2F11bw476jhf!19sChIJn9-vjs_2aS4Rl0ASj5cGbio?authuser=0&hl=id&rclk=1","Me Queen","","","Es Krim","·","No., Jl. Kemandoran I No.38, RT.4/RW.3","Tutup","· Buka Min pukul 09.00","https://lh3.googleusercontent.com/gps-cs-s/APNQkAE8ym0bmtVUguQyv6GDd02KSb1Zv0mASQEgz7fJQCLriv_qLEZ6kFFX_XfLW9S6PG1BdeTGdjciepWfKb1cRykHzd46QrdYdjl8du9dZRpH7Hd7X2CxDlJJu3iCbzQQWaPI8IHy=w153-h92-k-no","","Pesan antar","","","","",""
"https://www.google.com/maps/place/Luuca+Mal+Taman+Anggrek/data=!4m7!3m6!1s0x2e69f7002d161829:0x73af623ba6ea13f5!8m2!3d-6.1773596!4d106.7927879!16s%2Fg%2F11vrk3rnyt!19sChIJKRgWLQD3aS4R9RPqpjtir3M?authuser=0&hl=id&rclk=1","Luuca Mal Taman Anggrek","4,3","(51)","Es Krim","·","Jl. Letjen S. Parman No.Kav 21, RT.12/RW.1","Tutup","· Buka Min pukul 10.00","https://lh3.googleusercontent.com/gps-cs-s/APNQkAEyXSDTnVEfL0Y-MWvyMwGnVn0n39PdD823B0J7diKkrCj3CEPma_NqvxrxhLeN2ZzeLdqf_zYS8-kRJmUQ76rhuEDvXzI0wm63OlKnhMuJG18jbsKUgK6D9yRJVXLzqnKVQOPx=w80-h142-k-no","https://ssl.gstatic.com/local/servicebusiness/default_user.png","""","Es krim","coklatnya enak banget padahal harganya murah cuma 8k.""","","",""
"https://www.google.com/maps/place/Mack%27s+Creamery/data=!4m7!3m6!1s0x2e69f18cdac2a45f:0xb0cfcb6b4848b8ba!8m2!3d-6.2440348!4d106.8022554!16s%2Fg%2F11w46qtjcw!19sChIJX6TC2ozxaS4RurhISGvLz7A?authuser=0&hl=id&rclk=1","Mack's Creamery","4,7","(992)","Es Krim","·","·","Tutup","· Buka Min pukul 10.00","https://lh3.googleusercontent.com/gps-cs-s/APNQkAHrGCIcw6rZD6I76D1OhX7GY-Le4G3IV_mgb4LhUFw9-sBDVoHdOFat2TxuuYql4d_AoF1oV6i3QhiCfChOaUH133MorK8nj4L9p4HRp7JvZEPibOlf0tF-loiFLTbcHAJJnYdAmM1Sd5m8=w80-h106-k-no","https://ssl.gstatic.com/local/servicebusiness/default_user.png","""Rasa","es krim","nya beragam dengan rasa asin, creamy gurih, segar asam.""","","",""
"https://www.google.com/maps/place/Toko+Gustin/data=!4m7!3m6!1s0x2e69f73d85cac843:0x40a1e2c957802396!8m2!3d-6.1994911!4d106.7553456!16s%2Fg%2F11c2m_cww8!19sChIJQ8jKhT33aS4RliOAV8nioUA?authuser=0&hl=id&rclk=1","Toko Gustin","4,7","(46)","Toko Swalayan","·","Jl. Mawar No.22 1, RT.1/RW.8","Tutup","· Buka Min pukul 07.00","https://lh3.googleusercontent.com/gps-cs-s/APNQkAEINi1EioHYB4WfN2lU1kLxVuY0UrIV2Pn3R1TbqTVuTTC1NYRHojjmDGDNztWKb3BKcB4tixkiC-QSou6gkGFs0_ZPiZ_gtiMVd6AUqIJTLlOyzZRWZfjOjT-sOL1OHbOFwRLaiA=w80-h142-k-no","https://ssl.gstatic.com/local/servicebusiness/default_user.png","""Murah meriah""","","","","",""
"https://www.google.com/maps/place/Sewa+mesin+fotocopy+printer/data=!4m7!3m6!1s0x2e69f757c647b685:0x717b414b65400e98!8m2!3d-6.1971527!4d106.7504086!16s%2Fg%2F11rtd_vlbt!19sChIJhbZHxlf3aS4RmA5AZUtBe3E?authuser=0&hl=id&rclk=1","Sewa mesin fotocopy printer","4,7","(6)","Es Krim","·","Jl. Meruya Ilir Raya No.8E 7, RT.7/RW.6","Tutup","· Buka Min pukul 09.00","https://lh3.googleusercontent.com/gps-cs-s/APNQkAFFAkzFM5iccqe11U70FkU3A7giw4YY0sFxSiwhGn4wLs-QS4LlTyCzxENFz0J-bhrNTYqaK_VT3-nJPDGt_uKFoWM_KTpIIahr7TMvnd0PBnoH6CB2uKUhp1S39aVPYRL8edoL=w80-h106-k-no","https://ssl.gstatic.com/local/servicebusiness/default_user.png","""Porsis lumayan banyak""","","","","",""
"https://www.google.com/maps/place/MIXUE+GROGOL/data=!4m7!3m6!1s0x2e69f7b24dd38573:0xd1c0f4c5788b3d0b!8m2!3d-6.1641046!4d106.7910844!16s%2Fg%2F11rv5d881w!19sChIJc4XTTbL3aS4RCz2LeMX0wNE?authuser=0&hl=id&rclk=1","MIXUE GROGOL","4,5","(456)","Es Krim","·","Jl. Dr. Muwardi I No.15C, RT.9/RW.4","Tutup","· Buka Min pukul 09.00","https://lh3.googleusercontent.com/gps-cs-s/APNQkAF0nnDySP4AS_sBsH8ZgU5SCaT0quDy35oBBYef5LzZRMmYGzScpGbKVz5jpKipkJUoJcS81nPCTdZ7-Kx1VD27BJcuxrQp-9Anlera8miiwcRe4FGpYiFHGSfd-U_vHwXeD-oQ=w80-h100-k-no","https://ssl.gstatic.com/local/servicebusiness/default_user.png","""suka beli","es krim","mixue yg strawberry
harganya murah n rasanya jg enak""","https://www.google.com/viewer/chooseprovider?mid=/g/11rv5d881w&g2lbs=AIBNGdXXPNrpO9YLsCb_c-hYT1dn1Z2qOpEZ5D81xk5VCkwBUGhAOo2CIpLIxPs9SPJyYrhiDkClzn18VsqlCByZg-SHV6AUPg%3D%3D&hl=id-ID&gl=id&fo_m=MfohQo559jFvMUOzJVpjPL1YMfZ3bInYwBDuMfaXTPp5KXh-&utm_source=tactile&gei=CarjaYXWAbuhseMP4fXWwQE&ei=CarjaYXWAbuhseMP4fXWwQE&fo_s=OA&opi=79508299&orderType=1&ebb=1&cs=0&foub=mcpp","Pesan online",""
"https://www.google.com/maps/place/Es+Cream+Goreng+%26+Pop+Ice+Pak+Amir/data=!4m7!3m6!1s0x2e69f70015f530c5:0x53a57a71c9362b75!8m2!3d-6.2085432!4d106.7587526!16s%2Fg%2F11yhxdy83l!19sChIJxTD1FQD3aS4RdSs2yXF6pVM?authuser=0&hl=id&rclk=1","Es Cream Goreng & Pop Ice Pak Amir","","","Es Krim","·","Jl. Srengseng Raya No.6, RT.6/RW.6","","","https://streetviewpixels-pa.googleapis.com/v1/thumbnail?panoid=Ampoh1W4omwtDF9SXmJ6Fw&cb_client=search.gws-prod.gps&w=80&h=92&yaw=259.97208&pitch=0&thumbfov=100","","Bawa pulang","","","","",""
"","","","","","","","","","","","","","","","",""