"hfpxzc href","qBF1Pd","MW4etd","UY7F9","W4Efsd","W4Efsd 2","doJOZc","W4Efsd 3","W4Efsd 4","W4Efsd 5","FQ2IWe src","ah5Ghc","M4A5Cf","ah5Ghc 2","W4Efsd 6"
"","","","","","","","","","","","","","",""
"","","","","","","","","","","","","","",""
"https://www.google.com/maps/place/WARTEG+DKI/data=!4m7!3m6!1s0x2e69f6e7d727af37:0xf3c8bb075c9c4f7d!8m2!3d-6.1961044!4d106.7820892!16s%2Fg%2F11dfqtqj1_!19sChIJN68n1-f2aS4RfU-cXAe7yPM?authuser=0&hl=id&rclk=1","WARTEG DKI","4,5","(351)","Restoran","·","","·","Jl. Kemanggisan Raya No.5 3, RT.3/RW.5","Buka 24 jam","https://lh3.googleusercontent.com/gps-cs-s/APNQkAEVkjJHr7TNkVIExDY0_jK4i5Um_AdwV0fUXjPI9xtdc8TG0Qb35ypZ1vbabA3M5QZa3c5CFtEGTcEAOZAPW8vRbt3zRO72RCwQhgfctTqMZe4rXxigfLIo0_4XPQ_pZ7ReSXFYRQ=w122-h92-k-no","Makan di tempat","·","Bawa pulang",""
"https://www.google.com/maps/place/Warung+Tegal+Fajar/data=!4m7!3m6!1s0x2e69f705010bb9d1:0x6f7475c1c10013db!8m2!3d-6.1869163!4d106.7615723!16s%2Fg%2F1hm4cgx4x!19sChIJ0bkLAQX3aS4R2xMAwcF1dG8?authuser=0&hl=id&rclk=1","Warung Tegal Fajar","4,5","(210)","Tegal","·","","·","Jl. Kedoya Pesing No.4, RT.4/RW.3","Buka","https://lh3.googleusercontent.com/gps-cs-s/APNQkAG1aPVbBC15M1Tj7BeJX6uWG4UjAtwy-jJUn3ueHyrud6svO8Z-_KvHY_d0N0QY3khq3GZ8eJ8RrreWxnz3suHWvJ9dZtAxFw93YZKK3bmKTwHY8F3gGNoShi_qhxlxWHyyjjw3=w122-h92-k-no","Makan di tempat","·","Bawa pulang","· Tutup pukul 02.00"
"https://www.google.com/maps/place/Warteg+Kharisma+Bahari/data=!4m7!3m6!1s0x2e69f71fa3ab627f:0xd4070c58b93cbfc3!8m2!3d-6.1972263!4d106.7682266!16s%2Fg%2F11c6df4nh4!19sChIJf2Krox_3aS4Rw788uVgMB9Q?authuser=0&hl=id&rclk=1","Warteg Kharisma Bahari","4,2","(83)","Soto Ayam","·","","·","Jl. Lapangan Bola No.6 7, RT.7/RW.1","Buka 24 jam","https://lh3.googleusercontent.com/gps-cs-s/APNQkAEDh-QqT5Mou2VstZZq_-cVIl3clOGvl-8AlfZvL8mj1DnNOHIv9Lfd-pIG9p2mqlk_cjEgCwNfmPQk4ubqPIOiwdcxbHIfLfvQduP8rWhUVCePYoJvmI8ui10dzWEkDrUN-3mz_Q=w122-h92-k-no","Makan di tempat","·","Bawa pulang",""
"https://www.google.com/maps/place/Warteg+Berkah+%28+Asli+Tegal+%29/data=!4m7!3m6!1s0x2e69f70061fa6f65:0xa83ee68e3567e464!8m2!3d-6.202542!4d106.7668961!16s%2Fg%2F11zk8345q6!19sChIJZW_6YQD3aS4RZORnNY7mPqg?authuser=0&hl=id&rclk=1","Warteg Berkah ( Asli Tegal )","4,9","(7)","Indonesia","·","","QQW8+XQF, Jl. E, RT.5/RW.1","","Tutup","https://lh3.googleusercontent.com/gps-cs-s/APNQkAEZ1CxgZ0ZVmec85nrOvZq5yyNZNXHricr_d1i_mF5orPRkoGWagtPBcU5kf2ahjoIKjwOiXsjaMINZDOSIKMyXQLTTHwS2TTvudE9jgbyrpmt-qxkmY6rvh-GksQUweuJkwMw_qkZmaNgV=w80-h106-k-no","Makan di tempat","·","Bawa pulang","· Buka Min pukul 06.00"
"https://www.google.com/maps/place/WARTEG+KHARISMA+BAHARI+KEDOYA/data=!4m7!3m6!1s0x2e69f7bb55bed02d:0x4c4294ee9e22476a!8m2!3d-6.1852894!4d106.7735446!16s%2Fg%2F11t99n1ybk!19sChIJLdC-Vbv3aS4Rakcinu6UQkw?authuser=0&hl=id&rclk=1","WARTEG KHARISMA BAHARI KEDOYA","4,9","(11)","Dapur Umum","·","","Jl. Kebon Raya No.77, RT.4/RW.7","","","https://lh3.googleusercontent.com/gps-cs-s/APNQkAF6XAJn3ZdxdjnZhDqpfWMNzPnbRjEJwDmcaC5ypQmjzKn8TPzg9GtNrIvQgDXkhJ4r9iWDVHcqtpSlE_s5CK4tIYqgBBBgS5Kcr1QK8E2SnAsoS6lSlmz2DGbH9aHfo-8xLOOF_w=w122-h92-k-no","","","",""
"https://www.google.com/maps/place/Warteg+Plus+Doa+Ibu/data=!4m7!3m6!1s0x2e69f7ffa9439289:0xe55f43da8cf3ac55!8m2!3d-6.2022604!4d106.7825385!16s%2Fg%2F11wj5zv2g0!19sChIJiZJDqf_3aS4RVazzjNpDX-U?authuser=0&hl=id&rclk=1","Warteg Plus Doa Ibu","4,8","(24)","Restoran","·","","Samping Binus Anggrek, Jl. Anggrek Cakra No.1C","","Tutup","https://lh3.googleusercontent.com/gps-cs-s/APNQkAGo7ZWMKDM7dz63eUUT0hzGWjqN7wyZsYpsWhETWTjvq-JyEcw75Coa-azs042QnkaIDnnqntyRzNSQGuqwYPhlrwh4mOzWXXlvA6VQ2BpBAY9cwGxiPgsQgRZ-ou7rEP2G0QU=w163-h92-k-no","Makan di tempat","·","Bawa pulang","· Buka Sen pukul 08.00"
"https://www.google.com/maps/place/WARTEG+PUTRA+BAHARI/data=!4m7!3m6!1s0x2e69f6c34669734f:0xa7fbcc5eb9103588!8m2!3d-6.2023705!4d106.7833148!16s%2Fg%2F11c5b3v42r!19sChIJT3NpRsP2aS4RiDUQuV7M-6c?authuser=0&hl=id&rclk=1","WARTEG PUTRA BAHARI","4,5","(119)","Tegal","·","","Jl. U Raya kemanggisan No.25B, RT.8/RW.15","","Buka","https://lh3.googleusercontent.com/gps-cs-s/APNQkAFjzOWOF_LPblh3Sa0X8bmt51ushEeV4up5iZQB1o2UcISRb3FQyTMuoOziklvzitkWLUqlQCen5tZMmQHyAuf83hi-_p7hn7tACfNUU69X9Vw6ppiU0H0icb4vaH8EJy0Cks4JDg=w80-h142-k-no","Makan di tempat","·","Bawa pulang","· Tutup pukul 01.00"
"https://www.google.com/maps/place/WARTEG%2FWARNAS+PAK%27E/data=!4m7!3m6!1s0x2e69f77ed2eac2bf:0x761d32478e5f9c5c!8m2!3d-6.2013212!4d106.7835268!16s%2Fg%2F11nnhrrssl!19sChIJv8Lq0n73aS4RXJxfjkcyHXY?authuser=0&hl=id&rclk=1","WARTEG/WARNAS PAK'E","5,0","(12)","Brunch","·","","Jl. Kyai H. Syahdan No.58, RT.7/RW.12","","Tutup","https://lh3.googleusercontent.com/gps-cs-s/APNQkAE0ZgG0CfNQNTUEJTpjiCQ6qfCfQQHT6_DtOMyr_ERDbht-tAg3IvBy9VqE9IeYsY-22ydpk9vUVw-sbLi-1WFV1z5-aBzDuRbsAYVaWFCrPh_z1MQzTrQs-r3Wvv2za7GkxShv=w122-h92-k-no","Makan di tempat","·","Bawa pulang","· Buka Min pukul 07.00"
"https://www.google.com/maps/place/Warteg+pemalang/data=!4m7!3m6!1s0x2e69f71da1f98d21:0x607db4477b8b28bf!8m2!3d-6.1911395!4d106.7691734!16s%2Fg%2F11c6056m_h!19sChIJIY35oR33aS4RvyiLe0e0fWA?authuser=0&hl=id&rclk=1","Warteg pemalang","4,6","(43)","Brunch","·","","Jl. Arjuna Sel. No.8 8, RT.4/RW.11","","Tutup","https://lh3.googleusercontent.com/gps-cs-s/APNQkAHOzH-Tm6iW1xiZBQd6VvmtsDKaV9THRe-w7KH_CnZmSFlkULnF04hzUJ383Eg731-1NmRvGrK4G0x8q-de_GDuT751EPml-m3rcTPFgnlh9O2ZqKIiIlUi51WWD8tEMzsj5l33-A=w163-h92-k-no","Makan di tempat","·","Bawa pulang","· Buka Min pukul 07.00"
"https://www.google.com/maps/place/Warteg+prima+bahari+023/data=!4m7!3m6!1s0x2e69f70049e69b0d:0x1786d2e24dc320f6!8m2!3d-6.18941!4d106.7828661!16s%2Fg%2F11y_kflhx8!19sChIJDZvmSQD3aS4R9iDDTeLShhc?authuser=0&hl=id&rclk=1","Warteg prima bahari 023","5,0","(7)","Makanan Siap Saji","·","","Jl. Budi Raya","","","https://lh3.googleusercontent.com/gps-cs-s/APNQkAESckiujx9cny-x00ZvL4Sh0OPXtJeUmUk2FahubYqvXAGWZ7wKoYkO51_w6GFAQ2_xvpo9GAqq1afVyIsMtAEHaBeH5BhWqmLE7fuaWaYl7NVBPu62QD5lZAra0BjEB_HvTlUPoLrbP80C=w163-h92-k-no","Makan di tempat","","",""
"https://www.google.com/maps/place/Warteg+Sami+Selera+Lidah/data=!4m7!3m6!1s0x2e69f6e3e8d1aadb:0xf1947918e405f045!8m2!3d-6.192562!4d106.775404!16s%2Fg%2F11sj9q_bq8!19sChIJ26rR6OP2aS4RRfAF5Bh5lPE?authuser=0&hl=id&rclk=1","Warteg Sami Selera Lidah","4,7","(12)","Restoran","·","","Jl. Gili Sampeng No.5 9, RT.9/RW.3","","","https://lh3.googleusercontent.com/gps-cs-s/APNQkAH2E1R3WMG2HnognqKBg3LVnM91xoSr58b4--R1UyRMoiMOq1h0Pl45KUjO0MEZ4QEEClVg-R5XUcahq8vOIAIvtmcZ68TP_2F4mzDcqnm6sROHOC1ODcez9cKWrslNMf-LWoU=w168-h92-k-no","Makan di tempat","·","Bawa pulang",""
"https://www.google.com/maps/place/Warteg+putra+jaya+bahari/data=!4m7!3m6!1s0x2e69f7005d93a6d3:0xb532e2440e61dd75!8m2!3d-6.1975732!4d106.7730026!16s%2Fg%2F11wpjc5nf_!19sChIJ06aTXQD3aS4Rdd1hDkTiMrU?authuser=0&hl=id&rclk=1","Warteg putra jaya bahari","5,0","(2)","Brunch","·","","Jl. Raya Kb. Jeruk No.7-1, RT.4/RW.2","","","https://lh3.googleusercontent.com/gps-cs-s/APNQkAE1-lj8IhQrmf7hGg3vl6dg_L_cPyMIOXdA2XHfSkOwVI4ld7hvHwfDf-ZBx6BASfssjIgX41kAp4FN5SblvaHs6Mo9N_Dtpj6dZDY5vryFzjxtMJIGB2D9uLF8TclASxKT78V6TdW2qI4N=w122-h92-k-no","Makan di tempat","·","Bawa pulang",""
"https://www.google.com/maps/place/Warteg+58/data=!4m7!3m6!1s0x2e69f6c28d5317cd:0xacc9948a2542ecc7!8m2!3d-6.1994772!4d106.7847295!16s%2Fg%2F11cjgffx_7!19sChIJzRdTjcL2aS4Rx-xCJYqUyaw?authuser=0&hl=id&rclk=1","Warteg 58","4,3","(40)","Tegal","·","","·","Jl. H. Sennin No.Blok, RT.10/RW.12","Buka","https://lh3.googleusercontent.com/gps-cs-s/APNQkAH_V-jr28mSeY1YvrvQQsJJVtIyMgDQy7OaXgWVTITkn-MgeDuV0k2OFim6KHHYoRVRl3dldr8g8Bw3Bj8XcE91ntvh2M0B_K-MRahK61rbfTd1OrsHchVz4pD_gGX-2OCfGyQVDw=w163-h92-k-no","Makan di tempat","·","Bawa pulang","· Tutup pukul 00.00"
"https://www.google.com/maps/place/WARTEG+HIJAU+17B/data=!4m7!3m6!1s0x2e69f70055ed7071:0x3a4fddd9d3e2c114!8m2!3d-6.2006784!4d106.7836041!16s%2Fg%2F11vzz4vg8b!19sChIJcXDtVQD3aS4RFMHi09ndTzo?authuser=0&hl=id&rclk=1","WARTEG HIJAU 17B","5,0","(5)","Indonesia","·","","QQXM+PCH, Jl. Kh.Syahdan Gg. Keluarga, RT.6/RW.12","","","https://lh3.googleusercontent.com/gps-cs-s/APNQkAFcy09jtS6-mAr2Clx8jon1JK9ghYC8HwTBmyNZrvriW3M1Gf92tiAIW0PdAid4WuPjUgXTaQ9NixqixeWS7HP1zwlahmKV_r0Byisbcn7zC5Q0AbQOgtQYPrytzKhd7CncjLG2aw=w163-h92-k-no","Makan di tempat","·","Bawa pulang",""
"https://www.google.com/maps/place/Warteg+Ember/data=!4m7!3m6!1s0x2e69f721e203c36b:0x36e2706b806d394a!8m2!3d-6.1988017!4d106.7658103!16s%2Fg%2F11bzrq1s36!19sChIJa8MD4iH3aS4RSjltgGtw4jY?authuser=0&hl=id&rclk=1","Warteg Ember","4,1","(108)","Tegal","·","","Jl. Masjid As Surur No.16 9, RT.9/RW.1","","Tutup","https://lh3.googleusercontent.com/gps-cs-s/APNQkAFgnGNg8poqQD4fvsHOLd8NrdTcQtW_b37P_s_TBzNblsJzreFnhxB_SMUzRbZG9x9YbxAPy2WoQqGGa6biz3Te0YcihRQCviRKYNcI_B-8ywBAQiyqHErrQy6uTBRIilbouiKFBw=w80-h142-k-no","Makan di tempat","·","Bawa pulang","· Buka Min pukul 07.00"
"https://www.google.com/maps/place/Warteg+Makmur+2/data=!4m7!3m6!1s0x2e69f6dd5251081d:0xd8e677f44460a435!8m2!3d-6.1986685!4d106.782205!16s%2Fg%2F1hm5snhxm!19sChIJHQhRUt32aS4RNaRgRPR35tg?authuser=0&hl=id&rclk=1","Warteg Makmur 2","4,5","(82)","Tegal","·","","·","RQ2J+GVP, Jl. Batu Sari Raya, RT.8/RW.5","Buka 24 jam","https://lh3.googleusercontent.com/gps-cs-s/APNQkAFTn9E_3Qa_qw4o2drCEFZ4mCfLPnGRVjq1dxEXnGQU2gMscXwFXy7ijVfI8sKu6qLElzdeoCkMYFzDGDrXvfUz19pM3Nql-ZtVhTw-OUTOpYNauVjtUSbP3b70p7mkX6wNOPM2_A=w84-h92-k-no","Makan di tempat","·","Bawa pulang",""
"https://www.google.com/maps/place/Warteg+Selera+Bahari/data=!4m7!3m6!1s0x2e69f700534cb06d:0x2c973f1b7e8e6901!8m2!3d-6.1997565!4d106.7825164!16s%2Fg%2F11w3jgcm9_!19sChIJbbBMUwD3aS4RAWmOfhs_lyw?authuser=0&hl=id&rclk=1","Warteg Selera Bahari","5,0","(1)","Masakan Asia","·","","Jl. Raya Kb. Jeruk No.8, RT.6/RW.12","","Tutup","https://lh3.googleusercontent.com/gps-cs-s/APNQkAFSrX57YNB7q4OWhSlWbfBdPih0fCMG-tw7HnE98GqRYzSPMxecQ__lGrcpkoAiC9kjExgRgDJ6Af5srGUIiW3UIIDIuq-IgXeD2KlrqC7nUrYuB8DgNdQEiMDJoRqrjJ7bUVgcyHFO9pg=w122-h92-k-no","Makan di tempat","","","· Buka Min pukul 04.30"
"https://www.google.com/maps/place/Warteg+Berkat/data=!4m7!3m6!1s0x2e69f75bb3bdcba3:0xf0fd1d32c8c25b15!8m2!3d-6.1981508!4d106.7635601!16s%2Fg%2F11w93hfq4h!19sChIJo8u9s1v3aS4RFVvCyDId_fA?authuser=0&hl=id&rclk=1","Warteg Berkat","5,0","(6)","Rumah Makan","·","","Seberang Kantor Pos, Samping JNE Apham, Jl. Meruya Ilir Raya No.5 5B","","","https://lh3.googleusercontent.com/gps-cs-s/APNQkAHpwNw7yt4sUB2fndalwvMjrldizddzM8C7etaePzId6W41x2zqWrVo-NEA-ua1JOcTqZ9SJYCxfsKwUc01YPfgfVMdD9f8qllu6UBHajmOIb2-IzGj1rMV8i9CnHYuzvSGUNU=w80-h93-k-no","Makan di tempat","·","Drive-through",""
"https://www.google.com/maps/place/Warteg+Gemilang+Bahari+kebon+jeruk/data=!4m7!3m6!1s0x2e69f70076f01963:0x8ce51dc9281d8be!8m2!3d-6.1985424!4d106.7673584!16s%2Fg%2F11xp3q2y2v!19sChIJYxnwdgD3aS4RvtiBktxRzgg?authuser=0&hl=id&rclk=1","Warteg Gemilang Bahari kebon jeruk","5,0","(3)","Brunch","·","","Jl. Raya Kb. Jeruk No.9, RT.1/RW.6","","Buka 24 jam","https://lh3.googleusercontent.com/gps-cs-s/APNQkAEQSwQ2wl2-dcr5XNqKSl-nQNjaWMoTYYSCOfh7-xYQp4hAWcAX5f_fzM02qdpR75ZyFbj_0D0yXyQf03B6r9lydART9zAy3PJxTqYnjD1n1ihtyP42UZjVEpLfD-e9_HEOnV0B60vBCKx4=w122-h92-k-no","Makan di tempat","","",""
"https://www.google.com/maps/place/Warteg+Aminah/data=!4m7!3m6!1s0x2e69f6e313618f03:0x104f05c977297c36!8m2!3d-6.1898396!4d106.7749565!16s%2Fg%2F11f6567cq4!19sChIJA49hE-P2aS4RNnwpd8kFTxA?authuser=0&hl=id&rclk=1","Warteg Aminah","4,4","(24)","Tegal","·","","·","Jl. Tosiga VII No.14, RT.14/RW.4","Tutup","https://lh3.googleusercontent.com/gps-cs-s/APNQkAFnAPB-i4QxKOEEAs1GUeLXwl4W6mhTxiDR0GvPTki53Qp14xCZwYfU8mmfhqCFoPqvTIxu6e86MiUT027gkIvoJfnwM6OHzOgFw1Iaus3Q04mw_U5Hh44yBb06OS9VbYDiO0uB=w80-h177-k-no","Makan di tempat","·","Bawa pulang","· Buka Min pukul 08.00"
"https://www.google.com/maps/place/Warteg+Putra+Jaya+Bahari+%28Kebon+Jeruk%29/data=!4m7!3m6!1s0x2e69f6e095424a03:0x3ec1e74f3987cb5c!8m2!3d-6.1969584!4d106.7751501!16s%2Fg%2F11c5rrjbx1!19sChIJA0pCleD2aS4RXMuHOU_nwT4?authuser=0&hl=id&rclk=1","Warteg Putra Jaya Bahari (Kebon Jeruk)","4,1","(45)","Tegal","·","","·","Jl. Raya Kb. Jeruk No.55 2, RT.3/RW.9","","https://lh3.googleusercontent.com/gps-cs-s/APNQkAGeiMonZu6HLMVThDo_rwoUsE_lprCqqI6UZ_otPFj-jXuLPbG8_bPUAAUjiCRYD2wAadcMCfMuV4kTdkBc9_kql8zMiMCqVMpNcqAohaLGcbcZwidfT8q_eSRTXqLSeO4wsUgi=w122-h92-k-no","Makan di tempat","·","Bawa pulang",""
"https://www.google.com/maps/place/Warteg+Putri+Bahari+Binus/data=!4m7!3m6!1s0x2e69f7000cf149bb:0x4edfd413feec1b60!8m2!3d-6.2010893!4d106.78211!16s%2Fg%2F11yr355xwr!19sChIJu0nxDAD3aS4RYBvs_hPU304?authuser=0&hl=id&rclk=1","Warteg Putri Bahari Binus","5,0","(5)","Dapur Umum","·","","Jl. Mandala No.5 1, RT.1/RW.9","","Tutup","https://lh3.googleusercontent.com/gps-cs-s/APNQkAHCpTXHEt2MIZGE8EtST7dGaGt9pcfdrCO8L4G-UjRTnc9SibbdzhEBbyiGTN32gDFuFcxXnIhfeYjNj87i9ama3ShnCUtshFi40k8m9Na2YeZ9pgOSAyFYED9Vkq8hAxnzAfZv_UfDYHU=w80-h142-k-no","","","","· Buka Min pukul 07.00"
"https://www.google.com/maps/place/Warteg+Simpati+%28Bahari%29/data=!4m7!3m6!1s0x2e69f740e8c2367f:0xe4c0fcc2f0ef542!8m2!3d-6.1931531!4d106.7821705!16s%2Fg%2F11fdyl9z8h!19sChIJfzbC6ED3aS4RQvUOL8wPTA4?authuser=0&hl=id&rclk=1","Warteg Simpati (Bahari)","5,0","(4)","Tegal","·","","Jl. Budi Raya No.2B, RT.1/RW.5","","Tutup","https://lh3.googleusercontent.com/gps-cs-s/APNQkAGpQtXqk6I6Mf9O4A-KdFV1AUXVkZZaDgs_wBdtancBqoyW3kiVH8vIJ6nDHYnXP95m6MNfQEaM9YSffw625BL4cg853lO-TvBMNH86YW2DEd7bbGyRU5gAai2J2EcjT3RU4lI=w80-h106-k-no","Makan di tempat","·","Bawa pulang","· Buka Sen pukul 06.00"
"https://www.google.com/maps/place/WARTEG+BAROKAH/data=!4m7!3m6!1s0x2e69f71bb6198e2f:0xaaca5110fc917d0!8m2!3d-6.1925499!4d106.762327!16s%2Fg%2F11cmth06tv!19sChIJL44Zthv3aS4R0BfJDxGlrAo?authuser=0&hl=id&rclk=1","WARTEG BAROKAH","4,3","(24)","Jawa Tengah","·","","·","Jl. Perjuangan No.14b, RT.3/RW.7","Tutup","https://lh3.googleusercontent.com/gps-cs-s/APNQkAGIjlhqxiSuo5wgGZnkhmaw4Bk4kcABFX340PH9IA7foIHClGVXGysSczZYhc9Uddjn6FdzK_DRcIsoLxnhC4gnJlwyAhTufQ-nPU2d1jjXDNQMOZmfEcMT1q61th7kHQUQ0z08=w163-h92-k-no","Makan di tempat","·","Bawa pulang","· Buka Min pukul 06.30"
"https://www.google.com/maps/place/Warteg+sofia/data=!4m7!3m6!1s0x2e69f7d49ccb974d:0x7eb918c732a96760!8m2!3d-6.2003668!4d106.7764483!16s%2Fg%2F11pcs8wpc8!19sChIJTZfLnNT3aS4RYGepMscYuX4?authuser=0&hl=id&rclk=1","Warteg sofia","5,0","(2)","Dapur Umum","·","","QQXG+VH4, Jl. Komp. Dpr 1, RT.3/RW.2","","Buka","https://lh3.googleusercontent.com/gps-cs-s/APNQkAHplNCszaLFAxJ3uu-jbE8dHeuoxbiFTvLjlVRwSufSOUds9TMM_7EIPZLRmN31k029fvBoCR7PaEPy1vm88d7h1iFYHeaqTI7h24Z4jE9UCQ8j4jQjBg2Bf5WCgyZ_T0zhq6iQ2A=w163-h92-k-no","","","","· Tutup Min pukul 06.00"
"https://www.google.com/maps/place/Warteg+AW/data=!4m7!3m6!1s0x2e69f6c2fb42b347:0x35c30401d05ef44d!8m2!3d-6.2002006!4d106.7847082!16s%2Fg%2F11cjhzhwb2!19sChIJR7NC-8L2aS4RTfRe0AEEwzU?authuser=0&hl=id&rclk=1","Warteg AW","4,5","(186)","Tegal","·","","·","Jl. H. Sennin No.51 3, RT.6/RW.12","Tutup","https://lh3.googleusercontent.com/gps-cs-s/APNQkAG_PuILF0BUERCwM4W_2TVzBM6R0rakDVP_tjmAQ4ByGlQjPZk0z9dkmna4ku9xBxx6hDEqYFM3319JqaS5-u91sw6A1QQq8AHNMtSm2IQBycuHIXTXPhhD2Asg5oh58hSezdSX=w204-h92-k-no","Makan di tempat","·","Bawa pulang","· Buka Min pukul 06.00"
"https://www.google.com/maps/place/WARTEG+GRAND+BAHARI/data=!4m7!3m6!1s0x2e69f7004bccca63:0x48953c9167a53be9!8m2!3d-6.2024961!4d106.7795653!16s%2Fg%2F11wwvcxtb1!19sChIJY8rMSwD3aS4R6TulZ5E8lUg?authuser=0&hl=id&rclk=1","WARTEG GRAND BAHARI","4,0","(2)","Indonesia","·","","Jl. Anggrek Cakra No.28B, RT.4/RW.3","","Buka 24 jam","https://lh3.googleusercontent.com/gps-cs-s/APNQkAFoxS2mcd-P0Xlx4lkttlgQBtrejofhgdh1VVqt9XFJQz9dURGdAoFMzi8gr7-M3_LijiZ8ONQXZ8wWYIw9nOV0awzxHW_4JSh9AmtjkIEPoudHXVStwjoxDPqtXJeMB00uOuyw=w80-h142-k-no","Makan di tempat","·","Bawa pulang",""
"https://www.google.com/maps/place/Warteg+dua+putra/data=!4m7!3m6!1s0x2e69f742a0d307dd:0xf91b4d2e1717c69c!8m2!3d-6.195012!4d106.7809536!16s%2Fg%2F11sd32c3ks!19sChIJ3QfToEL3aS4RnMYXFy5NG_k?authuser=0&hl=id&rclk=1","Warteg dua putra","5,0","(1)","Brunch","·","","Jl. Angsana No.3, RT.00/RW.5","","Tutup","https://lh3.googleusercontent.com/gps-cs-s/APNQkAFg2b1bLMhMNtpg1ZShcVrk2XOs0JEz0bz1piFyhFfAaGR-smr12aq6XRTZ70TS4vj9BbnZfKsovfMbSV1Zsvu0b7Qs2-6p4ykhi3nru0n2pLYyq-CUgZKDpnPhdJH2ai5qzE6N=w163-h92-k-no","Makan di tempat","·","Bawa pulang","· Buka Min pukul 07.35"
"https://www.google.com/maps/place/Warteg+Bumi+Bahari+Kebon+Jeruk/data=!4m7!3m6!1s0x2e69f7124aa560b3:0xa55a8929b977b1c6!8m2!3d-6.1969786!4d106.7675572!16s%2Fg%2F11kbpg2nsg!19sChIJs2ClShL3aS4RxrF3uSmJWqU?authuser=0&hl=id&rclk=1","Warteg Bumi Bahari Kebon Jeruk","3,5","(28)","Tegal","·","","Jl. Lapangan Bola No.4, RT.4/RW.5","","Buka 24 jam","https://lh3.googleusercontent.com/gps-cs-s/APNQkAEAuzOy0hNTdTFMltxhnwJph9oPpEAo2ej3CN1FMV_f__3fgS_oVbLS0UUW1G6amL9rEmxvBUK6DC6tQugKBBFnxop8G8mmotj3Gz9Gq8Q4R8NBFdxGyuFoRCeELjKUp9XmYvCcFQ=w80-h106-k-no","Makan di tempat","·","Bawa pulang",""
"https://www.google.com/maps/place/WARTEG+SELERA+BAHARI/data=!4m7!3m6!1s0x2e69f70079e90191:0xb5de72e144a98ff3!8m2!3d-6.2008754!4d106.7837047!16s%2Fg%2F11z2gvwj37!19sChIJkQHpeQD3aS4R84-pROFy3rU?authuser=0&hl=id&rclk=1","WARTEG SELERA BAHARI","","","Jl. Kyai H. Syahdan No.40 7, RT.7/RW.12","","","","","","https://streetviewpixels-pa.googleapis.com/v1/thumbnail?panoid=eaESVHu64Hpzp_WlmsElbQ&cb_client=search.gws-prod.gps&w=80&h=92&yaw=132.61555&pitch=0&thumbfov=100","","","",""
"https://www.google.com/maps/place/WARTEG+TRIO+FAMILI/data=!4m7!3m6!1s0x2e69f73cba364b3d:0xd07bf6bb60153cb6!8m2!3d-6.2030938!4d106.7579493!16s%2Fg%2F11pcl0cxg5!19sChIJPUs2ujz3aS4RtjwVYLv2e9A?authuser=0&hl=id&rclk=1","WARTEG TRIO FAMILI","4,8","(4)","Brunch","·","","Jl. Lapangan Bola No.43 7, RT.7/RW.1","","Tutup","https://lh3.googleusercontent.com/gps-cs-s/APNQkAH-i6pCikPE2q9zsme3hkBODzemaU8hQ5_O2uWDRoxxJmZSfIYdMkhFhqcKnn9lo4LypDkaW3vIAc_I2-JKxC8JQxTU2KkpP3DBfKAz_vwx-Qga14AqdLxmkBx8WQNu-ti2hlVRuQ=w122-h92-k-no","Makan di tempat","·","Bawa pulang","· Buka Min pukul 06.00"
"https://www.google.com/maps/place/Warteg+Putri+%26+Ayam+Bakar+Citra+Rasa/data=!4m7!3m6!1s0x2e69f6c2c34b12b7:0x20bbb4431d9aed32!8m2!3d-6.2001275!4d106.78346!16s%2Fg%2F11c594skt5!19sChIJtxJLw8L2aS4RMu2aHUO0uyA?authuser=0&hl=id&rclk=1","Warteg Putri & Ayam Bakar Citra Rasa","4,8","(4)","Ayam","·","","·","Jl. Kyai H. Syahdan Jl. Keluarga No.39A Blok B, RT.6/RW.12","Tutup","https://lh3.googleusercontent.com/gps-cs-s/APNQkAGvtJ19pM7Tjq0aJFaV7XA8_pE6qsOROZhUhoVjTV_MtDI950OJ63sTupyOcfTlx5xIf0d9MZdHKMHfJXDjdqwiVqv6dCI6MXEVKCUkukWpWa33yLS6PFJ_Aqk5XjRpQP1VSutN=w122-h92-k-no","Makan di tempat","·","Bawa pulang","· Buka Min pukul 07.00"
"https://www.google.com/maps/place/Warteg+gemilang+bahari+srengseng/data=!4m7!3m6!1s0x2e69f71b9c5d6f23:0x15e34c996547c98c!8m2!3d-6.2031147!4d106.7594386!16s%2Fg%2F11sv0b5ygg!19sChIJI29dnBv3aS4RjMlHZZlM4xU?authuser=0&hl=id&rclk=1","Warteg gemilang bahari srengseng","5,0","(9)","Tegal","·","","Jl. Lapangan Bola, RT.2/RW.5","","Buka 24 jam","https://lh3.googleusercontent.com/gps-cs-s/APNQkAFw54YSn6oPDq43XIO9t_sfCspyrlY6WA1FpXId3Ce43ve2hg3ci7Ds3YYh4m1c9bfTwAlQRJrU5LIaASOI5f_b6WqU-H62reTtq_Yk9gHvQ-HyLNRCbMYtaORd-V5psb_rggMf=w163-h92-k-no","Makan di tempat","·","Drive-through",""
"https://www.google.com/maps/place/WARTEG+MAMA+RORA/data=!4m7!3m6!1s0x2e69f7002952a5ed:0xc04e9feebc83a1d2!8m2!3d-6.2051416!4d106.7600801!16s%2Fg%2F11ml47wdg5!19sChIJ7aVSKQD3aS4R0qGDvO6fTsA?authuser=0&hl=id&rclk=1","WARTEG MAMA RORA","5,0","(1)","Brunch","·","","Jl. Lap. Tenis No.30, RT.4/RW.5","","","https://streetviewpixels-pa.googleapis.com/v1/thumbnail?panoid=xsA5QJ_xflancuNeCGfdew&cb_client=search.gws-prod.gps&w=80&h=92&yaw=35.139843&pitch=0&thumbfov=100","Makan di tempat","·","Bawa pulang",""
"https://www.google.com/maps/place/Warteg+Niko+Jaya/data=!4m7!3m6!1s0x2e69f71fbc2e3cf3:0xb5428a21f25c7d16!8m2!3d-6.1971533!4d106.7682749!16s%2Fg%2F1hm66v9bj!19sChIJ8zwuvB_3aS4RFn1c8iGKQrU?authuser=0&hl=id&rclk=1","Warteg Niko Jaya","4,4","(65)","Tegal","·","","·","Jl. Panjang No.13 7, RT.7/RW.1","Tutup","https://lh3.googleusercontent.com/gps-cs-s/APNQkAFZLT-3c11rKHyLjTgigf6hmeclCCSHE1OfpBQtM83NWa61TIlCR-eo5sULhsT1FZprJqW-J2w0ZmSNVsCo3cJD1q9lMkl_UdOHBJJQBx1lVCuhRmcgb9JeEn_RsZprYMsoZFQ=w163-h92-k-no","Makan di tempat","·","Bawa pulang","· Buka Sen pukul 06.00"
"https://www.google.com/maps/place/Warteg+berkah+jaya/data=!4m7!3m6!1s0x2e69f75009176229:0x5f14b42cadaba22d!8m2!3d-6.1980528!4d106.7692991!16s%2Fg%2F11sz3v3xqf!19sChIJKWIXCVD3aS4RLaKrrSy0FF8?authuser=0&hl=id&rclk=1","Warteg berkah jaya","5,0","(1)","Restoran","·","","Jl. Kb. Jeruk Raya &, Gg. Lima, RT.1/RW.11","","Tutup","https://streetviewpixels-pa.googleapis.com/v1/thumbnail?panoid=FayjqE8r48X17nf5oe35CQ&cb_client=search.gws-prod.gps&w=80&h=92&yaw=304.7707&pitch=0&thumbfov=100","Makan di tempat","·","Bawa pulang","· Buka Min pukul 09.00"
"https://www.google.com/maps/place/Warteg+Mustika+Bahari/data=!4m7!3m6!1s0x2e69f6deccbd0c87:0x9b6ccf021ca956f4!8m2!3d-6.2035324!4d106.7746919!16s%2Fg%2F11f6567_85!19sChIJhwy9zN72aS4R9FapHALPbJs?authuser=0&hl=id&rclk=1","Warteg Mustika Bahari","4,6","(16)","Tegal","·","","·","Jl. Harun Raya No.8, RT.8/RW.7","Buka","https://lh3.googleusercontent.com/gps-cs-s/APNQkAHTQ-34hn2LNyW1jmuDyxJJajXe-FburS9LJ5QtZTQZHlhbf_F5VyLZNBQ51TMBs2s16uEesOKh5BgGelvTBwePjwOeix4rAOpvKv7UJzUdDVJHmdsWgj3T-dPfVC9W2q3oPhY=w122-h92-k-no","Makan di tempat","·","Bawa pulang","· Tutup pukul 00.00"
"https://www.google.com/maps/place/Warteg+Putriamelia/data=!4m7!3m6!1s0x2e69f6fd75c11e17:0xccde7eb6cf2dd5ab!8m2!3d-6.1858517!4d106.7718757!16s%2Fg%2F11kk6zcf4k!19sChIJFx7Bdf32aS4Rq9Utz7Z-3sw?authuser=0&hl=id&rclk=1","Warteg Putriamelia","5,0","(1)","Restoran","·","","Jl. Duri Raya No.2 2, RT.2/RW.7","","","https://streetviewpixels-pa.googleapis.com/v1/thumbnail?panoid=_O8UbgT7JBMgeqp1gzwsdw&cb_client=search.gws-prod.gps&w=80&h=92&yaw=15.862086&pitch=0&thumbfov=100","Makan di tempat","·","Bawa pulang",""
"https://www.google.com/maps/place/%23WarungTetangga+Warteg+family+jaya/data=!4m7!3m6!1s0x2e69f6ef4b15ed09:0xa24a1f827feabddf!8m2!3d-6.19298!4d106.783659!16s%2Fg%2F11lk1jf1y6!19sChIJCe0VS-_2aS4R373qf4IfSqI?authuser=0&hl=id&rclk=1","#WarungTetangga Warteg family jaya","","","Minimarket","·","","Jl. Kemanggisan Raya No.104 2, RT.2/RW.9","","","https://streetviewpixels-pa.googleapis.com/v1/thumbnail?panoid=jSVOn9T61jvyBiwhQCzC9A&cb_client=search.gws-prod.gps&w=80&h=92&yaw=352.26703&pitch=0&thumbfov=100","","","",""
"https://www.google.com/maps/place/Warteg+Murni+Jaya/data=!4m7!3m6!1s0x2e69f7e78a8d155d:0x32943ed473c170cf!8m2!3d-6.1968576!4d106.7672982!16s%2Fg%2F11wbz54vxt!19sChIJXRWNiuf3aS4Rz3DBc9Q-lDI?authuser=0&hl=id&rclk=1","Warteg Murni Jaya","5,0","(1)","Indonesia","·","","Jl. Musholla II, RT.4/RW.10","","Tutup","https://lh3.googleusercontent.com/gps-cs-s/APNQkAGGpYpctVi9At5vB-KeQUnU9HmP-D0yAfIuwhhnDvOC2EkofM6wqyE3W6o0d3e7S3P6jtQB9__pO67RAZq7I9wKyq_zLK__trobZ6i0hYmA3jwpyAuuDXxA4vtp6sWktkitx8AS=w122-h92-k-no","Makan di tempat","·","Drive-through","· Buka Sen pukul 05.30"
"https://www.google.com/maps/place/Warteg+Laka-Laka/data=!4m7!3m6!1s0x2e69f722868253d7:0xce2914c5741bf110!8m2!3d-6.1993292!4d106.7616676!16s%2Fg%2F1hm1rkbmb!19sChIJ11OChiL3aS4REPEbdMUUKc4?authuser=0&hl=id&rclk=1","Warteg Laka-Laka","4,5","(39)","Tegal","·","","·","Jl. Meruya Ilir Raya No.40 1, RT.1/RW.7","Tutup","https://lh3.googleusercontent.com/gps-cs-s/APNQkAH1xcZNPzfMXr2cGJ-Pb73-tQ7hujqAP-57R4bKJxGiyXpkFb6uQPdzGkUPc4LANyDEMk9unI3XOFGUbWFuTAEur2vrO7Mu4Y4IxCI4Mr_3sEAUmlt3XsY8AvEgf2ihel91o1WsKP7V3g8=w80-h142-k-no","Makan di tempat","·","Bawa pulang","· Buka Min pukul 07.00"
"https://www.google.com/maps/place/WARTEG+INDO+BAHARI/data=!4m7!3m6!1s0x2e69f6ddfabb8947:0x47128ff4a86f8b2e!8m2!3d-6.1989585!4d106.77722!16s%2Fg%2F11wvh2173p!19sChIJR4m7-t32aS4RLotvqPSPEkc?authuser=0&hl=id&rclk=1","WARTEG INDO BAHARI","5,0","(3)","Tegal","·","","RQ2G+CV9, Jl. Raya Kb. Jeruk, RT.7/RW.2","","Buka 24 jam","https://lh3.googleusercontent.com/gps-cs-s/APNQkAHNvUkdjlhhKU0ewVWtvoLDXmcvTnJLy0_RKlViDZ4a1yK6M0iG1SLIgOwcTbVYmAtsD47bodP2DWVZvTJmoP4gQb5yPk96V5KcjZpGcH0NMiyoXEPkRA_9RM_WyxeiHYMkDS0iIZAk3xpk=w207-h92-k-no","Makan di tempat","","",""
"https://www.google.com/maps/place/Warteg+Galih/data=!4m7!3m6!1s0x2e69f7000e39094b:0x9559bf0b5a009034!8m2!3d-6.1930475!4d106.7690772!16s%2Fg%2F11vrrrvv9_!19sChIJSwk5DgD3aS4RNJAAWgu_WZU?authuser=0&hl=id&rclk=1","Warteg Galih","4,6","(7)","Brunch","·","","Jl. H. Ja'ani No.82, RT.7/RW.11","","","https://lh3.googleusercontent.com/gps-cs-s/APNQkAGS5kL7jWk_Uwupgf0PGN9zMtvAt1sWsll25UoMi-dVvlADRGRO_E8S9U8163MM0N9JBF8s1pFt5dX6C5as5IZIoUMu2OZzFVt-hUMQFdH_PB3bMOO9HYUbPlGkxWXmNMz4dvTq=w122-h92-k-no","Makan di tempat","·","Bawa pulang",""
"https://www.google.com/maps/place/Berkah+Jaya+Warteg/data=!4m7!3m6!1s0x2e69f6fcecee0f29:0x49d3448473937d41!8m2!3d-6.1871517!4d106.7752085!16s%2Fg%2F11c1t147_6!19sChIJKQ_u7Pz2aS4RQX2Tc4RE00k?authuser=0&hl=id&rclk=1","Berkah Jaya Warteg","5,0","(1)","Tegal","·","","Jl. Duri Kepa Raya No.1, RT.1/RW.2","","Tutup","https://lh3.googleusercontent.com/gps-cs-s/APNQkAEL9VkY8625dMoq-rflQIj9_PW95XpqySN-QqHFxf8HQkQzRBi6we0pTgoTPsFknT5IFHdKCIAhJPYGEMl210TOSSfTH2Xji6FS6h9EagN5Zjz36T3pPJnlnzqSssK3dT7G1B73=w209-h92-k-no","Makan di tempat","·","Bawa pulang","· Buka Min pukul 08.00"
"https://www.google.com/maps/place/WARTEG+CITRA+RASA/data=!4m7!3m6!1s0x2e69f71fbf9103cd:0x857b1d1b78bc2565!8m2!3d-6.197039!4d106.769102!16s%2Fg%2F1hm4b37ln!19sChIJzQORvx_3aS4RZSW8eBsde4U?authuser=0&hl=id&rclk=1","WARTEG CITRA RASA","4,6","(7)","Restoran","·","","Jl. Panjang No.107 1, RT.1/RW.11","","Tutup","https://streetviewpixels-pa.googleapis.com/v1/thumbnail?panoid=f9gNBoyjoxrK-FXILfYUCQ&cb_client=search.gws-prod.gps&w=80&h=92&yaw=40.101116&pitch=0&thumbfov=100","Makan di tempat","·","Bawa pulang","· Buka Min pukul 06.00"
"https://www.google.com/maps/place/Warteg+Agave/data=!4m7!3m6!1s0x2e69f704b5daafe1:0x35ef6005fca99885!8m2!3d-6.1883335!4d106.763552!16s%2Fg%2F11cjj43149!19sChIJ4a_atQT3aS4RhZip_AVg7zU?authuser=0&hl=id&rclk=1","Warteg Agave","4,9","(10)","Dapur Umum","·","","Kedoya baru residence Jl. Kedoya Agave VI Blok C1 No. 13 RT:09, RT.9/RW.4","","Tutup","https://lh3.googleusercontent.com/gps-cs-s/APNQkAGOFFsePlPilF5PqtMRRDyy3QgZxyRuYG3o8cz6u6Zwlwwl_cAk682NUNCE37hkXKZv825QsmJ-qpF8vBk2uLZDANI7RClk_2bgOZN6fDYM_oK4sC27fslZqmq3E8IPFmXzH_1y=w122-h92-k-no","","","","· Buka Sen pukul 06.30"
"https://www.google.com/maps/place/WARTEG+24+JAM/data=!4m7!3m6!1s0x2e69f7fed65e834f:0xb9c9c08313a13220!8m2!3d-6.2047158!4d106.7781756!16s%2Fg%2F11v69tj4my!19sChIJT4Ne1v73aS4RIDKhE4PAybk?authuser=0&hl=id&rclk=1","WARTEG 24 JAM","4,3","(4)","Sarapan","·","","Jl. Salam Raya No.6, RT.7/RW.6","","Buka 24 jam","https://lh3.googleusercontent.com/gps-cs-s/APNQkAH1EPTS29UivmdvktpOFMfWbAxscTW6Hk8Y9m-l6e4jYSms9vdl8ZwhUx57vKMDNYF5NLEqApVba8el9hquzubO9UMYZvD2ie7TOXXyjisRKIXtKiX5AaI8DkcM8L8bkQIQqEhz=w163-h92-k-no","Makan di tempat","·","Bawa pulang",""
"https://www.google.com/maps/place/Warteg+A%26W+Puri+Sequl/data=!4m7!3m6!1s0x2e69f75154175acd:0x21d99dceebac7657!8m2!3d-6.196923!4d106.7675279!16s%2Fg%2F11tclxmg5h!19sChIJzVoXVFH3aS4RV3as686d2SE?authuser=0&hl=id&rclk=1","Warteg A&W Puri Sequl","5,0","(2)","Indonesia","·","","Jl. Lapangan Bola No.4, RW.10","","","https://streetviewpixels-pa.googleapis.com/v1/thumbnail?panoid=O0YhaAVsaeBhkk2sXRrBiw&cb_client=search.gws-prod.gps&w=80&h=92&yaw=355.5092&pitch=0&thumbfov=100","Makan di tempat","·","Bawa pulang",""
"https://www.google.com/maps/place/Warteg+Palapa+Bahari/data=!4m7!3m6!1s0x2e69f70055dccc71:0xecc64393d6de62b4!8m2!3d-6.204516!4d106.7788809!16s%2Fg%2F11mz45jkm2!19sChIJcczcVQD3aS4RtGLe1pNDxuw?authuser=0&hl=id&rclk=1","Warteg Palapa Bahari","5,0","(1)","Tegal","·","","Jl. Salam 1 No.55, RT.7/RW.6","","Tutup","https://lh3.googleusercontent.com/gps-cs-s/APNQkAGwT_nJoxvEvO-a9qM-UKIW8vf7JMpKLRW8x8mF6feHGjqBiwKwe20BZqaZ-rZfu7FWj37CIUBJdLYDgmQgr02wC8VPvP9Y2GCSFX8zQ6uiDdt9RTOJzznV3qtcVGPdAiRtqJ5eYVFKuHov=w80-h142-k-no","Makan di tempat","","","· Buka Min pukul 05.00"
"https://www.google.com/maps/place/Warteg+Viki/data=!4m7!3m6!1s0x2e69f7cdab4394d7:0x13d3ad5c5e8aa269!8m2!3d-6.1892323!4d106.7829647!16s%2Fg%2F11kbcncmtp!19sChIJ15RDq833aS4RaaKKXlyt0xM?authuser=0&hl=id&rclk=1","Warteg Viki","5,0","(1)","Tegal","·","","Jl. Budi Raya No.15, RT.15/RW.5","","Tutup","https://lh3.googleusercontent.com/gps-cs-s/APNQkAFMy2-8LzdusYmLgnyBGWvaM1NFUT5iFQBRQfoNAgI4OpBrT0UumuaQ4T1MFrcSVoL7HXQ0wpCDTz_tgoMiEuq9NSPxaooGjjHtpsDQL9Fr7bAOi2gVhjn-tRyaEhvSeaxR-Pwa=w122-h92-k-no","Makan di tempat","·","Bawa pulang","· Buka Min pukul 06.00"
"https://www.google.com/maps/place/Warteg+Putra+Bahari/data=!4m7!3m6!1s0x2e69f7ccb5ae62d5:0x465ba06bfc654b56!8m2!3d-6.2041383!4d106.7829872!16s%2Fg%2F11j5f5npw2!19sChIJ1WKutcz3aS4RVktl_GugW0Y?authuser=0&hl=id&rclk=1","Warteg Putra Bahari","4,5","(29)","Tegal","·","","7, Jl. Rw. Belong No.6, RT.7/RW.15","","Buka 24 jam","https://lh3.googleusercontent.com/gps-cs-s/APNQkAE0evxfoE0ZjNquizryIUuYrF29ZP9tN0vGkgO15QYzanKGeXAg_9JSfaqkrpF5NzM-u8kvr_fk5uC6TwLlyIz9at3UK9DaAl1z3cwDnkdJxZmyp0dHJ1ztKS7wwz5b6_lszVs6=w80-h170-k-no","Makan di tempat","·","Bawa pulang",""
"https://www.google.com/maps/place/Warteg+Bina+Bahari/data=!4m7!3m6!1s0x2e69f6fb94e14781:0x4b2e5b11795b4565!8m2!3d-6.184397!4d106.777834!16s%2Fg%2F11l_8kz6h1!19sChIJgUfhlPv2aS4RZUVbeRFbLks?authuser=0&hl=id&rclk=1","Warteg Bina Bahari","5,0","(1)","Restoran","·","","Jl. Kebon Raya No.104 2, RT.2/RW.2","","","https://lh3.googleusercontent.com/gps-cs-s/APNQkAE73VBMckmmqQAiKHLPNVrVHzo1nhjEbyHE-FwxZ_741uHO9D-4h9dQzPD1mqIloJ7583DCiJofODqDsr2OGVuqDL7OTwRfpkZhts8foSqx-CGM_7mPKWNpeknO6JxqzR9YBKBuDQFnaItd=w122-h92-k-no","Makan di tempat","·","Bawa pulang",""
"https://www.google.com/maps/place/Warteg+Maa,se/data=!4m7!3m6!1s0x2e69f700532a6f97:0x69bdfc4f35ba328!8m2!3d-6.1951224!4d106.7686103!16s%2Fg%2F11yx4f3l4p!19sChIJl28qUwD3aS4RKKNb88TfmwY?authuser=0&hl=id&rclk=1","Warteg Maa,se","","","Indonesia","·","","Jl. Komp. Bepeka VI No.7 5RT, RT.5/RW.10","","","https://lh3.googleusercontent.com/gps-cs-s/APNQkAHWzKfACjnRkdlRrL0BH13Kjk1BWlz7gw4yx-xyKKHwgVK_lCT3rNywySbTjUWNh9JyhI3YHq3h3COwGoKIw23K5XemncBe5Y42244xT3MPAx_pDvdy-NfCpukzwtlTQdZVVwAJSEQV3YyU=w80-h142-k-no","Makan di tempat","·","Bawa pulang",""
"https://www.google.com/maps/place/WARTEG+KHARISMA+PURBALINGGA+99/data=!4m7!3m6!1s0x2e69f7005bac5c49:0xca2a307cd8f2eee9!8m2!3d-6.1918137!4d106.7624399!16s%2Fg%2F11xz24h9j6!19sChIJSVysWwD3aS4R6e7y2HwwKso?authuser=0&hl=id&rclk=1","WARTEG KHARISMA PURBALINGGA 99","","","Brunch","·","","Jl. Perjuangan No.28, RT.15/RW.10","","Tutup","https://streetviewpixels-pa.googleapis.com/v1/thumbnail?panoid=Qp7D7kc26Dhrrww-cFQOxw&cb_client=search.gws-prod.gps&w=80&h=92&yaw=82.03169&pitch=0&thumbfov=100","Makan di tempat","·","Bawa pulang","· Buka Min pukul 06.00"
"https://www.google.com/maps/place/Warteg+sederhana/data=!4m7!3m6!1s0x2e69f7c4cab9ad85:0xd5278628da23492!8m2!3d-6.1979203!4d106.7675708!16s%2Fg%2F11p0_b8rjm!19sChIJha25ysT3aS4RkjSijWJ4Ug0?authuser=0&hl=id&rclk=1","Warteg sederhana","5,0","(3)","Dapur Umum","·","","Jl. Raya Kb. Jeruk No.33 B, RT.7/RW.1","","Tutup","https://lh3.googleusercontent.com/gps-cs-s/APNQkAGAho1j6whf0QZolsQ_2tsAUfzuQ2daOC4Dmd9IMcD6ilv_g2wO1w5HFhdkIdWE1ZrGF8cIzlI3VU__kiBCi1hzSGx75y1bhLe5KRNR3SdnxlfjHao_C8fynZ-20S79RAO4squ2=w80-h142-k-no","","","","· Buka Sen pukul 06.00"
"https://www.google.com/maps/place/Warteg+Jl+Asem/data=!4m7!3m6!1s0x2e69f6fb568a41c7:0x9b5bc8f7d28da6bd!8m2!3d-6.1879149!4d106.7766558!16s%2Fg%2F11ghs7cslp!19sChIJx0GKVvv2aS4RvaaN0vfIW5s?authuser=0&hl=id&rclk=1","Warteg Jl Asem","4,3","(18)","Tegal","·","","·","Jl. Asem No.8E, RT.4/RW.4","Tutup","https://lh3.googleusercontent.com/gps-cs-s/APNQkAHhlCsjy3RvevLTKOojajUbZbjz2zV_i9-r1SHMYcRFAyV5Cq-HY5NbpiAW_mo9o4UGJVIYYooA_-6x554D6W_-jT2po089Q1vmduiruyyZ6DVMXnkBlWwDXZU0z7ULyKWtSupTcw=w80-h106-k-no","Makan di tempat","·","Bawa pulang","· Buka Min pukul 09.00"
"https://www.google.com/maps/place/WARTEG+PUSAKA+BAHARI/data=!4m7!3m6!1s0x2e69f6de54abb9fd:0x31c0df6cbbcf0cda!8m2!3d-6.200743!4d106.773611!16s%2Fg%2F11yrwtbgrw!19sChIJ_bmrVN72aS4R2gzPu2zfwDE?authuser=0&hl=id&rclk=1","WARTEG PUSAKA BAHARI","","","Restoran","","","","","","https://streetviewpixels-pa.googleapis.com/v1/thumbnail?panoid=d9Yo_fXoWbaSzxuPiQPzlA&cb_client=search.gws-prod.gps&w=80&h=92&yaw=137.02734&pitch=0&thumbfov=100","Makan di tempat","·","Bawa pulang",""
"https://www.google.com/maps/place/Xmitra+Bahari+Warteg/data=!4m7!3m6!1s0x2e69f71da171623d:0x237c802b1f18a0de!8m2!3d-6.1912717!4d106.7690851!16s%2Fg%2F11h6npk35c!19sChIJPWJxoR33aS4R3qAYHyuAfCM?authuser=0&hl=id&rclk=1","Xmitra Bahari Warteg","4,5","(2)","Tegal","·","","·","RQ59+FJW, Jl. Arjuna Sel., RT.7/RW.11","","https://lh3.googleusercontent.com/gps-cs-s/APNQkAE0DW6wvsLxWrMrNR5Leu2tuhWx1S-T3-vaCZxOdIqbdpJN3QWZko915EdJru12-RPf13iksB0elSyhanp0zJh6QMqST-PCC95E5yyct4Fh7GDO5IIsck4_Ntx7clMxSorGiL_pFA=w122-h92-k-no","Makan di tempat","·","Bawa pulang",""
"https://www.google.com/maps/place/Warteg+Doa+Ibu/data=!4m7!3m6!1s0x2e69f6e15538628b:0xd9f0d275de27641!8m2!3d-6.1933727!4d106.7764871!16s%2Fg%2F11j30yn2p7!19sChIJi2I4VeH2aS4RQXbiXScNnw0?authuser=0&hl=id&rclk=1","Warteg Doa Ibu","4,7","(6)","Tegal","·","","Jl. Gili Sampeng VI No.9 7, RT.7/RW.3","","Tutup","https://streetviewpixels-pa.googleapis.com/v1/thumbnail?panoid=xjjRUO6v22k6I3cboyrBTQ&cb_client=search.gws-prod.gps&w=80&h=92&yaw=284.33084&pitch=0&thumbfov=100","Makan di tempat","·","Bawa pulang","· Buka Min pukul 10.00"
"https://www.google.com/maps/place/WARTEG+PUTRABAHARI/data=!4m7!3m6!1s0x2e69f71bd8a0eb87:0xe2ee8c2eed935149!8m2!3d-6.1937312!4d106.7628176!16s%2Fg%2F11vbpv4vwg!19sChIJh-ug2Bv3aS4RSVGT7S6M7uI?authuser=0&hl=id&rclk=1","WARTEG PUTRABAHARI","5,0","(1)","Restoran","·","","RQ47+G44, Jl. Pejuangan, RT.9/RW.10","","","https://streetviewpixels-pa.googleapis.com/v1/thumbnail?panoid=YXFGJKTQFJDS8-Tjue2KNA&cb_client=search.gws-prod.gps&w=80&h=92&yaw=219.70686&pitch=0&thumbfov=100","Makan di tempat","·","Bawa pulang",""
"https://www.google.com/maps/place/Warteg+Panorama+Bahari/data=!4m7!3m6!1s0x2e69f71898718733:0xc033b914430dfc14!8m2!3d-6.1981763!4d106.7634693!16s%2Fg%2F11f50vw2x6!19sChIJM4dxmBj3aS4RFPwNQxS5M8A?authuser=0&hl=id&rclk=1","Warteg Panorama Bahari","5,0","(2)","Tegal","·","","Jl. Meruya Ilir Raya No.5 5B, RT.5/RW.1","","Tutup","https://streetviewpixels-pa.googleapis.com/v1/thumbnail?panoid=gyKUVT2L1pKzhz5p84_g3A&cb_client=search.gws-prod.gps&w=80&h=92&yaw=207.90125&pitch=0&thumbfov=100","Makan di tempat","·","Bawa pulang","· Buka Min pukul 06.00"
"https://www.google.com/maps/place/Warteg+Jaya+Bahari/data=!4m7!3m6!1s0x2e69f6fdab3a099b:0x40766678f449e993!8m2!3d-6.1855665!4d106.7735278!16s%2Fg%2F11q24kw1zp!19sChIJmwk6q_32aS4Rk-lJ9HhmdkA?authuser=0&hl=id&rclk=1","Warteg Jaya Bahari","4,3","(7)","Tegal","·","","","","","https://lh3.googleusercontent.com/gps-cs-s/APNQkAGlNoN1QLw3WjpssevUBHYU7Vs5UzHQIyenaP62_sbMpyPU8BcHf6NwTH_g3cEKt4lR39kdudTQGVXbaE52p5jFws8yuHiIwhPQBBNlQd7YVhtPJY7rom4MUZd-WBQCqaGv38R8=w80-h106-k-no","Makan di tempat","·","Bawa pulang",""
"https://www.google.com/maps/place/WARTEG+Bp+Hj+Ali+Sadikin/data=!4m7!3m6!1s0x2e69f7e279b75d6b:0x4cdb7c860f04dc03!8m2!3d-6.1927959!4d106.7626751!16s%2Fg%2F11q2v_6xlp!19sChIJa123eeL3aS4RA9wED4Z820w?authuser=0&hl=id&rclk=1","WARTEG Bp Hj Ali Sadikin","4,8","(4)","Tegal","·","","RQ47+V3M, RT.2/RW.7","","Tutup","https://lh3.googleusercontent.com/gps-cs-s/APNQkAFPDOtAwHEOXDoW89y3lLtjaWd8JeeQGAzwRZYDW5BRcXOySp6oTXCq4B6Ew3yTIDvHavVTunv_LHel_pO_aSfYGf8VVcC35COWzrzEf0EjeOHsig-Y_86Y18s3Ags6iZ4FbZMT4A=w163-h92-k-no","Makan di tempat","·","Bawa pulang","· Buka Min pukul 05.30"
"https://www.google.com/maps/place/Warteg+UTAMA+RASA+2/data=!4m7!3m6!1s0x2e69f731169ef30b:0x2f4332cd675541c6!8m2!3d-6.1850716!4d106.7699591!16s%2Fg%2F11gl3b8j81!19sChIJC_OeFjH3aS4RxkFVZ80yQy8?authuser=0&hl=id&rclk=1","Warteg UTAMA RASA 2","4,4","(7)","Tegal","·","","·","Jl. Duri Raya No.rt 02/07, RT.1/RW.2","Tutup","https://lh3.googleusercontent.com/gps-cs-s/APNQkAFJpsBW3FGgw44AQsIBmJeXk06AIvL4--wGmginZVRg55K6LDxuUXIf5MVB53JgYaiOMJcI8zapCIZhyacIngY8B8BGxnuFZZikYZD8bJxyYSXeFPvucZgC-L9LkG4erBhEudix=w80-h106-k-no","Makan di tempat","·","Bawa pulang","· Buka Min pukul 09.00"
"https://www.google.com/maps/place/Warteg+Ijo+Bahari/data=!4m7!3m6!1s0x2e69f75a24285a87:0xdd2a7090270992b3!8m2!3d-6.2019588!4d106.784117!16s%2Fg%2F11vbwdqs8k!19sChIJh1ooJFr3aS4Rs5IJJ5BwKt0?authuser=0&hl=id&rclk=1","Warteg Ijo Bahari","5,0","(2)","Tegal","·","","9, Jl. U Raya Jl. U No.20, RT.9/RW.15","","","https://streetviewpixels-pa.googleapis.com/v1/thumbnail?panoid=3lvItACN4svOYZdLJl_5UA&cb_client=search.gws-prod.gps&w=80&h=92&yaw=335.5669&pitch=0&thumbfov=100","Makan di tempat","·","Bawa pulang",""
"https://www.google.com/maps/place/Warteg+Putra+Jaya/data=!4m7!3m6!1s0x2e69f722832c7363:0x361db27b8c6cf50c!8m2!3d-6.1990818!4d106.7610779!16s%2Fg%2F11bz__z144!19sChIJY3MsgyL3aS4RDPVsjHuyHTY?authuser=0&hl=id&rclk=1","Warteg Putra Jaya","5,0","(2)","Tegal","·","","Jl. Meruya Ilir Raya No.23 1, RT.1/RW.7","","Tutup","https://lh3.googleusercontent.com/gps-cs-s/APNQkAEzq3oLEZxeOEgY_s5N3fzW747eAMEagqm1ddJrDIvruEdTBSMba2wyfUeEsH17PuO9CEsKYpMrjhNcInv-ifGnlQ5i7NkVymkMg5HxyVcjFOcTWTEVYJoMpwIFAJZifTbbbqT-=w163-h92-k-no","Makan di tempat","·","Bawa pulang","· Buka Min pukul 08.00"
"https://www.google.com/maps/place/Warteg+Mahkota/data=!4m7!3m6!1s0x2e69f7ebf14e6827:0xdaac20b040572a5a!8m2!3d-6.1855529!4d106.7706753!16s%2Fg%2F11fm_97tvh!19sChIJJ2hO8ev3aS4RWipXQLAgrNo?authuser=0&hl=id&rclk=1","Warteg Mahkota","4,5","(2)","Tegal","·","","·","5, RT.5/RW.1","Tutup","https://lh3.googleusercontent.com/gps-cs-s/APNQkAGYSs_VtU65ggsOf0DAh8E6Z147MACNJIxRfj9S-vh9-J4B0iHjrGnU1hXbFbc3VQiK6gODKSz_YCwr1X7A2cbbyZGB2VyYTilbofB9rULIQ5tY41asWDrCY_gDBYzahBnnIYcE=w80-h142-k-no","Makan di tempat","·","Bawa pulang","· Buka Min pukul 06.00"
"https://www.google.com/maps/place/Warteg+Grand+Bahari+BINUS/data=!4m7!3m6!1s0x2e69f700014c9ed7:0x8eb6d9421c6218c4!8m2!3d-6.2020166!4d106.7767467!16s%2Fg%2F11x912xbqp!19sChIJ155MAQD3aS4RxBhiHELZto4?authuser=0&hl=id&rclk=1","Warteg Grand Bahari BINUS","","","Indonesia","·","","QQXG+5MX, Jl. Anggrek Cakra, RT.4/RW.9","","Buka 24 jam","https://streetviewpixels-pa.googleapis.com/v1/thumbnail?panoid=dSVyHLiVoi3RAmVaZcGmxA&cb_client=search.gws-prod.gps&w=80&h=92&yaw=289.8235&pitch=0&thumbfov=100","Makan di tempat","·","Bawa pulang",""
"https://www.google.com/maps/place/WARTEG+SARKEM/data=!4m7!3m6!1s0x2e69f707065052af:0xd458acc3ed97a02b!8m2!3d-6.2031934!4d106.75943!16s%2Fg%2F11jf9f9qd_!19sChIJr1JQBgf3aS4RK6CX7cOsWNQ?authuser=0&hl=id&rclk=1","WARTEG SARKEM","5,0","(1)","Tegal","·","","·","2, RT.2/RW.5","","https://lh3.googleusercontent.com/gps-cs-s/APNQkAG6ioQcZeZy9_ezk6Z9jDLAX4aiRI9ZLl-SXhytmloMYVBoV_RZBuffc5MsQnAZcKTY5jnsXI0p2G_p_mjmZU6RcXNvl7RhmXC4giYBugTbGc4k6kYnxjd273cm5gSGcLG0Y3vw=w163-h92-k-no","Makan di tempat","·","Bawa pulang",""
"https://www.google.com/maps/place/Warteg+Gurame+asam+manis/data=!4m7!3m6!1s0x2e69f7fc032a82af:0xaf87305416ecd268!8m2!3d-6.1983154!4d106.7645896!16s%2Fg%2F11ghfdm13t!19sChIJr4IqA_z3aS4RaNLsFlQwh68?authuser=0&hl=id&rclk=1","Warteg Gurame asam manis","4,3","(3)","Tegal","·","","5,RW.1, RT.5/RW.1","","Tutup","https://lh3.googleusercontent.com/gps-cs-s/APNQkAE84hqJh4M7qSjwI3py4rdOGr-QXF6bI6jI-2_j70GM-NASTVhBQmuigL9GttAfufYY-WMIyJc9t6th5afD_X_c8Kh85TRdLL043EXMJLlNz8tWKF7u1PNW2TJlfL1y-006gnotPQ=w163-h92-k-no","Makan di tempat","·","Bawa pulang","· Buka Min pukul 09.00"
"https://www.google.com/maps/place/Warteg+Ayu+Dewi./data=!4m7!3m6!1s0x2e69f7fb9dc2739b:0xdc88e72fef1a5c35!8m2!3d-6.2035217!4d106.7746747!16s%2Fg%2F11f79468pl!19sChIJm3PCnfv3aS4RNVwa7y_niNw?authuser=0&hl=id&rclk=1","Warteg Ayu Dewi.","4,8","(5)","Tegal","·","","·","QQWF+HVV, Jl. Anggrek, RT.5/RW.5","Tutup","https://lh3.googleusercontent.com/gps-proxy/ALd4DhFUkw-2D2I4pdG8JtmGuTbOqSo--trCSN-ZHMDOcEzlwlie2fnugeQx2j-GtH8dq4KfNSJ3k3kX0sp09pMTIC77ui3qmIbHfrw7hsu_OLXIev69afXrlj8oHQ3539ZoQzKYjDrwTC6GRti13XUvcBs-FGNdfG0ho5_VCZoFb_KT-Fxs6m6O4aIJDPrptDMWtfja1o4=w122-h92-k-no","Makan di tempat","·","Bawa pulang","· Buka Min pukul 06.00"
"https://www.google.com/maps/place/WARTEG+SOTO+AYAM/data=!4m7!3m6!1s0x2e69f7a0e1bdf5ad:0xc8c2bff4d870c730!8m2!3d-6.18413!4d106.76835!16s%2Fg%2F11kcwjxs0q!19sChIJrfW94aD3aS4RMMdw2PS_wsg?authuser=0&hl=id&rclk=1","WARTEG SOTO AYAM","4,7","(3)","Kedai Kopi","·","","Jl. Kedoya Duri Raya No.31 1, RT.1/RW.7","","Segera tutup","https://lh3.googleusercontent.com/gps-cs-s/APNQkAFVhpPN3REgqjqUP_cKyWpB9lYKO2YIfjacZP7JW8NdYHhmCA3DPIdrXkC-Ufs91Y4uggHIu9eCAlvUKsxAoCy1ERy6_TiXIZQgbhrzfWsgRumhGQN_3RPhrTOap3ROmO0sFRI5=w80-h142-k-no","Makan di tempat","·","Bawa pulang","· 23.00 · Buka Min pukul 07.00"
"https://www.google.com/maps/place/Warteg+Mpok+Caca/data=!4m7!3m6!1s0x2e69f7b8efec866f:0xbd1cc6df102a1b91!8m2!3d-6.1879503!4d106.7633229!16s%2Fg%2F11t5d9vnt7!19sChIJb4bs77j3aS4RkRsqEN_GHL0?authuser=0&hl=id&rclk=1","Warteg Mpok Caca","4,0","(1)","Dapur Umum","·","","Jl. Kedoya Agave VII No.9, RT.9/RW.4","","","https://streetviewpixels-pa.googleapis.com/v1/thumbnail?panoid=QhOehwMtBFKtIyY1gqjC-A&cb_client=search.gws-prod.gps&w=80&h=92&yaw=184.30806&pitch=0&thumbfov=100","","","",""
"https://www.google.com/maps/place/WARTEG+Langgeng+Jaya/data=!4m7!3m6!1s0x2e69f717f51cc9b9:0x995a5a49cbfe6fd6!8m2!3d-6.197871!4d106.7586733!16s%2Fg%2F11gdr3prrt!19sChIJuckc9Rf3aS4R1m_-y0laWpk?authuser=0&hl=id&rclk=1","WARTEG Langgeng Jaya","5,0","(2)","Tegal","·","","Jl. Meruya Ilir Raya No.28 4, RT.4/RW.1","","Tutup","https://lh3.googleusercontent.com/gps-cs-s/APNQkAHUzIV8hgdTukMfelbyavir0YVQ9pauQvdC5wuEe4c3g8qBMJr_uApqizplRu9OHlM4AW3fe6trre0KLQ_sptbSZXMC3GwzXHB9FzXYu-M17sRbg8zbpAUp5W55Z8yJcsiYCYrJ=w122-h92-k-no","Makan di tempat","·","Bawa pulang","· Buka Min pukul 06.00"
"https://www.google.com/maps/place/Warteg+kharisma+bahari+gg+keluarga+kemanggisan/data=!4m7!3m6!1s0x2e69f7d33eaebee9:0x8e79f74d4e940669!8m2!3d-6.2001471!4d106.783618!16s%2Fg%2F11vpsb8zkt!19sChIJ6b6uPtP3aS4RaQaUTk33eY4?authuser=0&hl=id&rclk=1","Warteg kharisma bahari gg keluarga kemanggisan","","","Tegal","·","","Jl. Kh.Syahdan Gg. Keluarga No.39, RT.6/RW.12","","Tutup","https://lh3.googleusercontent.com/gps-cs-s/APNQkAFUzutItMed5QrbhzA00MsYVfRQyctvoKfEU0neUFl8qZZbHpFJxK60dOLEXNjh5Yw9fD1g2i6c1paF8q6pV8aIAShtmrIpQgtffv0Z8R4CDg7B_vb1IEcXd3VpUSlnzYSjZR--4w=w122-h92-k-no","Makan di tempat","·","Bawa pulang","· Buka Min pukul 07.00"
"https://www.google.com/maps/place/Warteg+Komplek+DPR+Kemanggisan/data=!4m7!3m6!1s0x2e69f6e83c723cc3:0x36b011e314da600c!8m2!3d-6.1972914!4d106.78413!16s%2Fg%2F11g9k0k_3v!19sChIJwzxyPOj2aS4RDGDaFOMRsDY?authuser=0&hl=id&rclk=1","Warteg Komplek DPR Kemanggisan","4,7","(22)","Tegal","·","","·","Jl. Kemanggisan Ilir VI No.7, RT.2/RW.12","Tutup","https://lh3.googleusercontent.com/gps-cs-s/APNQkAGltKdxJKI78NSRAecLUY3Ky002sVCLtnM1jOlr76w_MqGLL-EJB5T-0zVLXbpJyYx14nzeJaxOtAADEJENpg8CemIHwg5FZV4MgNjCQ62tlAaVexQ4C3XjD5FQI65GvCEIYXYd=w80-h106-k-no","Makan di tempat","·","Bawa pulang","· Buka Min pukul 05.00"
"https://www.google.com/maps/place/Warteg+Rasa/data=!4m7!3m6!1s0x2e69f717ae458947:0x348224171ba5fdc5!8m2!3d-6.1970322!4d106.7564208!16s%2Fg%2F11c2kltgf8!19sChIJR4lFrhf3aS4Rxf2lGxckgjQ?authuser=0&hl=id&rclk=1","Warteg Rasa","5,0","(1)","Tegal","·","","Jl. Srengseng Raya No.46 4, RT.4/RW.1","","Tutup","https://streetviewpixels-pa.googleapis.com/v1/thumbnail?panoid=fxQEnEE9tdevwI2L_sx1sg&cb_client=search.gws-prod.gps&w=80&h=92&yaw=78.77519&pitch=0&thumbfov=100","Makan di tempat","·","Bawa pulang","· Buka Min pukul 06.00"
"https://www.google.com/maps/place/Warteg+berkah+jaya/data=!4m7!3m6!1s0x2e69f73610129a39:0x1eeca114e6506c5c!8m2!3d-6.1975671!4d106.7731806!16s%2Fg%2F11sz3v0xhr!19sChIJOZoSEDb3aS4RXGxQ5hSh7B4?authuser=0&hl=id&rclk=1","Warteg berkah jaya","3,0","(1)","Indonesia","·","","Jl. Raya Kb. Jeruk No.011, RT.1/RW.2","","","https://streetviewpixels-pa.googleapis.com/v1/thumbnail?panoid=P53Oi6CfHl-x6P7GlB7L7A&cb_client=search.gws-prod.gps&w=80&h=92&yaw=181.94855&pitch=0&thumbfov=100","Makan di tempat","·","Bawa pulang",""
"https://www.google.com/maps/place/WARTEG+PILAR+JAYA+KBN+JTK/data=!4m7!3m6!1s0x2e69f70060a86565:0x67aa1079dd890ea6!8m2!3d-6.1843731!4d106.7611595!16s%2Fg%2F11yzvh7rsm!19sChIJZWWoYAD3aS4Rpg6J3XkQqmc?authuser=0&hl=id&rclk=1","WARTEG PILAR JAYA KBN JTK","","","Nasi","·","","Jl. Pilar Baru No.1, RT.5/RW.3","","","https://streetviewpixels-pa.googleapis.com/v1/thumbnail?panoid=pYpdjjQG8WnMMqzxV1HhxQ&cb_client=search.gws-prod.gps&w=80&h=92&yaw=213.6002&pitch=0&thumbfov=100","","","",""
"https://www.google.com/maps/place/Warteg+duabelas/data=!4m7!3m6!1s0x2e69f752cbecac25:0xcd53d6ae5f0d3976!8m2!3d-6.1995166!4d106.7824965!16s%2Fg%2F11trwq5nv9!19sChIJJazsy1L3aS4RdjkNX67WU80?authuser=0&hl=id&rclk=1","Warteg duabelas","","","Dapur Umum","·","","RQ2J+5XX, Jl. Rw. Belong Jl. Kemanggisan Raya, RT.007/015/RW.no.12","","Tutup","https://lh3.googleusercontent.com/gps-cs-s/APNQkAFlvkeHWHYaxTDC5pnAvl04-4maI0nSrUVkHE3-d-rfByICgX9KLfPLQ3jmQIy9W4HNRRfd808Owk2AnqkWRa1be4O-7rqH_DmQ7vljnA1B9v7E4xOv8xC7VpYP-_m_2onkFQ-t=w189-h92-k-no","","","","· Buka Min pukul 07.00"
"https://www.google.com/maps/place/Warteg+Cahaya+Bahari/data=!4m7!3m6!1s0x2e69f73a29ed0ed7:0x4da3c6f5966797a2!8m2!3d-6.2004472!4d106.7847363!16s%2Fg%2F11vf6pdqpt!19sChIJ1w7tKTr3aS4RopdnlvXGo00?authuser=0&hl=id&rclk=1","Warteg Cahaya Bahari","5,0","(1)","Tegal","·","","6, Jl. H. Senin Gg. Delima No.23, RT.6/RW.12","","Tutup","https://streetviewpixels-pa.googleapis.com/v1/thumbnail?panoid=VeTXhGDcmtqL7pRpvLrwuw&cb_client=search.gws-prod.gps&w=80&h=92&yaw=70.55659&pitch=0&thumbfov=100","Makan di tempat","·","Bawa pulang","· Buka Min pukul 07.00"
"https://www.google.com/maps/place/Warteg+Lancar/data=!4m7!3m6!1s0x2e69f6e0bdd305d1:0x2808a7a0fcfbd7eb!8m2!3d-6.1976343!4d106.7753082!16s%2Fg%2F1hm304gy4!19sChIJ0QXTveD2aS4R69f7_KCnCCg?authuser=0&hl=id&rclk=1","Warteg Lancar","4,2","(60)","Tegal","·","","·","Jl. Raya Kb. Jeruk No.18 8, RT.8/RW.2","Tutup","https://lh3.googleusercontent.com/gps-cs-s/APNQkAE-oB9TrSeeRv-L5-ViRXjQCUGgP31P4HUmxsbNjGHLeCGn9em8unA-_26Tgy3m3bIazH4ldCWk1uOmGy_lnWmKWLp2wvoN8PPRRIeIQ2T4JxjZYlmftOVD35GzuWfJms5KQLo=w80-h106-k-no","Makan di tempat","·","Bawa pulang","· Buka Min pukul 08.00"
"https://www.google.com/maps/place/Warteg+KPK+%28+Komisi+Pemberantas+Kelaparan%29/data=!4m7!3m6!1s0x2e69f7f99c5439fb:0x71605db8d1cd7c96!8m2!3d-6.2005746!4d106.7827424!16s%2Fg%2F11j8w5dgmg!19sChIJ-zlUnPn3aS4RlnzN0bhdYHE?authuser=0&hl=id&rclk=1","Warteg KPK ( Komisi Pemberantas Kelaparan)","4,5","(2)","Tegal","·","","Jl. Raya Kb. Jeruk No.11 J, RT.6/RW.12","","Tutup","https://lh3.googleusercontent.com/gps-cs-s/APNQkAHFom_p7LMnMka9ueAMETgih-BCLxg9-gJP4Mtz5YUTrDWJt36hR1BLm8bf5QZtyD1j4VZbyYInxlkruwi0H0Q_rPjEUbUxfQFoTVeNsoMElEdomp1U_3TgJzD5kAxBxLOeezHV=w80-h106-k-no","Makan di tempat","·","Bawa pulang","· Buka Min pukul 09.00"
"https://www.google.com/maps/place/Warteg+Mulyadi/data=!4m7!3m6!1s0x2e69f6e08d981165:0x95ae3b9e854b74b!8m2!3d-6.197394!4d106.774244!16s%2Fg%2F11by_k1gx5!19sChIJZRGYjeD2aS4RS7dU6LnjWgk?authuser=0&hl=id&rclk=1","Warteg Mulyadi","3,3","(3)","Jawa","·","","Raya B,, Jl. Raya Kb. Jeruk No.25, RT.9/RW.2","","Tutup","https://streetviewpixels-pa.googleapis.com/v1/thumbnail?panoid=jFbgWTBSAVrF2yyyiUsxZA&cb_client=search.gws-prod.gps&w=80&h=92&yaw=234.10712&pitch=0&thumbfov=100","Makan di tempat","·","Bawa pulang","· Buka Sen pukul 07.00"
"https://www.google.com/maps/place/Warteg+Mamoka+Bahari/data=!4m7!3m6!1s0x2e69f6c327a8f8a5:0xd941d29eca4c81d2!8m2!3d-6.199999!4d106.783251!16s%2Fg%2F11hhz7gp9k!19sChIJpfioJ8P2aS4R0oFMyp7SQdk?authuser=0&hl=id&rclk=1","Warteg Mamoka Bahari","2,3","(9)","Tegal","·","","Jl. Kyai H. Syahdan No.39 6, RT.7/RW.12","","","https://lh3.googleusercontent.com/gps-cs-s/APNQkAG5zJgQX43RjXZ8YjdjQ8gvFGIyMqdm6BFYnVnl0Yh1RikZgxLZIPp571jFkHxbuZnYiaiPS_xnKjxRd04LmwtNUOQP4lY0j08frA_3hHhfXcdelDRAVFkpbp7cQQBiqUZpG1fUuw=w80-h106-k-no","Makan di tempat","·","Bawa pulang",""
"https://www.google.com/maps/place/Warteg+Sitrun/data=!4m7!3m6!1s0x2e69f71f028eac87:0x8688de6487439ab0!8m2!3d-6.1966029!4d106.767351!16s%2Fg%2F1hm5s5w44!19sChIJh6yOAh_3aS4RsJpDh2TeiIY?authuser=0&hl=id&rclk=1","Warteg Sitrun","4,2","(17)","Tegal","·","","·","Jl. Sitrun Gg. Mushola Dua No.4, RT.4/RW.10","Tutup","https://lh3.googleusercontent.com/gps-cs-s/APNQkAHksATxnGmD53OmCDv6dfQFnBsNo_WkioFNwGr7vr9I9xJM74T4FWRMA_hmVZKuJel9c8CK9X7CCrcXPCRIXDW3fIEZyqtAFslU8Fmp7jO-MChRWLfFugmyoR8YTCmUkphfZ7rCGw=w80-h177-k-no","Makan di tempat","·","Bawa pulang","· Buka Min pukul 04.30"
"https://www.google.com/maps/place/Warteg+Bu+Samroh/data=!4m7!3m6!1s0x2e69f6fa7d4b2595:0xed7be9bc417bce57!8m2!3d-6.1854019!4d106.7816957!16s%2Fg%2F11hd5dps26!19sChIJlSVLffr2aS4RV857Qbzpe-0?authuser=0&hl=id&rclk=1","Warteg Bu Samroh","5,0","(2)","Tegal","·","","Jl. Arjuna Utara No.1 A 5, RT.6/RW.2","","Tutup","https://streetviewpixels-pa.googleapis.com/v1/thumbnail?panoid=IJi8SMsvmGq_0KvBv8O4SQ&cb_client=search.gws-prod.gps&w=80&h=92&yaw=8.498603&pitch=0&thumbfov=100","Makan di tempat","·","Bawa pulang","· Buka Min pukul 06.00"
"https://www.google.com/maps/place/Warung+Migo:+Warteg+2+Putra/data=!4m7!3m6!1s0x2e69f76dff2c0009:0x81483cb33a936c14!8m2!3d-6.1989928!4d106.7800392!16s%2Fg%2F11q8wfqjfz!19sChIJCQAs_233aS4RFGyTOrM8SIE?authuser=0&hl=id&rclk=1","Warung Migo: Warteg 2 Putra","","","Area Wi-Fi","·","","Jl. Raya Kb. Jeruk No.43, RT.:003/RW:09/RW.9","","Buka 24 jam","https://streetviewpixels-pa.googleapis.com/v1/thumbnail?panoid=eT-aiUuPJFqp5F6sa6wEaw&cb_client=search.gws-prod.gps&w=80&h=92&yaw=170.53088&pitch=0&thumbfov=100","","","",""
"https://www.google.com/maps/place/Warteg+Gemilang+Bahari/data=!4m7!3m6!1s0x2e69f700764745b3:0x72bd7c03b1ff271e!8m2!3d-6.2024231!4d106.7675927!16s%2Fg%2F11ybh3jnv0!19sChIJs0VHdgD3aS4RHif_sQN8vXI?authuser=0&hl=id&rclk=1","Warteg Gemilang Bahari","2,6","(5)","Restoran","·","","Jl. E No.22, RT.2/RW.1","","","https://lh3.googleusercontent.com/gps-cs-s/APNQkAEEynYt7tTkwkGeGAvfahB39Hxbp9sA7sm1iTothFPaLJRxIrycni28BX0JeMQA4LgXZj6dSsJxt79Rguipec7QmIIad-GIbL06XuPp4eFDoyf-C82Hp4_rW7FABmYYC-9GW9StQqgodZWu=w80-h106-k-no","Makan di tempat","·","Bawa pulang",""
"https://www.google.com/maps/place/WARTEG+DERISA/data=!4m7!3m6!1s0x2e69f6db0dd2e177:0x12b2660cf94ff53e!8m2!3d-6.2048611!4d106.7800783!16s%2Fg%2F11dxf0sphr!19sChIJd-HSDdv2aS4RPvVP-QxmshI?authuser=0&hl=id&rclk=1","WARTEG DERISA","5,0","(11)","Tegal","·","","·","Jl. Salam Raya No.23, RT.6/RW.6","Tutup","https://lh3.googleusercontent.com/gps-cs-s/APNQkAGsMMHwMBqSdDnD4JBc86Dc52geHk0rA2wd8eHo3pA1AUY9NTrBSolzYhxNDe5ENg00m7UznCTGvWzfA0kE2t89Y-R6nHvRkdDxU5BXxhcaEtX7Hrca1IaWkPbxslWwEbHyzv1Z=w80-h106-k-no","Makan di tempat","·","Bawa pulang","· Buka Min pukul 06.30"
"https://www.google.com/maps/place/Warteg+Sery+Jaya/data=!4m7!3m6!1s0x2e69f6fbe6fa4cdb:0x25c71edfa9b5bbb1!8m2!3d-6.1835568!4d106.7778786!16s%2Fg%2F11hf1_8twd!19sChIJ20z65vv2aS4Rsbu1qd8exyU?authuser=0&hl=id&rclk=1","Warteg Sery Jaya","5,0","(2)","Tegal","·","","·","Jl. Kebon Raya No.10, RT.1/RW.2","Tutup","https://lh3.googleusercontent.com/gps-cs-s/APNQkAEhZpCUaciEy7Mr2QabuYXBMEG7_BhWiM1p84Bf2mkar70I8yhrrVAvdZeVQf0gCNxjUXPsBDBRVd06aNKNV-WhYQ5oNq3PfirNyD6WzQdDf-B9lqlGFVGE7Ia6f_3CTGuMyvrUMqFy2Ig=w80-h106-k-no","Makan di tempat","·","Bawa pulang","· Buka Min pukul 06.00"
"https://www.google.com/maps/place/Warteg+kharisma+bahari/data=!4m7!3m6!1s0x2e69f7be6ba3751b:0xaea3ff344e24e147!8m2!3d-6.2007961!4d106.7848353!16s%2Fg%2F11yf6x6tzw!19sChIJG3Wja773aS4RR-EkTjT_o64?authuser=0&hl=id&rclk=1","Warteg kharisma bahari","","","Rumah Makan","·","","Jl. Kyai H. Syahdan No.18, RT.7/RW.12","","Segera tutup","https://lh3.googleusercontent.com/gps-cs-s/APNQkAGq66czET3Ala399zcV3ILV2N9W6h9jm32Z5DYX8USAynOr5Jg7Awv9IogBNg91pCSz7ablYivSCghZvSqRv0NL8Gs2L4WNoS8m6LEJvDMPWLJXD-Zfi6G82-82zmKXGb0PT8bOK9Hu_WY=w80-h105-k-no","Makan di tempat","·","Drive-through","· 23.00 · Buka Min pukul 08.00"
"https://www.google.com/maps/place/Warteg+Ar+-+Rizky+Soto+Ayam/data=!4m7!3m6!1s0x2e69f7181ca406d5:0xe9bb9ce5f09cd311!8m2!3d-6.1982796!4d106.7591828!16s%2Fg%2F11q_4cp99s!19sChIJ1QakHBj3aS4REdOc8OWcu-k?authuser=0&hl=id&rclk=1","Warteg Ar - Rizky Soto Ayam","5,0","(1)","Restoran","","","","","","https://streetviewpixels-pa.googleapis.com/v1/thumbnail?panoid=a4bzNi0-fWLXVizfPWzCGA&cb_client=search.gws-prod.gps&w=80&h=92&yaw=254.77466&pitch=0&thumbfov=100","Makan di tempat","·","Bawa pulang",""
"https://www.google.com/maps/place/Warteg+ngga+ada+namanya/data=!4m7!3m6!1s0x2e69f70016944eab:0x48fb67e32d80130f!8m2!3d-6.1947707!4d106.7857489!16s%2Fg%2F11xvtjgqqd!19sChIJq06UFgD3aS4RDxOALeNn-0g?authuser=0&hl=id&rclk=1","Warteg ngga ada namanya","5,0","(1)","Restoran","·","","Jl. Anggaran No.52, RT.8/RW.13","","","https://lh3.googleusercontent.com/gps-cs-s/APNQkAHlYpnFVeenPq_JGZsB4uSLQAh9a2BRwKanj_mfE8UDNlT18igHJKIQpI2SvDlV0a0gCbt9V0WuY8Ogo-D2dlm80-MsKbOoFUYRl9J3chPES7CuVDRv_s4DzSUjZklSl0Gp49P8cpVZSn0=w80-h106-k-no","Makan di tempat","","",""
"https://www.google.com/maps/place/Warteg+Sumber+Rejeki/data=!4m7!3m6!1s0x2e69f6f9891e5bb3:0xd170bc3a599c44c2!8m2!3d-6.1827738!4d106.7804141!16s%2Fg%2F11d_bnynhj!19sChIJs1seifn2aS4RwkScWTq8cNE?authuser=0&hl=id&rclk=1","Warteg Sumber Rejeki","4,3","(11)","Jawa","·","","·","Jl. Patra No.10, RT.3/RW.2","Buka","https://lh3.googleusercontent.com/gps-cs-s/APNQkAGx4yVfiSWgb1RDC-pWvyfOIO6Jdrs2R7LSlP1N_fEOrud9yaCqMAJVZsNqu-laTQMABXOpX-qaFS0BJAsPhe8Hg_mZ0guNqQNGMILkDiTOfIg9eB-gn9b3MKLHLaIiz3BX_S4f3w=w163-h92-k-no","Makan di tempat","·","Bawa pulang","· Tutup pukul 00.00"
"https://www.google.com/maps/place/WARTEG+TEGAL+BAHARI/data=!4m7!3m6!1s0x2e69f6ef8892d419:0x7252baf8f507917f!8m2!3d-6.1898224!4d106.7826377!16s%2Fg%2F11md79z606!19sChIJGdSSiO_2aS4Rf5EH9fi6UnI?authuser=0&hl=id&rclk=1","WARTEG TEGAL BAHARI","","","Restoran","·","","RQ6M+337, Jl. Budi Raya No.101A, RT.1/RW.5","","","https://streetviewpixels-pa.googleapis.com/v1/thumbnail?panoid=rk9tSOFDrRDQUWXtPflAdQ&cb_client=search.gws-prod.gps&w=80&h=92&yaw=297.8655&pitch=0&thumbfov=100","Makan di tempat","","",""
"https://www.google.com/maps/place/Warteg+Eka+Jaya+2/data=!4m7!3m6!1s0x2e69f7b5a7926e89:0xd0a059e4ab1fee8d!8m2!3d-6.1917877!4d106.7554545!16s%2Fg%2F11gjj2k1rf!19sChIJiW6Sp7X3aS4Rje4fq-RZoNA?authuser=0&hl=id&rclk=1","Warteg Eka Jaya 2","5,0","(2)","Tegal","·","","Jl. Kencana Murni No.RT 11 03, RT.11/RW.3","","Tutup","https://lh3.googleusercontent.com/gps-cs-s/APNQkAEYOSOx-KHACCrJ8v0oIR3TwyIqgBkCC3o5JmalW21a-iTc_j1obBotcvuHbKh9XktnKbKaZZWzf1Hku8QVDRI9KvjrskLf4TwHyq5AmXKBsbFoue4AT9QNv7VvjNB-JMMhx_w=w80-h142-k-no","Makan di tempat","·","Bawa pulang","· Buka Min pukul 06.34"
"https://www.google.com/maps/place/Warteg+gemilang+bahari/data=!4m7!3m6!1s0x2e69f7007a42dcc1:0xd2356743719a544d!8m2!3d-6.1987951!4d106.76547!16s%2Fg%2F11xtyr54vn!19sChIJwdxCegD3aS4RTVSacUNnNdI?authuser=0&hl=id&rclk=1","Warteg gemilang bahari","1,0","(1)","Indonesia","·","","RQ28+F5Q, RT.6/RW.1","","","https://streetviewpixels-pa.googleapis.com/v1/thumbnail?panoid=-eCE70jImZqgCxfrMlH3sw&cb_client=search.gws-prod.gps&w=80&h=92&yaw=139.31621&pitch=0&thumbfov=100","Makan di tempat","","",""
"https://www.google.com/maps/place/WARTEG+RENGGANIS/data=!4m7!3m6!1s0x2e69f6fdab3be9c1:0x2668c07b554dcda8!8m2!3d-6.185513!4d106.7735313!16s%2Fg%2F11xv1s5ykx!19sChIJwek7q_32aS4RqM1NVXvAaCY?authuser=0&hl=id&rclk=1","WARTEG RENGGANIS","1,0","(2)","Restoran","","","","","","https://streetviewpixels-pa.googleapis.com/v1/thumbnail?panoid=L2EKVs-XYeHTIMmjuXonPQ&cb_client=search.gws-prod.gps&w=80&h=92&yaw=219.83849&pitch=0&thumbfov=100","Makan di tempat","","",""
"https://www.google.com/maps/place/Warteg+pangeran+bahari/data=!4m7!3m6!1s0x2e69f7dc191da4bf:0x8699d9d4f0f35579!8m2!3d-6.1852859!4d106.7686114!16s%2Fg%2F11y2kk3npy!19sChIJv6QdGdz3aS4ReVXz8NTZmYY?authuser=0&hl=id&rclk=1","Warteg pangeran bahari","","","Rumah Makan","·","","Jl. Panjang","","Buka 24 jam","https://lh3.googleusercontent.com/gps-cs-s/APNQkAGZxB8MoO4ahcBqlMFaBg4h-9GUo3ocN4WhTl0dF1CnX0k8h05_LW9YXNPQA3zZE8CyAcKRFieozfm_wq95V_PY_GshYY3V0UI3eBKxxjZBgrzoHl8bCQYoPdcymx8jUSR_k6PCUBF5tRDT=w163-h92-k-no","Makan di tempat","·","Ambil di tepi jalan",""
"https://www.google.com/maps/place/WARTEG+BAHARI+SENTOSA/data=!4m7!3m6!1s0x2e69f6fa0c3d70e7:0xf8fd5cf30573028f!8m2!3d-6.18394!4d106.7820503!16s%2Fg%2F11tk1xkv9f!19sChIJ53A9DPr2aS4RjwJzBfNc_fg?authuser=0&hl=id&rclk=1","WARTEG BAHARI SENTOSA","3,0","(3)","Restoran","·","","RQ8J+CRF, Jl. Sekretaris, RT.015/007/RW.7","","","https://lh3.googleusercontent.com/gps-cs-s/APNQkAEY7-oPI78fRSi2C0YEAHEQDCwch7zDeahd11WT0eO3-viSkaHqo5Qh4Lu9Ys9qYNvttHQ6F4C9fb9KF9SGjWxKwSRhZHDUp8pN4QffKTp_zgJljtElmnN34aIElR2iPfVSyU9j=w92-h92-k-no","Makan di tempat","·","Bawa pulang",""
"https://www.google.com/maps/place/Warteg+Cahyo+Jomas/data=!4m7!3m6!1s0x2e69f710998a2219:0xc762cb39a4dd4668!8m2!3d-6.1954459!4d106.7564428!16s%2Fg%2F11h0cfjn79!19sChIJGSKKmRD3aS4RaEbdpDnLYsc?authuser=0&hl=id&rclk=1","Warteg Cahyo Jomas","5,0","(6)","Tegal","·","","Jl. Jomas No.18-20 6, RT.6/RW.5","","Tutup","https://lh3.googleusercontent.com/gps-cs-s/APNQkAF5upxyp5ROOSuaCSEBXU-vv3XtF1ium0wgwe-tuWIu0gg6UALx-MUmTaEkXzPu3WgwbAjIs__hs-GAdBWZcCToINwDGAp1QXushHYPX9NX3ZU2h454aATcdTRhXa-V2cKoyMM=w122-h92-k-no","Makan di tempat","·","Bawa pulang","· Buka Min pukul 06.00"
"https://www.google.com/maps/place/Warteg+Syafi/data=!4m7!3m6!1s0x2e69f70fb3425ae5:0x37b8d58c3074feba!8m2!3d-6.1882392!4d106.756815!16s%2Fg%2F11b6_8_8sj!19sChIJ5VpCsw_3aS4Ruv50MIzVuDc?authuser=0&hl=id&rclk=1","Warteg Syafi","2,7","(3)","Tegal","·","","jl.h.briti.a.kembangan.kec.kembangan.jakarta barat 11610, RT.1/RW.7","","Tutup","https://lh3.googleusercontent.com/gps-cs-s/APNQkAHI6OeY2IVyM9UQQcU1Ev3Uh-9P03mzu7JJabWPqy7-D2tGAvc03CWU--t_QJri0p6TUb0WMq8hRdrV09jnGgGKmcR222FM7s_s9VNrrT5YxAUk5pVRq_Hcu8e9N4FaQUcUZOR2=w122-h92-k-no","Makan di tempat","·","Bawa pulang","· Buka Min pukul 08.00"
"https://www.google.com/maps/place/Warteg+Nirmala+Bahari/data=!4m7!3m6!1s0x2e69f70067b3173b:0xf5ff5bb920c0e6f!8m2!3d-6.2024131!4d106.7675874!16s%2Fg%2F11wy4mptj1!19sChIJOxezZwD3aS4Rbw4Mkrv1Xw8?authuser=0&hl=id&rclk=1","Warteg Nirmala Bahari","","","Restoran","·","","Jl. E No.22, RT.2/RW.1","","","https://streetviewpixels-pa.googleapis.com/v1/thumbnail?panoid=XPJpX0fD2oEGRLMSp6oH8w&cb_client=search.gws-prod.gps&w=80&h=92&yaw=38.237305&pitch=0&thumbfov=100","Makan di tempat","","",""
"https://www.google.com/maps/place/WARTEG+12+PAS/data=!4m7!3m6!1s0x2e69f7aae08c32b3:0xadd6f988d72ff4fa!8m2!3d-6.2039743!4d106.7829865!16s%2Fg%2F11fm49sv2r!19sChIJszKM4Kr3aS4R-vQv14j51q0?authuser=0&hl=id&rclk=1","WARTEG 12 PAS","4,7","(3)","Tegal","·","","Jl. Rw. Belong No.12 7, RT.7/RW.15","","Tutup","https://lh3.googleusercontent.com/gps-cs-s/APNQkAEt8aD3L8uHgNZSthA39mCGkCe6A6kp-n_d6YXbkDZ0LO0ROfLoEb6Q47FfR0SdJcKf8NxbXhmLtVHwCDYXys1pVic7DTKnVwQDye9_FbqJZ_z-qtRTXVZi4AWp0liL08ToaPUsxg=w194-h92-k-no","Makan di tempat","·","Bawa pulang","· Buka Min pukul 06.15"
"https://www.google.com/maps/place/Warteg+Tio/data=!4m7!3m6!1s0x2e69f7ebd42f0127:0x99cb68d10177ea88!8m2!3d-6.2008465!4d106.7565952!16s%2Fg%2F11r3b_bcyk!19sChIJJwEv1Ov3aS4RiOp3AdFoy5k?authuser=0&hl=id&rclk=1","Warteg Tio","4,5","(4)","Tegal","·","","5, RT.5/RW.1","","Buka 24 jam","https://lh3.googleusercontent.com/gps-cs-s/APNQkAFNjThfajKeaRVtoGMlpj816g95_XQkdSTC9fRFrXvAtbDmDQhVjlSl4BU6NohYEbtNacW9XvSrzsr9uuIjbZU5OhWKxsMXHx9BRZ8NgJPcVITjSvi_v4aoUv59ZJteujV645wX=w163-h92-k-no","Makan di tempat","·","Bawa pulang",""
"https://www.google.com/maps/place/Warteg+Mami/data=!4m7!3m6!1s0x2e69f6fb94e6aa4f:0xcd61d53ff565fb8!8m2!3d-6.1844374!4d106.7778418!16s%2Fg%2F11n97_d8j_!19sChIJT6rmlPv2aS4RuF9W_1Md1gw?authuser=0&hl=id&rclk=1","Warteg Mami","5,0","(1)","Tegal","·","","Jl. Kebon Raya No.104, RT.2/RW.2","","","https://streetviewpixels-pa.googleapis.com/v1/thumbnail?panoid=3l9A8tlMkr-CpoiAtuoc-g&cb_client=search.gws-prod.gps&w=80&h=92&yaw=105.95368&pitch=0&thumbfov=100","Makan di tempat","·","Bawa pulang",""
"https://www.google.com/maps/place/Warteg+Pojok+Ibu+Mus/data=!4m7!3m6!1s0x2e69f75999199df3:0x170098eb9003ff97!8m2!3d-6.1896547!4d106.7629041!16s%2Fg%2F11h0g_2n7t!19sChIJ850ZmVn3aS4Rl_8DkOuYABc?authuser=0&hl=id&rclk=1","Warteg Pojok Ibu Mus","4,8","(6)","Restoran","·","","Jl. Kedoya Agave Raya No.10, RT.10/RW.4","","Tutup","https://lh3.googleusercontent.com/gps-cs-s/APNQkAFty0dtv6nFBQy6JUVIjcV-g3LqLHM4flnl0A1s-FkpQbfDRXrCu6w98zIjBcbFHYdlpKkK1p-t_TrbKujA6psEkNrHgWc_nUag6O-_Eu9dttyR0rsTinJg9fEI3vR-LginqsjR=w163-h92-k-no","Makan di tempat","·","Bawa pulang","· Buka Min pukul 06.00"
"https://www.google.com/maps/place/Warteg+Setia+Jaya+Bahari/data=!4m7!3m6!1s0x2e69f6c43aa2192d:0xcb8a9e589d6b253d!8m2!3d-6.2031851!4d106.787096!16s%2Fg%2F11bx44k_g7!19sChIJLRmiOsT2aS4RPSVrnVieiss?authuser=0&hl=id&rclk=1","Warteg Setia Jaya Bahari","4,8","(4)","Tegal","·","","Jl. Palmerah Bar. IX No.19 13, RT.6/RW.9","","Segera tutup","https://streetviewpixels-pa.googleapis.com/v1/thumbnail?panoid=0lcAaHSeF1U9JXsOXEEE8w&cb_client=search.gws-prod.gps&w=80&h=92&yaw=197.9011&pitch=0&thumbfov=100","Makan di tempat","·","Bawa pulang","· 23.00 · Buka Min pukul 05.30"
"https://www.google.com/maps/place/Warteg+Masakan+Khas+Jawa/data=!4m7!3m6!1s0x2e69f71224fa34fb:0xdc403e59c39b151c!8m2!3d-6.1984945!4d106.7560773!16s%2Fg%2F11h2gp131y!19sChIJ-zT6JBL3aS4RHBWbw1k-QNw?authuser=0&hl=id&rclk=1","Warteg Masakan Khas Jawa","5,0","(3)","Pujasera","·","","Jl. Srengseng Raya No.43-9 4, RT.2/RW.1","","Tutup","https://lh3.googleusercontent.com/gps-cs-s/APNQkAHv_lrYvUujcb51iU3j--a75IqCT1-_u0vQWzzuLiQg8DNA94XuJOWNTA7TaomOkLAK2IHEjKnoJbwrQhLgspFgS3F4Ray-91zsILxO3WwofeYXXBSA_o3w7zMwEp7ddDblplcY7tE6iO3v=w80-h106-k-no","Makan di tempat","·","Bawa pulang","· Buka Min pukul 08.00"
"https://www.google.com/maps/place/WARTEG+LINKY+BAHARI/data=!4m7!3m6!1s0x2e69f71f363f1311:0xa42e1f966fa31bb2!8m2!3d-6.1974154!4d106.7652236!16s%2Fg%2F11kpvcqk6q!19sChIJERM_Nh_3aS4Rshujb5YfLqQ?authuser=0&hl=id&rclk=1","WARTEG LINKY BAHARI","","","Restoran","","","","","","https://streetviewpixels-pa.googleapis.com/v1/thumbnail?panoid=IdaKWTIdGta8VHCCdydwug&cb_client=search.gws-prod.gps&w=80&h=92&yaw=252.07437&pitch=0&thumbfov=100","Makan di tempat","·","Bawa pulang",""
"https://www.google.com/maps/place/Warteg+Setia/data=!4m7!3m6!1s0x2e69f724b91965e7:0xaaf8b66ed180c3de!8m2!3d-6.205141!4d106.7598427!16s%2Fg%2F11ljdx94v_!19sChIJ52UZuST3aS4R3sOA0W62-Ko?authuser=0&hl=id&rclk=1","Warteg Setia","5,0","(5)","Tegal","·","","","","Tutup","https://lh3.googleusercontent.com/gps-cs-s/APNQkAGlrQMJfJCGldG3qY1MnjSMecY65IacXaio6tDy5kxqn4SORhoXX5SVpVIGOsa7idlRwbcgUvM4DleXDGGK0KWt9FxFT29As-DJLujn2H7NXd_b9WE5PUKQtlOrQ5XT5hPAKukG=w122-h92-k-no","Makan di tempat","·","Bawa pulang","· Buka Min pukul 06.00"
"https://www.google.com/maps/place/Warteg+New+Permata+Bahari/data=!4m7!3m6!1s0x2e69f7277577d385:0x7ea8382ce930ca34!8m2!3d-6.2062118!4d106.7693635!16s%2Fg%2F11rkj0wfm8!19sChIJhdN3dSf3aS4RNMow6Sw4qH4?authuser=0&hl=id&rclk=1","Warteg New Permata Bahari","5,0","(1)","Restoran","·","","Jl. Raya Klp. Dua No.2 7, RT.2/RW.3","","","https://lh3.googleusercontent.com/gps-cs-s/APNQkAEUQCasCciZ0M-jxBhJDeWafGu-SK7VdJY74rc6d-B-tmf1dmiEtF5gLZZtgtMQq3QsxB1tFnECq_n9chcELLNdbwP4Ur_xW08pxxwwsj3g_08r0p2jOEw-yr0aH58yS7uNdYvoIyeEj1QN=w122-h92-k-no","Makan di tempat","·","Bawa pulang",""
"https://www.google.com/maps/place/WARTEG/data=!4m7!3m6!1s0x2e69f717af4bd6db:0x6111a27da1757baf!8m2!3d-6.1955158!4d106.7564349!16s%2Fg%2F11bztctycx!19sChIJ29ZLrxf3aS4Rr3t1oX2iEWE?authuser=0&hl=id&rclk=1","WARTEG","4,3","(3)","Tegal","·","","·","Jl Meruya Ilir Raya Rt 04 Rw 01 Prapatan Srengseng sebrang 7Eleven Kembangan, Jakarta barat, RT.4/RW.1","Tutup","https://lh3.googleusercontent.com/gps-cs-s/APNQkAGN1s-9MGRUAUTk1krLDYI8AuufEautFeYF4eY6BRMLBAp7d-BmYt3SbFaJDFNyjrxYxMRGnuGJohGypzdMxO8klvw5wvUXTrShoQhYW9StK4YAomcypS3rF4oWIC266rkUqIiBHw=w80-h141-k-no","Makan di tempat","·","Bawa pulang","· Buka Min pukul 06.00"
"https://www.google.com/maps/place/Warteg+Perduan/data=!4m7!3m6!1s0x2e69f7228046c00d:0x5543f4756337822d!8m2!3d-6.1989469!4d106.7616413!16s%2Fg%2F11fnnmrc7t!19sChIJDcBGgCL3aS4RLYI3Y3X0Q1U?authuser=0&hl=id&rclk=1","Warteg Perduan","","","Tegal","·","","·","RQ26+CMC, Jl. Meruya Ilir Raya, RT.1/RW.5","","https://streetviewpixels-pa.googleapis.com/v1/thumbnail?panoid=Np57f9j5DUa_9EhDpiSLfA&cb_client=search.gws-prod.gps&w=80&h=92&yaw=319.4044&pitch=0&thumbfov=100","Makan di tempat","·","Bawa pulang",""
"https://www.google.com/maps/place/WOW+TEG+%28WARTEG+YANG+WOW%29/data=!4m7!3m6!1s0x2e69f734f72dcc4d:0x8a922346886c5a03!8m2!3d-6.2009318!4d106.7840327!16s%2Fg%2F11m_lt9_0z!19sChIJTcwt9zT3aS4RA1psiEYjkoo?authuser=0&hl=id&rclk=1","WOW TEG (WARTEG YANG WOW)","2,3","(3)","Makanan Siap Saji","·","","Jl. Kyai H. Syahdan No.7 18A, RT.7/RW.12","","Tutup","https://lh3.googleusercontent.com/gps-cs-s/APNQkAEAjp4jRO2vKhxAa_4yhi5Up7Yng3kTpfH_qQA5klshNqapYAqREKlW9HqHbSA86tftbytTWtYUPnXhth-1ZsSspBmXdOPQ0hRr1AM1RPl2LlffnGfOUrvY9Td1__Uj4QmTBLIgyg=w80-h142-k-no","Makan di tempat","·","Bawa pulang","· Buka Min pukul 10.00"
"https://www.google.com/maps/place/WARTEG+MARIMAS+BAHAR/data=!4m7!3m6!1s0x2e69f6dcb9947b2d:0xf48c04d4cb81493f!8m2!3d-6.2023251!4d106.7815998!16s%2Fg%2F11ly_4wrkn!19sChIJLXuUudz2aS4RP0mBy9QEjPQ?authuser=0&hl=id&rclk=1","WARTEG MARIMAS BAHAR","","","Restoran","·","","Jl. Anggrek Cakra No.1, RT.4/RW.3","","","https://streetviewpixels-pa.googleapis.com/v1/thumbnail?panoid=nSc1tyKQEX37xwCZT-iU5A&cb_client=search.gws-prod.gps&w=80&h=92&yaw=205.04291&pitch=0&thumbfov=100","Makan di tempat","","",""
"https://www.google.com/maps/place/Warteg+Chandra+Bahari/data=!4m7!3m6!1s0x2e69f704ce75c125:0x719c3259d9c41758!8m2!3d-6.2008659!4d106.7877072!16s%2Fg%2F11lcpj3y3z!19sChIJJcF1zgT3aS4RWBfE2VkynHE?authuser=0&hl=id&rclk=1","Warteg Chandra Bahari","4,5","(2)","Restoran","·","","Jl. Kyai H. Syahdan No.3A, RT.3/RW.11","","Buka 24 jam","https://lh3.googleusercontent.com/gps-cs-s/APNQkAHXNC7qa2LEJxX4_nFkhKmNJt5yt-3Bv8hrvCDlL_STKOIs78XyHPMuPe0JWRPtPO50L4PDT-LWfkMavjd-BMaD1umxBPCZdWx6_JTpABO5nrcMJvYzk0MZxGflnXfUcLj2Xwvy=w163-h92-k-no","Makan di tempat","·","Bawa pulang",""
"https://www.google.com/maps/place/Warteg+Biru/data=!4m7!3m6!1s0x2e69f6c2fd7833db:0xe5c317008a3f7f60!8m2!3d-6.2007112!4d106.7845797!16s%2Fg%2F11cs5v7mj3!19sChIJ2zN4_cL2aS4RYH8_igAXw-U?authuser=0&hl=id&rclk=1","Warteg Biru","4,3","(10)","Tegal","·","","·","Jalan KH Syahdan #22 Kemanggisan Palmerah, RT.7/RW.12","Tutup","https://lh3.googleusercontent.com/gps-cs-s/APNQkAFCetjrLyaQ8g8l9HMnMMw2X1SGC_zA8fFdDkOfpdcXyl9fdQ774chOp7F5lN6jY85ZANmPScxyysbqFEIZDEHBZV7rJJDXk4Xb4ZHbEO6qCE8YYt0TPD-TfHvfWKVO1jeSRdY=w80-h106-k-no","Makan di tempat","·","Bawa pulang","· Buka Min pukul 06.30"
"https://www.google.com/maps/place/Wahyoo+warteg+akasaka+bahari/data=!4m7!3m6!1s0x2e69f7edf30f2769:0x9cb3f9038d991c85!8m2!3d-6.197318!4d106.756378!16s%2Fg%2F11fk3zrq1b!19sChIJaScP8-33aS4RhRyZjQP5s5w?authuser=0&hl=id&rclk=1","Wahyoo warteg akasaka bahari","","","Tegal","·","","Jl. Srengseng Raya No.23, RT.4/RW.1","","","https://lh3.googleusercontent.com/gps-cs-s/APNQkAElIU7y3pRqbKiZptcF_Ighk16JXjfFDoUngpvqTB2hyaab2LapGMC2ZzqcmkVszGbIHy40t6chyeTCp3bkaUbZAC_XOYtcZ8HzHHF2PaucZVGwgGtW91yzNiUPuz3zGyV8GLDm=w122-h92-k-no","Makan di tempat","·","Bawa pulang",""
"","","","","","","","","","","","","","",""