"hfpxzc href","qBF1Pd","MW4etd","UY7F9","W4Efsd","W4Efsd 2","W4Efsd 3","W4Efsd 4","W4Efsd 5","UsdlK","lcr4fd href","Cw1rxd","R8c4Qb","Cw1rxd 2","R8c4Qb 2","ah5Ghc","ah5Ghc 2","W4Efsd 6","W4Efsd 7","Jn12ke src"
"","","","","","","","","","","","","","","","","","","",""
"","","","","","","","","","","","","","","","","","","",""
"https://www.google.com/maps/place/Apotek+Pas+24+Jam+Jalan+Kaliurang/data=!4m7!3m6!1s0x2e7a597723b4bb39:0xffa82fe355705dbd!8m2!3d-7.7598729!4d110.3808821!16s%2Fg%2F11trx6kf3t!19sChIJObu0I3dZei4RvV1wVeMvqP8?authuser=0&hl=id&rclk=1","Apotek Pas 24 Jam Jalan Kaliurang","4,8","(322)","Apotek","┬╖","Jl. Kaliurang No.Km. 5,2","Buka 24 jam","┬╖","0816-244-667","https://pasfarma.com/bio/jakal/","юаЛ","Situs Web","юФо","Rute","Belanja di toko","Ambil di toko","","",""
"https://www.google.com/maps/place/Apotek+Bina+Farma/data=!4m7!3m6!1s0x2e7a59ab9e77155d:0x85674a14e4e0beed!8m2!3d-7.7582374!4d110.381554!16s%2Fg%2F11g68v5329!19sChIJXRV3nqtZei4R7b7g5BRKZ4U?authuser=0&hl=id&rclk=1","Apotek Bina Farma","4,8","(58)","Apotek","┬╖","┬╖","Jl. Kaliurang No.68","Buka","(0274) 564976","","юФо","Rute","","","Ambil di toko","Pesan antar","┬╖ Tutup pukul 21.30","┬╖",""
"https://www.google.com/maps/place/Apotek+K-24+Seturan+Sleman/data=!4m7!3m6!1s0x2e7a599164005dcb:0x5be8e28d5400276f!8m2!3d-7.7677199!4d110.4101233!16s%2Fg%2F1hc4td93l!19sChIJy10AZJFZei4RbycAVI3i6Fs?authuser=0&hl=id&rclk=1","Apotek K-24 Seturan Sleman","4,5","(242)","Apotek","┬╖","┬╖","Buka 24 jam","Jl. Seturan Raya No.101A","0895-3683-44424","https://www.apotek-k24.com/location/detail/64/K-24-SETURAN","юаЛ","Situs Web","юФо","Rute","Pesan antar","","┬╖","",""
"https://www.google.com/maps/place/Apotek+Anugerah24/data=!4m7!3m6!1s0x2e7a585653d2c649:0xacb9af3624d59abd!8m2!3d-7.7567867!4d110.3699394!16s%2Fg%2F11b66cbl32!19sChIJScbSU1ZYei4RvZrVJDavuaw?authuser=0&hl=id&rclk=1","Apotek Anugerah24","4,7","(414)","Apotek","┬╖","Jl. Monumen Jogja Kembali No.67","┬╖","Buka","0859-5071-6888","","юФо","Rute","","","Pesan antar","","┬╖ Tutup pukul 22.00","",""
"https://www.google.com/maps/place/Apotek+Visi+Pharma/data=!4m7!3m6!1s0x2e7a599ede270e95:0x5a185785d933fa30!8m2!3d-7.7550893!4d110.4063017!16s%2Fg%2F1pzrr9wqc!19sChIJlQ4n3p5Zei4RMPoz2YVXGFo?authuser=0&hl=id&rclk=1","Apotek Visi Pharma","4,5","(19)","Apotek","┬╖","Jl. Cemp. No.32","┬╖","Buka","0895-3773-60571","","юФо","Rute","","","","","┬╖ Tutup pukul 21.00","",""
"https://www.google.com/maps/place/Apotek+SS/data=!4m7!3m6!1s0x2e7a5991055fa563:0x22ccc973e26e8c1a!8m2!3d-7.7661756!4d110.4107103!16s%2Fg%2F11b636d5g1!19sChIJY6VfBZFZei4RGoxu4nPJzCI?authuser=0&hl=id&rclk=1","Apotek SS","4,6","(9)","Apotek","┬╖","Jl. Seturan Raya No.3","┬╖","Buka","(0274) 486618","","юФо","Rute","","","","","┬╖ Tutup pukul 21.00","",""
"https://www.google.com/maps/place/Apotek+K-24+Condong+Catur+Sleman/data=!4m7!3m6!1s0x2e7a599c3f3314f1:0x99e3561463d0fdf4!8m2!3d-7.7553173!4d110.4097788!16s%2Fg%2F1pzslzlb4!19sChIJ8RQzP5xZei4R9P3QYxRW45k?authuser=0&hl=id&rclk=1","Apotek K-24 Condong Catur Sleman","4,2","(209)","Apotek","┬╖","┬╖","Buka 24 jam","Jl. Nusa Indah No.408","0895-2754-2824","https://www.apotek-k24.com/location/detail/69/K-24-CONDONG-CATUR","юаЛ","Situs Web","юФо","Rute","Belanja di toko","Ambil di toko","┬╖","",""
"https://www.google.com/maps/place/Apotek+K-24+Nologaten+Sleman/data=!4m7!3m6!1s0x2e7a59be246389a1:0x28fd0bb8267fe136!8m2!3d-7.7701266!4d110.4018015!16s%2Fg%2F11dymv8rfb!19sChIJoYljJL5Zei4RNuF_JrgL_Sg?authuser=0&hl=id&rclk=1","Apotek K-24 Nologaten Sleman","4,3","(287)","Apotek","┬╖","Jl. Wahid Hasyim","Buka 24 jam","┬╖","0812-1149-2516","https://www.apotek-k24.com/location/detail/459/K-24-NOLOGATEN","юаЛ","Situs Web","юФо","Rute","Pesan antar","","","",""
"https://www.google.com/maps/place/Apotek+K-24+Anggajaya+Sleman/data=!4m7!3m6!1s0x2e7a59a0af9b4231:0xb35d201fa539fb1a!8m2!3d-7.754008!4d110.3970733!16s%2Fg%2F11f3n4t91g!19sChIJMUKbr6BZei4RGvs5pR8gXbM?authuser=0&hl=id&rclk=1","Apotek K-24 Anggajaya Sleman","4,7","(397)","Apotek","┬╖","Jl. Anggajaya 1 No.188","Buka 24 jam","┬╖","0813-2517-7836","https://www.apotek-k24.com/location/detail/566/K-24-ANGGAJAYA","юаЛ","Situs Web","юФо","Rute","Pesan antar","","","",""
"https://www.google.com/maps/place/Apotek+Astuti/data=!4m7!3m6!1s0x2e7a59072f7f01d9:0xca2e6c0eb0fa2e4!8m2!3d-7.7517753!4d110.3852582!16s%2Fg%2F1pzvmr87k!19sChIJ2QF_LwdZei4R5KIP68Dmogw?authuser=0&hl=id&rclk=1","Apotek Astuti","3,6","(80)","Apotek","┬╖","Jl. Kaliurang No.59","┬╖","Buka","(0274) 882618","","юФо","Rute","","","","","┬╖ Tutup pukul 21.30","",""
"https://www.google.com/maps/place/APOTEK+365+Affandi/data=!4m7!3m6!1s0x2e7a596982e6985f:0xce5a4571ca2957e0!8m2!3d-7.7820176!4d110.3880261!16s%2Fg%2F11xvv59z66!19sChIJX5jmgmlZei4R4FcpynFFWs4?authuser=0&hl=id&rclk=1","APOTEK 365 Affandi","4,9","(112)","Apotek","┬╖","Jl. Affandi","┬╖","Buka","0856-4379-1396","","юФо","Rute","","","Belanja di toko","Ambil di toko","┬╖ Tutup pukul 00.00","",""
"https://www.google.com/maps/place/Apotek+K-24+Sari+Husada+Citra/data=!4m7!3m6!1s0x2e7a590072f59575:0xfb63b4073668d887!8m2!3d-7.7627385!4d110.4175802!16s%2Fg%2F11z4_9m2ty!19sChIJdZX1cgBZei4Rh9hoNge0Y_s?authuser=0&hl=id&rclk=1","Apotek K-24 Sari Husada Citra","4,0","(1)","Apotek","┬╖","6CP9+W24, Jalan Ring Road Utara Pugeran","","Buka 24 jam","","","юФо","Rute","","","","","","",""
"https://www.google.com/maps/place/Apotek+Anugerah/data=!4m7!3m6!1s0x2e7a59f294e97103:0x79f110059890c22c!8m2!3d-7.7745147!4d110.4156265!16s%2Fg%2F11b63f62v7!19sChIJA3HplPJZei4RLMKQmAUQ8Xk?authuser=0&hl=id&rclk=1","Apotek Anugerah","4,7","(356)","Apotek","┬╖","Jl. Babarsari No.88","┬╖","Buka","0896-0315-7888","","юФо","Rute","","","Pesan antar","","┬╖ Tutup pukul 22.00","",""
"https://www.google.com/maps/place/Ardi+Mulya+Farma+Apotek/data=!4m7!3m6!1s0x2e7a59c2ab3c3b69:0x67a0b67653132497!8m2!3d-7.7838841!4d110.4021233!16s%2Fg%2F11b64mbftd!19sChIJaTs8q8JZei4RlyQTU3a2oGc?authuser=0&hl=id&rclk=1","Ardi Mulya Farma Apotek","4,8","(12)","Apotek","┬╖","Jl. Monggungan No.35","","","(0274) 521146","","юФо","Rute","","","","","","",""
"https://www.google.com/maps/place/Apotek+B-18+YOGYAKARTA/data=!4m7!3m6!1s0x2e7a594a0c6de2cb:0x3ba657ac9f7900f6!8m2!3d-7.7614329!4d110.3726065!16s%2Fg%2F11n4pjftdt!19sChIJy-JtDEpZei4R9gB5n6xXpjs?authuser=0&hl=id&rclk=1","Apotek B-18 YOGYAKARTA","5,0","(9)","Apotek","┬╖","Jl. Jemb. Baru UGM","┬╖","Buka","0812-2609-1507","","юФо","Rute","","","Belanja di toko","Ambil di toko","┬╖ Tutup pukul 22.00","",""
"https://www.google.com/maps/place/Apotek+Asri/data=!4m7!3m6!1s0x2e7a590aed6a34ad:0xc9eb308864f8edd5!8m2!3d-7.7515658!4d110.4005471!16s%2Fg%2F11gzc5526!19sChIJrTRq7QpZei4R1e34ZIgw68k?authuser=0&hl=id&rclk=1","Apotek Asri","4,0","(33)","Apotek","┬╖","┬╖","Buka","Jalan Anggajaya Krangkungan, Condong catur, Depok","0823-3299-6427","https://www.apotekasri.com/","юаЛ","Situs Web","юФо","Rute","Pesan antar","","┬╖","┬╖ Tutup pukul 21.00",""
"https://www.google.com/maps/place/Apotek+Hana+Farma/data=!4m7!3m6!1s0x2e7a59db99bb2a6f:0xc45b1d8521f1d654!8m2!3d-7.7871441!4d110.3949861!16s%2Fg%2F11b6bb039f!19sChIJbyq7mdtZei4RVNbxIYUdW8Q?authuser=0&hl=id&rclk=1","Apotek Hana Farma","4,7","(36)","Apotek","┬╖","697V+4XX, Jl. Timoho","","Buka","","","юФо","Rute","","","Pesan antar","","┬╖ Tutup pukul 22.00","",""
"https://www.google.com/maps/place/Apotek+Trifa+Medika+Yogyakarta/data=!4m7!3m6!1s0x2e7a596a008d9055:0x732617ce1160a3c9!8m2!3d-7.7805573!4d110.4086411!16s%2Fg%2F11s7js7zfy!19sChIJVZCNAGpZei4RyaNgEc4XJnM?authuser=0&hl=id&rclk=1","Apotek Trifa Medika Yogyakarta","3,1","(21)","Apotek","┬╖","Jl. Kapas, Jl. Raya Kledokan CT XIX No.12, RT.06/RW.03","┬╖","Buka","0898-8222-282","","юФо","Rute","","","Pesan antar","","┬╖ Tutup pukul 20.30","",""
"https://www.google.com/maps/place/Apotek+K-24+Gejayan/data=!4m7!3m6!1s0x2e7a59cfb4686eb9:0x8ec2fa35292db014!8m2!3d-7.77079!4d110.3899316!16s%2Fg%2F1tk69_gx!19sChIJuW5otM9Zei4RFLAtKTX6wo4?authuser=0&hl=id&rclk=1","Apotek K-24 Gejayan","4,5","(459)","Apotek","┬╖","┬╖","Buka 24 jam","Jl. Affandi No.29","0896-7464-8483","https://www.apotek-k24.com/location/detail/62/K-24-GEJAYAN","юаЛ","Situs Web","юФо","Rute","Pesan antar","","┬╖","",""
"https://www.google.com/maps/place/Apotek+Pharm24/data=!4m7!3m6!1s0x2e7a597c7a5201c5:0x471827c8a2c6600c!8m2!3d-7.761895!4d110.3939432!16s%2Fg%2F11rtnkp7w7!19sChIJxQFSenxZei4RDGDGosgnGEc?authuser=0&hl=id&rclk=1","Apotek Pharm24","4,7","(85)","Apotek","┬╖","Jl. Affandi 28 Soropadan, Condong Catur, Depok, Sleman, D. I. Yogyakarta, Sleman, Daerah Istimewa Yogyakarta 55284","┬╖","Buka","0877-2340-1144","","юФо","Rute","","","Belanja di toko","Pesan antar","┬╖ Tutup pukul 22.00","",""
"https://www.google.com/maps/place/APOTEK+SARI+DEWI+MAGUWOHARJO/data=!4m7!3m6!1s0x2e7a5981ee9135e9:0xfff20b5208181015!8m2!3d-7.7529975!4d110.4213835!16s%2Fg%2F11f1064yxv!19sChIJ6TWR7oFZei4RFRAYCFIL8v8?authuser=0&hl=id&rclk=1","APOTEK SARI DEWI MAGUWOHARJO","4,4","(47)","Apotek","┬╖","Jl. Kepuhsari No.18","┬╖","Buka","(0274) 2834948","","юФо","Rute","","","""Tempatnya nyaman pelayannya ramah obat obatannya juga lengkap""","","┬╖ Tutup pukul 21.30","","https://ssl.gstatic.com/local/servicebusiness/default_user.png"
"https://www.google.com/maps/place/Apotek+Unisia+24+Condongcatur/data=!4m7!3m6!1s0x2e7a596282d84719:0x4a680270c27bb93a!8m2!3d-7.7603732!4d110.4123975!16s%2Fg%2F11z14gng18!19sChIJGUfYgmJZei4ROrl7wnACaEo?authuser=0&hl=id&rclk=1","Apotek Unisia 24 Condongcatur","5,0","(2)","Apotek","┬╖","Depan FE UII, Jl. Prawiro Kuat","┬╖","Buka","0811-3086-2021","","юФо","Rute","","","","","┬╖ Tutup pukul 22.00","",""
"https://www.google.com/maps/place/Apotek+Kentungan/data=!4m7!3m6!1s0x2e7a59aa120fb70d:0x4d91e329cfee30d1!8m2!3d-7.7544989!4d110.3833386!16s%2Fg%2F1hcbjt3ss!19sChIJDbcPEqpZei4R0TDuzynjkU0?authuser=0&hl=id&rclk=1","Apotek Kentungan","4,2","(332)","Apotek","┬╖","Jl. Kaliurang KM.6 No.30","┬╖","Buka","(0274) 885648","","юФо","Rute","","","""apoteknya bersih, palayanannya baik dan ramah""","","┬╖ Tutup pukul 20.00","","https://ssl.gstatic.com/local/servicebusiness/default_user.png"
"https://www.google.com/maps/place/Apotek+Asha+Medika/data=!4m7!3m6!1s0x2e7a59c1be019469:0xb95a5a72a2d1fe10!8m2!3d-7.7776261!4d110.4006208!16s%2Fg%2F11bwyz_v8c!19sChIJaZQBvsFZei4REP7RonJaWrk?authuser=0&hl=id&rclk=1","Apotek Asha Medika","4,6","(28)","Apotek","┬╖","┬╖","Jl. Nologaten No.216B","Buka","","","юФо","Rute","","","""Apotekerramah semuaaaa baik-baik""","","┬╖ Tutup pukul 21.00","","https://ssl.gstatic.com/local/servicebusiness/default_user.png"
"https://www.google.com/maps/place/Apotek+K-24+Kentungan+Sleman/data=!4m7!3m6!1s0x2e7a5906eb19536d:0x299933d86457445d!8m2!3d-7.7500871!4d110.3862429!16s%2Fg%2F1tk5qs8n!19sChIJbVMZ6wZZei4RXURXZNgzmSk?authuser=0&hl=id&rclk=1","Apotek K-24 Kentungan Sleman","4,6","(407)","Apotek","┬╖","┬╖","Buka 24 jam","Jalan Kaliurang Km. 6, Blok A No.15 5","0858-4875-4745","https://www.apotek-k24.com/location/detail/66/K-24-KENTUNGAN----","юаЛ","Situs Web","юФо","Rute","""apoteknya bersih, tertata rapi dan lengkapp bisa cek kesehatan juga""","","┬╖","","https://ssl.gstatic.com/local/servicebusiness/default_user.png"
"https://www.google.com/maps/place/Apotek+Sehatmu+Wahid+Hasyim/data=!4m7!3m6!1s0x2e7a594605179dfd:0x86b7d209eba22106!8m2!3d-7.765713!4d110.4028825!16s%2Fg%2F11x8qd6php!19sChIJ_Z0XBUZZei4RBiGi6wnSt4Y?authuser=0&hl=id&rclk=1","Apotek Sehatmu Wahid Hasyim","4,9","(21)","Apotek","┬╖","Jl. Wahid Hasyim","Buka","┬╖","0858-8806-6144","http://taplink.cc/sehatmucare","юаЛ","Situs Web","юФо","Rute","""pelayanan nya bagus ЁЯЩПЁЯП╗ dikasih nomor wa buat free konsultasi kapan aja ЁЯШН""","","","┬╖ Tutup pukul 21.30","https://ssl.gstatic.com/local/servicebusiness/default_user.png"
"https://www.google.com/maps/place/Apotek+Almunawar/data=!4m7!3m6!1s0x2e7a599c3fbdda25:0x490bb3be7faf6cd!8m2!3d-7.7564721!4d110.4097414!16s%2Fg%2F1pzwcslnd!19sChIJJdq9P5xZei4Rzfb65zu7kAQ?authuser=0&hl=id&rclk=1","Apotek Almunawar","2,3","(3)","Apotek","┬╖","6CV5+CV9, Jl. Nusa Indah","","","","","юФо","Rute","","","","","","",""
"https://www.google.com/maps/place/Tina+Farma/data=!4m7!3m6!1s0x2e7a5915e37b6fff:0xdefae71d604389e6!8m2!3d-7.7520837!4d110.3852103!16s%2Fg%2F1ptww02q8!19sChIJ_2974xVZei4R5olDYB3n-t4?authuser=0&hl=id&rclk=1","Tina Farma","4,5","(94)","Apotek","┬╖","Km. 6.2 No, Kaliurang St No.22","┬╖","Buka","0813-2702-8224","","юФо","Rute","","","""Obat-obatannya lengkap, harganya terjangkau, dan kualitasnya terjamin.""","","┬╖ Tutup pukul 21.00","","https://ssl.gstatic.com/local/servicebusiness/default_user.png"
"https://www.google.com/maps/place/Apotek+K-24+Monjali/data=!4m7!3m6!1s0x2e7a584fc87931cf:0xf3cf693a6de50269!8m2!3d-7.756775!4d110.3696584!16s%2Fg%2F1ptwlkdpl!19sChIJzzF5yE9Yei4RaQLlbTppz_M?authuser=0&hl=id&rclk=1","Apotek K-24 Monjali","4,6","(344)","Apotek","┬╖","Jl. Monjali No.60B","Buka 24 jam","┬╖","0895-3253-59274","https://www.apotek-k24.com/location/detail/68/K-24-JL.-MONJALI","юаЛ","Situs Web","юФо","Rute","""Bagi di","apotek","","","https://ssl.gstatic.com/local/servicebusiness/default_user.png"
"https://www.google.com/maps/place/Apotek+Pratama+Minomartani/data=!4m7!3m6!1s0x2e7a5910b4b59f9f:0xf8f53c86da981858!8m2!3d-7.7499205!4d110.40666!16s%2Fg%2F11l6t02th6!19sChIJn5-1tBBZei4RWBiY2oY89fg?authuser=0&hl=id&rclk=1","Apotek Pratama Minomartani","4,8","(50)","Apotek","┬╖","Ruko Minomartani","Buka","┬╖","0821-1882-3107","http://apotekpratama.id/","юаЛ","Situs Web","юФо","Rute","""","Apotek","","┬╖ Tutup pukul 22.00","https://ssl.gstatic.com/local/servicebusiness/default_user.png"
"https://www.google.com/maps/place/Apotek+K-24+Demangan+Baru+Yogyakarta/data=!4m7!3m6!1s0x2e7a59c665671c4f:0xc1be0af54a31bfff!8m2!3d-7.7785469!4d110.3927905!16s%2Fg%2F11b631pyg0!19sChIJTxxnZcZZei4R_78xSvUKvsE?authuser=0&hl=id&rclk=1","Apotek K-24 Demangan Baru Yogyakarta","4,8","(502)","Apotek","┬╖","Jl. Demangan Baru","Buka 24 jam","┬╖","0895-3230-90889","https://www.apotek-k24.com/location/detail/80/K-24-DEMANGAN-BARU-","юаЛ","Situs Web","юФо","Rute","""pelayanannya ramah, apoteknya mudah ditemukan, harganya terjangkau""","","","","https://ssl.gstatic.com/local/servicebusiness/default_user.png"
"https://www.google.com/maps/place/Apotek+K24+Ambarukmo/data=!4m7!3m6!1s0x2e7a59e8b02092a1:0xcac7bd8b15025d0c!8m2!3d-7.7831086!4d110.3974027!16s%2Fg%2F1ptwhlhjn!19sChIJoZIgsOhZei4RDF0CFYu9x8o?authuser=0&hl=id&rclk=1","Apotek K24 Ambarukmo","4,5","(271)","Apotek","┬╖","Jl. Laksda Adisucipto No.150 A","Buka 24 jam","┬╖","0813-5823-6010","https://www.apotek-k24.com/location/detail/72/K-24-AMBARUKMO","юаЛ","Situs Web","юФо","Rute","""obat lengkap, harga ok, pelayanan cepat dan komunikatif.""","","","","https://ssl.gstatic.com/local/servicebusiness/default_user.png"
"https://www.google.com/maps/place/Apotek+Trias+Farma+2/data=!4m7!3m6!1s0x2e7a599b1476dadf:0x8da4a7aec7ca12c!8m2!3d-7.7592238!4d110.4124495!16s%2Fg%2F11b6jj_swz!19sChIJ39p2FJtZei4RLKF87HpK2gg?authuser=0&hl=id&rclk=1","Apotek Trias Farma 2","","","Apotek","┬╖","6CR6+8X8, Jl. Prawiro Kuat","","","","","юФо","Rute","","","","","","",""
"https://www.google.com/maps/place/Apotek+K-24+Jl.+Kaliurang+Sleman/data=!4m7!3m6!1s0x2e7a59ad38e29281:0x6b8bfabaaa116cde!8m2!3d-7.7629871!4d110.3795383!16s%2Fg%2F11b66j5ygy!19sChIJgZLiOK1Zei4R3mwRqrr6i2s?authuser=0&hl=id&rclk=1","Apotek K-24 Jl. Kaliurang Sleman","4,5","(383)","Apotek","┬╖","┬╖","Buka 24 jam","No.KM. 5 / 94, Jl. Kaliurang","0823-2955-9171","https://www.apotek-k24.com/location/detail/63/K-24-JL.-KALIURANG","юаЛ","Situs Web","юФо","Rute","""Apoteknya bagus, bersih dan pelayanannya sangat oke""","","┬╖","","https://ssl.gstatic.com/local/servicebusiness/default_user.png"
"https://www.google.com/maps/place/Apotek+Punggawa+Farma+Kledokan/data=!4m7!3m6!1s0x2e7a59006785cbe3:0x6934d2cb1d899d89!8m2!3d-7.7776177!4d110.4084238!16s%2Fg%2F11nhkvy_lj!19sChIJ48uFZwBZei4RiZ2JHcvSNGk?authuser=0&hl=id&rclk=1","Apotek Punggawa Farma Kledokan","","","Apotek","┬╖","6CC5+X93, Jl. Raya Kledokan","","Buka","","","юФо","Rute","","","","","┬╖ Tutup pukul 22.00","",""
"https://www.google.com/maps/place/Apotek+K-24+Kotabaru/data=!4m7!3m6!1s0x2e7a582fc7088ca5:0xf128bc7f155ec68f!8m2!3d-7.7893548!4d110.3694969!16s%2Fg%2F1pzwj_74f!19sChIJpYwIxy9Yei4Rj8ZeFX-8KPE?authuser=0&hl=id&rclk=1","Apotek K-24 Kotabaru","4,3","(132)","Apotek","┬╖","Jl. Ahmad Jazuli No.1","Buka 24 jam","┬╖","0851-0011-2424","https://www.apotek-k24.com/","юаЛ","Situs Web","юФо","Rute","""Cari obat buat sakit gigi, langsung diberi rekomendasi.""","","","","https://ssl.gstatic.com/local/servicebusiness/default_user.png"
"https://www.google.com/maps/place/Candi+Farma+Apotek/data=!4m7!3m6!1s0x2e7a59d2b034d527:0x34d7df828dd93aeb!8m2!3d-7.7858047!4d110.3790612!16s%2Fg%2F11r90hvfm!19sChIJJ9U0sNJZei4R6zrZjYLf1zQ?authuser=0&hl=id&rclk=1","Candi Farma Apotek","5,0","(1)","Apotek","┬╖","JL Dr Wahidin Sudirohusodo, Bantul, 55714","┬╖","Buka","(0274) 765450","","юФо","Rute","","","","","┬╖ Tutup pukul 21.00","",""
"https://www.google.com/maps/place/Apotek+K-24+Colombo+Sleman/data=!4m7!3m6!1s0x2e7a597fd27ba7dd:0xd21c978dd227449e!8m2!3d-7.7778311!4d110.385651!16s%2Fg%2F11ydck9mzs!19sChIJ3ad70n9Zei4RnkQn0o2XHNI?authuser=0&hl=id&rclk=1","Apotek K-24 Colombo Sleman","5,0","(54)","Apotek","┬╖","Jl. Colombo No.4A","Buka 24 jam","┬╖","0811-2644-525","https://www.apotek-k24.com/location","юаЛ","Situs Web","юФо","Rute","""","Apotek","","","https://ssl.gstatic.com/local/servicebusiness/default_user.png"
"https://www.google.com/maps/place/Apotek+Sehatmu+Klebengan/data=!4m7!3m6!1s0x2e7a59007e53dc21:0xb6f0bd8407ff70ff!8m2!3d-7.7666929!4d110.3857935!16s%2Fg%2F11yxh46qk_!19sChIJIdxTfgBZei4R_3D_B4S98LY?authuser=0&hl=id&rclk=1","Apotek Sehatmu Klebengan","5,0","(3)","Apotek","┬╖","69MP+88J, Jl. Apokat","","","0858-8816-6144","","юФо","Rute","","","""Obatnya juga cukup lengkap""","","","","https://ssl.gstatic.com/local/servicebusiness/default_user.png"
"https://www.google.com/maps/place/Apotek+Kimia+Farma+Colombo/data=!4m7!3m6!1s0x2e7a59c8fb56fbf5:0x8e54edac11f1ef76!8m2!3d-7.7775675!4d110.3877876!16s%2Fg%2F11b6d9c8ql!19sChIJ9ftW-8hZei4Rdu_xEaztVI4?authuser=0&hl=id&rclk=1","Apotek Kimia Farma Colombo","4,5","(301)","Apotek","┬╖","Jl. Colombo No.1","Buka 24 jam","┬╖","0811-1067-8220","http://kimiafarmaapotek.co.id/","юаЛ","Situs Web","юФо","Rute","""","Apotek","","","https://ssl.gstatic.com/local/servicebusiness/default_user.png"
"https://www.google.com/maps/place/Apotek+Halomedika+Gejayan/data=!4m7!3m6!1s0x2e7a593bc88507e1:0xbdbe065884eff668!8m2!3d-7.7711791!4d110.3898572!16s%2Fg%2F11svj2lpwn!19sChIJ4QeFyDtZei4RaPbvhFgGvr0?authuser=0&hl=id&rclk=1","Apotek Halomedika Gejayan","3,5","(87)","Apotek","┬╖","Gg. Endra No.27, RT./RW/RW.013/005","Buka","┬╖","0813-8733-0507","http://pt-hak.com/home","юаЛ","Situs Web","юФо","Rute","""Obat lengkap, harga terjangkau, pelayanan baik""","","","┬╖ Tutup pukul 22.00","https://ssl.gstatic.com/local/servicebusiness/default_user.png"
"https://www.google.com/maps/place/Apotek+Lunar/data=!4m7!3m6!1s0x2e7a5996f4744177:0xcbd7928fde9a3fb2!8m2!3d-7.7669419!4d110.4057198!16s%2Fg%2F11c1rskf1g!19sChIJd0F09JZZei4Rsj-a3o-S18s?authuser=0&hl=id&rclk=1","Apotek Lunar","4,4","(53)","Apotek","┬╖","Jl. Perumnas","┬╖","Buka","0858-7766-6608","","юФо","Rute","","","""Apotiknya mudah terjangkau dan harga lebih murah daripada","apotek","┬╖ Tutup pukul 21.45","","https://ssl.gstatic.com/local/servicebusiness/default_user.png"
"https://www.google.com/maps/place/Apotek+Difa+Farma/data=!4m7!3m6!1s0x2e7a59e22d85501d:0x9a32916d047e6b8!8m2!3d-7.7910841!4d110.4100084!16s%2Fg%2F1ptwq9bl6!19sChIJHVCFLeJZei4RuOZH0BYpowk?authuser=0&hl=id&rclk=1","Apotek Difa Farma","4,0","(7)","Apotek","┬╖","┬╖","Jl. Raya Janti No.70A","Buka","(0274) 4534214","","юФо","Rute","","","""Pelayanan ramah produk cukup lengkap""","","┬╖ Tutup pukul 21.00","┬╖","https://ssl.gstatic.com/local/servicebusiness/default_user.png"
"https://www.google.com/maps/place/Apotek+Kimia+Farma+Jakal/data=!4m7!3m6!1s0x2e7a5e7d855cab1f:0x589b601593f5d97!8m2!3d-7.7529949!4d110.3842886!16s%2Fg%2F1th46j7q!19sChIJH6tchX1eei4Rl10_WQG2iQU?authuser=0&hl=id&rclk=1","Apotek Kimia Farma Jakal","4,6","(1.088)","Apotek","┬╖","Jl. Kaliurang No.48","┬╖","Buka 24 jam","0811-1067-8326","","юФо","Rute","","","""Tempatnya bersih, pelayanan baik, apotekernya sangat membantu""","","","","https://ssl.gstatic.com/local/servicebusiness/default_user.png"
"https://www.google.com/maps/place/Apotek+Sumber+Sehat/data=!4m7!3m6!1s0x2e7a59a45c4199b1:0x7f6d6d6c1e2665e9!8m2!3d-7.7607086!4d110.3948048!16s%2Fg%2F1ptvxspqm!19sChIJsZlBXKRZei4R6WUmHmxtbX8?authuser=0&hl=id&rclk=1","Apotek Sumber Sehat","4,0","(32)","Apotek","┬╖","┬╖","Jl. Affandi No.31","Tutup","(0274) 560807","","юФо","Rute","","","""Pelayanan ramah, diberi edukasi mengenai penggunaan obat""","","┬╖ Buka Sen pukul 07.00","┬╖","https://ssl.gstatic.com/local/servicebusiness/default_user.png"
"https://www.google.com/maps/place/Apotek+Mafaza+Kledokan/data=!4m7!3m6!1s0x2e7a590027b6ba0f:0xc9b731b91354b3ed!8m2!3d-7.7768387!4d110.4084628!16s%2Fg%2F11n4ynql__!19sChIJD7q2JwBZei4R7bNUE7kxt8k?authuser=0&hl=id&rclk=1","Apotek Mafaza Kledokan","","","Apotek","┬╖","C Jl. Raya Kledokan No.6","┬╖","Buka","0823-4230-6767","","юФо","Rute","","","","","┬╖ Tutup pukul 22.00","",""
"https://www.google.com/maps/place/APOTEK+SEHATMU+SOROWAJAN/data=!4m7!3m6!1s0x2e7a59000c756ff5:0x74a27cb87395b07e!8m2!3d-7.7926845!4d110.401567!16s%2Fg%2F11xk_1r63n!19sChIJ9W91DABZei4RfrCVc7h8onQ?authuser=0&hl=id&rclk=1","APOTEK SEHATMU SOROWAJAN","4,9","(21)","Apotek","┬╖","Jl. Pura No.189","┬╖","Buka","0858-8846-6144","","юФо","Rute","","","""Pelayanan nya bagus bangett, harganya juga lebih murah""","","┬╖ Tutup pukul 21.30","","https://ssl.gstatic.com/local/servicebusiness/default_user.png"
"https://www.google.com/maps/place/Apotek+Kimia+Farma+Adi+Sucipto/data=!4m7!3m6!1s0x2e7a59c4dfc68449:0xdf6af93e133eda6f!8m2!3d-7.7834493!4d110.3987638!16s%2Fg%2F1vb67vb4!19sChIJSYTG38RZei4Rb9o-Ez75at8?authuser=0&hl=id&rclk=1","Apotek Kimia Farma Adi Sucipto","3,7","(439)","Apotek","┬╖","┬╖","Buka 24 jam","Jl. Laksda Adisucipto No.63 A","0812-2812-9992","http://kimiafarmaapotek.co.id/","юаЛ","Situs Web","юФо","Rute","""Apoteknya lengkap, baik obat atau sekedar vitamin.""","","┬╖","","https://ssl.gstatic.com/local/servicebusiness/default_user.png"
"https://www.google.com/maps/place/Apotek+Permata+Farma/data=!4m7!3m6!1s0x2e7a5906e3d9bbd9:0x48c9dc9e0c78fb6d!8m2!3d-7.7673044!4d110.3681081!16s%2Fg%2F11fpsk3pcp!19sChIJ2bvZ4wZZei4Rbft4DJ7cyUg?authuser=0&hl=id&rclk=1","Apotek Permata Farma","","","Apotek","┬╖","69M9+36H, Jl. Nyi Condro Loekito Jl. Blunyah Gede","","","","","юФо","Rute","","","","","","",""
"https://www.google.com/maps/place/Apotek+Murah+Sehat+Babarsari/data=!4m7!3m6!1s0x2e7a5900253bde7b:0xb29bc35c002a820!8m2!3d-7.7738403!4d110.4101478!16s%2Fg%2F11y6z5dlcd!19sChIJe947JQBZei4RIKgCwDW8KQs?authuser=0&hl=id&rclk=1","Apotek Murah Sehat Babarsari","4,4","(7)","Apotek","┬╖","Jl. Babarsari No.105","┬╖","Buka","0822-4113-025","","юФо","Rute","","","""sangat lengkap, obat-obatan mudah ditemukan dan harganya cukup bersaing.""","","┬╖ Tutup pukul 21.00","","https://ssl.gstatic.com/local/servicebusiness/default_user.png"
"https://www.google.com/maps/place/Apotek+Kobra+Husada/data=!4m7!3m6!1s0x2e7a59ad5a5825bd:0x234e62a91e38ded2!8m2!3d-7.7639976!4d110.3794305!16s%2Fg%2F11c1s_8hlc!19sChIJvSVYWq1Zei4R0t44HqliTiM?authuser=0&hl=id&rclk=1","Apotek Kobra Husada","4,3","(29)","Apotek","┬╖","69PH+CQ3, Jl. Kaliurang","Tutup","","","https://www.apotek-k24.com/","юаЛ","Situs Web","юФо","Rute","""","Apotek","","┬╖ Buka Sen pukul 12.00","https://ssl.gstatic.com/local/servicebusiness/default_user.png"
"https://www.google.com/maps/place/Apotek+Dr.Sardjito/data=!4m7!3m6!1s0x2e7a584c3b102b53:0xd2c9c6af97ccacb0!8m2!3d-7.7682311!4d110.3734716!16s%2Fg%2F11c6rhflmb!19sChIJUysQO0xYei4RsKzMl6_GydI?authuser=0&hl=id&rclk=1","Apotek Dr.Sardjito","3,8","(19)","Apotek","┬╖","RSUP Dr.Sardjito, Jl. Kesehatan No.1","","Tutup","","","юФо","Rute","","","""Pelayanan bagus, sistem antrean bagus sehingga lancar.""","","┬╖ Buka Sen pukul 08.00","","https://ssl.gstatic.com/local/servicebusiness/default_user.png"
"https://www.google.com/maps/place/Apotek+K-24+Timoho+Yogyakarta/data=!4m7!3m6!1s0x2e7a59da3add461d:0x58d3884409308720!8m2!3d-7.790681!4d110.3935347!16s%2Fg%2F11fcrchz07!19sChIJHUbdOtpZei4RIIcwCUSI01g?authuser=0&hl=id&rclk=1","Apotek K-24 Timoho Yogyakarta","4,4","(146)","Apotek","┬╖","Jl. Timoho RUKO No.315","Buka 24 jam","┬╖","0813-2970-7067","https://www.apotek-k24.com/location/detail/623/K-24-TIMOHO","юаЛ","Situs Web","юФо","Rute","""Terutama apotekernya yang bernama mba Tati dan Krisna murah senyumЁЯШК""","","","","https://ssl.gstatic.com/local/servicebusiness/default_user.png"
"https://www.google.com/maps/place/Apotek+Gowok/data=!4m7!3m6!1s0x2e7a59dd27cdca2f:0xf5831631fd288acf!8m2!3d-7.7845671!4d110.3996292!16s%2Fg%2F11b66j68gm!19sChIJL8rNJ91Zei4Rz4oo_TEWg_U?authuser=0&hl=id&rclk=1","Apotek Gowok","4,2","(68)","Apotek","┬╖","Komplek Polri, Jl. Nogorojo blok A1","┬╖","Buka","(0274) 488512","","юФо","Rute","","","""Salah satu rekomendasi","apotek","┬╖ Tutup pukul 21.00","","https://ssl.gstatic.com/local/servicebusiness/default_user.png"
"https://www.google.com/maps/place/APOTEK+PHARMACIA/data=!4m7!3m6!1s0x2e7a59001526e997:0x603b8d64277885a1!8m2!3d-7.768478!4d110.4015342!16s%2Fg%2F11ld9xn350!19sChIJl-kmFQBZei4RoYV4J2SNO2A?authuser=0&hl=id&rclk=1","APOTEK PHARMACIA","3,7","(3)","Apotek","┬╖","Jl. Indraprasta No.26a","┬╖","Buka","0822-2107-5202","","юФо","Rute","","","Pesan antar","","┬╖ Tutup pukul 21.30","",""
"https://www.google.com/maps/place/Apotek+Deresan/data=!4m7!3m6!1s0x2e7a59a55251fd81:0xb77041b1991e181d!8m2!3d-7.7637195!4d110.3911001!16s%2Fg%2F11fzv1x34m!19sChIJgf1RUqVZei4RHRgembFBcLc?authuser=0&hl=id&rclk=1","Apotek Deresan","4,1","(18)","Apotek","┬╖","Jl. Deresan I No.2","┬╖","Buka","0882-0058-51879","","юФо","Rute","","","""Pelayanan ramah, bisa qris, parkir gratis, tempat mudah dijangkau""","","┬╖ Tutup pukul 21.00","","https://ssl.gstatic.com/local/servicebusiness/default_user.png"
"https://www.google.com/maps/place/Apotek+K-24+Babarsari+Sleman/data=!4m7!3m6!1s0x2e7a59efdfb38bdd:0x30d82562c58f5f4b!8m2!3d-7.7818787!4d110.4141035!16s%2Fg%2F11c31nmp16!19sChIJ3Yuz3-9Zei4RS1-PxWIl2DA?authuser=0&hl=id&rclk=1","Apotek K-24 Babarsari Sleman","4,5","(120)","Apotek","┬╖","Jl. Babarsari No.13 B","Buka 24 jam","┬╖","0813-9452-0000","https://www.apotek-k24.com/location/detail/424/K-24-BABARSARI","юаЛ","Situs Web","юФо","Rute","""Pelayanannya ramah, sopan, gercep dan harga terjangkau.""","","","","https://ssl.gstatic.com/local/servicebusiness/default_user.png"
"https://www.google.com/maps/place/Apotek+Lunar+Sorowajan/data=!4m7!3m6!1s0x2e7a59de997fcc49:0xedbd16467e7e5c18!8m2!3d-7.7895887!4d110.3983367!16s%2Fg%2F11bx8m16bw!19sChIJScx_md5Zei4RGFx-fkYWve0?authuser=0&hl=id&rclk=1","Apotek Lunar Sorowajan","4,6","(45)","Apotek","┬╖","┬╖","Buka","Ruko Jogja, Jl. Sorowajan Baru тЫЙ Gang Veteran I Townhouse 3 Kav A.1","0857-7068-6677","http://apoteksorowajan.blogspot.com/","юаЛ","Situs Web","юФо","Rute","""Pelayanan baik dan ramah,
Sangat membantu pemilihan obat yg tepat""","","┬╖","┬╖ Tutup pukul 22.00","https://ssl.gstatic.com/local/servicebusiness/default_user.png"
"https://www.google.com/maps/place/Apotek+Orimedic/data=!4m7!3m6!1s0x2e7a59e88572a873:0x1831b4b7c3e8b0e4!8m2!3d-7.7830592!4d110.4061159!16s%2Fg%2F11b66jnfp7!19sChIJc6hyhehZei4R5LDow7e0MRg?authuser=0&hl=id&rclk=1","Apotek Orimedic","4,2","(61)","Apotek","┬╖","Jl. Laksda Adisucipto Km 6 No.15","Buka","┬╖","0878-3822-8839","https://linktr.ee/apotekorimedic","юаЛ","Situs Web","юФо","Rute","""Jika tidak ada obat yang kita cari,","apotek","","┬╖ Tutup pukul 20.00","https://ssl.gstatic.com/local/servicebusiness/default_user.png"
"https://www.google.com/maps/place/Apotek+Kimia+Farma+Seturan/data=!4m7!3m6!1s0x2e7a59917b03ab9d:0x202ebb4b331b886c!8m2!3d-7.7695443!4d110.4097624!16s%2Fg%2F1pzt4vjyd!19sChIJnasDe5FZei4RbIgbM0u7LiA?authuser=0&hl=id&rclk=1","Apotek Kimia Farma Seturan","4,4","(317)","Apotek","┬╖","Jl. Seturan Raya No.C/3B","Buka 24 jam","┬╖","0811-1067-8229","http://kimiafarmaapotek.co.id/","юаЛ","Situs Web","юФо","Rute","""Pelayanan ramah, vitamin lengkap, obat lengkap,","apotek","","","https://ssl.gstatic.com/local/servicebusiness/default_user.png"
"https://www.google.com/maps/place/Apotek+Namora/data=!4m7!3m6!1s0x2e7a5900569be43b:0xe2ae0eaec78a94b4!8m2!3d-7.7764456!4d110.4045912!16s%2Fg%2F11ywj5z9rl!19sChIJO-SbVgBZei4RtJSKx64OruI?authuser=0&hl=id&rclk=1","Apotek Namora","5,0","(1)","Apotek","┬╖","Jl. Perumnas No.141b","","","","","юФо","Rute","","","","","","",""
"https://www.google.com/maps/place/Apotek+Omah+Sehat+Jongkang/data=!4m7!3m6!1s0x2e7a58fbf3804a39:0xe02e64d2275f350a!8m2!3d-7.7483612!4d110.3722425!16s%2Fg%2F11b6dp75g6!19sChIJOUqA8_tYei4RCjVfJ9JkLuA?authuser=0&hl=id&rclk=1","Apotek Omah Sehat Jongkang","4,1","(62)","Apotek","┬╖","Jl. Palagan Tentara Pelajar No.120","┬╖","Buka","0812-1590-0202","","юФо","Rute","","","""Menyediakan obat yg lengkap dgn harga terjangkau.""","","┬╖ Tutup pukul 23.00","","https://ssl.gstatic.com/local/servicebusiness/default_user.png"
"https://www.google.com/maps/place/APOTEK/data=!4m7!3m6!1s0x2e7a590023c4945f:0x2ec7087b59bc9643!8m2!3d-7.7616792!4d110.3939407!16s%2Fg%2F11zjq8_ynn!19sChIJX5TEIwBZei4RQ5a8WXsIxy4?authuser=0&hl=id&rclk=1","APOTEK","","","Tempat Parkir","┬╖","69QV+7HX","","","","","юФо","Rute","","","","","","",""
"https://www.google.com/maps/place/Apotek+Blunyah+Farma/data=!4m7!3m6!1s0x2e7a585050180f93:0xcd28ed60ecb096ed!8m2!3d-7.7691317!4d110.3687751!16s%2Fg%2F1ptzm0kq9!19sChIJkw8YUFBYei4R7Zaw7GDtKM0?authuser=0&hl=id&rclk=1","Apotek Blunyah Farma","4,1","(23)","Apotek","┬╖","Jl. Monjali No.191","┬╖","Buka","0896-5224-9381","","юФо","Rute","","","","","┬╖ Tutup pukul 23.00","",""
"https://www.google.com/maps/place/Apotek+Rajawali/data=!4m7!3m6!1s0x2e7a59c3250ffd33:0xb728f9ff40e9b546!8m2!3d-7.7460944!4d110.3992888!16s%2Fg%2F11rjvsst_7!19sChIJM_0PJcNZei4RRrXpQP_5KLc?authuser=0&hl=id&rclk=1","Apotek Rajawali","4,7","(77)","Apotek","┬╖","Jalan Rajawali No.55 Sanggrahan","┬╖","Buka","0812-8953-0223","","юФо","Rute","","","""Obatnya lengkap, karyawan nya kompeten dalam merekomendasikan obat""","","┬╖ Tutup pukul 22.00","","https://ssl.gstatic.com/local/servicebusiness/default_user.png"
"https://www.google.com/maps/place/Apotek+Sehatmu+Sapen/data=!4m7!3m6!1s0x2e7a590001921c47:0x965d8b52aa6a4585!8m2!3d-7.7876975!4d110.3911711!16s%2Fg%2F11n4d93jq1!19sChIJRxySAQBZei4RhUVqqlKLXZY?authuser=0&hl=id&rclk=1","Apotek Sehatmu Sapen","","","Apotek","┬╖","696R+WFF, Jl. Bimasakti","","","","","юФо","Rute","","","","","","",""
"https://www.google.com/maps/place/YoyiC+Outlet+Apotek+Asha+Medika/data=!4m7!3m6!1s0x2e7a59ec4bd2d9b7:0xc00f6d9e4f9e07f8!8m2!3d-7.7772218!4d110.4006003!16s%2Fg%2F11hz19mz8z!19sChIJt9nSS-xZei4R-AeeT55tD8A?authuser=0&hl=id&rclk=1","YoyiC Outlet Apotek Asha Medika","","","Klinik Medis","┬╖","Jl. Nologaten No.210-216","","","","","юФо","Rute","","","","","","",""
"https://www.google.com/maps/place/Apotek+F-21/data=!4m7!3m6!1s0x2e7a597468b3dfdb:0xfdc327e70bd53f02!8m2!3d-7.7487801!4d110.4061231!16s%2Fg%2F11b88sldts!19sChIJ29-zaHRZei4RAj_VC-cnw_0?authuser=0&hl=id&rclk=1","Apotek F-21","4,7","(38)","Apotek","┬╖","Jl. Gurameh Raya No.5","┬╖","Buka","0889-5279-893","","юФо","Rute","","","""pelayanannya ramah, dokternya baik, tempatnya adem""","","┬╖ Tutup pukul 21.30","","https://ssl.gstatic.com/local/servicebusiness/default_user.png"
"https://www.google.com/maps/place/APOTEK+BINA+SEHAT/data=!4m7!3m6!1s0x2e7a5900428f252d:0x1b4e7ae39c3fd50b!8m2!3d-7.7632655!4d110.403529!16s%2Fg%2F11m5r75dl8!19sChIJLSWPQgBZei4RC9U_nON6Ths?authuser=0&hl=id&rclk=1","APOTEK BINA SEHAT","","","Apotek","┬╖","6CP3+MCR, Jl. Wahid Hasyim","","","","","юФо","Rute","","","","","","",""
"https://www.google.com/maps/place/Apotek+Kimia+Farma+Jakal+3,5/data=!4m7!3m6!1s0x2e7a59e9cb270003:0xdae5a15610556948!8m2!3d-7.7638592!4d110.3792748!16s%2Fg%2F11r457fdpx!19sChIJAwAny-lZei4RSGlVEFah5do?authuser=0&hl=id&rclk=1","Apotek Kimia Farma Jakal 3,5","4,4","(77)","Apotek","┬╖","Jl. Kaliurang No.52","Buka","┬╖","(0274) 5019981","http://kimiafarmaapotek.co.id/","юаЛ","Situs Web","юФо","Rute","""Lengkap, pelayanan mantap
Cari obat langsung d usahakan ada.""","","","┬╖ Tutup pukul 22.00","https://ssl.gstatic.com/local/servicebusiness/default_user.png"
"https://www.google.com/maps/place/Apotek+Rendhi+Farma/data=!4m7!3m6!1s0x2e7a5768235b094b:0xfbc78b91ec76e72b!8m2!3d-7.7942934!4d110.4078153!16s%2Fg%2F11xh21bfhr!19sChIJSwlbI2hXei4RK-d27JGLx_s?authuser=0&hl=id&rclk=1","Apotek Rendhi Farma","5,0","(8)","Apotek","┬╖","Jl. Sorowajan","Buka","┬╖","0821-6455-3880","https://r.grab.com/g/2-2-6-C7UWNTTXKBMVCX","юаЛ","Situs Web","юФо","Rute","""Banyak pilihan obat""","","","┬╖ Tutup pukul 21.00","https://ssl.gstatic.com/local/servicebusiness/default_user.png"
"https://www.google.com/maps/place/Apotek+Kimia+Farma+Condong+Catur/data=!4m7!3m6!1s0x2e7a598b0733d313:0x9e1e2067c70896f2!8m2!3d-7.7536962!4d110.4109435!16s%2Fg%2F11mxjgkh69!19sChIJE9MzB4tZei4R8pYIx2cgHp4?authuser=0&hl=id&rclk=1","Apotek Kimia Farma Condong Catur","4,6","(180)","Apotek","┬╖","┬╖","Buka","Jl. Nusa Indah No.233 I","0813-2659-0608","http://kimiafarmaapotek.co.id/","юаЛ","Situs Web","юФо","Rute","""Tempatnya bersih, apotekernya baik, pelayananannya ramah dan solutif""","","┬╖","┬╖ Tutup pukul 20.00","https://ssl.gstatic.com/local/servicebusiness/default_user.png"
"https://www.google.com/maps/place/Apotek+Kimia+Farma+Malioboro/data=!4m7!3m6!1s0x2e7a5827d2580ded:0x6b7df828f79313bb!8m2!3d-7.7926869!4d110.3657131!16s%2Fg%2F1hm4xxgd1!19sChIJ7Q1Y0idYei4RuxOT9yj4fWs?authuser=0&hl=id&rclk=1","Apotek Kimia Farma Malioboro","4,6","(372)","Apotek","┬╖","Jl. Malioboro No.123","Buka 24 jam","┬╖","0822-6441-3643","http://kimiafarmaapotek.co.id/","юаЛ","Situs Web","юФо","Rute","""Obat lengkap, tempat bersih, ada banyak kursi untuk menunggu.""","","","","https://ssl.gstatic.com/local/servicebusiness/default_user.png"
"https://www.google.com/maps/place/Apotek+Wisnu/data=!4m7!3m6!1s0x2e7a58318198e939:0xc9c0ebd2baa7c90a!8m2!3d-7.7830851!4d110.3676083!16s%2Fg%2F1hc39hdfs!19sChIJOemYgTFYei4RCsmnutLrwMk?authuser=0&hl=id&rclk=1","Apotek Wisnu","5,0","(5)","Apotek","┬╖","Jl. Jend. Sudirman No.10","┬╖","Buka","(0274) 516012","","юФо","Rute","","","""Penjelasan untuk pemakaian obat juga lengkap dan pelayanannya juga baik.""","","┬╖ Tutup pukul 20.00","","https://ssl.gstatic.com/local/servicebusiness/default_user.png"
"https://www.google.com/maps/place/Apotek+Farmarin/data=!4m7!3m6!1s0x2e7a583aaaf75f1d:0xf6df9c71268eddee!8m2!3d-7.7855948!4d110.3665736!16s%2Fg%2F1hm2p9hrn!19sChIJHV_3qjpYei4R7t2OJnGc3_Y?authuser=0&hl=id&rclk=1","Apotek Farmarin","4,5","(37)","Apotek","┬╖","Jl. P. Mangkubumi No.73","┬╖","Buka","(0274) 586397","","юФо","Rute","","","""Harga paling kompetitif dibanding","apotek","┬╖ Tutup pukul 21.00","","https://ssl.gstatic.com/local/servicebusiness/default_user.png"
"https://www.google.com/maps/place/Apotek+Srikandi/data=!4m7!3m6!1s0x2e7a59f0243e578f:0x3f699edd4cbc03ee!8m2!3d-7.7741129!4d110.41399!16s%2Fg%2F1pzq_63nw!19sChIJj1c-JPBZei4R7gO8TN2eaT8?authuser=0&hl=id&rclk=1","Apotek Srikandi","3,8","(34)","Apotek","┬╖","┬╖","","Ruko Permata, Blok R, Jl. Babarsari No.3A","(0274) 484500","http://apoteksrikandi.blogspot.com/","юаЛ","Situs Web","юФо","Rute","""Harga bersahabat, mau mengantar sampai tempat praktik.""","","","","https://ssl.gstatic.com/local/servicebusiness/default_user.png"
"https://www.google.com/maps/place/Apotek+Afina/data=!4m7!3m6!1s0x2e7a582aa6636e13:0x105112c72c10f08b!8m2!3d-7.7950464!4d110.3776155!16s%2Fg%2F11b61qzb0x!19sChIJE25jpipYei4Ri_AQLMcSURA?authuser=0&hl=id&rclk=1","Apotek Afina","4,4","(86)","Apotek","┬╖","Jl. Doktor Sutomo No.21","Buka","┬╖","(0274) 544712","https://www.honestdocs.id/apotik?page=14","юаЛ","Situs Web","юФо","Rute","""Obat lengkap, ada dokter umum bisa BPJS, pelayanan cepat dan ramahЁЯСНЁЯП╗""","","","┬╖ Tutup pukul 21.00","https://ssl.gstatic.com/local/servicebusiness/default_user.png"
"https://www.google.com/maps/place/Apotek+Pasfarma+Maguwoharjo/data=!4m7!3m6!1s0x2e7a5900058c9fff:0x1b6a469236f3fcbc!8m2!3d-7.7556791!4d110.4226712!16s%2Fg%2F11wqftnhz6!19sChIJ_5-MBQBZei4RvPzzNpJGahs?authuser=0&hl=id&rclk=1","Apotek Pasfarma Maguwoharjo","5,0","(2)","Apotek","┬╖","Jl. Paingan No.42","Buka","┬╖","0821-6262-2428","https://pasfarma.com/konsultasi/maguwoharjo/","юаЛ","Situs Web","юФо","Rute","Belanja di toko","Ambil di toko","","┬╖ Tutup pukul 22.00",""
"https://www.google.com/maps/place/Apotek+Kencana+Sejahtera/data=!4m7!3m6!1s0x2e7a584d82efc4cd:0x630b0a8c60a0e1b0!8m2!3d-7.7705481!4d110.3727661!16s%2Fg%2F1hc6pjfc3!19sChIJzcTvgk1Yei4RsOGgYIwKC2M?authuser=0&hl=id&rclk=1","Apotek Kencana Sejahtera","4,0","(67)","Apotek","┬╖","Jl. Kesehatan B No.47","┬╖","Tutup","(0274) 518663","","юФо","Rute","","","""Pelayanan dokter bagus,Ramah
Pelayanan obat cepat,Lengkap""","","┬╖ Buka Sen pukul 08.00","","https://ssl.gstatic.com/local/servicebusiness/default_user.png"
"https://www.google.com/maps/place/APOTEK+DNH/data=!4m7!3m6!1s0x2e7a59957531c5a5:0x58578d15f5a98706!8m2!3d-7.7526044!4d110.3982713!16s%2Fg%2F11lzpmbfmz!19sChIJpcUxdZVZei4RBoep9RWNV1g?authuser=0&hl=id&rclk=1","APOTEK DNH","5,0","(24)","Apotek","┬╖","Jl. Sukoharjo No.132 A","Tutup","┬╖","0888-1818-100","https://www.instagram.com/apotekdnh/profilecard/?igsh=MThpNTJzZjMxZ3ExaA==","юаЛ","Situs Web","юФо","Rute","""Recommended, obat lengkap dan lokasi strategis""","","","┬╖ Buka Sen pukul 07.00","https://ssl.gstatic.com/local/servicebusiness/default_user.png"
"https://www.google.com/maps/place/Apotek+Rajendra+Maguwoharjo/data=!4m7!3m6!1s0x8a99d83a745ef00f:0x99bb59ab1ab949fc!8m2!3d-7.7739039!4d110.4239817!16s%2Fg%2F11z24xqhpm!19sChIJD_BedDrYmYoR_Em5GqtZu5k?authuser=0&hl=id&rclk=1","Apotek Rajendra Maguwoharjo","5,0","(4)","Apotek","┬╖","Jl. K.H. Muhdi, RT.02/RW.20","┬╖","Buka","0895-6373-94940","","юФо","Rute","","","""Mas nya ramah dan selalu memberikan edukasi yg jarang orang tau""","","┬╖ Tutup pukul 22.00","","https://ssl.gstatic.com/local/servicebusiness/default_user.png"
"https://www.google.com/maps/place/Apotek+Sahabat+Mitra+Sehat/data=!4m7!3m6!1s0x2e7a5961ea615f81:0xd604423843e7aa86!8m2!3d-7.7596177!4d110.4250696!16s%2Fg%2F11v0085dmd!19sChIJgV9h6mFZei4RhqrnQzhCBNY?authuser=0&hl=id&rclk=1","Apotek Sahabat Mitra Sehat","3,1","(9)","Apotek","┬╖","Jl. Sabo","┬╖","Buka","0877-3810-8899","","юФо","Rute","","","""Ramah apotekernya dan juoss tepat obatnya...pasti puas""","","┬╖ Tutup pukul 22.00","","https://ssl.gstatic.com/local/servicebusiness/default_user.png"
"https://www.google.com/maps/place/Apotek+Unisia+24+Palagan/data=!4m7!3m6!1s0x2e7a59888d68b8c7:0x3e66623d67f084ec!8m2!3d-7.7469621!4d110.3729463!16s%2Fg%2F11t49_n059!19sChIJx7hojYhZei4R7ITwZz1iZj4?authuser=0&hl=id&rclk=1","Apotek Unisia 24 Palagan","4,9","(72)","Apotek","┬╖","Jl. Palagan Tentara Pelajar No.73","┬╖","Buka 24 jam","0811-2635-992","","юФо","Rute","","","""Obat-obatnya lengkap, harganya terjangkau dibanding","apotek","","","https://ssl.gstatic.com/local/servicebusiness/default_user.png"
"https://www.google.com/maps/place/Apotek+Kimia+Farma+Jamal+5.5/data=!4m7!3m6!1s0x2e7a596c1cb2b96d:0x15cf4437b331186a!8m2!3d-7.7557702!4d110.3618542!16s%2Fg%2F11kpdjfzgq!19sChIJbbmyHGxZei4RahgxszdEzxU?authuser=0&hl=id&rclk=1","Apotek Kimia Farma Jamal 5.5","4,4","(49)","Apotek","┬╖","Jl. Magelang No.62","Buka","┬╖","0811-1067-8223","http://www.kimiafarmaapotek.co.id/","юаЛ","Situs Web","юФо","Rute","""","Apotek","","┬╖ Tutup pukul 22.00","https://ssl.gstatic.com/local/servicebusiness/default_user.png"
"https://www.google.com/maps/place/Apotek+Cinta+Farma/data=!4m7!3m6!1s0x2e7a5988f96cbda7:0x820f7b74f5f9ca69!8m2!3d-7.7619385!4d110.4223821!16s%2Fg%2F11b6nkht3f!19sChIJp71s-YhZei4Racr59XR7D4I?authuser=0&hl=id&rclk=1","Apotek Cinta Farma","4,1","(22)","Apotek","┬╖","Jl. Tasura No.29","Buka","┬╖","0858-6964-4496","https://www.tokopedia.com/apotek-cintafarmadepok","юаЛ","Situs Web","юФо","Rute","""Tinggal whatsapp tanyakan ketersediaan obatnya dan transfer.""","","","┬╖ Tutup pukul 21.30","https://ssl.gstatic.com/local/servicebusiness/default_user.png"
"https://www.google.com/maps/place/Apotek+Kolombo/data=!4m7!3m6!1s0x2e7a59050d518827:0xd6fe15bc5fc0c1c!8m2!3d-7.7456059!4d110.388947!16s%2Fg%2F1hc4ksgd6!19sChIJJ4hRDQVZei4RHAz8xVvhbw0?authuser=0&hl=id&rclk=1","Apotek Kolombo","3,9","(45)","Apotek","┬╖","Pasar Kolombo, Jl. Kaliurang No.Km, RW.7","┬╖","Buka 24 jam","(0274) 885760","","юФо","Rute","","","""harga obat het nya gk nyampe 3k tp dihargai 10k""","","","","https://ssl.gstatic.com/local/servicebusiness/default_user.png"
"https://www.google.com/maps/place/APOTEK+CANDI+FARMA/data=!4m7!3m6!1s0x2e7a5986d0c667ef:0xc199145d6af48b0f!8m2!3d-7.7577551!4d110.4228017!16s%2Fg%2F11v4fbgwkx!19sChIJ72fG0IZZei4RD4v0al0UmcE?authuser=0&hl=id&rclk=1","APOTEK CANDI FARMA","","","Apotek","┬╖","Jl. Krodan No.9D","","","","","юФо","Rute","","","","","","",""
"https://www.google.com/maps/place/Apotek+K-24+Raya+Janti+Bantul/data=!4m7!3m6!1s0x2e7a57595a59e0d5:0x3bb96941231a9837!8m2!3d-7.7984757!4d110.409021!16s%2Fg%2F11b69_vhl2!19sChIJ1eBZWllXei4RN5gaI0FpuTs?authuser=0&hl=id&rclk=1","Apotek K-24 Raya Janti Bantul","4,6","(261)","Apotek","┬╖","┬╖","Buka 24 jam","Jl. Raya Janti","0821-3627-6253","https://www.apotek-k24.com/location/detail/611/K-24-RAYA-JANTI","юаЛ","Situs Web","юФо","Rute","""","apotek","┬╖","","https://ssl.gstatic.com/local/servicebusiness/default_user.png"
"https://www.google.com/maps/place/Apotek+Pangastuti/data=!4m7!3m6!1s0x2e7a59363068e181:0xc42db485987c7383!8m2!3d-7.7852165!4d110.3731212!16s%2Fg%2F11k_1_gknz!19sChIJgeFoMDZZei4Rg3N8mIW0LcQ?authuser=0&hl=id&rclk=1","Apotek Pangastuti","4,9","(199)","Apotek","┬╖","┬╖","Tutup","Jl. Supadi No.8","0895-1022-8484","https://linktr.ee/apotekpangastuti","юаЛ","Situs Web","юФо","Rute","""Tempatnya luas, bersih, pelayanan nyaman, harga murah bangett""","","┬╖","┬╖ Buka Sen pukul 09.00","https://ssl.gstatic.com/local/servicebusiness/default_user.png"
"https://www.google.com/maps/place/APOTEK+DAN+ALKES+DELIMA+SAKTI/data=!4m7!3m6!1s0x2e7a59006f82f2e9:0x68e2e6bdec2efffa!8m2!3d-7.7501146!4d110.4093106!16s%2Fg%2F11lcgsws4r!19sChIJ6fKCbwBZei4R-v8u7L3m4mg?authuser=0&hl=id&rclk=1","APOTEK DAN ALKES DELIMA SAKTI","2,6","(5)","Apotek","┬╖","Jl. Swadaya 1 No.100","┬╖","Buka 24 jam","0821-3766-1588","","юФо","Rute","","","""Secara keseluruhan, OK banget and highly recommended.""","","","","https://ssl.gstatic.com/local/servicebusiness/default_user.png"
"https://www.google.com/maps/place/Apotek+Ellan+Farma+Maguwoharjo/data=!4m7!3m6!1s0x2e7a598fb052b4b1:0xba36013cb76b4f04!8m2!3d-7.773905!4d110.423983!16s%2Fg%2F11l59jk5lq!19sChIJsbRSsI9Zei4RBE9rtzwBNro?authuser=0&hl=id&rclk=1","Apotek Ellan Farma Maguwoharjo","4,7","(36)","Apotek","┬╖","Utara gapuro demangan, Jl. K.H. Muhdi, RT.02/RW.20","┬╖","Buka","0898-1044-411","","юФо","Rute","","","""","Apotek","┬╖ Tutup pukul 21.00","","https://ssl.gstatic.com/local/servicebusiness/default_user.png"
"https://www.google.com/maps/place/Apotek+Gejayan/data=!4m7!3m6!1s0x2e7a59ba04a47c95:0x2380ce2fdff5d8b8!8m2!3d-7.7686282!4d110.3912216!16s%2Fg%2F1hc1gr6dp!19sChIJlXykBLpZei4RuNj13y_OgCM?authuser=0&hl=id&rclk=1","Apotek Gejayan","4,0","(118)","Apotek","┬╖","Jl. Affandi CT X No.16","┬╖","Tutup","(0274) 561771","","юФо","Rute","","","""Obatnya lengkap, tempatnya bersih, pelayanannya ramah.""","","┬╖ Buka Sen pukul 08.00","","https://ssl.gstatic.com/local/servicebusiness/default_user.png"
"https://www.google.com/maps/place/Apotek+Mydervia/data=!4m7!3m6!1s0x2e7a5900427125e9:0x5b254bebd0d569ba!8m2!3d-7.755956!4d110.3950891!16s%2Fg%2F11m638fp82!19sChIJ6SVxQgBZei4RumnV0OtLJVs?authuser=0&hl=id&rclk=1","Apotek Mydervia","","","Apotek","┬╖","Jl. Wira Jaya No.315","┬╖","Tutup","0852-2610-4445","","юФо","Rute","","","","","┬╖ Buka Sen pukul 10.00","",""
"https://www.google.com/maps/place/Apotek+Optima/data=!4m7!3m6!1s0x2e7a5856d822af97:0x13df9e7d22135d8b!8m2!3d-7.7591063!4d110.3696822!16s%2Fg%2F11b66dfw5b!19sChIJl68i2FZYei4Ri10TIn2e3xM?authuser=0&hl=id&rclk=1","Apotek Optima","4,8","(61)","Apotek","┬╖","Jl. Monjali No.91A Lantai 1","┬╖","Tutup","(0274) 625611","","юФо","Rute","","","""Obat lengkap, hrga murah, pelayanannya ramah, bisa terima resep dokter.""","","┬╖ Buka Sen pukul 07.00","","https://ssl.gstatic.com/local/servicebusiness/default_user.png"
"https://www.google.com/maps/place/Apotek+Anggajaya/data=!4m7!3m6!1s0x2e7a590b687eadfd:0x9068e4efb800dbfa!8m2!3d-7.7487169!4d110.4008975!16s%2Fg%2F11b6ctmq9y!19sChIJ_a1-aAtZei4R-tsAuO_kaJA?authuser=0&hl=id&rclk=1","Apotek Anggajaya","4,8","(38)","Apotek","┬╖","┬╖","Jl. Anggajaya 2 No.11","Buka","0851-0014-1312","","юФо","Rute","","","""Recommended utk beli2 obat.. Bisa cek tensi dll juga.""","","┬╖ Tutup pukul 21.00","┬╖","https://ssl.gstatic.com/local/servicebusiness/default_user.png"
"https://www.google.com/maps/place/Apotek+Vishva+Mitra/data=!4m7!3m6!1s0x2e7a59cdf0b9d025:0xf57476a5c2aba271!8m2!3d-7.7842615!4d110.3840999!16s%2Fg%2F1hm5kb4b4!19sChIJJdC58M1Zei4RcaKrwqV2dPU?authuser=0&hl=id&rclk=1","Apotek Vishva Mitra","4,6","(17)","Apotek","┬╖","┬╖","Jl. Kemakmuran No.11","Tutup","0813-2597-7330","","юФо","Rute","","","""Klinik nya ok.. pelayanan obat resep cepat..""","","┬╖ Buka Sen pukul 08.00","┬╖","https://ssl.gstatic.com/local/servicebusiness/default_user.png"
"https://www.google.com/maps/place/Hbp+Clinic+Health+Care+-+Apotek/data=!4m7!3m6!1s0x2e7a59e8b7815c1b:0x998b62a3c4cb73c6!8m2!3d-7.7830975!4d110.4075072!16s%2Fg%2F11b66gcp17!19sChIJG1yBt-hZei4RxnPLxKNii5k?authuser=0&hl=id&rclk=1","Hbp Clinic Health Care - Apotek","5,0","(5)","Apotek","┬╖","Gedung Sumber Arum, Jl. Laksda Adisucipto No.31","┬╖","Tutup","(0274) 489082","","юФо","Rute","","","""Dokter nya ramah""","","┬╖ Buka Sen pukul 08.00","","https://ssl.gstatic.com/local/servicebusiness/default_user.png"
"https://www.google.com/maps/place/Apotek+Candi+Gebang+Rajawali/data=!4m7!3m6!1s0x2e7a5900208f554b:0x5758b6e56c29c93d!8m2!3d-7.7463948!4d110.4125967!16s%2Fg%2F11xf4x6605!19sChIJS1WPIABZei4RPckpbOW2WFc?authuser=0&hl=id&rclk=1","Apotek Candi Gebang Rajawali","4,5","(26)","Apotek","┬╖","Jl. Candi Gebang No.182","┬╖","Buka 24 jam","0812-8953-0223","","юФо","Rute","","","""Ramah pelayanan nya, obat lengkap dan harga bersahabatt recommended""","","","","https://ssl.gstatic.com/local/servicebusiness/default_user.png"
"https://www.google.com/maps/place/Apotek+Pharm+24+Waringin/data=!4m7!3m6!1s0x2e7a57803b3051cf:0xda206f103372643c!8m2!3d-7.7971766!4d110.3777621!16s%2Fg%2F11bbyhbx2m!19sChIJz1EwO4BXei4RPGRyMxBvINo?authuser=0&hl=id&rclk=1","Apotek Pharm 24 Waringin","4,5","(604)","Apotek","┬╖","Jl. Doktor Sutomo No.2","Buka 24 jam","┬╖","0821-3177-1102","https://www.honestdocs.id/apotik/apotek-waringin-yogyakarta","юаЛ","Situs Web","юФо","Rute","""","Apotek","","","https://ssl.gstatic.com/local/servicebusiness/default_user.png"
"https://www.google.com/maps/place/Apotek+Pharm+24+Jl.+Magelang/data=!4m7!3m6!1s0x2e7a5764da09ccb3:0x15727708a6d4d734!8m2!3d-7.7718401!4d110.3611908!16s%2Fg%2F11cs017_df!19sChIJs8wJ2mRXei4RNNfUpgh3chU?authuser=0&hl=id&rclk=1","Apotek Pharm 24 Jl. Magelang","4,6","(113)","Apotek","","┬╖","","Buka 24 jam","(0274) 619469","","юФо","Rute","","","""Harganya cukup lebih murah dibanding","apotek","","","https://ssl.gstatic.com/local/servicebusiness/default_user.png"
"https://www.google.com/maps/place/Apotek+Surya+Medika/data=!4m7!3m6!1s0x2e7a59a97fbff4bf:0x5c3efa50d2b3bc97!8m2!3d-7.7566445!4d110.3847803!16s%2Fg%2F11b73wvx91!19sChIJv_S_f6lZei4Rl7yz0lD6Plw?authuser=0&hl=id&rclk=1","Apotek Surya Medika","4,1","(10)","Apotek","┬╖","Jl. Ring Road Utara No.17D","┬╖","Tutup","(0274) 563043","","юФо","Rute","","","","","┬╖ Buka Sen pukul 08.00","",""
"https://www.google.com/maps/place/Apotek+K-24+Sinduadi+Sleman/data=!4m7!3m6!1s0x2e7a5907d07126d3:0x3b6a757d69251ce2!8m2!3d-7.7559677!4d110.3619049!16s%2Fg%2F11msbrdrd_!19sChIJ0yZx0AdZei4R4hwlaX11ajs?authuser=0&hl=id&rclk=1","Apotek K-24 Sinduadi Sleman","5,0","(43)","Apotek","┬╖","Jl. Magelang No.KM.5,5, RT.11/RW.26","Buka 24 jam","┬╖","0822-2718-0880","https://www.apotek-k24.com/location/detail/1224/K-24-SINDUADI","юаЛ","Situs Web","юФо","Rute","""Tempatnya bersih, parkir luas, pelayanan ramah""","","","","https://ssl.gstatic.com/local/servicebusiness/default_user.png"
"https://www.google.com/maps/place/Apotek+Kosudgama/data=!4m7!3m6!1s0x2e7a58354a575097:0xb9e6d058ba01e1ee!8m2!3d-7.776013!4d110.378337!16s%2Fg%2F11b73t5q1t!19sChIJl1BXSjVYei4R7uEBuljQ5rk?authuser=0&hl=id&rclk=1","Apotek Kosudgama","4,4","(132)","Apotek","┬╖","Blk. A, Jalan Bulaksumur No.14","Tutup","┬╖","0821-3458-5843","http://www.kosudgama.org/","юаЛ","Situs Web","юФо","Rute","""Apotik yg memberikan diskon untuk pasien Lansia, Great""","","","┬╖ Buka Sen pukul 08.00","https://ssl.gstatic.com/local/servicebusiness/default_user.png"
"https://www.google.com/maps/place/Apotek+Melati+Farma/data=!4m7!3m6!1s0x2e7a59d6f29d43b1:0xce72c9f8f44debac!8m2!3d-7.7920018!4d110.3861456!16s%2Fg%2F11b6dfqm5s!19sChIJsUOd8tZZei4RrOtN9PjJcs4?authuser=0&hl=id&rclk=1","Apotek Melati Farma","4,0","(4)","Apotek","┬╖","Jl. Gondosuli No.5 A","┬╖","Tutup","(0274) 540947","","юФо","Rute","","","""Pelayanan nya bagus""","","┬╖ Buka Sen pukul 08.00","","https://ssl.gstatic.com/local/servicebusiness/default_user.png"
"https://www.google.com/maps/place/Rumah+Sehat+dan+Apotek+UGM/data=!4m7!3m6!1s0x2e7a59ee9c36d4a5:0xd72969cfee31ec62!8m2!3d-7.775701!4d110.3724039!16s%2Fg%2F1hm3jgn9z!19sChIJpdQ2nO5Zei4RYuwx7s9pKdc?authuser=0&hl=id&rclk=1","Rumah Sehat dan Apotek UGM","4,4","(280)","Apotek","┬╖","┬╖","Jl. DR. Sardjito No.25","Tutup","0878-3903-3666","","юФо","Rute","","","""Pelayanan ramah, beberapa item obat&vitamin harga lebih murah.""","","┬╖ Buka Sen pukul 08.15","┬╖","https://ssl.gstatic.com/local/servicebusiness/default_user.png"
"https://www.google.com/maps/place/Apotek+Baciro/data=!4m7!3m6!1s0x2e7a59c191d8c9eb:0x6d4ec246583f4930!8m2!3d-7.7918461!4d110.3860956!16s%2Fg%2F11hfpqnbw6!19sChIJ68nYkcFZei4RMEk_WEbCTm0?authuser=0&hl=id&rclk=1","Apotek Baciro","4,8","(11)","Apotek","┬╖","┬╖","Tutup","Jl. Gondosuli No.2B","0821-3463-9325","http://instagram.com/apotekbaciro","юаЛ","Situs Web","юФо","Rute","""Obat obatnya sangat lengkap dan murah
Pelayanannya ramah dan sopan""","","┬╖","┬╖ Buka Sen pukul 08.00","https://ssl.gstatic.com/local/servicebusiness/default_user.png"
"https://www.google.com/maps/place/Apotek+Rinjani/data=!4m7!3m6!1s0x2e7a59cd56e8d03b:0x36598c0bb03f980a!8m2!3d-7.7848342!4d110.3791872!16s%2Fg%2F11bby4_4_1!19sChIJO9DoVs1Zei4RCpg_sAuMWTY?authuser=0&hl=id&rclk=1","Apotek Rinjani","4,3","(27)","Apotek","┬╖","Jl. Dr. Wahidin Sudirohusodo No.48A","┬╖","Tutup","(0274) 514862","","юФо","Rute","","","""Pelayanan yg baguss...
Ramahh dan cantik cantik""","","┬╖ Buka Sen pukul 09.00","","https://ssl.gstatic.com/local/servicebusiness/default_user.png"
"https://www.google.com/maps/place/Apotek+Sokowaten/data=!4m7!3m6!1s0x2e7a57604f18b16b:0x8e0aca4fefdb7d27!8m2!3d-7.795848!4d110.3991004!16s%2Fg%2F1pzspnst1!19sChIJa7EYT2BXei4RJ33b70_KCo4?authuser=0&hl=id&rclk=1","Apotek Sokowaten","3,3","(24)","Apotek","┬╖","┬╖","Jl. Arimbi No.10","Buka","0851-0241-1162","","юФо","Rute","","","""Kalau sebatas obat ringan untuk sehari hari sepertinya lengkap.""","","┬╖ Tutup pukul 21.00","┬╖","https://ssl.gstatic.com/local/servicebusiness/default_user.png"
"https://www.google.com/maps/place/Apotek+Atmadja+Farma/data=!4m7!3m6!1s0x2e7a5908a3289b13:0x4345f514ab7b674a!8m2!3d-7.7842881!4d110.3899205!16s%2Fg%2F11tx1v9m5v!19sChIJE5soowhZei4RSmd7qxT1RUM?authuser=0&hl=id&rclk=1","Apotek Atmadja Farma","3,8","(10)","Apotek","┬╖","Jl. Werkudoro Kolojoyo No.55","┬╖","Tutup","0815-7824-6882","","юФо","Rute","","","""Sangat recomended!""","","┬╖ Buka Sen pukul 08.00","","https://ssl.gstatic.com/local/servicebusiness/default_user.png"
"https://www.google.com/maps/place/Klinik+Bangun+Husada/data=!4m7!3m6!1s0x2e7a5999bdc501b9:0x10da712850cf163c!8m2!3d-7.761236!4d110.4068821!16s%2Fg%2F11d_z099t7!19sChIJuQHFvZlZei4RPBbPUChx2hA?authuser=0&hl=id&rclk=1","Klinik Bangun Husada","3,6","(164)","Apotek","┬╖","Jl. Perumnas No.207","┬╖","Tutup","(0274) 488314","","юФо","Rute","","","""untuk bpjs faskes 1 termasuk bagus dan cepat pelayanannya""","","┬╖ Buka Sen pukul 07.00","","https://ssl.gstatic.com/local/servicebusiness/default_user.png"
"https://www.google.com/maps/place/Apotek+Merapi/data=!4m7!3m6!1s0x2e7a583077b20b93:0x2ffb7f0977fada5a!8m2!3d-7.7839039!4d110.3668588!16s%2Fg%2F11r8b5q_9!19sChIJkwuydzBYei4RWtr6dwl_-y8?authuser=0&hl=id&rclk=1","Apotek Merapi","3,9","(139)","Apotek","┬╖","Jl. P. Mangkubumi No.109","┬╖","Tutup","(0274) 553161","","юФо","Rute","","","""Menjual berbagai macam jenis obat yang tidak ada di","apotek","┬╖ Buka Sen pukul 08.00","","https://ssl.gstatic.com/local/servicebusiness/default_user.png"
"https://www.google.com/maps/place/Apotik+Annisa/data=!4m7!3m6!1s0x2e7a5848c112ccaf:0xfe5523225f6099e4!8m2!3d-7.7719522!4d110.3681968!16s%2Fg%2F1hc7zw1nl!19sChIJr8wSwUhYei4R5JlgXyIjVf4?authuser=0&hl=id&rclk=1","Apotik Annisa","4,3","(93)","Apotek","┬╖","Jl. A.M. Sangaji No.77","Tutup","┬╖","0851-0017-6095","https://wa.me/085100176095","юаЛ","Situs Web","юФо","Rute","""Kemarin ada yang habis sampai 499.000 untuk satu orang.""","","","┬╖ Buka Sen pukul 08.00","https://ssl.gstatic.com/local/servicebusiness/default_user.png"
"https://www.google.com/maps/place/Apotek+Khalid+Farma/data=!4m7!3m6!1s0x2e7a59f1d37d528d:0xfc3cd1437c092ab!8m2!3d-7.7691859!4d110.425263!16s%2Fg%2F11l5fgq8dk!19sChIJjVJ90_FZei4Rq5LANxTNww8?authuser=0&hl=id&rclk=1","Apotek Khalid Farma","5,0","(23)","Apotek","┬╖","6CJG+84C, Jl. Perjuangan, RT.005/RW.011","┬╖","Buka","0819-1296-1980","","юФо","Rute","","","""","Apotek","┬╖ Tutup pukul 22.00","","https://ssl.gstatic.com/local/servicebusiness/default_user.png"
"https://www.google.com/maps/place/Apotek+K-24+Jl.+Magelang+Yogyakarta/data=!4m7!3m6!1s0x2e7a5847372c142d:0x39ab8eba6e857277!8m2!3d-7.7741067!4d110.3613158!16s%2Fg%2F1hf2mzql_!19sChIJLRQsN0dYei4Rd3KFbrqOqzk?authuser=0&hl=id&rclk=1","Apotek K-24 Jl. Magelang Yogyakarta","4,5","(311)","Apotek","┬╖","┬╖","Buka 24 jam","Jalan Magelang No.160-162 Kricak","0813-2581-7725","http://www.apotek-k24.com/","юаЛ","Situs Web","юФо","Rute","""Toko obat yg besar dengan sediaan obat yg hampir lengkap .""","","┬╖","","https://ssl.gstatic.com/local/servicebusiness/default_user.png"
"https://www.google.com/maps/place/Apotek+Kimia+Farma+Palagan/data=!4m7!3m6!1s0x2e7a58e311a6a763:0x903e20b1f6997d51!8m2!3d-7.7445143!4d110.3736461!16s%2Fg%2F1hc0v8xyd!19sChIJY6emEeNYei4RUX2Z9rEgPpA?authuser=0&hl=id&rclk=1","Apotek Kimia Farma Palagan","4,6","(622)","Apotek","┬╖","Jl. Palagan Tentara Pelajar No.72","Buka 24 jam","┬╖","0822-3332-2645","http://kimiafarmaapotek.co.id/","юаЛ","Situs Web","юФо","Rute","""apoteknya bersih, pegawai ramah dan obatnya lengkap""","","","","https://ssl.gstatic.com/local/servicebusiness/default_user.png"
"https://www.google.com/maps/place/Apotek+Panca+Dewi/data=!4m7!3m6!1s0x2e7a5829a1476abb:0x7ce2db6d1257dd7b!8m2!3d-7.7937828!4d110.3713579!16s%2Fg%2F1hd_7h0zc!19sChIJu2pHoSlYei4Re91XEm3b4nw?authuser=0&hl=id&rclk=1","Apotek Panca Dewi","4,3","(6)","Apotek","┬╖","Jl. Mas Suharto No.36","","","(0274) 512066","","юФо","Rute","","","""Pindah dmn ya skrg""","","","","https://ssl.gstatic.com/local/servicebusiness/default_user.png"
"https://www.google.com/maps/place/Apotek+Sanata+Dharma/data=!4m7!3m6!1s0x2e7a5981a9458e6b:0x91e6a900a63ed100!8m2!3d-7.7544164!4d110.4228249!16s%2Fg%2F11b6dz0131!19sChIJa45FqYFZei4RANE-pgCp5pE?authuser=0&hl=id&rclk=1","Apotek Sanata Dharma","4,5","(38)","Perusahaan Farmasi","┬╖","┬╖","Jl. Paingan","Tutup","(0274) 883037","","юФо","Rute","","","""Pelayanan ramah, baik.""","","┬╖ Buka Sen pukul 08.00","┬╖","https://ssl.gstatic.com/local/servicebusiness/default_user.png"
"https://www.google.com/maps/place/Apotek+17/data=!4m7!3m6!1s0x2e6f5735cde45c99:0x6274ef129bb01310!8m2!3d-7.7937727!4d110.3656136!16s%2Fg%2F11h3fv231l!19sChIJmVzkzTVXby4REBOwmxLvdGI?authuser=0&hl=id&rclk=1","Apotek 17","5,0","(4)","Apotek","┬╖","Jl. Malioboro","","Buka","","","юФо","Rute","","","","","┬╖ Tutup pukul 22.30","",""
"https://www.google.com/maps/place/Apotek+Suci/data=!4m7!3m6!1s0x2e7a57d12b2bb2f5:0x399fef34ab4cde51!8m2!3d-7.7967102!4d110.3720617!16s%2Fg%2F11hz31m3m5!19sChIJ9bIrK9FXei4RUd5MqzTvnzk?authuser=0&hl=id&rclk=1","Apotek Suci","4,2","(64)","Apotek","┬╖","Jl. Juminahan No.9","┬╖","Buka","(0274) 5018626","","юФо","Rute","","","""Pelayanan bagus, obat2 lengk├аp, menyenangkan beli di aptk Suci""","","┬╖ Tutup pukul 21.00","","https://ssl.gstatic.com/local/servicebusiness/default_user.png"
"https://www.google.com/maps/place/Apotek+Larissa/data=!4m7!3m6!1s0x2e7a59bc998772e5:0xa9de34fd319c7ec0!8m2!3d-7.7527065!4d110.3619508!16s%2Fg%2F11jz7703wq!19sChIJ5XKHmbxZei4RwH6cMf003qk?authuser=0&hl=id&rclk=1","Apotek Larissa","5,0","(2)","Apotek","┬╖","Jl. Magelang No.22","Segera tutup","","","https://www.apotek-k24.com/","юаЛ","Situs Web","юФо","Rute","""The best, kebersihan oke, kakaknya ramah""","","","┬╖ 18.00 ┬╖ Buka Sen pukul 09.00","https://ssl.gstatic.com/local/servicebusiness/default_user.png"
"","","","","","","","","","","","","","","","","","","",""