"hfpxzc href","qBF1Pd","MW4etd","UY7F9","AJB7ye","AJB7ye 2","W4Efsd","W4Efsd 2","W4Efsd 3","W4Efsd 4","W4Efsd 5","FQ2IWe src","Jn12ke src","ah5Ghc","A1zNzb href","J8zHNe","bbPy1","doJOZc","W4Efsd 6","ah5Ghc 2"
"","","","","","","","","","","","","","","","","","","",""
"","","","","","","","","","","","","","","","","","","",""
"https://www.google.com/maps/place/Petik+Merah+Cafe+%26+Roastery/data=!4m7!3m6!1s0x2e7a59cb20e3ae23:0xde005f5b69c865c8!8m2!3d-7.7788759!4d110.3937435!16s%2Fg%2F11h105c7vz!19sChIJI67jIMtZei4RyGXIaVtfAN4?authuser=0&hl=id&rclk=1","Petik Merah Cafe & Roastery","4,6","(1.580)","·","$$","Kafe","·","Jl. Cucak Rowo No.1","Buka","· Tutup pukul 02.00","https://lh3.googleusercontent.com/gps-cs-s/APNQkAFLfjNTSc6gpD1O0h8jrOAi6zpANYw_Y_bOazThbv-ZTFT_2F8LEXzhqN4iRPxUms4ODu8v5Ps9SHV0bHn0LmagTIqLb4LBKuvrp5J1afiZf-iBBkAMQoqCjtecgMElWg5SxdK2=w122-h92-k-no","https://ssl.gstatic.com/local/servicebusiness/default_user.png","""Kopi mocktailnya seger, coconut coffeenya juga enak 👍🏾""","https://www.google.com/searchviewer/42?cvd=CLw_EicKJeICIjIgEhkiF9LX29IPEQoNL2cvMTFoMTA1Yzd2ehgBOgMI8A0%3D&hl=id-ID&gl=id&fo_m=MfohQo559jFvMUOzJVpjPL1YMfZ3bInYwBDuMfaXTPp5KXh-&utm_source=tactile&gei=Pin3acXcGL2H4-EPmsyMuQk&ei=Pin3acXcGL2H4-EPmsyMuQk&fo_s=OA&opi=79508299&orderType=1&ebb=1&cs=0&foub=mcpp","Pesan online","","","",""
"https://www.google.com/maps/place/Tiga+Roepa+Pandega+Galeri+%26+Cafe/data=!4m7!3m6!1s0x2e7a59c9b3237eb7:0xe42ee5d8a88ca2e6!8m2!3d-7.7549611!4d110.380011!16s%2Fg%2F11fwcwtx3l!19sChIJt34js8lZei4R5qKMqNjlLuQ?authuser=0&hl=id&rclk=1","Tiga Roepa Pandega Galeri & Cafe","4,7","(788)","·","Rp 25–50 rb","Kafe seni","·","Jl. Pandega Marta No.43","Buka","· Tutup pukul 22.00","https://lh3.googleusercontent.com/gps-cs-s/APNQkAHvxDiUjBpVpd046SMfgWPVVFXIA5iSnWdRBowLjUcKVBkuD9bNiA2WrJfPYXQzcjI-Xc44jrKF0brLTKmMb-4rIVufdQKDwwrozTXJouH7BkXz4Fj_DwxIi-P_166Bcg9sY6nEkMHlZSk=w122-h92-k-no","https://ssl.gstatic.com/local/servicebusiness/default_user.png","""Ada art galery, kopinya enak, affordable,
Tempatnya artistic, adem.""","","","","","",""
"https://www.google.com/maps/place/COLORTONES+Koffie+%26+Studio+%28Baciro%29/data=!4m7!3m6!1s0x2e7a59c8744065b7:0xe5e6057821f11983!8m2!3d-7.7925248!4d110.3816378!16s%2Fg%2F11k9gqdfwl!19sChIJt2VAdMhZei4RgxnxIXgF5uU?authuser=0&hl=id&rclk=1","COLORTONES Koffie & Studio (Baciro)","4,9","(260)","·","Rp 1–25.000","Kedai Kopi","·","Jl. Bakung No.21","Buka","· Tutup pukul 22.00","https://lh3.googleusercontent.com/gps-cs-s/APNQkAFzK_Rcwes4uTrhA21ScIcpvLnGL2rlQU-32EgY7QGyU3JI5UlmByE5UFRoc4kgauRV-cIlCfH2kvy1Za78F692w6zXOlAR50JqLdGIKgI-6YXtYLzUsByOJXyW5x4IlqXm5cMK=w80-h106-k-no","https://ssl.gstatic.com/local/servicebusiness/default_user.png","""Tempat yang Homey banget, makanannya enak, apalagi kopinya, JUARAA!""","","","","","",""
"https://www.google.com/maps/place/Coklat+Cafe/data=!4m7!3m6!1s0x2e7a583466ceb781:0x681fe56de541d582!8m2!3d-7.778882!4d110.375355!16s%2Fg%2F1pzr91571!19sChIJgbfOZjRYei4RgtVB5W3lH2g?authuser=0&hl=id&rclk=1","Coklat Cafe","4,5","(2.205)","·","Rp 25–50 rb","Kafe","·","·","Buka","· Tutup pukul 23.00","https://lh3.googleusercontent.com/gps-cs-s/APNQkAGpp6UU07edz8x_lF1CxL8LIpvNaEGT0zqAaYYsSpCkKqmszKeDTk-wkOdahnlaxDK8zbjKIfhrxnivXMFrlVHa1zyKs3LgIhIe9rOmQ1ojdkSmgPzLaUDWBHObNLPVzvbtc-NF=w122-h92-k-no","https://ssl.gstatic.com/local/servicebusiness/default_user.png","""Ambience, plating and overall are good quality.""","","","","","Jl. Cik Di Tiro No.19",""
"https://www.google.com/maps/place/Simetri+Coffee+Roaster/data=!4m7!3m6!1s0x2e7a58321847366b:0x2d1c974a3f408e1e!8m2!3d-7.784344!4d110.3740934!16s%2Fg%2F11dxnm7j9g!19sChIJazZHGDJYei4RHo5AP0qXHC0?authuser=0&hl=id&rclk=1","Simetri Coffee Roaster","4,6","(2.283)","·","Rp 25–50 rb","Kedai Kopi","·","Jl. Sabirin No.20","Buka","· Tutup pukul 22.45","https://lh3.googleusercontent.com/gps-cs-s/APNQkAEA2oabwdjFPSDJdvUOlKAj9lIAkU7ob6BOqeseqkgsRkEbMGOjnUtwJYUnTuDydQbrx0XuOkCIruoP2IOlNQiQ4W5W-qFGBjGZffFcsp5lcN6myQkyzjxc_g_jKUG4JdCQzaA=w122-h92-k-no","https://ssl.gstatic.com/local/servicebusiness/default_user.png","""Coffee dan ambiencenya enak banget.""","https://www.google.com/searchviewer/42?cvd=CLw_EicKJeICIjIgEhkiF9LX29IPEQoNL2cvMTFkeG5tN2o5ZxgBOgMI8A0%3D&hl=id-ID&gl=id&fo_m=MfohQo559jFvMUOzJVpjPL1YMfZ3bInYwBDuMfaXTPp5KXh-&utm_source=tactile&gei=Pin3acXcGL2H4-EPmsyMuQk&ei=Pin3acXcGL2H4-EPmsyMuQk&fo_s=OA&opi=79508299&orderType=1&ebb=1&cs=0&foub=mcpp","Pesan online","","","",""
"https://www.google.com/maps/place/atiga+cafe/data=!4m7!3m6!1s0x2e7a599f04af4c1d:0xbaf732dab34c973e!8m2!3d-7.7544573!4d110.4032999!16s%2Fg%2F11mjz24_bz!19sChIJHUyvBJ9Zei4RPpdMs9oy97o?authuser=0&hl=id&rclk=1","atiga cafe","4,7","(187)","·","Rp 25–50 rb","Kafe","·","Jl. Delima","Buka","· Tutup pukul 00.00","https://lh3.googleusercontent.com/gps-cs-s/APNQkAEQK-97t211GIFgVr-nV_DlKQHJqlEH132mhFzALWG5h-ToSXrwNldqqjswLqN92FgvQhxx17H-WYXDJNYat2wtfP-hfWFgdOu9Ue8Ny-YBlsj__cR6Aet_GsOLP6QEUu09ou90=w122-h92-k-no","https://ssl.gstatic.com/local/servicebusiness/default_user.png","""indoor lebih cocok buat working space, outdoor cocok untuk nongkrong.""","","","","","",""
"https://www.google.com/maps/place/Legend+Coffee/data=!4m7!3m6!1s0x2e7a582ec18d1347:0x34afc639ceaa0573!8m2!3d-7.7881602!4d110.372794!16s%2Fg%2F1pzrm44fv!19sChIJRxONwS5Yei4RcwWqzjnGrzQ?authuser=0&hl=id&rclk=1","Legend Coffee","4,4","(10.951)","·","Rp 25–50 rb","Kafe","·","·","Buka","· Tutup pukul 01.00","https://lh3.googleusercontent.com/gps-cs-s/APNQkAFW1coreBvmXe5W3PI6USb9RIqqB7laXJaJdvvyuXfsBuV3VNnkh0L3A-KDdh6OpAWMIzoPrOw2UBQn-AJ1TGaVD6yPftxd2R-tXRkAmWAjngAC1UmxqHH1XAFhc6sKZQqdoSI=w122-h92-k-no","https://ssl.gstatic.com/local/servicebusiness/default_user.png","""Buat brunch ato sekedar ngopi santai juga bisa banget.""","https://www.google.com/searchviewer/42?cvd=CLw_EiYKJOICITIfEhgiFtLX29IPEAoML2cvMXB6cm00NGZ2GAA6AwjwDQ%3D%3D&hl=id-ID&gl=id&fo_m=MfohQo559jFvMUOzJVpjPL1YMfZ3bInYwBDuMfaXTPp5KXh-&utm_source=tactile&gei=Pin3acXcGL2H4-EPmsyMuQk&ei=Pin3acXcGL2H4-EPmsyMuQk&fo_s=OA&opi=79508299&ebb=1&cs=0&foub=mcpp","Pesan online","","","Jl. Abu Bakar Ali No.24-26",""
"https://www.google.com/maps/place/Estuary+Caf%C3%A9/data=!4m7!3m6!1s0x2e7a592453113ae7:0xc92fb44d034ddd57!8m2!3d-7.7634102!4d110.3698868!16s%2Fg%2F11g1kn1g2n!19sChIJ5zoRUyRZei4RV91NA020L8k?authuser=0&hl=id&rclk=1","Estuary Café","4,6","(3.584)","·","Rp 25–50 rb","Kafe","·","·","Buka","· Tutup pukul 23.00","https://lh3.googleusercontent.com/gps-cs-s/APNQkAHlwdgy9_IWXyu1TJeRaYL6Gy7wqn1ZalPsJWZ3n4x3nKunOY8zc4w_3qVLCH8NhZ25yt5--KsVW_8MVnyX5N9e_fwhFJWPhsFa9Vqk8_GnAWp3bmqFFlhSg4pprIXD5Zcjuz54=w138-h92-k-no","https://ssl.gstatic.com/local/servicebusiness/default_user.png","""nyaman, authentic coffee, bersih, luas, dingin, wfc friendly, 🌃""","","","","","Gg. Code III No.170C",""
"https://www.google.com/maps/place/Tekoff+Coffee+and+Roastery/data=!4m7!3m6!1s0x2e7a59cb5606d64b:0x274c540e0d27b5a0!8m2!3d-7.7800274!4d110.3787585!16s%2Fg%2F11ddxzzyw0!19sChIJS9YGVstZei4RoLUnDQ5UTCc?authuser=0&hl=id&rclk=1","Tekoff Coffee and Roastery","4,6","(1.350)","·","Rp 25–50 rb","Kedai Kopi","·","·","Buka","· Tutup pukul 20.00","https://lh3.googleusercontent.com/gps-cs-s/APNQkAFAh16RDJUyA9ZIERsX-kpZU9H0gzliW6zjiI6ABpEQUijm3_xPsz84smIyE1suDipQPQkeg7bA4IR-BtarDw83tlB5tr71aNp3WQWafMf4WdYniC54qfiNRygZSzHQFjNlR7BL=w137-h92-k-no","https://ssl.gstatic.com/local/servicebusiness/default_user.png","""Selain kopi, menu lainnya ada lasagna, cheese cake dan healthy juice.""","https://www.google.com/searchviewer/42?cvd=CLw_EicKJeICIjIgEhkiF9LX29IPEQoNL2cvMTFkZHh6enl3MBgBOgMI8A0%3D&hl=id-ID&gl=id&fo_m=MfohQo559jFvMUOzJVpjPL1YMfZ3bInYwBDuMfaXTPp5KXh-&utm_source=tactile&gei=Pin3acXcGL2H4-EPmsyMuQk&ei=Pin3acXcGL2H4-EPmsyMuQk&fo_s=OA&opi=79508299&orderType=1&ebb=1&cs=0&foub=mcpp","Pesan online","","","Jalan Sagan Timur GK 5 1053B, Jl. Sagan Tim.",""
"https://www.google.com/maps/place/Takom+1922+Cafe+%26+Resto/data=!4m7!3m6!1s0x2e7a59ba606ba62b:0xd1794183af070cf8!8m2!3d-7.7639135!4d110.3894264!16s%2Fg%2F11sdc64d8q!19sChIJK6ZrYLpZei4R-AwHr4NBedE?authuser=0&hl=id&rclk=1","Takom 1922 Cafe & Resto","4,7","(898)","·","Rp 1–25.000","Kedai Kopi","·","69PQ+GRV, Jl. Cempaka","Buka","· Tutup pukul 00.00","https://lh3.googleusercontent.com/gps-cs-s/APNQkAFhhqbGw3zoXRbfcdvtFZ5GtZTD7eO7uRBjZHZGy8G-BJrd6hDQ5Me9CHRXOh8u7__PCy3k30LGVulHFuK9ffrpJ32CpCiY9RqyUfbI4HInS9-V7IQlhOWXIQPw_Pc_-6N3WaF1AA=w163-h92-k-no","https://ssl.gstatic.com/local/servicebusiness/default_user.png","""Tempat bersih, menu enak, minuman oke.""","","","","","",""
"https://www.google.com/maps/place/Kalluna/data=!4m7!3m6!1s0x2e7a5971aba6f523:0x33c07f5b20326ed!8m2!3d-7.7856615!4d110.3736787!16s%2Fg%2F11fl8pj_l3!19sChIJI_Wmq3FZei4R7SYDsvUHPAM?authuser=0&hl=id&rclk=1","Kalluna","4,7","(6.507)","·","$$","Kafe","·","·","Buka","· Tutup pukul 22.30","https://lh3.googleusercontent.com/gps-cs-s/APNQkAEXN1I9uqmo0H1dM6o4hqwSGHkBRmedkGmP8KUzFDIMPoQJF901msXxPQutS_unv30UDFjLniTepL0qFWx4peCyr-rQ0vBmf3qQFaJzVSSaH9E16fIDkbtPhEmwk2vk6God96rH=w122-h92-k-no","https://ssl.gstatic.com/local/servicebusiness/default_user.png","""Location, foods/drinks, and service are all wonderful.""","https://www.google.com/searchviewer/42?cvd=CLw_EicKJeICIjIgEhkiF9LX29IPEQoNL2cvMTFmbDhwal9sMxgAOgMI8A0%3D&hl=id-ID&gl=id&fo_m=MfohQo559jFvMUOzJVpjPL1YMfZ3bInYwBDuMfaXTPp5KXh-&utm_source=tactile&gei=Pin3acXcGL2H4-EPmsyMuQk&ei=Pin3acXcGL2H4-EPmsyMuQk&fo_s=OA&opi=79508299&ebb=1&cs=0&foub=mcpp","Pesan online","","","Jl. Sajiono No.13",""
"https://www.google.com/maps/place/Moisan+Cafe+-+Matcha+%26+Coffee/data=!4m7!3m6!1s0x2e7a593197251bed:0x7b461f71b060b942!8m2!3d-7.7701806!4d110.4081487!16s%2Fg%2F11xt4sfhcn!19sChIJ7RsllzFZei4RQrlgsHEfRns?authuser=0&hl=id&rclk=1","Moisan Cafe - Matcha & Coffee","4,9","(34)","·","Rp 25–50 rb","Kafe","·","Jl. Sambung Rasa I No.37","Buka","· Tutup pukul 21.00","https://lh3.googleusercontent.com/gps-cs-s/APNQkAFt_j47odHgeZdDVNvB7WDoSGXJIXQYxYN8teChXz3TEKFenDTAVq5cVzzpkXaj5M-r4AFIp_RMs0IPHTPtZfiejDyO3fQ528eHQgf7XiAV5xgnuXnD6mjsVP1651STtIZjIHG16JLh2RM9=w80-h142-k-no","https://ssl.gstatic.com/local/servicebusiness/default_user.png","""Untuk caramel macchiatonya kaget harga under 20k cospanya bagus.""","https://www.google.com/searchviewer/42?cvd=CLw_EicKJeICIjIgEhkiF9LX29IPEQoNL2cvMTF4dDRzZmhjbhgAOgMI8A0%3D&hl=id-ID&gl=id&fo_m=MfohQo559jFvMUOzJVpjPL1YMfZ3bInYwBDuMfaXTPp5KXh-&utm_source=tactile&gei=Pin3acXcGL2H4-EPmsyMuQk&ei=Pin3acXcGL2H4-EPmsyMuQk&fo_s=OA&opi=79508299&ebb=1&cs=0&foub=mcpp","Pesan online","","","",""
"https://www.google.com/maps/place/Cafe+BMW10i+Pengok+Jogja/data=!4m7!3m6!1s0x2e7a59003b0dfa37:0x352a8787227b95e1!8m2!3d-7.7888342!4d110.3868316!16s%2Fg%2F11zjr9kqwz!19sChIJN_oNOwBZei4R4ZV7IoeHKjU?authuser=0&hl=id&rclk=1","Cafe BMW10i Pengok Jogja","5,0","(43)","·","Rp 1–25.000","Kedai Kopi","·","Jl. Munggur No.3","Tutup","· Buka pukul 19.30","https://lh3.googleusercontent.com/gps-cs-s/APNQkAGv_jAQVvXg8EcGyrmGRqf3x7AFfl5j_EsdIrKQVGLdR3LbFTQe7yT5VdoSe2PBjTULTQikkOMXJyJyYRfOugd_dHWr6S_C9Q_E7ZeRue8sd4d-RvbCCo4HLFqwe7tKjeF1jpQDdyhUIrEJ=w80-h106-k-no","https://ssl.gstatic.com/local/servicebusiness/default_user.png","""Rasa mantap dan cocok buat nugas, free wifi""","","","","","",""
"https://www.google.com/maps/place/Jeeva+Yogyakarta/data=!4m7!3m6!1s0x2e7a58328658f5e9:0x1bf5640bc0de9bd6!8m2!3d-7.7848923!4d110.3754035!16s%2Fg%2F11gfly1cqy!19sChIJ6fVYhjJYei4R1pvewAtk9Rs?authuser=0&hl=id&rclk=1","Jeeva Yogyakarta","4,5","(2.336)","·","Rp 50–75 rb","Kedai Kopi","·","Jl. Suhartono No.2","Buka","· Tutup pukul 22.00","https://lh3.googleusercontent.com/gps-cs-s/APNQkAHHL7F2ZeDSvTqNHQAPNUlWiD78C2TxmDiZrt7eF0OvXobUXzG62NvQt3pVYy0yNQ-GWBGH0-z-pdSmELufikjy8OyR8Wtm13e7OAa6taUUicXhfmepqowBlWT2NgUTOtpAa-Ortw=w124-h92-k-no","https://ssl.gstatic.com/local/servicebusiness/default_user.png","""Tempatnya luas bersih rapi, makanannya enak enak, kopinya juga mantap 👌""","https://www.google.com/searchviewer/42?cvd=CLw_EicKJeICIjIgEhkiF9LX29IPEQoNL2cvMTFnZmx5MWNxeRgBOgMI8A0%3D&hl=id-ID&gl=id&fo_m=MfohQo559jFvMUOzJVpjPL1YMfZ3bInYwBDuMfaXTPp5KXh-&utm_source=tactile&gei=Pin3acXcGL2H4-EPmsyMuQk&ei=Pin3acXcGL2H4-EPmsyMuQk&fo_s=OA&opi=79508299&orderType=1&ebb=1&cs=0&foub=mcpp","Pesan online","","","",""
"https://www.google.com/maps/place/BjongNgopi+Nologaten/data=!4m7!3m6!1s0x2e7a59c00d402021:0xac228d2ce29cc578!8m2!3d-7.7745973!4d110.4010749!16s%2Fg%2F11b6tx17cf!19sChIJISBADcBZei4ReMWc4iyNIqw?authuser=0&hl=id&rclk=1","BjongNgopi Nologaten","4,5","(2.847)","·","Rp 1–25.000","Kafe","·","·","Buka","· Tutup pukul 04.00","https://lh3.googleusercontent.com/gps-cs-s/APNQkAEAJ2GOvHO7vu-tNddJ35L7_o3XTbMtHy6fkZ3I3nwMTktuL2W0BqI3GA5x3vtIeQNYN0XjKFmsUWF5PClBnZp7AJsQJwOqV0aXLoKR4_B6MFQCGisqcmRVcJNtR-EX1F7L8J-w-w=w205-h92-k-no","https://ssl.gstatic.com/local/servicebusiness/default_user.png","""Wifi kencang, makanan dan minuman terjangkau, suasananya enak buat fokus.""","","","","","Jl. Nologaten",""
"https://www.google.com/maps/place/Uptown+Cafe+and+Space/data=!4m7!3m6!1s0x2e7a59a29e8fce73:0x274c616303d069b2!8m2!3d-7.7737406!4d110.4078729!16s%2Fg%2F11kqr1zm70!19sChIJc86PnqJZei4RsmnQA2NhTCc?authuser=0&hl=id&rclk=1","Uptown Cafe and Space","4,7","(194)","·","Rp 1–25.000","Kafe","·","6CG5+G45, Jl. Student Castle","Buka","· Tutup pukul 00.00","https://lh3.googleusercontent.com/gps-cs-s/APNQkAHkMugRlaMPRImA408hLqDN4zTo4KTo24H1Felu3xTYqetramgj1uZ9jYwXbTDy78KtaNqWEMZrme8tPWe7dz5WVPBwKIhMWvV_y1dM_2r0jYmGGxQ3g19q6MbZw783FeMxOaYV=w122-h92-k-no","https://ssl.gstatic.com/local/servicebusiness/default_user.png","""nyaman buat nugas cafenya, view nya cakep dan tersedia wifi jugak🫰""","https://www.google.com/searchviewer/42?cvd=CLw_EicKJeICIjIgEhkiF9LX29IPEQoNL2cvMTFrcXIxem03MBgBOgMI8A0%3D&hl=id-ID&gl=id&fo_m=MfohQo559jFvMUOzJVpjPL1YMfZ3bInYwBDuMfaXTPp5KXh-&utm_source=tactile&gei=Pin3acXcGL2H4-EPmsyMuQk&ei=Pin3acXcGL2H4-EPmsyMuQk&fo_s=OA&opi=79508299&orderType=1&ebb=1&cs=0&foub=mcpp","Pesan online","","","",""
"https://www.google.com/maps/place/satu.lokasi+coffee/data=!4m7!3m6!1s0x2e7a5979b1ed0d4b:0xe47bc1a742959b8!8m2!3d-7.7851511!4d110.3760331!16s%2Fg%2F11kxcs5zys!19sChIJSw3tsXlZei4RuFkpdBq8Rw4?authuser=0&hl=id&rclk=1","satu.lokasi coffee","4,7","(339)","·","Rp 25–50 rb","Kafe","·","·","Buka","· Tutup pukul 22.00","https://lh3.googleusercontent.com/gps-cs-s/APNQkAHlACs5ZmM4F6EMKVrp3dXgiJ3MCtEnHdVJ5RXHxUL5qNQLrHhh6kT-_h5XRBzxe9xwaWlVXT7JcV29RkqhD0eX06xCkxmPS1KYI27MM0we2ICaPnJh4uPjJmboBPC5FjPu3_aj1A=w80-h106-k-no","https://ssl.gstatic.com/local/servicebusiness/default_user.png","""Coffee lattee nikmat, croissant enak kho""","","","","","Jl. Sareh No.5",""
"https://www.google.com/maps/place/L%27Fiora+Gelato+%26+Cafe/data=!4m7!3m6!1s0x2e7a59be738c0ac9:0x433dc98aa952782!8m2!3d-7.7639686!4d110.3935135!16s%2Fg%2F11t7_dgc6g!19sChIJyQqMc75Zei4RgieVqpjcMwQ?authuser=0&hl=id&rclk=1","L'Fiora Gelato & Cafe","4,7","(584)","·","Rp 25–50 rb","Kafe","·","Jl. Affandi No.18B","Buka","· Tutup pukul 22.00","https://lh3.googleusercontent.com/gps-cs-s/APNQkAGISyuu6xA3hAo-izGHHqKhbm5xOr3XQpcScQ3F-TYkNZOtEa6aaAlTpHpROuQWkXfPkV3XfLfEt6cu9KQdvavWdGQjyC1Xnj0btVBZHN9JW1MeH9psM3eHeT0nCEnamPCzNVgdFw=w122-h92-k-no","https://ssl.gstatic.com/local/servicebusiness/default_user.png","""salted caramel sama caramel lattenya lumayan;""","","","","","",""
"https://www.google.com/maps/place/Daheim+-+Cafe+%26+Coworking+Space+Jogja/data=!4m7!3m6!1s0x2e7a591790ec019f:0xb806faba3d4caced!8m2!3d-7.7551981!4d110.3786098!16s%2Fg%2F11jg0yhvry!19sChIJnwHskBdZei4R7axMPbr6Brg?authuser=0&hl=id&rclk=1","Daheim - Cafe & Coworking Space Jogja","4,8","(1.166)","·","Rp 25–50 rb","Kafe","·","Jl. Pandega Marta No.39","Buka","· Tutup pukul 23.00","https://lh3.googleusercontent.com/gps-cs-s/APNQkAHl3urqJsyICU9ozku84gh1YrzRDGN8Al753iSS9PdmSHSA8G9996kK6e8twjHuxjuM_w947tRITE6r_TRkw6wozj9DKts2uLEcg3NtD7RfgxZgSquZq6DUBrrUokmtVe9ejf6sGg=w138-h92-k-no","https://ssl.gstatic.com/local/servicebusiness/default_user.png","""Makanan dan kopinya enak, nyaman buat belajar dan kerja.""","https://www.google.com/searchviewer/42?cvd=CLw_EicKJeICIjIgEhkiF9LX29IPEQoNL2cvMTFqZzB5aHZyeRgAOgMI8A0%3D&hl=id-ID&gl=id&fo_m=MfohQo559jFvMUOzJVpjPL1YMfZ3bInYwBDuMfaXTPp5KXh-&utm_source=tactile&gei=Pin3acXcGL2H4-EPmsyMuQk&ei=Pin3acXcGL2H4-EPmsyMuQk&fo_s=OA&opi=79508299&ebb=1&cs=0&foub=mcpp","Pesan online","","","",""
"https://www.google.com/maps/place/Cukup+Cafe/data=!4m7!3m6!1s0x2e7a59006a7fe61d:0x3c083e37c58727c6!8m2!3d-7.7629139!4d110.4058977!16s%2Fg%2F11yt2j5nzj!19sChIJHeZ_agBZei4RxieHxTc-CDw?authuser=0&hl=id&rclk=1","Cukup Cafe","4,7","(17)","·","Rp 1–25.000","Kafe","·","Jl. Waringinsari I No.12C","Buka","· Tutup pukul 22.00","https://lh3.googleusercontent.com/gps-cs-s/APNQkAGPPY07PFydrJzdSQKw2PrYJCiRckqU38PqgOlSCOCQe2gge6dM1OofaBEpJqB4WUoNELypHJP7jtvsY5NVsRnnRdDNFWDWyidmJoWxr6usydHxmygwqGchOsEvXokxH0wWbofYG8-PWMYE=w80-h106-k-no","https://ssl.gstatic.com/local/servicebusiness/default_user.png","""Ini tempat ngopi sambil recharge mood, beda banget dgn yg lain.""","https://www.google.com/searchviewer/42?cvd=CLw_EicKJeICIjIgEhkiF9LX29IPEQoNL2cvMTF5dDJqNW56ahgBOgMI8A0%3D&hl=id-ID&gl=id&fo_m=MfohQo559jFvMUOzJVpjPL1YMfZ3bInYwBDuMfaXTPp5KXh-&utm_source=tactile&gei=Pin3acXcGL2H4-EPmsyMuQk&ei=Pin3acXcGL2H4-EPmsyMuQk&fo_s=OA&opi=79508299&orderType=1&ebb=1&cs=0&foub=mcpp","Pesan online","","","",""
"https://www.google.com/maps/place/Bawana+Cafe+%26+Eatery/data=!4m7!3m6!1s0x2e7a57cdf7f05309:0xd4adc2cded6252ee!8m2!3d-7.7941088!4d110.4074862!16s%2Fg%2F11kqsrdb5c!19sChIJCVPw981Xei4R7lJi7c3CrdQ?authuser=0&hl=id&rclk=1","Bawana Cafe & Eatery","4,8","(209)","·","Rp 25–50 rb","Kafe","·","Jl. Sorowajan","Buka","· Tutup pukul 01.00","https://lh3.googleusercontent.com/gps-cs-s/APNQkAHxmnPXS3QAkCIWL2rMxKddQUPs-SREJLOqDXkqj-zDjYyMLxRWXQNtoz9CTUOiCjvF3QAUpBtqK7BdHsavJ4nEqfOzAebIQQBpy55Pbb7u26io27eua964qdVjckWR215K8jXf=w80-h100-k-no","https://ssl.gstatic.com/local/servicebusiness/default_user.png","""Cappuccino-nya enak, perpaduan antara espresso & susunya pas.""","","","","","",""
"https://www.google.com/maps/place/Tadeus+Coworking+%26+Cafe/data=!4m7!3m6!1s0x2e7a59b03c9f175d:0xda61305c377e0b7d!8m2!3d-7.7772473!4d110.3835684!16s%2Fg%2F11qhfzpslm!19sChIJXRefPLBZei4RfQt-N1wwYdo?authuser=0&hl=id&rclk=1","Tadeus Coworking & Cafe","4,5","(155)","·","Rp 25–50 rb","Kafe","·","Jl. Colombo No.105","Buka","· Tutup pukul 00.00","https://lh3.googleusercontent.com/gps-cs-s/APNQkAGKga5vnWokQ23171qCdNofsqjrvfYxsweO_FqracWGj-Of0cy5uBJuGb8Tkde388izd_Zs3jVnVTXXaoT6NoI2vLYMCnqGw7wQR4V8UDdMhAUBa5bmAuA0wcyfrmA370VXhvw=w163-h92-k-no","https://ssl.gstatic.com/local/servicebusiness/default_user.png","""Suasananya cukup nyaman untuk work from","https://www.google.com/searchviewer/42?cvd=CLw_EicKJeICIjIgEhkiF9LX29IPEQoNL2cvMTFxaGZ6cHNsbRgBOgMI8A0%3D&hl=id-ID&gl=id&fo_m=MfohQo559jFvMUOzJVpjPL1YMfZ3bInYwBDuMfaXTPp5KXh-&utm_source=tactile&gei=Qyn3abf5FZCy4-EPqu_HoAU&ei=Qyn3abf5FZCy4-EPqu_HoAU&fo_s=OA&opi=79508299&orderType=1&ebb=1&cs=0&foub=mcpp","Pesan online","","","","cafe"
"https://www.google.com/maps/place/Le+travail+Coffee/data=!4m7!3m6!1s0x2e7a59c6a3cc1847:0xaad574a6c15e4bb2!8m2!3d-7.7829473!4d110.3887786!16s%2Fg%2F11jl3ft4kg!19sChIJRxjMo8ZZei4RsktewaZ01ao?authuser=0&hl=id&rclk=1","Le travail Coffee","4,5","(714)","·","Rp 25–50 rb","Kafe","·","Jl. Laksda Adisucipto No.19","Buka","· Tutup pukul 01.00","","https://ssl.gstatic.com/local/servicebusiness/default_user.png","""Design interior bagus, cozy vibe, kopi enak""","https://www.google.com/searchviewer/42?cvd=CLw_EicKJeICIjIgEhkiF9LX29IPEQoNL2cvMTFqbDNmdDRrZxgBOgMI8A0%3D&hl=id-ID&gl=id&fo_m=MfohQo559jFvMUOzJVpjPL1YMfZ3bInYwBDuMfaXTPp5KXh-&utm_source=tactile&gei=Qyn3abf5FZCy4-EPqu_HoAU&ei=Qyn3abf5FZCy4-EPqu_HoAU&fo_s=OA&opi=79508299&orderType=1&ebb=1&cs=0&foub=mcpp","Pesan online","","","",""
"https://www.google.com/maps/place/Lime+Coffee+Shop+%26+Lounge/data=!4m7!3m6!1s0x2e7a582e2bad31d5:0x2f3f6be8f5cdd185!8m2!3d-7.785639!4d110.3698862!16s%2Fg%2F11cs5fdb71!19sChIJ1TGtKy5Yei4RhdHN9ehrPy8?authuser=0&hl=id&rclk=1","Lime Coffee Shop & Lounge","4,7","(25)","·","Rp 25–50 rb","Kedai Kopi","·","Jl. I Dewa Nyoman Oka No.30","Buka","· Tutup pukul 22.00","https://lh3.googleusercontent.com/gps-cs-s/APNQkAF6m8oTSG7ZRu_yvFlpyZWmqd9m90-8CVGdhVwxK2CnIf9rwXTpwSgpzv5fiMRO3x4bI5wGlnoILuD0iYTuR06_wmo2feSilj2S549E30iC0zb9788-1AywZsrqTNczPUQCY2LPml0Rt5na=w80-h177-k-no","https://ssl.gstatic.com/local/servicebusiness/default_user.png","""Cozy, enjoy banget ngopi disini, adem tenang dan pelayanan sangat ramah""","","","","","",""
"https://www.google.com/maps/place/Mirae+Cafe/data=!4m7!3m6!1s0x2e7a598cfbdc108b:0xe4d2f575237bdd29!8m2!3d-7.7915516!4d110.4006762!16s%2Fg%2F11vbffyhfs!19sChIJixDc-4xZei4RKd17I3X10uQ?authuser=0&hl=id&rclk=1","Mirae Cafe","4,9","(22)","·","Rp 1–25.000","Kafe","·","69PQ+6G2, Jl. Sorowajan Baru Gg. Jaya Wijaya No.2","Buka","· Tutup pukul 23.00","https://lh3.googleusercontent.com/gps-cs-s/APNQkAGl24CSvvusVpZ8x8Qugu3LE2BkBC_6xNlPu7bnEfWZX0Dj-th2Rad8Ch9wIgY78jfxCl6dmJ8SH_-p9-7oVnI7AHjTYRqkX44XOzCUtF_36F55bYcZKPp-ghWLSMFxbzCSeA9A=w122-h92-k-no","https://ssl.gstatic.com/local/servicebusiness/default_user.png","""Tempat nyaman, wifi kencang, makanan minuman juga terjangkau.. mantab.. 👍""","","","","","",""
"https://www.google.com/maps/place/Silol+Kopi+%26+Eatery/data=!4m7!3m6!1s0x2e7a583270dfb36d:0x11319229b0a5bd3b!8m2!3d-7.7844832!4d110.3743765!16s%2Fg%2F11c6tvy7gq!19sChIJbbPfcDJYei4RO72lsCmSMRE?authuser=0&hl=id&rclk=1","Silol Kopi & Eatery","4,4","(15.322)","·","Rp 25–50 rb","Kafe","·","Jl. Suroto","Buka 24 jam","","https://lh3.googleusercontent.com/gps-cs-s/APNQkAFTxM596IRD4CqUbC4FGaourXYonHVz0XykrmmRmZ1_0-6GW0wo9ro_WatI0Gs3MFKmz1vEjoUsUqJhppH5Gotf0SkEIrO8r68805JsLpqxMRV6QHec9F9spUuRcEccBpnM9QYe=w122-h92-k-no","https://ssl.gstatic.com/local/servicebusiness/default_user.png","""Biasa aja sih
Tapi pesen hot caramel latte josh enak""","https://www.google.com/searchviewer/42?cvd=CLw_EicKJeICIjIgEhkiF9LX29IPEQoNL2cvMTFjNnR2eTdncRgBOgMI8A0%3D&hl=id-ID&gl=id&fo_m=MfohQo559jFvMUOzJVpjPL1YMfZ3bInYwBDuMfaXTPp5KXh-&utm_source=tactile&gei=Qyn3abf5FZCy4-EPqu_HoAU&ei=Qyn3abf5FZCy4-EPqu_HoAU&fo_s=OA&opi=79508299&orderType=1&ebb=1&cs=0&foub=mcpp","Pesan online","","","",""
"https://www.google.com/maps/place/Dear+Sweet+Cafe+%26+Cakery/data=!4m7!3m6!1s0x2e7a5929c68b1b8f:0xa0a2bb2b528037f1!8m2!3d-7.7930132!4d110.3780655!16s%2Fg%2F11fpmgkhg9!19sChIJjxuLxilZei4R8TeAUiu7oqA?authuser=0&hl=id&rclk=1","Dear Sweet Cafe & Cakery","4,7","(738)","·","Rp 25–50 rb","Kafe","·","Jl. Doktor Sutomo No.54a","Buka","· Tutup pukul 22.00","https://lh3.googleusercontent.com/gps-cs-s/APNQkAHst8v9Sg-WH7y7_8YnI7r4PeuEDB8NQvqqAJVjge7wSWPRnqN67QSUqIN3Dozb9rbBJK6TDdhhaSkqM4_t3Wxu-aihkJ18nQPqyZUu59hJV-UQ9PnJO4_lkwxnZ0ak7bs1s8NgUA=w80-h106-k-no","https://ssl.gstatic.com/local/servicebusiness/default_user.png","""Cafenya bagus, bersih, adem, nyaman banget dipake nongkrong.""","","","","","",""
"https://www.google.com/maps/place/Noren+Coffee+%26+Roastery/data=!4m7!3m6!1s0x2e7a591724375fb7:0x97c71b2c042dcc0f!8m2!3d-7.7938604!4d110.3666938!16s%2Fg%2F11n64d6ph4!19sChIJt183JBdZei4RD8wtBCwbx5c?authuser=0&hl=id&rclk=1","Noren Coffee & Roastery","4,9","(180)","·","Rp 1–25.000","Kedai Kopi","·","Jl. Sosrokusuman No.178-109","Buka","· Tutup pukul 23.30","https://lh3.googleusercontent.com/gps-cs-s/APNQkAH1kjTdxk9GVQXDkT6gYMhSgvgW9p1z5CXwUowZFEXzioKEdJTYvegVYPYtp50V8hR7CfeZg950JL4Ac-eeJWWsb9_HetZxG-31taiGi9vvq5Oz6MbjDwRSC2RSF3P9E0Pqr2CYB-CHl6Zt=w80-h106-k-no","https://ssl.gstatic.com/local/servicebusiness/default_user.png","""Latte nya enak banget, gatau kenapa beda dari yang lain.""","https://www.google.com/searchviewer/42?cvd=CLw_EicKJeICIjIgEhkiF9LX29IPEQoNL2cvMTFuNjRkNnBoNBgBOgMI8A0%3D&hl=id-ID&gl=id&fo_m=MfohQo559jFvMUOzJVpjPL1YMfZ3bInYwBDuMfaXTPp5KXh-&utm_source=tactile&gei=Qyn3abf5FZCy4-EPqu_HoAU&ei=Qyn3abf5FZCy4-EPqu_HoAU&fo_s=OA&opi=79508299&orderType=1&ebb=1&cs=0&foub=mcpp","Pesan online","","","",""
"https://www.google.com/maps/place/Awor+Coffee+Junction/data=!4m7!3m6!1s0x2e7a59e91fb7d929:0xdc92fc0735d4e48e!8m2!3d-7.7870066!4d110.3787294!16s%2Fg%2F11h_cy0rrv!19sChIJKdm3H-lZei4RjuTUNQf8ktw?authuser=0&hl=id&rclk=1","Awor Coffee Junction","4,5","(440)","·","Rp 25–50 rb","Kedai Kopi","·","Jl. Dr. Wahidin Sudirohusodo No.16","Buka 24 jam","","https://lh3.googleusercontent.com/gps-cs-s/APNQkAEHbsqUMnkg1xpppXDX5wOFAXB2KgcZ2NbMfnvU-vi2kNlbWORQJIw2FFZGL68M9-CTZjDVfoqLY-XxhCDfdWrPn1WGzNGbrY_O9j1h_O-0lzKHzX2x8-u14pCyxrEFJCMmHN4=w80-h106-k-no","https://ssl.gstatic.com/local/servicebusiness/default_user.png","""Beans coffee aruna nya nagih dan enak dibuat latte ice""","https://www.google.com/searchviewer/42?cvd=CLw_EicKJeICIjIgEhkiF9LX29IPEQoNL2cvMTFoX2N5MHJydhgAOgMI8A0%3D&hl=id-ID&gl=id&fo_m=MfohQo559jFvMUOzJVpjPL1YMfZ3bInYwBDuMfaXTPp5KXh-&utm_source=tactile&gei=Qyn3abf5FZCy4-EPqu_HoAU&ei=Qyn3abf5FZCy4-EPqu_HoAU&fo_s=OA&opi=79508299&ebb=1&cs=0&foub=mcpp","Pesan online","","","",""
"https://www.google.com/maps/place/Jnawi+Coffee/data=!4m7!3m6!1s0x2e7a599c21d2fb99:0xdcd85db2d74a9353!8m2!3d-7.7857451!4d110.3759002!16s%2Fg%2F11g_yh7psh!19sChIJmfvSIZxZei4RU5NK17Jd2Nw?authuser=0&hl=id&rclk=1","Jnawi Coffee","4,6","(371)","·","Rp 25–50 rb","Kedai Kopi","·","697G+P92, Jl. Sareh","Buka","· Tutup pukul 00.00","https://lh3.googleusercontent.com/gps-cs-s/APNQkAHNPxVCz_zLBeLUcwmFWmmkqMmIn75RoKTwUDh0ZeRFWKffo4jyNSBAttnmcwmCeL8HNKb7ow5-oEBeDIXvzzjEulNitCiD3NPWFFVz3vORp1hwRljiDFrwBjboX_YLy4Okf3K9=w122-h92-k-no","https://ssl.gstatic.com/local/servicebusiness/default_user.png","""rekomendasi kopinya the best, explain setiap menu best banget.""","","","","","",""
"https://www.google.com/maps/place/Roadstead+Cafe/data=!4m7!3m6!1s0x2e7a594ff0997c1d:0xc7fe71571ddf7ae9!8m2!3d-7.776678!4d110.3823844!16s%2Fg%2F11qg9ftk7g!19sChIJHXyZ8E9Zei4R6XrfHVdx_sc?authuser=0&hl=id&rclk=1","Roadstead Cafe","4,7","(23)","·","Rp 25–50 rb","Kedai Kopi","·","Jl. Colombo No.7","Buka","· Tutup pukul 22.00","https://lh3.googleusercontent.com/gps-cs-s/APNQkAErOpg19iHk1ASPuu7qkG_tSWRUx3NU1DvH9PRngwM78MmjGjvqfffIiraacVeFerF9lV5eEWVvacYwV62K1BU53Ss2kOpDTQlg5XGE1iUWjIUsf9JKpXMXKfBSalxn63yO3kk=w138-h92-k-no","","Makan di tempat","","","","","","Bawa pulang"
"https://www.google.com/maps/place/Pengantar+Kopi/data=!4m7!3m6!1s0x2e7a591c869a2cf1:0x11e3857210d2a8d6!8m2!3d-7.7908046!4d110.3711792!16s%2Fg%2F11h0558y56!19sChIJ8SyahhxZei4R1qjSEHKF4xE?authuser=0&hl=id&rclk=1","Pengantar Kopi","4,6","(355)","·","Rp 1–25.000","Kafe","·","·","Buka","· Tutup pukul 00.00","https://lh3.googleusercontent.com/gps-cs-s/APNQkAEczhcd6I3kFDNK_4r9C2oFFvz3PycB1xfi2U5PsTd0c9BvEjtvjLNIS7ZopQWrRJmGSBXS5dVh9kBbn9BKLe6AQ5ug6dP9PpvqoWcJC2Kicay1THrQTrQvdakK2Pczsh4RAuS_1Q=w80-h106-k-no","https://ssl.gstatic.com/local/servicebusiness/default_user.png","""Enak bgt cappucino & caffe latte nya especially hot👌""","","","","","Gang Hansip Karno Waluyo Tukangan, Jl. Tegal Panggung DN II No.664",""
"https://www.google.com/maps/place/Babylon+Cafe%26Resto/data=!4m7!3m6!1s0x2e7a59988c4d1509:0x287f0c98aeb6e7a2!8m2!3d-7.7620232!4d110.3951996!16s%2Fg%2F11bbydz2_h!19sChIJCRVNjJhZei4Roue2rpgMfyg?authuser=0&hl=id&rclk=1","Babylon Cafe&Resto","4,5","(494)","·","Rp 25–50 rb","Kafe","·","·","Buka","· Tutup pukul 01.00","https://lh3.googleusercontent.com/gps-cs-s/APNQkAHUljnekPzGzbSkhvNsEQf01Ud2fESbhLEQpUaAUIQH0mSsXSaHmLslQFpOlVdnD3QHdXlGNP6Y2Tt802LBhsK7a2fUpzckrsQgnFc8VdaFESfgtA1948nV_WWEENhLerH-RWkq=w122-h92-k-no","https://ssl.gstatic.com/local/servicebusiness/default_user.png","""tempatnya enak banget buat nugas & nongkrong!""","https://www.google.com/searchviewer/42?cvd=CLw_EicKJeICIjIgEhkiF9LX29IPEQoNL2cvMTFiYnlkejJfaBgBOgMI8A0%3D&hl=id-ID&gl=id&fo_m=MfohQo559jFvMUOzJVpjPL1YMfZ3bInYwBDuMfaXTPp5KXh-&utm_source=tactile&gei=Qyn3abf5FZCy4-EPqu_HoAU&ei=Qyn3abf5FZCy4-EPqu_HoAU&fo_s=OA&opi=79508299&orderType=1&ebb=1&cs=0&foub=mcpp","Pesan online","","","Jl. Gejayan Soropadan XII No.79B",""
"https://www.google.com/maps/place/CAFE+MACAN+OM+GABS/data=!4m7!3m6!1s0x2e7a582905c63e67:0x2448e7559e3ab2f1!8m2!3d-7.7928119!4d110.3698174!16s%2Fg%2F11ggvwhdqj!19sChIJZz7GBSlYei4R8bI6nlXnSCQ?authuser=0&hl=id&rclk=1","CAFE MACAN OM GABS","5,0","(12)","","","Kafe","·","Gg. Ledok Tukangan No.1","Buka 24 jam","","https://lh3.googleusercontent.com/gps-cs-s/APNQkAFgq1uaxmoUIVLnFimwtsgvZguKjoQvF0up_j4TJ_CEsF6xvsBEF-mSr-zc66FczPVFcipHKtkJuZIrB77DzMZI7p3PzCcvzUq9ITBtTamsw2_W-3I4fnKrLihvk5VjR9RVK66slA=w80-h106-k-no","","Makan di tempat","","","","","","Bawa pulang"
"https://www.google.com/maps/place/Kafe+Mainmain/data=!4m7!3m6!1s0x2e7a5942478cbccb:0x92ada86cc0cf244d!8m2!3d-7.7929225!4d110.4055823!16s%2Fg%2F11jn4zg0n0!19sChIJy7yMR0JZei4RTSTPwGyorZI?authuser=0&hl=id&rclk=1","Kafe Mainmain","4,4","(1.415)","·","Rp 1–25.000","Kedai Kopi","·","Jl. Sukun Raya No.422","Buka","· Tutup pukul 01.30","https://lh3.googleusercontent.com/gps-cs-s/APNQkAFpSap1pMG9sTR9uGEy0c1UhjIwO3xI6aFhw4b2OULVw5LJZAbMBygZ7rWD0FeRylzsy3g3uLtW4y2urY-LbV2pLox3URsBW8v4v-P1vpQEPsMfO9AXenld3gSy-yWZswUISeY=w80-h106-k-no","https://ssl.gstatic.com/local/servicebusiness/default_user.png","""Mas mbaknya ramah, kopi bisa minta dibanyakin susu.""","","","","","",""
"https://www.google.com/maps/place/saikikopi+pop!/data=!4m7!3m6!1s0x2e7a591308a90f07:0xef3e2011a48eecbb!8m2!3d-7.7813219!4d110.3674829!16s%2Fg%2F11nt310mzp!19sChIJBw-pCBNZei4Ru-yOpBEgPu8?authuser=0&hl=id&rclk=1","saikikopi pop!","4,8","(51)","","","Kedai Kopi","·","Jl. A.M. Sangaji No.kav 16-18","Buka","· Tutup pukul 22.00","https://lh3.googleusercontent.com/gps-cs-s/APNQkAG0U0RLc50ANhxHhA7Q6i9L1MURrTxq6jr-xx16lug7IPArwA6upraBN0JdOHY1ZIChJv4-iJ9kTmOXyEThSxI0OFvTgIpF9Y2eypollep7UdR8FvtgV5YWBx43MCD0EGV1FFsrLg=w80-h106-k-no","https://ssl.gstatic.com/local/servicebusiness/default_user.png","""menu lumayan enak dan harga untuk minuman dan makanan lumayan terjangkau;""","","","","","",""
"https://www.google.com/maps/place/Kinarya+Cafe+%26+Gallery/data=!4m7!3m6!1s0x2e7a59c7c69d44a9:0x6891aea8d29f76fa!8m2!3d-7.7736162!4d110.3831377!16s%2Fg%2F11sv_58hpl!19sChIJqUSdxsdZei4R-naf0qiukWg?authuser=0&hl=id&rclk=1","Kinarya Cafe & Gallery","5,0","(33)","·","Rp 1–25.000","Kafe","·","69GM+H72","Tutup","· Buka Sen pukul 08.00","https://lh3.googleusercontent.com/gps-cs-s/APNQkAF9Eftl5-KJVc2JgUCMVvTWa9alEWmUSdQ5IWdFfkotmGUFPsOF-txRElgSZBpS3dJGNcED8kj9nuyzDdwTTyLexVsP3-NXjgAFUDD0LBsc_u8Gk3_t6Rmru2abq1kytwP_WaKszA=w80-h141-k-no","https://ssl.gstatic.com/local/servicebusiness/default_user.png","""3x beli vanilla latte di sini.""","","","","","",""
"https://www.google.com/maps/place/Cafe+Move+On/data=!4m7!3m6!1s0x2e7a593fbf7616a1:0x2c7bce8f18237dff!8m2!3d-7.7629803!4d110.3925349!16s%2Fg%2F11jm6r10cs!19sChIJoRZ2vz9Zei4R_30jGI_Oeyw?authuser=0&hl=id&rclk=1","Cafe Move On","4,8","(12)","","","Restoran","·","69PV+R23","Buka 24 jam","","https://lh3.googleusercontent.com/gps-cs-s/APNQkAFV5uiqmI6tLCIk6bJFmz3SszPeU9wcLC-lSsGxZTKa5Lm4Neq9LyWu1Brd8Jt4Iipl6e4diNlleExzlJDzKOaxE2zG2s70EYWaQCEsvgQA-V8WH3pF4EVbLkA0292cTUFvr0k=w163-h92-k-no","https://ssl.gstatic.com/local/servicebusiness/default_user.png","""Banyak stopkontak""","","","","","",""
"https://www.google.com/maps/place/Kekonco+Kopi+Cafe/data=!4m7!3m6!1s0x2e7a59e6c1e976e9:0x2cc61fb2752ab2d5!8m2!3d-7.7862941!4d110.4091524!16s%2Fg%2F11s2lf8njk!19sChIJ6XbpweZZei4R1bIqdbIfxiw?authuser=0&hl=id&rclk=1","Kekonco Kopi Cafe","4,9","(21)","·","Rp 1–25.000","Kedai Kopi","·","·","Buka","· Tutup pukul 21.00","https://lh3.googleusercontent.com/gps-cs-s/APNQkAEtOSQbnGJg--B-VWbA20vEIJ2Vjw-XIF3zpTesRWEmURSF4vYMDRPOwKLFqhfCMim8nLgywSv8AXXsf0pUG44279JwwUWodL1VHq4Q1gp5U4467GCpVBQY6o5UT-4rVvoDSS1J=w163-h92-k-no","https://ssl.gstatic.com/local/servicebusiness/default_user.png","""Enak buat santai ngobrol, sambil nugas, sambil ngopi guys.""","","","","","Gg. Bakung Jl. Raya Janti, RT.06/RW.03",""
"https://www.google.com/maps/place/Maple+Cafe+And+Coffe/data=!4m7!3m6!1s0x2e7a594da2f81389:0x36b4ea3a9f34d1be!8m2!3d-7.7661996!4d110.4090148!16s%2Fg%2F11gjs2dcdk!19sChIJiRP4ok1Zei4RvtE0nzrqtDY?authuser=0&hl=id&rclk=1","Maple Cafe And Coffe","4,6","(11)","","","Kafe","·","Jl. Seturan Baru No.41","Buka 24 jam","","https://lh3.googleusercontent.com/gps-cs-s/APNQkAHVryXYhCK-e6s2DJa6JNTk4aOLXVfwD27f8RFj6jMRq0XH2FvEfDg1J-axbPjD-aMSWU6ALP4i-lfmlCZBaSGwWVdsWQ23MkbuMIOa0o0hipNRPOCkQ-12LP9eVjhOqgk3pJsW=w122-h92-k-no","https://ssl.gstatic.com/local/servicebusiness/default_user.png","""Antara dah tutup permanen, ato nggak 24 jam bukanya 👍🏿""","","","","","",""
"https://www.google.com/maps/place/Nimikri+Bakery/data=!4m7!3m6!1s0x2e7a598f9c536f3d:0xdf895aaa3496038!8m2!3d-7.7850268!4d110.3790412!16s%2Fg%2F11kqjmfhqn!19sChIJPW9TnI9Zei4ROGBJo6qV-A0?authuser=0&hl=id&rclk=1","Nimikri Bakery","4,9","(198)","·","Rp 25–50 rb","Toko Roti","·","Jl. Dr. Wahidin Sudirohusodo No.44b","Buka","· Tutup pukul 22.00","https://lh3.googleusercontent.com/gps-cs-s/APNQkAExMlcmFTwh6IOZ0rQTCHRHk-qakZOE0sIxGynFiVnqs4ha62UjTxKvYqCsVbrJF18Wpj_UpO9Q3TWR0j0IdalV77heFAojTa3W8MKSz8x6N4tU9Bx3-V-GRXhOV2Y82O4Txa6HimmrOKk2=w80-h142-k-no","https://ssl.gstatic.com/local/servicebusiness/default_user.png","""Suasananya tenang, cocok buat bersantai atau bekerja.""","","","","","",""
"https://www.google.com/maps/place/Bento+Kopi+Nologaten/data=!4m7!3m6!1s0x2e7a59c1869c3435:0x95dcaf884599e23b!8m2!3d-7.7785646!4d110.3997916!16s%2Fg%2F11btwr37v2!19sChIJNTSchsFZei4RO-KZRYiv3JU?authuser=0&hl=id&rclk=1","Bento Kopi Nologaten","4,4","(3.823)","·","Rp 1–25.000","Kafe","·","Jl. Nologaten, RT.04/RW.01","Buka","· Tutup pukul 02.00","https://lh3.googleusercontent.com/gps-cs-s/APNQkAHCVUMFPV9TtO6xVrPva51RI4pswS6Psh5X3mFRwEvk8XlCMLmOTOrfp9_ps9ZOblksGypGr6-oEEO67WKE-3tWqJlxuYRWGxDhqCpGTR0bGaycR0gyBjTVfnAO-eSHnhBtQbc=w80-h106-k-no","https://ssl.gstatic.com/local/servicebusiness/default_user.png","""Kafenya nyaman, tempatnya bersih, dan WiFi kenceng.""","","","","","",""
"https://www.google.com/maps/place/DUAL+Cafe/data=!4m7!3m6!1s0x2e7a59508c925b97:0x6b19f1607b2718f8!8m2!3d-7.7857555!4d110.3997343!16s%2Fg%2F11sg7yff70!19sChIJl1uSjFBZei4R-Bgne2DxGWs?authuser=0&hl=id&rclk=1","DUAL Cafe","4,9","(19)","·","Rp 25–50 rb","Kedai Kopi","·","Jl. Nogorojo No.5c","Buka","· Tutup pukul 00.00","https://lh3.googleusercontent.com/gps-cs-s/APNQkAH-unGpSEiYJxmZR7XFNqAPUn8eI-OXhbgQpmBp-d_yWWvYZK3avKEx-JazBC7crawqRW9Xld8k6r90g8Lxln0_AFyMG9KjSt3pnZjCIxe2HJcVnc-dtgHdCrA8g8EyT-t3pmE=w80-h106-k-no","https://ssl.gstatic.com/local/servicebusiness/default_user.png","""Yang bikinin kopinya langsung sama owner-nya, seru deh!""","https://www.google.com/searchviewer/42?cvd=CLw_EicKJeICIjIgEhkiF9LX29IPEQoNL2cvMTFzZzd5ZmY3MBgBOgMI8A0%3D&hl=id-ID&gl=id&fo_m=MfohQo559jFvMUOzJVpjPL1YMfZ3bInYwBDuMfaXTPp5KXh-&utm_source=tactile&gei=Rin3acisKPC3juMP6vOD8As&ei=Rin3acisKPC3juMP6vOD8As&fo_s=OA&opi=79508299&orderType=1&ebb=1&cs=0&foub=mcpp","Pesan online","","","",""
"https://www.google.com/maps/place/KAFE+basabasi+Nologaten/data=!4m7!3m6!1s0x2e7a598d423b5eff:0xa4d8e7f026190286!8m2!3d-7.7783556!4d110.399491!16s%2Fg%2F11gsbp3s2d!19sChIJ_147Qo1Zei4RhgIZJvDn2KQ?authuser=0&hl=id&rclk=1","KAFE basabasi Nologaten","4,4","(2.947)","·","Rp 1–25.000","Kafe","·","·","Buka","· Tutup pukul 02.00","https://lh3.googleusercontent.com/gps-cs-s/APNQkAHK2eXdd8dG6F4kTSl2gASYxG2sGNWo3XX-4NLyifjw4JDIKD9GZoOn02j2WRTBi92WYmBL0b7QfW1MrCSxoYy7G5XNg5dXZKjjdSjTHKkHV28vilSd8CSGsMaCF4fVNjnjlxRT=w122-h92-k-no","https://ssl.gstatic.com/local/servicebusiness/default_user.png","""Untuk menunya dominan minuman coffee atau non coffee.""","","","","","Jl. Jatempanol Jl. Nologaten",""
"https://www.google.com/maps/place/Beraza+Cafe/data=!4m7!3m6!1s0x2e7a59f845a23f2b:0xf7a208d8fb58a0bb!8m2!3d-7.7564718!4d110.3742277!16s%2Fg%2F11j2qdq8kx!19sChIJKz-iRfhZei4Ru6BY-9gIovc?authuser=0&hl=id&rclk=1","Beraza Cafe","4,7","(26)","","","Kafe","·","Jl. Pandega Marta No.180","Buka","· Tutup pukul 00.00","https://lh3.googleusercontent.com/gps-cs-s/APNQkAHt_Bcl6yTHv8_LM_SMiDeJxE8ZnA0owwCbtrQ_MQLYTaKzS3AF2v5pG1XqRPNsPAJA_P2YRduS_QsLQC1d5w_NLvbiSbvgYy5TURwME3Hnk_KPXhzZgANkHL8M_JoQBrjzrrvPhQ=w163-h92-k-no","","Makan di tempat","","","","","","Bawa pulang"
"https://www.google.com/maps/place/OSA+Kopi/data=!4m7!3m6!1s0x2e7a59df8157186f:0x4ac6d7e6b1c00f83!8m2!3d-7.7937709!4d110.4006189!16s%2Fg%2F11c6_xvbtk!19sChIJbxhXgd9Zei4Rgw_AsebXxko?authuser=0&hl=id&rclk=1","OSA Kopi","4,4","(25)","","","Kafe","·","Jl. Larasati","Buka 24 jam","","https://lh3.googleusercontent.com/gps-cs-s/APNQkAGtBDeuiEaICWjSgwY3GlvvTxDG-BoEyjt-hkLXkR5QuIGF522lwRxsumd-BCxUWnyVBEaj3erLKMzFnBH8JrFjvkG9mf8h8xjuW3uPuICGHLcOxFJr7sCPJ5XYSUAi8b3yCpd3=w122-h92-k-no","","Makan di tempat","","","","","","Bawa pulang"
"https://www.google.com/maps/place/AHA!+Cafe/data=!4m7!3m6!1s0x2e7a59cdb6988289:0xf41e029c01a62b19!8m2!3d-7.7810329!4d110.4185937!16s%2Fg%2F11tk08xv_y!19sChIJiYKYts1Zei4RGSumAZwCHvQ?authuser=0&hl=id&rclk=1","AHA! Cafe","4,8","(21)","·","Rp 50–75 rb","Bar","·","Jl. Laksda Adisucipto No.KM.8","Buka","· Tutup pukul 03.00","https://lh3.googleusercontent.com/gps-cs-s/APNQkAESAhLsfD4-fNmzi-VEnurZeYfXP1WitCzTyYdmQmrNIzvHT1xCk6e_wz6fn87xtSZ70Id4wz5-G_ZnmLmeIsMZfjCdrJLCeYVh87_re4DLfvo7TEebexDwgO5_Pc3DbvU3FBO7wg=w163-h92-k-no","https://ssl.gstatic.com/local/servicebusiness/default_user.png","""Gausah ragu mau chill atau ngopi di","","","","","","cafe"
"https://www.google.com/maps/place/Co+Fams+%22Coffee+Fams%22/data=!4m7!3m6!1s0x2e7a598ab3f844c7:0x717d1935cd8e5afc!8m2!3d-7.7872265!4d110.3673994!16s%2Fg%2F11j6r8p0gp!19sChIJx0T4s4pZei4R_FqOzTUZfXE?authuser=0&hl=id&rclk=1","Co Fams ""Coffee Fams""","4,9","(168)","·","Rp 1–25.000","Kedai Kopi","·","Jogoyudan JT. 3/856, RT.44/RW.11","Buka","· Tutup pukul 00.00","https://lh3.googleusercontent.com/gps-cs-s/APNQkAG7_9hbtlFJY4sCFBhJbRcbWZvILwKzw5MAqou9s40NlXrWwEJSAbg-rg8-5k4dN1PG3urWirpj8ZCzwJY_b4KwcJFV48xY_DXbJwB9y_Cft-iMEhjHj2BF9H9-wSU81NFdFFLI=w80-h106-k-no","https://ssl.gstatic.com/local/servicebusiness/default_user.png","""Good coffee, cozy place, good ambience.""","https://www.google.com/searchviewer/42?cvd=CLw_EicKJeICIjIgEhkiF9LX29IPEQoNL2cvMTFqNnI4cDBncBgBOgMI8A0%3D&hl=id-ID&gl=id&fo_m=MfohQo559jFvMUOzJVpjPL1YMfZ3bInYwBDuMfaXTPp5KXh-&utm_source=tactile&gei=Rin3acisKPC3juMP6vOD8As&ei=Rin3acisKPC3juMP6vOD8As&fo_s=OA&opi=79508299&orderType=1&ebb=1&cs=0&foub=mcpp","Pesan online","","","",""
"https://www.google.com/maps/place/Soegi+Coffee+%26+Friends/data=!4m7!3m6!1s0x2e7a5833fa1fb387:0xdbb1e0304563b9a3!8m2!3d-7.7805745!4d110.3732483!16s%2Fg%2F11f5h3d0nt!19sChIJh7Mf-jNYei4Ro7ljRTDgsds?authuser=0&hl=id&rclk=1","Soegi Coffee & Friends","4,4","(9)","","","Kafe","·","Ruko YAP Square Blok B No. 17, Jl. C. Simanjuntak","Buka 24 jam","","https://lh3.googleusercontent.com/gps-cs-s/APNQkAGg_ja-l5pPYLaSYp8zajl6gq56HBqKYg72p4FLsamh9UajVzk8xX6TfDPhuCseIwQnl8zctk4qOgSFyOdOM2VKBr7vNbAnL41KFcd9CAv7eCnrHR-3NZV2hpSPinAQPH5Qr6qW=w122-h92-k-no","","Makan di tempat","","","","","","Bawa pulang"
"https://www.google.com/maps/place/Indraloka+Resto+%26+Cafe/data=!4m7!3m6!1s0x2e7a5834841da3b9:0xe8616b769a8108cc!8m2!3d-7.7796055!4d110.3758011!16s%2Fg%2F11bc7sgb5c!19sChIJuaMdhDRYei4RzAiBmnZrYeg?authuser=0&hl=id&rclk=1","Indraloka Resto & Cafe","4,5","(89)","·","Rp 25–50 rb","Restoran","·","Jl. Cik Di Tiro No.18","Buka","· Tutup pukul 22.00","https://lh3.googleusercontent.com/gps-cs-s/APNQkAFFUPW4sMekM5BOxNGPMX1AbsmSEsxwZKPMdi0fDOY0u9annTNN02uillIRJ0IJI-D7_Oh550DMOsk2RxsTTCVbkjZxjXppgWoQoM6i0qqmqt89oWhN43ukz3wr7rQPZlV3QCCu=w104-h92-k-no","https://ssl.gstatic.com/local/servicebusiness/default_user.png","""tempatnya enak nyaman.... mbak pegawainya jg super ramah.""","","","","","",""
"https://www.google.com/maps/place/Lovenu+Cafe/data=!4m7!3m6!1s0x2e7a59001d84c7fb:0x1d4572a2a94ddc37!8m2!3d-7.7553461!4d110.4101777!16s%2Fg%2F11z118s4js!19sChIJ-8eEHQBZei4RN9xNqaJyRR0?authuser=0&hl=id&rclk=1","Lovenu Cafe","5,0","(3)","","","Kedai Kopi","·","Jl. Nusa Indah No.37a","Segera buka","· 18.00","https://streetviewpixels-pa.googleapis.com/v1/thumbnail?panoid=cLqHHwEwOdf8vxQQF_79Vg&cb_client=search.gws-prod.gps&w=80&h=92&yaw=336.61008&pitch=0&thumbfov=100","https://ssl.gstatic.com/local/servicebusiness/default_user.png","""Ownernya ramah""","","","","","",""
"https://www.google.com/maps/place/Kopi+Kita+Cafe/data=!4m7!3m6!1s0x2e7a590c37840b73:0x962a21e70a3a06ad!8m2!3d-7.7747323!4d110.4009605!16s%2Fg%2F11h01x85rn!19sChIJcwuENwxZei4RrQY6CuchKpY?authuser=0&hl=id&rclk=1","Kopi Kita Cafe","4,7","(20)","","","Kafe","·","Jl. Nologaten No.66","Buka","· Tutup pukul 00.00","","","Makan di tempat","","","","","","Bawa pulang"
"https://www.google.com/maps/place/Gege+Cafe+%26+GameNet/data=!4m7!3m6!1s0x2e7a5925f7278987:0x8743d364a5033df8!8m2!3d-7.7629899!4d110.4062248!16s%2Fg%2F11y27b18_m!19sChIJh4kn9yVZei4R-D0DpWTTQ4c?authuser=0&hl=id&rclk=1","Gege Cafe & GameNet","4,9","(83)","","","Warnet","·","Jl. Perumnas","Buka","· Tutup pukul 23.30","https://lh3.googleusercontent.com/gps-cs-s/APNQkAFOp6kt6AM6kLY1KZGAS-h-wxzLYkaru6SZ3c7M0q5KyQ6koBOIFgLn1eoOBztB5HIEz4Vw5mPGf_OeIiZD-P0fhFXqeSyYxlvVxGRbBk-5_Ixfa-Z2dynbnP2AG3LeYi4JOS0V=w80-h106-k-no","https://ssl.gstatic.com/local/servicebusiness/default_user.png","""Tempatnya estetik, wifi ngebut, minuman dan makanannya enak-enak murah.""","","","","","",""
"https://www.google.com/maps/place/Super+Hotspot+Cafe+Timoho/data=!4m7!3m6!1s0x2e7a59d877c9bd83:0x1c03698086da8de6!8m2!3d-7.7947071!4d110.3927792!16s%2Fg%2F11gf4fr33t!19sChIJg73Jd9hZei4R5o3ahoBpAxw?authuser=0&hl=id&rclk=1","Super Hotspot Cafe Timoho","4,6","(648)","·","Rp 25–50 rb","Kafe","·","694V+446, Jl. Timoho","Buka","· Tutup pukul 01.00","https://lh3.googleusercontent.com/gps-cs-s/APNQkAHni0stabKjc4QWieed_uNwTAW6DS7d1ySnwJOUknbInsCTjid41sBB-YnZEvtrTyvbqlp8f1O5Um6IDuiAL1ZgNCJcYOY52TWR8KPZ1U5tNY4DHc4o26PS9BEXH75tuYlx3GFw=w122-h92-k-no","https://ssl.gstatic.com/local/servicebusiness/default_user.png","""Wifi sama menu makanan dipisah, jdi malah enak kalau mau nyari wifi aja,.""","","","","","",""
"https://www.google.com/maps/place/X.O+Caf%C3%A9+%26+Bistro/data=!4m7!3m6!1s0x2e7a5839a399687f:0xa1da5563eb16c7cc!8m2!3d-7.758982!4d110.3987876!16s%2Fg%2F11bx533zn1!19sChIJf2iZozlYei4RzMcW62NV2qE?authuser=0&hl=id&rclk=1","X.O Café & Bistro","4,4","(223)","","","Bistro","·","69RX+CG3, Jalan Raya Ring Road Utara, Sangrahan, Kali Waru, Condong Catur, Kec. depok, Sleman","Buka","· Tutup pukul 22.00","https://lh3.googleusercontent.com/gps-cs-s/APNQkAHzIej-Sl3awopb1zyrLJ6pYH3sfvfP8X9l0YafYtLP6r6mPjm9bLgId5Ryr4ci0bPHiOfI23JvW4INPAW57AvKrGuPN5tmd1pMhWQIgwgd1tJkfdeY0bhmFBEzuggtseWhxXxD=w163-h92-k-no","https://ssl.gstatic.com/local/servicebusiness/default_user.png","""Untuk tepatnya cukup bersih dan luas .""","","","","","",""
"https://www.google.com/maps/place/Fordo+Coffee+Lab/data=!4m7!3m6!1s0x2e7a59467a82ffe9:0xfafbaab167ba2092!8m2!3d-7.7765946!4d110.3619769!16s%2Fg%2F11kpk_syzr!19sChIJ6f-CekZZei4RkiC6Z7Gq-_o?authuser=0&hl=id&rclk=1","Fordo Coffee Lab","4,7","(193)","·","Rp 25–50 rb","Kafe","·","Jl. Magelang Kidul No.442","Buka","· Tutup pukul 00.00","https://lh3.googleusercontent.com/gps-cs-s/APNQkAGCTgcE6YOMAz0ghq3MsS69lZj8z6eJ-T3qYkEXdNdmrN877IC5v_ACw4XbVemKeaSYiwYlDnYG4xXiTK_0BgxK8DNN_iT6NvyoIN-tFMlsNmjGoNmcQKG2xLYnWbrAVrI06c7-ruqW4pWK=w80-h142-k-no","https://ssl.gstatic.com/local/servicebusiness/default_user.png","""Barista dan staffnya ramah,, makanan dan minumnya enak banget""","","","","","",""
"https://www.google.com/maps/place/Arta+Barber+Cafe/data=!4m7!3m6!1s0x2e7a58481fdfd005:0x7f750f433fdf7b60!8m2!3d-7.7872151!4d110.3721493!16s%2Fg%2F11bbyq3h51!19sChIJBdDfH0hYei4RYHvfP0MPdX8?authuser=0&hl=id&rclk=1","Arta Barber Cafe","4,5","(501)","","","Tempat Cukur Rambut","·","·","Buka","· Tutup pukul 21.00","https://lh3.googleusercontent.com/gps-cs-s/APNQkAF79X4jfOVrEorvDAz4NbPpqd2cae9jPLoZnMOJZbGiECDAlLDd2z1tmsq-uns_9LBJV5m1lo5ODtyrvH34bFVdzNM1KSRzkbc0q85lPTHsI6JVChzXNlp-AWwaw8byfy9YQKWXFch--F5I=w92-h92-k-no","https://ssl.gstatic.com/local/servicebusiness/default_user.png","""Instagramable.""","","","","","Jl. Serma Taruna Ramli No.12",""
"https://www.google.com/maps/place/YAP+CAFE/data=!4m7!3m6!1s0x2e7a5966bf1369cd:0x7ba736bd24714a8b!8m2!3d-7.7807607!4d110.3749689!16s%2Fg%2F11x22gmv5p!19sChIJzWkTv2ZZei4Ri0pxJL02p3s?authuser=0&hl=id&rclk=1","YAP CAFE","5,0","(22)","·","Rp 25–50 rb","Kedai Kopi","·","Jl. Cik Di Tiro No.5","Tutup","· Buka Sen pukul 08.00","https://lh3.googleusercontent.com/gps-cs-s/APNQkAECNEvIYz8zU5d9OWl34cGp7K7hmrImq4yPbDEr77Xe0KN3mv3ugo24eb_DGct8maPXpCMrC3pC0mhMqOMhN0JWcCk-7TGXFRolmpukALu_Khmq__bw-uhbz7E3OKK9VKfyExyqqNgc7Y0f=w122-h92-k-no","https://ssl.gstatic.com/local/servicebusiness/default_user.png","""Baristanya ramah, komunikatif soal perkopian.""","","","","","",""
"https://www.google.com/maps/place/Tumbas+Mimik+Milkshake+and+Coffee%28%EA%A6%A0%EA%A6%B8%EA%A6%A9%EA%A7%80%EA%A6%A7%EA%A6%B1%EA%A7%80%EA%A6%A9%EA%A6%B6%EA%A6%A9%EA%A6%B6%EA%A6%8F%EA%A7%80%29/data=!4m7!3m6!1s0x2e7a582888e3401b:0xd1e85efa89c7b148!8m2!3d-7.7931698!4d110.3675152!16s%2Fg%2F11c1wxxcl0!19sChIJG0DjiChYei4RSLHHifpe6NE?authuser=0&hl=id&rclk=1","Tumbas Mimik Milkshake and Coffee(ꦠꦸꦩ꧀ꦧꦱ꧀ꦩꦶꦩꦶꦏ꧀)","4,7","(142)","·","$","Kafe","·","6949+P2J Tumbas Mimik","Buka","· Tutup pukul 00.00","https://lh3.googleusercontent.com/gps-cs-s/APNQkAEKdmNwsirBXU6U0E0j3VLtofwpqIhLlub7FoBB1DoyII-B-dHmgZBXKrwb5q1OvRVWK9dXSLV_8sEn9sV5Qrhr4ELfXpwEaKgSyuojLlfzZ9CHmzVb2uUC9Qq2QgUroMehrMNy5Q=w80-h106-k-no","https://ssl.gstatic.com/local/servicebusiness/default_user.png","""","","","","","","Cafe"
"https://www.google.com/maps/place/Melcosh+Cafe+RS+Panti+Rapih/data=!4m7!3m6!1s0x2e7a595a7c6ba685:0xe3294032f21516d1!8m2!3d-7.7765516!4d110.3775557!16s%2Fg%2F11j98bs3p_!19sChIJhaZrfFpZei4R0RYV8jJAKeM?authuser=0&hl=id&rclk=1","Melcosh Cafe RS Panti Rapih","4,9","(11)","","","Kafe","·","69FH+92F","Buka","· Tutup pukul 21.00","https://lh3.googleusercontent.com/gps-cs-s/APNQkAHU9OA5crjEqvNlw9aozGZ2-sPRoE6iNohwOPIr55IbTWRhfp6Cn9T0648OTNphJ-jBOw9DddUSV2sANH48RlbswhQ9I3i54EMUV20bpc85DaXtPAz1BxZO6OiPoJMdNv9WYyktXg=w163-h92-k-no","https://ssl.gstatic.com/local/servicebusiness/default_user.png","""Kalau pas ke Panti Rapih, jangan lupa mampir sini gaesss ❤️❤️""","","","","","",""
"https://www.google.com/maps/place/Treat+Cafe+Jakal/data=!4m7!3m6!1s0x2e7a59a98b8a648b:0x3ab92822da86f09d!8m2!3d-7.7647677!4d110.3791502!16s%2Fg%2F11f0_r5g_v!19sChIJi2SKi6lZei4RnfCG2iIouTo?authuser=0&hl=id&rclk=1","Treat Cafe Jakal","4,6","(921)","·","Rp 25–50 rb","Kafe","·","·","Buka","· Tutup pukul 21.30","https://lh3.googleusercontent.com/gps-cs-s/APNQkAE0IeulN3sX-YDCKfneQcCoM-wL-t_ON3DyhSAXEhLBt7CajUo0yRIO3FJEH-7Bj5rQ-BWd4vlGigXDQ6F7wYthJA0HkxYkwU2JQTGDA0aQIJ5Yeb1Vs72HNK3p2vZS_NScXJSo=w122-h92-k-no","https://ssl.gstatic.com/local/servicebusiness/default_user.png","""Tempatnya nyaman free parkir, gak terlalu rame ada free wifi.""","https://www.google.com/searchviewer/42?cvd=CLw_EicKJeICIjIgEhkiF9LX29IPEQoNL2cvMTFmMF9yNWdfdhgBOgMI8A0%3D&hl=id-ID&gl=id&fo_m=MfohQo559jFvMUOzJVpjPL1YMfZ3bInYwBDuMfaXTPp5KXh-&utm_source=tactile&gei=SCn3afWuJqWs4-EP_7q_IQ&ei=SCn3afWuJqWs4-EP_7q_IQ&fo_s=OA&opi=79508299&orderType=1&ebb=1&cs=0&foub=mcpp","Pesan online","","","Jl. Kaliurang No.km. 4",""
"https://www.google.com/maps/place/STIPER+LAB+CAFE/data=!4m7!3m6!1s0x2e7a590040110c61:0xae2c41a0d6d262f!8m2!3d-7.7821783!4d110.3957593!16s%2Fg%2F11wqh3l3dd!19sChIJYQwRQABZei4RLyZtDRrE4go?authuser=0&hl=id&rclk=1","STIPER LAB CAFE","5,0","(5)","","","Kedai Kopi","·","Jl. Petung","Tutup","· Buka Sen pukul 09.00","https://lh3.googleusercontent.com/gps-cs-s/APNQkAFyRb-X5Lo1MGQ05ml6EGTFUkyePB1xzNPFABmJarRXMeFKxvYivxxk9LDVM0DrTq2zlzrCgU5YJVrt_KKDPtx7aL4c3ywsGuHHqT38rNXdXQ3qrW7JqVILs4c5TMPSgFM-OMScwA=w122-h92-k-no","https://ssl.gstatic.com/local/servicebusiness/default_user.png","""Cobain manual brew V60 disini rasanya clean banget.""","","","","","",""
"https://www.google.com/maps/place/Promenade+Cafe/data=!4m7!3m6!1s0x2e7a59f9d2e8bc5f:0xea434c1e451e1335!8m2!3d-7.7837946!4d110.3914446!16s%2Fg%2F11cs265p1b!19sChIJX7zo0vlZei4RNRMeRR5MQ-o?authuser=0&hl=id&rclk=1","Promenade Cafe","5,0","(3)","","","Restoran","·","Hotel New Saphir Yogyakarta, Jl. Laksda Adisucipto No.38","Buka","· Tutup pukul 21.00","https://lh3.googleusercontent.com/gps-cs-s/APNQkAH1f0b6Rz3PmudQtW_I_Fmw8D0UT3iz27krYiZLs8750XspnCzU7W19Lq8nyT1mIwQ4zUyC0CMlwExo1NSvrgiK0ZM8tz3H3WiBWmrJgi8kSQPvYom9-fStP-fFR7H5mfnEpXI=w152-h86-k-no","","Makan di tempat","","","","","","Bawa pulang"
"https://www.google.com/maps/place/Mbah+Moe+Cafe/data=!4m7!3m6!1s0x2e7a59eacded3491:0x471b138153cfabfe!8m2!3d-7.7738324!4d110.4046096!16s%2Fg%2F11c1xf9zhk!19sChIJkTTtzepZei4R_qvPU4ETG0c?authuser=0&hl=id&rclk=1","Mbah Moe Cafe","4,3","(405)","·","Rp 1–25.000","Kafe","·","·","Buka","· Tutup pukul 01.00","https://lh3.googleusercontent.com/gps-cs-s/APNQkAFjHOyemRlVDtOrNUlcxWdx0UvgRbp-NOalK7BmzzKCCQz1D93JdkfzMLWXJ2NR3wFXhGCQ7cdNmcqrbuIWzNuy_l0dORdWaBvdOyFr2632xmXKWXRgIvvqoPeC-olbIPG9CfwM=w80-h106-k-no","https://ssl.gstatic.com/local/servicebusiness/default_user.png","""tempatnya nyaman buat nongki atau nugas, ada toilet juga.""","","","","","Jl. Perumnas",""
"https://www.google.com/maps/place/Nongkrong+Format/data=!4m7!3m6!1s0x2e7a59de8fd062d3:0xa860ffd22d843c81!8m2!3d-7.7900325!4d110.3986877!16s%2Fg%2F11f_cqypy9!19sChIJ02LQj95Zei4RgTyELdL_YKg?authuser=0&hl=id&rclk=1","Nongkrong Format","4,5","(2)","","","Kafe","·","Jl. Sorowajan Baru No.294-277","Buka","· Tutup pukul 00.00","https://streetviewpixels-pa.googleapis.com/v1/thumbnail?panoid=YJEXa1pWI88H6CZ_icnBPw&cb_client=search.gws-prod.gps&w=80&h=92&yaw=94.11863&pitch=0&thumbfov=100","","Makan di tempat","","","","","","Bawa pulang"
"https://www.google.com/maps/place/BAKUDAPA+Cafe/data=!4m7!3m6!1s0x2e7a595807e6f661:0x806809d6b4a33273!8m2!3d-7.7764746!4d110.4031538!16s%2Fg%2F11nrvr4wg7!19sChIJYfbmB1hZei4RczKjtNYJaIA?authuser=0&hl=id&rclk=1","BAKUDAPA Cafe","4,5","(35)","","","Kafe","·","Jl. Melon Mundusaren No.137","Tutup","· Buka Sen pukul 12.00","https://lh3.googleusercontent.com/gps-cs-s/APNQkAHxgAZnO4roPqqQISojPg86qiAjT3zkbJWw4b2Kx9-dHnj3Z3tHFc1DceYhNV-bcFaoRHtncldU7sWiH_X2A0jwqzU7PCGvrt1U7gdwjcAffiw_2kPtGP-iakrwr6c8zJeDtZiSyg=w80-h106-k-no","https://ssl.gstatic.com/local/servicebusiness/default_user.png","""Tempat makan paling seru""","","","","","",""
"https://www.google.com/maps/place/SH+Juwara+Cafe+Yogyakarta/data=!4m7!3m6!1s0x2e7a5900682f66ed:0x519bcf438f57e151!8m2!3d-7.7831393!4d110.3812188!16s%2Fg%2F11yzm0d52g!19sChIJ7WYvaABZei4RUeFXj0PPm1E?authuser=0&hl=id&rclk=1","SH Juwara Cafe Yogyakarta","4,0","(1)","","","Rumah Makan","·","Food Court Gardena Departmen & Store, Jl. Urip Sumoharjo","Buka","· Tutup pukul 20.00","https://lh3.googleusercontent.com/gps-cs-s/APNQkAG71gfMQTyeNjGdz7AVECYS2G3iBbE4wi2PRnlJ0JUGnzcqM78G-AMyXv4fDwjfZ2Kd53EKss5Vk5RzU6LV8lB60h2_LOlna7OrRSAPR-99mS9pNN2ATUUc4DZj9wKf1k39dDdmOBThK3M=w204-h92-k-no","https://ssl.gstatic.com/local/servicebusiness/default_user.png","""Mantap kopinya dan unik original  penyajiannya.""","","","","","",""
"https://www.google.com/maps/place/Cafe+31+Bu+Ikun+%28%EA%A6%95%EA%A6%A5%EA%A6%B3%EA%A6%BA%EA%A7%87%EA%A7%93%EA%A7%91%EA%A7%87%EA%A6%A7%EA%A6%B8%EA%A6%86%EA%A6%8F%EA%A6%B8%EA%A6%A4%EA%A7%80%29/data=!4m7!3m6!1s0x2e7a594ddc40a8a5:0xc31a4f1ffa8dd7c4!8m2!3d-7.7781907!4d110.3762876!16s%2Fg%2F11g2yykc9l!19sChIJpahA3E1Zei4RxNeN-h9PGsM?authuser=0&hl=id&rclk=1","Cafe 31 Bu Ikun (ꦕꦥ꦳ꦺ꧇꧓꧑꧇ꦧꦸꦆꦏꦸꦤ꧀)","4,8","(13)","","","Kafe","·","Blok GK 5 No.795","Tutup","· Buka Sen pukul 08.00","https://streetviewpixels-pa.googleapis.com/v1/thumbnail?panoid=2BlM6OiSuC8esnRcSBmsxA&cb_client=search.gws-prod.gps&w=80&h=92&yaw=190.01897&pitch=0&thumbfov=100","https://ssl.gstatic.com/local/servicebusiness/default_user.png","""Tempat nongkrong semasa sekolah murmer pokoke""","","","","","",""
"https://www.google.com/maps/place/ELEMENT+CAFE+%26+RESTO+by+Petit+Paris/data=!4m7!3m6!1s0x2e7a5780e89a60d3:0xaeb2927986e8b079!8m2!3d-7.7978046!4d110.3926815!16s%2Fg%2F11f730x6r7!19sChIJ02Ca6IBXei4RebDohnmSsq4?authuser=0&hl=id&rclk=1","ELEMENT CAFE & RESTO by Petit Paris","4,6","(705)","·","$$","Kafe","·","Jl. Ipda Tut Harsono No.48","Buka","· Tutup pukul 22.00","https://lh3.googleusercontent.com/gps-cs-s/APNQkAHIURFWRvjDwLmp9MLD89J4RIM4zg-KoLk6yziaanuBDktHhGyEiD6QjzJDkPDobCAIcMcWE-o0-upPsrNvO06Qk8RBUeouCD9a6W5C0QZJzYTl6f0YOHYDjKxQG372wOBOkLHkmw=w122-h92-k-no","https://ssl.gstatic.com/local/servicebusiness/default_user.png","""Menu saladnya pilihan proteinnya beragam dan enak enak""","https://www.google.com/searchviewer/42?cvd=CLw_EicKJeICIjIgEhkiF9LX29IPEQoNL2cvMTFmNzMweDZyNxgAOgMI8A0%3D&hl=id-ID&gl=id&fo_m=MfohQo559jFvMUOzJVpjPL1YMfZ3bInYwBDuMfaXTPp5KXh-&utm_source=tactile&gei=SCn3afWuJqWs4-EP_7q_IQ&ei=SCn3afWuJqWs4-EP_7q_IQ&fo_s=OA&opi=79508299&ebb=1&cs=0&foub=mcpp","Pesan online","","","",""
"https://www.google.com/maps/place/Cafe+Jawara+FT+UNY/data=!4m7!3m6!1s0x2e7a590014fdfecd:0x3830598bb8ad3b16!8m2!3d-7.7697405!4d110.3884047!16s%2Fg%2F11w_t_3txq!19sChIJzf79FABZei4RFjutuItZMDg?authuser=0&hl=id&rclk=1","Cafe Jawara FT UNY","4,6","(15)","·","Rp 1–25.000","Kedai Kopi","·","69JQ+492","Tutup","· Buka Sen pukul 09.00","https://lh3.googleusercontent.com/gps-cs-s/APNQkAGRrytes0_gckZnqJyUsQcQ_UhyL3haoGaL0qMl8iarEn1FJAfJDNEvHdk001DNCvYWdMAmyp07aeAAYBzeOWSjZOnMaIcsQCIH7I2cOfZWRFz50rjS4Cfw736zeiOBVunoGA-rSkLluOM=w91-h92-k-no","https://ssl.gstatic.com/local/servicebusiness/default_user.png","""Tempatnya nyaman, kopinya enak, cocok juga buat nugas  🙌🏼""","","","","","",""
"https://www.google.com/maps/place/Perigon+Cafe/data=!4m7!3m6!1s0x2e7a59c5c8693785:0xa070ad116fb6e588!8m2!3d-7.7804539!4d110.3927667!16s%2Fg%2F11b61rkq_9!19sChIJhTdpyMVZei4RiOW2bxGtcKA?authuser=0&hl=id&rclk=1","Perigon Cafe","5,0","(1)","","","Kafe","·","Perigon Fitness Studio, Jl. Demangan Baru No.6F","Tutup","· Buka Sen pukul 22.00","https://lh3.googleusercontent.com/gps-proxy/ALd4DhGB-PkU1XCNvnVb_sg6NxRl7W1FvwVVOdx8ISgaxSwTWbAveRCC1T0Ikji4lSWm-lpzC3WqYGncNxLJ54VmW_cjF-PQBD9KqWokoKCDZSqmOCGSIUQm9iz1bwtkKnsRrTtuKadILxCpXchD5o4sfcQHpv29c5q9a0teAztv4m_Mt4ihqYk9dftjMlHA6GOI9x2BqD4=w122-h92-k-no","","Makan di tempat","","","","","","Bawa pulang"
"https://www.google.com/maps/place/Loko+Cafe+-+Malioboro/data=!4m7!3m6!1s0x2e7a59860a4f83d1:0x7cb25403089474ed!8m2!3d-7.7897933!4d110.3659242!16s%2Fg%2F11f616bfcc!19sChIJ0YNPCoZZei4R7XSUCANUsnw?authuser=0&hl=id&rclk=1","Loko Cafe - Malioboro","4,5","(7.800)","·","Rp 25–50 rb","Kafe","·","Komp. Ps. Kembang, Jl. Ps. Kembang","Buka","· Tutup pukul 23.00","https://lh3.googleusercontent.com/gps-cs-s/APNQkAFn64XADCUiI3tXEeqsb03ChkSfpglqCv5vqs0gWw8hWCh1fEuQ0tTP2IAG8gXOsfQ-yyZ5sDvwgpA8FUmxMVLz3pu6KC3V2pBzE1zfFseZFIkOE76__6Nvdy33dETYlu72A1l4=w189-h92-k-no","https://ssl.gstatic.com/local/servicebusiness/default_user.png","""Pas capek pas laper pas ada Loco coffee...""","","","","","Tempat nongkrong kasual, makan & minum",""
"https://www.google.com/maps/place/Super+Hotspot+CAFE/data=!4m7!3m6!1s0x2e7a5970bda293cf:0x5bbc231f3658653c!8m2!3d-7.7600068!4d110.3811498!16s%2Fg%2F11qmr6xt4k!19sChIJz5OivXBZei4RPGVYNh8jvFs?authuser=0&hl=id&rclk=1","Super Hotspot CAFE","4,4","(9)","","","Kafe","·","Jalan Kaliurang km 5,2 no A. 20","","","https://streetviewpixels-pa.googleapis.com/v1/thumbnail?panoid=9-HubVtVTTNP47OLinVEgg&cb_client=search.gws-prod.gps&w=80&h=92&yaw=84.91156&pitch=0&thumbfov=100","","Makan di tempat","","","","","","Bawa pulang"
"https://www.google.com/maps/place/D%27zegen+Cafe/data=!4m7!3m6!1s0x2e7a59c7cf25944b:0xcc28e13ac6a77fe9!8m2!3d-7.7766063!4d110.3917305!16s%2Fg%2F11b63ff09_!19sChIJS5Qlz8dZei4R6X-nxjrhKMw?authuser=0&hl=id&rclk=1","D'zegen Cafe","5,0","(1)","","","Kafe","·","69FR+9M5, Jl. Mrican Baru","Buka","· Tutup pukul 22.00","https://lh3.googleusercontent.com/gps-proxy/ALd4DhHKSb65ja4XrvPUe5R7TTN33Fo92u3Rf3o_dQIcu6OhognwLvahK_LAphr9tJftHgBu8-mhoy_FxsrXyFlYfNXh1rBG34ers2Lz5m6UGxUE2Q-AfAkyF_vKFVZ3QbO4vbffm7VdF_d-xAdCxDa9kFhSo4SZiQy1gN4W0f9TVSKJrznimDeaHuUPDUoxK6W_YkDd0gQ=w122-h92-k-no","","Makan di tempat","","","","","","Bawa pulang"
"https://www.google.com/maps/place/Vito+Cafe+Monjali/data=!4m7!3m6!1s0x2e7a585051a51433:0x759e02eb0c4909b7!8m2!3d-7.7629661!4d110.3691527!16s%2Fg%2F1hc3ygrdr!19sChIJMxSlUVBYei4RtwlJDOsCnnU?authuser=0&hl=id&rclk=1","Vito Cafe Monjali","3,6","(34)","·","$","Kedai Kopi","·","Jl. Monjali No.248","Buka 24 jam","","https://lh3.googleusercontent.com/gps-cs-s/APNQkAFWcD-shgN2wvDkDgLgyjIV9_JtCbJNOeHBK2blsJ3TEVUrjijDVGDl-FHBaumFL3SmoAnD3KIs0UJ-8b35eMBVzqdTlILcVPD9ik4qVKHmD5f1t6NibjBzEqzLM8CmWR5kwAt-=w153-h92-k-no","https://ssl.gstatic.com/local/servicebusiness/default_user.png","""Rindu warnet.""","","","","","",""
"https://www.google.com/maps/place/Warmindo+GEJOSS+CAFE/data=!4m7!3m6!1s0x2e7a59d70f3e86f9:0x7f698d99fe3695a!8m2!3d-7.7919641!4d110.3883398!16s%2Fg%2F11f_p2pwms!19sChIJ-YY-D9dZei4RWmnjn9mY9gc?authuser=0&hl=id&rclk=1","Warmindo GEJOSS CAFE","4,5","(234)","·","Rp 1–25.000","Kafe","·","·","Buka","· Tutup pukul 22.00","https://lh3.googleusercontent.com/gps-cs-s/APNQkAFpFSbtREWDFRV1ET1iD8RnPlbiBNtpqEg9Q9XfSTEVOJENOBSJcwvnx7yDMlMCQ9KQfB7KsuNxa604fdxgNAanehivEN5v20QmMaJehoGau6CLEk9cljhm6iy9Lb7jtxkd7BA_=w80-h106-k-no","https://ssl.gstatic.com/local/servicebusiness/default_user.png","""Suasana ena utk nongki ngobrol ngobrol""","","","","","Jl. Melati Wetan No.180",""
"https://www.google.com/maps/place/Internet+Learning+Cafe+-+Ambarukmo/data=!4m7!3m6!1s0x2e7a59c3260edea9:0xae02dc32d474d71!8m2!3d-7.7835331!4d110.3993802!16s%2Fg%2F11bvt1pvb0!19sChIJqd4OJsNZei4RcU1HLcMt4Ao?authuser=0&hl=id&rclk=1","Internet Learning Cafe - Ambarukmo","4,6","(2.646)","","","Ruang Kerja Bersama","·","Jl. Laksda Adisucipto No.26","Buka 24 jam","","https://lh3.googleusercontent.com/gps-cs-s/APNQkAERM6pI5TauuKeAGG5rYUV-jUuNrdimRINSbiUcOOerXT4TZZ_Z0HtkF5MlDqDS2NtMfYQCqp0zz84FqH3B7LwbCDBvvibaH-EE0_W_YTn5FS8GxC4SX9tL8EoRn-1RFvNAxMzwhQ=w122-h92-k-no","https://ssl.gstatic.com/local/servicebusiness/default_user.png","""tempatnya luas, nyaman untuk nugas, kopinya juga enak""","","","","","",""
"https://www.google.com/maps/place/EB+Caf%C3%A9/data=!4m7!3m6!1s0x2e7a59b4c654d9f9:0x507811041d4aaac8!8m2!3d-7.771099!4d110.3794617!16s%2Fg%2F11cr_g9c5b!19sChIJ-dlUxrRZei4RyKpKHQQReFA?authuser=0&hl=id&rclk=1","EB Café","4,2","(20)","·","$$","Kafe","·","69HH+HQ8, Pertamina Tower, Fakultas Ekonomika dan Bisnis, Humaniora, Bulaksumur,, Jl. Sosio Yustisia","Tutup","· Buka Sen pukul 09.00","https://lh3.googleusercontent.com/gps-cs-s/APNQkAHDhDkkAAEMS2Fc_2DoS5FF3VPJNFITd1b9245qO361TaQh2GcGfo6oRQ4QMIBa9Q98UK8zFyyAKlIPsknOjTsm4PSMiXLI2Kl33ALCuxgwdU-hI_lhaI3R2wPytCqXhQpnPUq-Ng=w80-h142-k-no","","Makan di tempat","","","","","","Bawa pulang"
"https://www.google.com/maps/place/Anky+Music/data=!4m7!3m6!1s0x2e7a59d8cfff8bd7:0x8f6911aa4dd1a1c0!8m2!3d-7.7890198!4d110.3706855!16s%2Fg%2F11h5rdyz0k!19sChIJ14v_z9hZei4RwKHRTaoRaY8?authuser=0&hl=id&rclk=1","Anky Music","5,0","(12)","","","Jl. Abu Bakar Ali No.4","","","","","https://lh3.googleusercontent.com/gps-cs-s/APNQkAFBlz65xQqN3szk6KyjipRI3FMWxqm0DeCFR2BCEXn85poC9RvHX9aLIep_5xD9rhxTTCBa2FD1kDZ4kn5LO0gG1UW5qJrCjtMUOKf_NbAlSpgWxAiLSsaY8DM8ysqlSPRkJgow=w122-h92-k-no","https://ssl.gstatic.com/local/servicebusiness/default_user.png","""Suasana menyenangkan.""","","","","","",""
"https://www.google.com/maps/place/K+FUN+CAFE/data=!4m7!3m6!1s0x2e7a590047164eb1:0x4f2923d9463b6e36!8m2!3d-7.7824263!4d110.3789387!16s%2Fg%2F11x0plwt64!19sChIJsU4WRwBZei4RNm47RtkjKU8?authuser=0&hl=id&rclk=1","K FUN CAFE","3,8","(5)","·","Rp 25–50 rb","Kedai Kopi","·","Jl. Jend. Sudirman No.99-101","Buka","· Tutup pukul 22.00","https://lh3.googleusercontent.com/gps-cs-s/APNQkAFDvAJj-aoRDJ9BCq4hEkT2wYDczqMCqspTk_MGiDCsj44HzBeKCcHQ53Y7QHZcDduQdlC4idmbL3cibpnGepMeU6SjzLn5567QD54s7PVdaoKkKduS0kVKLvjiE7Ft_3cMVls-S0hMURDS=w122-h92-k-no","https://ssl.gstatic.com/local/servicebusiness/default_user.png","""sepi pengunjung padahal enak bangeeet!""","https://www.google.com/searchviewer/42?cvd=CLw_EicKJeICIjIgEhkiF9LX29IPEQoNL2cvMTF4MHBsd3Q2NBgBOgMI8A0%3D&hl=id-ID&gl=id&fo_m=MfohQo559jFvMUOzJVpjPL1YMfZ3bInYwBDuMfaXTPp5KXh-&utm_source=tactile&gei=SCn3afWuJqWs4-EP_7q_IQ&ei=SCn3afWuJqWs4-EP_7q_IQ&fo_s=OA&opi=79508299&orderType=1&ebb=1&cs=0&foub=mcpp","Pesan online","","","",""
"https://www.google.com/maps/place/PARKIRAN+AMPLAS+Cafe/data=!4m7!3m6!1s0x2e7a59c2b141c677:0xf02bcc991c487612!8m2!3d-7.7837584!4d110.4012282!16s%2Fg%2F11f3t0wxnq!19sChIJd8ZBscJZei4REnZIHJnMK_A?authuser=0&hl=id&rclk=1","PARKIRAN AMPLAS Cafe","4,5","(13)","","","Kafe","·","6C82+FFX, Unnamed Road","Buka 24 jam","","https://lh3.googleusercontent.com/gps-cs-s/APNQkAHeTBNSpIuqTrXa_CoZJlUAFzwj1kMmbjRwm1n51j1wvVgsNrxtB1CUsnhQqUCFkIv0Z5EoAW6Vt_mwXcMnQuYxcrVZXYUlz_UTZ6ItM0FuVhS6FE7sKeg11wbkkvfPEV4lHcDm_g=w122-h92-k-no","","Makan di tempat","","","","","","Bawa pulang"
"https://www.google.com/maps/place/Tempo+Gelato+Kaliurang/data=!4m7!3m6!1s0x2e7a59ac8eba7b9b:0xa481b43442a601bc!8m2!3d-7.7626559!4d110.3794968!16s%2Fg%2F11c600f616!19sChIJm3u6jqxZei4RvAGmQjS0gaQ?authuser=0&hl=id&rclk=1","Tempo Gelato Kaliurang","4,7","(22.021)","·","$$","Es Krim","·","·","Buka","· Tutup pukul 22.30","https://lh3.googleusercontent.com/gps-cs-s/APNQkAF2v_oVOm8pHmnREa5gVs7yvTVtlMUj3Tv_g1ii21XAyCZsG2Xj1_RnjBYgS-AjO_uT2t7QHpEjp0iEitVHDsXmG6sJgrWwfXbAIWB5uON3AUcECk9co2tXnzSwWc34x9YO82ZRmw=w163-h92-k-no","https://ssl.gstatic.com/local/servicebusiness/default_user.png","""Highly recommend for the Mint Choco, Black Coffee, and Caramel mix fruit!""","","","","","Jl. Kaliurang No.98",""
"https://www.google.com/maps/place/Bergamot+Koffie/data=!4m7!3m6!1s0x2e7a59003b1d19cf:0x98633cf9a1c475d0!8m2!3d-7.7905424!4d110.3603147!16s%2Fg%2F11mkz61mzz!19sChIJzxkdOwBZei4R0HXEofk8Y5g?authuser=0&hl=id&rclk=1","Bergamot Koffie","4,9","(183)","·","Rp 25–50 rb","Kedai Kopi","·","·","Buka","· Tutup pukul 23.00","https://lh3.googleusercontent.com/gps-cs-s/APNQkAF6zCV-WUHlLViQBDtQhWE7fXI3Ga3Phc4TFFLJa9CTvkKOatXQBt1DNWJqM34Lq5gx0z9N38VE7AdytTyuaIaFwU2HZGIqznpr_zJM1X6NnkkXLzohjDy1J1J1Hu0hn48TqMtR9lUPzllD=w80-h106-k-no","https://ssl.gstatic.com/local/servicebusiness/default_user.png","""Staf, barista, chefnya ramah2 dan well-informed ttg menunya.""","https://www.google.com/searchviewer/42?cvd=CLw_EicKJeICIjIgEhkiF9LX29IPEQoNL2cvMTFta3o2MW16ehgBOgMI8A0%3D&hl=id-ID&gl=id&fo_m=MfohQo559jFvMUOzJVpjPL1YMfZ3bInYwBDuMfaXTPp5KXh-&utm_source=tactile&gei=Syn3afXpI-iX4-EP0o_gsQQ&ei=Syn3afXpI-iX4-EP0o_gsQQ&fo_s=OA&opi=79508299&orderType=1&ebb=1&cs=0&foub=mcpp","Pesan online","","","Jl. Jlagran No.7",""
"https://www.google.com/maps/place/Omah+Langgeng+Cafe+%28+omah+langgeng+studio+%29/data=!4m7!3m6!1s0x2e7a5960a1f53445:0x390727662135fec!8m2!3d-7.7646892!4d110.3909365!16s%2Fg%2F11q34fdf1w!19sChIJRTT1oWBZei4R7F8TYnZykAM?authuser=0&hl=id&rclk=1","Omah Langgeng Cafe ( omah langgeng studio )","5,0","(5)","","","Kafe","·","Jl. Flamboyan No.90","Buka","· Tutup pukul 22.00","https://lh3.googleusercontent.com/gps-cs-s/APNQkAHn2npecsiAATVRU-vV0oQ_5kDSJaft0LlYmzxlIl_IhF7LChvdvSob4yX7ygWrUoC3u1tyXBdfwwPfkCXaR_F33ChpLuf7g1sZ6b2lDS42gCQK26rQfYbtNv0c2Sr1MC8we-I=w163-h92-k-no","","Makan di tempat","","","","","","Bawa pulang"
"https://www.google.com/maps/place/Cafe+Berkah+-+Perpustakaan+UIN+SuKa/data=!4m7!3m6!1s0x2e7a59d2f3697a19:0x807b87d08f995d2f!8m2!3d-7.7838133!4d110.3959241!16s%2Fg%2F11gy4_74s3!19sChIJGXpp89JZei4RL12Zj9CHe4A?authuser=0&hl=id&rclk=1","Cafe Berkah - Perpustakaan UIN SuKa","5,0","(3)","","","Brunch","·","698W+F9F, Unnamed Road","Tutup","· Buka Sen pukul 06.30","https://lh3.googleusercontent.com/gps-cs-s/APNQkAH-bU6ZlTJPZx_lo8RhI1iNNjmMqQ_JgN0wrZZS54z_zxSMd1QBqLKGT6GS12FdGQPvZcoO8MInbmWkyHvWiMa8224tXXhGnTuc_b9O8R5YecdWYitxt4ABb3z1vFu7BR5dxJXnIw=w80-h177-k-no","https://ssl.gstatic.com/local/servicebusiness/default_user.png","""Pemadam Kelaparan, berbagai menu sarapan dan makan siang""","","","","","",""
"https://www.google.com/maps/place/Kopi+253/data=!4m7!3m6!1s0x2e7a57a4b7d7ec8d:0xcdd4c85321e57e61!8m2!3d-7.8000171!4d110.4091218!16s%2Fg%2F11kpwvt2_9!19sChIJjezXt6RXei4RYX7lIVPI1M0?authuser=0&hl=id&rclk=1","Kopi 253","4,9","(65)","·","Rp 1–25.000","Kedai Kopi","·","Jl. Wonocatur No.253, RT.02","Buka","· Tutup pukul 22.00","https://lh3.googleusercontent.com/gps-cs-s/APNQkAEOm05pDqYuY588vMAYKFuY2cm036YxSIiXbUU6OKLE-8-AryaXL18wMz2g6_ldYvdBYllc0eCQSsctYDfBN8FUQ_dc7Il2vLOrm9gKpMNkoh2Js3I_5ysxAHJqP57O5Kvb94ZY=w163-h92-k-no","https://ssl.gstatic.com/local/servicebusiness/default_user.png","""Untuk minuman","https://www.google.com/searchviewer/42?cvd=CLw_EicKJeICIjIgEhkiF9LX29IPEQoNL2cvMTFrcHd2dDJfORgBOgMI8A0%3D&hl=id-ID&gl=id&fo_m=MfohQo559jFvMUOzJVpjPL1YMfZ3bInYwBDuMfaXTPp5KXh-&utm_source=tactile&gei=Syn3afXpI-iX4-EP0o_gsQQ&ei=Syn3afXpI-iX4-EP0o_gsQQ&fo_s=OA&opi=79508299&orderType=1&ebb=1&cs=0&foub=mcpp","Pesan online","","","","cafe"
"https://www.google.com/maps/place/Internet+Learning+Cafe+-+Jakal/data=!4m7!3m6!1s0x2e7a59ac86b15835:0x41ad53fba4039410!8m2!3d-7.7600663!4d110.3810964!16s%2Fg%2F11bbyf6cs_!19sChIJNVixhqxZei4REJQDpPtTrUE?authuser=0&hl=id&rclk=1","Internet Learning Cafe - Jakal","4,5","(4.803)","","","Ruang Kerja Bersama","·","·","Buka 24 jam","","https://lh3.googleusercontent.com/gps-cs-s/APNQkAFs9BpyXnpqrnsyznfNmTm1add10RQvcP2mWuQORg78u2R8gLkYfH1t6t_0uZ-54LXc89_4zmiXybw6raWNS3rh0bXUL1k-wQ_krTnC9tEJUb_-eueGnhVoOHac7_RNl4g5b82KbQ=w163-h92-k-no","https://ssl.gstatic.com/local/servicebusiness/default_user.png","""Top bgt, bersih nyaman.""","","","","","KM 5, Jl. Kaliurang No.5, RW.2",""
"https://www.google.com/maps/place/Panghegar+Cafe/data=!4m7!3m6!1s0x2e7a59d70f6f0bb9:0x9df69f12b4c22d1!8m2!3d-7.7919608!4d110.388307!16s%2Fg%2F11b6bvkk8d!19sChIJuQtvD9dZei4R0SJMK_Fp3wk?authuser=0&hl=id&rclk=1","Panghegar Cafe","4,3","(278)","·","Rp 1–25.000","Rumah Makan","·","·","Buka 24 jam","","https://lh3.googleusercontent.com/gps-cs-s/APNQkAG4P3CrB-uu-ubegHcRrfmBhV1NNoeUP_wjUNE-RYXpVp651e7ZrmO2a7aJ5nw1Te8g29hKSa26F4CwzUOcTPt5jiosBZKc9ojERq4_wY5vYPttuXyBdhvtB1gFlb7S2jy2LSRcbg=w80-h106-k-no","https://ssl.gstatic.com/local/servicebusiness/default_user.png","""pilihan menunya banyak, serta tempatnya luas.""","","","","","695Q+687, Jl. Melati Wetan",""
"https://www.google.com/maps/place/Warmindo+Pribumi+cafe/data=!4m7!3m6!1s0x2e7a59d076e30fab:0x5b5ea429be162773!8m2!3d-7.7861908!4d110.3906216!16s%2Fg%2F11c2kb_wr1!19sChIJqw_jdtBZei4RcycWvimkXls?authuser=0&hl=id&rclk=1","Warmindo Pribumi cafe","4,5","(430)","·","Rp 1–25.000","Nasi Goreng","·","","Buka","· Tutup pukul 01.00","https://lh3.googleusercontent.com/gps-cs-s/APNQkAHVINQwjSOAsQzP8tT1ocWK34B5n90mf2w-sHWqw13d2yJgvpMBLCFi2RZZks1rQfMAvEgWcHD923NbVTodONPcz5Rp2Dinuhn2SWLr4pduxRMnsJpQH-cnDVUmAk9irEAyX95nGg=w80-h106-k-no","https://ssl.gstatic.com/local/servicebusiness/default_user.png","""burjo rasa coworking space, ngalah2 in malah, internetnya knceng!""","","","","","",""
"https://www.google.com/maps/place/Teramuda+Cafe/data=!4m7!3m6!1s0x2e7a5993737cdedb:0xc2d282342c27dd94!8m2!3d-7.7704853!4d110.4097774!16s%2Fg%2F11dxbw420g!19sChIJ2958c5NZei4RlN0nLDSC0sI?authuser=0&hl=id&rclk=1","Teramuda Cafe","4,0","(2)","","","Kafe","·","Jl. Seturan Raya No.168","Buka","· Tutup pukul 22.00","https://lh3.googleusercontent.com/gps-cs-s/APNQkAFyfGHeU6DPwVt8JQ5zN9OAmbGPamoHjhNYU4fXuLYh-_fF4bh_NdbIxXynrUIvD73_-lK_zR1Z6Xng7j2InMfBxwshyfbzejzI6Y6UjQdgrVqTL03RucZ1IqxIgTEpB3WFx7t_YQ=w163-h92-k-no","","Makan di tempat","","","","","","Bawa pulang"
"https://www.google.com/maps/place/Dialektika+Cafe/data=!4m7!3m6!1s0x2e7a590025ef3601:0x4318741bc0908667!8m2!3d-7.7651321!4d110.3941979!16s%2Fg%2F11z3zvyr_2!19sChIJATbvJQBZei4RZ4aQwBt0GEM?authuser=0&hl=id&rclk=1","Dialektika Cafe","","","","","Kedai Kopi","·","Gg. Jemb. Merah III No.154a","","","https://streetviewpixels-pa.googleapis.com/v1/thumbnail?panoid=oaOC8h-PMwEAvddVAh-gYg&cb_client=search.gws-prod.gps&w=80&h=92&yaw=84.43524&pitch=0&thumbfov=100","","","","","","","",""
"https://www.google.com/maps/place/Ve%27Y+KIP+CAFE/data=!4m7!3m6!1s0x2e7a59eded58ae43:0xb903cceb82a59fde!8m2!3d-7.7725202!4d110.3973225!16s%2Fg%2F11vctwp0t5!19sChIJQ65Y7e1Zei4R3p-lguvMA7k?authuser=0&hl=id&rclk=1","Ve'Y KIP CAFE","5,0","(2)","","","Kafe","·","Jl. Cendrawasih Jl. Pringwulung No.358c","","","https://lh3.googleusercontent.com/gps-cs-s/APNQkAGQWon-ZdCcBEBx6ZJ4SbqYKCoPF3-Nq3pcjNW1Fysx7CTHt3ohU9oqi9k8U7djwdQdz7L6SltKalRQh2M5WPQRR_JBJLEx41sFTCQFGa6Vbef3Ex2wIlCijnaR0Ivx2KSs4A=w80-h142-k-no","","Makan di tempat","","","","","","Bawa pulang"
"https://www.google.com/maps/place/KOPI+PAKPOS+NOL+KM/data=!4m7!3m6!1s0x2e7a577e0da2d459:0xbcedbb4bf6700de5!8m2!3d-7.8016541!4d110.3652808!16s%2Fg%2F11h_f5yf_2!19sChIJWdSiDX5Xei4R5Q1w9ku77bw?authuser=0&hl=id&rclk=1","KOPI PAKPOS NOL KM","4,6","(867)","·","Rp 25–50 rb","Kafe","·","·","Buka","· Tutup pukul 01.00","https://lh3.googleusercontent.com/gps-cs-s/APNQkAE3Ljn-4MXdxL3ED3GHDwTLop-y37Cn0cuSWxtTFVnOu4DfpmAbco2ZCmPqahN1BfQOd5YnGsoUIUnMB-fMRSEVnGlnd0rTZF0hN1fNXb90qv35mAg56kwed-h0XqdpMppEkP3brIAj4XOz=w122-h92-k-no","https://ssl.gstatic.com/local/servicebusiness/default_user.png","""Five stars for all of the service, menu, and ambience.""","","","","","Jl. Panembahan Senopati No.2",""
"https://www.google.com/maps/place/Warung+Kopi+%26+Angkringan+PASEDULURAN+by+Veekyu/data=!4m7!3m6!1s0x2e7a59450c02b7a5:0x22795346fcf76381!8m2!3d-7.7748787!4d110.4045853!16s%2Fg%2F11lfh0v_c7!19sChIJpbcCDEVZei4RgWP3_EZTeSI?authuser=0&hl=id&rclk=1","Warung Kopi & Angkringan PASEDULURAN by Veekyu","4,9","(15)","","","Kafe","·","Jl. Perumnas No.239A","","","https://lh3.googleusercontent.com/gps-cs-s/APNQkAHGlH_izJVc6r9TUHElRYgWRevigBXStsDhddr3L38QIn1gs9grWhRCXANISppEN-zXweVjrDSZG3f-72rXSn3bno8Elj5BpiSPUkvml4B5A5HWO0HMb98u8oqTjefxrUgTph6R=w122-h92-k-no","https://ssl.gstatic.com/local/servicebusiness/default_user.png","""Semua menu enak, layanan ramah""","","","","","",""
"https://www.google.com/maps/place/Nano+Laundry+Express+X+Unicone+Cafe/data=!4m7!3m6!1s0x2e7a59694a688969:0x755c8f0f530aee56!8m2!3d-7.7636071!4d110.4074287!16s%2Fg%2F11jyn25ssf!19sChIJaYloSmlZei4RVu4KUw-PXHU?authuser=0&hl=id&rclk=1","Nano Laundry Express X Unicone Cafe","5,0","(2)","","","Kafe","·","Jl. Perumnas Jl. Pintu Selatan UPN No.3","Buka","· Tutup pukul 22.00","https://lh3.googleusercontent.com/gps-cs-s/APNQkAFbZ7ScYemSmS5VoKxIz2nJnKVNXrowVV7b9FdoOFKNdj_RzEqVqaB1kKfj9KuEOSI2sHd8f-p_SQ1yiFmvDHPE2VFBVwEMECHsMHW1ts1_LpN98dmB3rdjq9P4NIniUc948Oy4=w80-h106-k-no","https://ssl.gstatic.com/local/servicebusiness/default_user.png","""Tempatnya nyaman banget, pelayanan laundry nya super, makanannya enak2 👍""","","","","","",""
"https://www.google.com/maps/place/Cafe+Diet+RS+Panti+Rapih/data=!4m7!3m6!1s0x2e7a592d606763e3:0x40218f274ba940f1!8m2!3d-7.7775403!4d110.3772537!16s%2Fg%2F11h_clqpzk!19sChIJ42NnYC1Zei4R8UCpSyePIUA?authuser=0&hl=id&rclk=1","Cafe Diet RS Panti Rapih","5,0","(20)","·","Rp 25–50 rb","Restoran","·","Jl. Cik Di Tiro No.30","Buka","· Tutup pukul 22.00","https://lh3.googleusercontent.com/gps-cs-s/APNQkAHN_8Yt5EM-GIBY8DgfXiQIwM1HfD6AFC6BMMWjK6__2MiSt1Smn6SxOX6dXw_91xdBg4Oeqxvij1r_MBl17fGWOeHSqjkiqe8FRLaucAOwGubd-aBm7Fh5v1RpdEe-kOE4YUA=w122-h92-k-no","https://ssl.gstatic.com/local/servicebusiness/default_user.png","""Udah 2mgg ambil catering disini, makanannya enak² dan menyehatkan.""","https://www.google.com/searchviewer/42?cvd=CLw_EicKJeICIjIgEhkiF9LX29IPEQoNL2cvMTFoX2NscXB6axgBOgMI8A0%3D&hl=id-ID&gl=id&fo_m=MfohQo559jFvMUOzJVpjPL1YMfZ3bInYwBDuMfaXTPp5KXh-&utm_source=tactile&gei=Syn3afXpI-iX4-EP0o_gsQQ&ei=Syn3afXpI-iX4-EP0o_gsQQ&fo_s=OA&opi=79508299&orderType=1&ebb=1&cs=0&foub=mcpp","Pesan online","","","",""
"https://www.google.com/maps/place/Mudita+Kopi+%26+Teh/data=!4m7!3m6!1s0x2e7a570fa5aaff5f:0x7e5154e666112b4!8m2!3d-7.797878!4d110.3858737!16s%2Fg%2F11ghdsdq_3!19sChIJX_-qpQ9Xei4RtBJhZk4V5Qc?authuser=0&hl=id&rclk=1","Mudita Kopi & Teh","4,8","(323)","·","Rp 25–50 rb","Kedai Kopi","·","Jl. Kenari Jl. Jagung No.3c","Buka","· Tutup pukul 21.00","https://lh3.googleusercontent.com/gps-cs-s/APNQkAFugFqMF-20a0CPpb0oC5TIIe4YbqOr86eDEzCS_douj8G2mAL4TD3U0Jx8fgJr28p5IPXtKswcFJTw3EQHll7by-8vME4Bp9-sJzL6qKwY9yyTQObpQYY6P6ht2RY8UDtV1xRvLA=w122-h92-k-no","https://ssl.gstatic.com/local/servicebusiness/default_user.png","""kopinya enak, tempatnya kecil tp bersih, toilet bersih juga.""","","","","","Kedai kopi nyaman, AC, dan Wi-Fi",""
"https://www.google.com/maps/place/Barno+Caffe/data=!4m7!3m6!1s0x2e7a5780a23c1935:0x4fb233a3fedc54a8!8m2!3d-7.7959701!4d110.374054!16s%2Fg%2F11c310rd73!19sChIJNRk8ooBXei4RqFTc_qMzsk8?authuser=0&hl=id&rclk=1","Barno Caffe","4,6","(33)","","","Kafe","","","Buka","· Tutup pukul 01.00","https://lh3.googleusercontent.com/gps-cs-s/APNQkAE-QMCm9IO-2QHeTttNlws8V3ybrh4wszPtDOjV37njbpEV8XUZpVyGauxLhCB4LIGie0kJ0zrVchWYrkAxLNjvmsm86v4anbt1FpL_Oy5DQHNSkBwC8L9xkUysFlkNtphOYhje=w122-h92-k-no","https://ssl.gstatic.com/local/servicebusiness/default_user.png","""Mantap🔥🔥mas barno everybody""","","","","","",""
"https://www.google.com/maps/place/Panghegar+Cafe+99/data=!4m7!3m6!1s0x2e7a59e06966dddf:0xeb9c489ac4f1484d!8m2!3d-7.7925501!4d110.4036348!16s%2Fg%2F11jwsrpftw!19sChIJ391maeBZei4RTUjxxJpInOs?authuser=0&hl=id&rclk=1","Panghegar Cafe 99","5,0","(2)","","","Kafe","·","6C43+XFC, Gg. Cabe","","","https://streetviewpixels-pa.googleapis.com/v1/thumbnail?panoid=i4cP05e3p0kpArRw8VE5xA&cb_client=search.gws-prod.gps&w=80&h=92&yaw=110.020836&pitch=0&thumbfov=100","https://ssl.gstatic.com/local/servicebusiness/default_user.png","""Enak lah
onok rego onok rupo
sesuai harganya""","","","","","",""
"https://www.google.com/maps/place/Nol+Kilometer+Coffee+%26+Tea+Yogyakarta/data=!4m7!3m6!1s0x2e7a57f218dd03fb:0x681d34ac0be132a8!8m2!3d-7.8018453!4d110.3645658!16s%2Fg%2F11jlrp4x5q!19sChIJ-wPdGPJXei4RqDLhC6w0HWg?authuser=0&hl=id&rclk=1","Nol Kilometer Coffee & Tea Yogyakarta","4,7","(898)","·","Rp 25–50 rb","Kafe","·","Jl. Pangurakan No.04","Buka","· Tutup pukul 23.00","https://lh3.googleusercontent.com/gps-cs-s/APNQkAF_SU3wSfwx4SAqzyGj7cuijHxB-dfz69rqtf-kVztaznV2QHmEy1Gh20mtZxr2eSUTtPP0NlbPJ-uGdhnHcogdJsNd5h5cWn8ZhlKb1rk61UwrlTNhJMnOnEw_2dSdNdKandUg=w138-h92-k-no","https://ssl.gstatic.com/local/servicebusiness/default_user.png","""Order menu es kopi yg rasanya salty2 gitu.""","","","","","",""
"https://www.google.com/maps/place/Baper+Cafe/data=!4m7!3m6!1s0x2e7a59bde64cd451:0x5713a98afeabb5eb!8m2!3d-7.7680441!4d110.4010875!16s%2Fg%2F11cmm84vz0!19sChIJUdRM5r1Zei4R67Wr_oqpE1c?authuser=0&hl=id&rclk=1","Baper Cafe","3,0","(1)","","","Kafe","·","6CJ2+QCP","Buka","· Tutup pukul 00.00","https://streetviewpixels-pa.googleapis.com/v1/thumbnail?panoid=CVQ_6hkZKtYXzXRSUSZ4Rg&cb_client=search.gws-prod.gps&w=80&h=92&yaw=32.002834&pitch=0&thumbfov=100","","Makan di tempat","","","","","","Bawa pulang"
"https://www.google.com/maps/place/Sinom+Coffee+%26+Space/data=!4m7!3m6!1s0x2e7a57688f22643f:0x35013dde082b13ec!8m2!3d-7.8225102!4d110.3477073!16s%2Fg%2F11k0sqlqtk!19sChIJP2Qij2hXei4R7BMrCN49ATU?authuser=0&hl=id&rclk=1","Sinom Coffee & Space","4,9","(186)","·","Rp 1–25.000","Kedai Kopi","·","Jl. Bugisan Selatan No.95","Buka","· Tutup pukul 22.00","https://lh3.googleusercontent.com/gps-cs-s/APNQkAHFCM9VeKiwOryKxpGN59sy8xGY_tzmsHwggdhp3xhzfPsqNqA24C-s46q51VByIKASoSzZFfPj7_H20ZbuHKxN8exC2L0gfS2QOyLwyTZA84W1qB3KyRvNxEBMQDJRWxlM3ckv4p6kJDto=w80-h106-k-no","https://ssl.gstatic.com/local/servicebusiness/default_user.png","""Honey lattenya enak, service ramah, tempat nyaman dan enak untuk WFC""","https://www.google.com/searchviewer/42?cvd=CLw_EicKJeICIjIgEhkiF9LX29IPEQoNL2cvMTFrMHNxbHF0axgBOgMI8A0%3D&hl=id-ID&gl=id&fo_m=MfohQo559jFvMUOzJVpjPL1YMfZ3bInYwBDuMfaXTPp5KXh-&utm_source=tactile&gei=Tin3aZeZBqas4-EP26DIuAw&ei=Tin3aZeZBqas4-EP26DIuAw&fo_s=OA&opi=79508299&orderType=1&ebb=1&cs=0&foub=mcpp","Pesan online","","","",""
"https://www.google.com/maps/place/Lorkali+Cafe/data=!4m7!3m6!1s0x2e7a59e820a14a41:0xe1b01e0856f517b8!8m2!3d-7.7823884!4d110.402308!16s%2Fg%2F11g_ft25m!19sChIJQUqhIOhZei4RuBf1VggesOE?authuser=0&hl=id&rclk=1","Lorkali Cafe","","","","","Kafe","·","Jl. Selokan Mataram No. 5 C Catur Tunggal Depok Sleman Daerah Istimewa Yogyakarta","Buka","· Tutup pukul 22.00","https://maps.gstatic.com/tactile/pane/result-no-thumbnail-2x.png","","Makan di tempat","","","","","","Bawa pulang"
"https://www.google.com/maps/place/Inspira+Roasters+Artisan+Coffee/data=!4m7!3m6!1s0x2e7a57636c2813e7:0xf66abd95c3e09e6a!8m2!3d-7.7990087!4d110.3927406!16s%2Fg%2F11g8nj958z!19sChIJ5xMobGNXei4Rap7gw5W9avY?authuser=0&hl=id&rclk=1","Inspira Roasters Artisan Coffee","4,6","(228)","·","Rp 50–75 rb","Kafe","·","·","Buka 24 jam","","https://lh3.googleusercontent.com/gps-cs-s/APNQkAErOoD9GLGi0GG_a9s2JPcZ-6d1oZm0Jaha167IJ6zjtzieQKjnjMTdMDg0jfi3FKi1rlkZTpy03QnP7dntKGH9R8sHX_H3HRg9oR6T6OOftOT8UsRuVA2A0XNZ0Y7XM_hgLB0=w163-h92-k-no","https://ssl.gstatic.com/local/servicebusiness/default_user.png","""Nilai untuk rasa kopi pun tak ragu lagi: 5/5.""","","","","","Gaia Cosmo Hotel, Jl. Ipda Tut Harsono No.16",""
"https://www.google.com/maps/place/Bura+Bura+Coffee/data=!4m7!3m6!1s0x2e7a59c6aeef927b:0x18d041503a5339f!8m2!3d-7.7897816!4d110.354029!16s%2Fg%2F11ng0nztrn!19sChIJe5LvrsZZei4RnzOlAxUEjQE?authuser=0&hl=id&rclk=1","Bura Bura Coffee","4,7","(465)","·","Rp 25–50 rb","Kedai Kopi","·","Ruko Cokro Square, Jl. HOS Cokroaminoto No.Kav 0 Blok Kav N","Buka 24 jam","","https://lh3.googleusercontent.com/gps-cs-s/APNQkAEhzMiFW7Mhcaw-LaT-HQ88hRHSchOrCiED0nf9sfKSp9GymxO5UB89eSpmbnj8rn663FKb0OuQ_OdZt84V19TCbH2I0o-5WbtYNPKYY3Uozdee-Asfy9kh8GZobA2KdhmUfcgKcg=w80-h106-k-no","https://ssl.gstatic.com/local/servicebusiness/default_user.png","""Tempat bersih dan cozy, barista ramah buat ditanya2, pastrynya juga enak.""","","","","","",""
"https://www.google.com/maps/place/PLAI+CAFE+Jogja/data=!4m7!3m6!1s0x2e7a5b003a8e8951:0x1572a788b613c932!8m2!3d-7.7412341!4d110.4334186!16s%2Fg%2F11yrg0cgrn!19sChIJUYmOOgBbei4RMskTtoinchU?authuser=0&hl=id&rclk=1","PLAI CAFE Jogja","4,8","(766)","·","Rp 1–25.000","Kedai Kopi","·","Jl. Raya Tajem No.KM.3","Buka","· Tutup pukul 22.00","https://lh3.googleusercontent.com/gps-cs-s/APNQkAHkYlzOnjbW4ZMqiiaEbudHSCvKGnsMFd0wzwt5eWFD3D--_27wD_U5EQZ1CdYj6DwjhPeVrS5fMCqY-L78IgboGYlrNwE_aT8nIpq_RywW_Dp3wQMW4GoUsWxQf3QNlgabBncGgcZLokNg=w80-h106-k-no","https://ssl.gstatic.com/local/servicebusiness/default_user.png","""harga kopi dan minuman nya murah.""","","","","","",""
"https://www.google.com/maps/place/Cafe+Jantung+Hati+RS+Sardjito/data=!4m7!3m6!1s0x2e7a5949d9aeb025:0x83eed1586e7ebe53!8m2!3d-7.7695127!4d110.3716013!16s%2Fg%2F11kc5_r5pl!19sChIJJbCu2UlZei4RU75-bljR7oM?authuser=0&hl=id&rclk=1","Cafe Jantung Hati RS Sardjito","3,9","(31)","·","Rp 1–25.000","Kafe","·","Lobby Barat Pusat Jantung Terpadu RS Sardjito 22584, Jl. Kesehatan","Tutup","· Buka Sen pukul 08.00","https://lh3.googleusercontent.com/gps-cs-s/APNQkAGh5epp-EHfO8T2w9rWxaxxXwPeERywgLG3aMNCOHlh5wdgSgPCWuFgzh82THCiZoYrs8z0taXX_LBCSrFdfZQhfQiJS7DYWr5tl4DmgqHmFC-ffmOJQFqUj1fr6BhwAJzSivwS_A=w80-h106-k-no","https://ssl.gstatic.com/local/servicebusiness/default_user.png","""Bisa sejenak bersantai di","","","","","","cafe"
"https://www.google.com/maps/place/Hyperbox+Family+Karaoke+%26+Cafe-Resto/data=!4m7!3m6!1s0x2e7a59f26471a783:0x7aaaf0ef2658e1c9!8m2!3d-7.7760228!4d110.415386!16s%2Fg%2F1hhhyb7w6!19sChIJg6dxZPJZei4RyeFYJu_wqno?authuser=0&hl=id&rclk=1","Hyperbox Family Karaoke & Cafe-Resto","4,3","(2.087)","·","$$","Bar Karaoke","·","Jl. Babarsari Raya No.15","Buka","· Tutup pukul 02.30","https://lh3.googleusercontent.com/gps-cs-s/APNQkAGC07huDnKCcKhHDQEsbqE0-DXm8raFjY8VUWTzCMnuXPhQkcyO-PZxB6ffjckPkgXZr5MCaPMpajcIcC3iVZRLH4jB_7xotEatWbpIjFzxmKU__uFkSFfDnU_FleGTEWfoQzD6xQ=w122-h92-k-no","https://ssl.gstatic.com/local/servicebusiness/default_user.png","""ada LC namanya olif?""","https://www.google.com/searchviewer/42?cvd=CLw_EiYKJOICITIfEhgiFtLX29IPEAoML2cvMWhoaHliN3c2GAE6AwjwDQ%3D%3D&hl=id-ID&gl=id&fo_m=MfohQo559jFvMUOzJVpjPL1YMfZ3bInYwBDuMfaXTPp5KXh-&utm_source=tactile&gei=Tin3aZeZBqas4-EP26DIuAw&ei=Tin3aZeZBqas4-EP26DIuAw&fo_s=OA&opi=79508299&orderType=1&ebb=1&cs=0&foub=mcpp","Pesan online","","","Resto ramai, karaoke & hidangan global",""
"https://www.google.com/maps/place/Riss+Coffee/data=!4m7!3m6!1s0x2e7a59ad538b5843:0x1e17d0836fd694cd!8m2!3d-7.7881818!4d110.3644051!16s%2Fg%2F11s83vsl7s!19sChIJQ1iLU61Zei4RzZTWb4PQFx4?authuser=0&hl=id&rclk=1","Riss Coffee","4,8","(14)","·","Rp 25–50 rb","Kedai Kopi","·","·","Buka","· Tutup pukul 22.00","https://lh3.googleusercontent.com/gps-cs-s/APNQkAFGU_URnJq4Zek32H7-4xegoPimwSAPPPcnoJd67YkXykbg_zAKCzn9k3J4aJn47jwMajA2XG74wGe9-B_kFhVjkEVdcAToaf00TKL38z_3vkm6ncIaNPwsaxg6HzsxOSepXLTH=w137-h92-k-no","https://ssl.gstatic.com/local/servicebusiness/default_user.png","""Tenpat nya bersih dan nyaman
kopi nya rasa nya sempurna dan mantap
cocok""","https://www.google.com/searchviewer/42?cvd=CLw_EicKJeICIjIgEhkiF9LX29IPEQoNL2cvMTFzODN2c2w3cxgBOgMI8A0%3D&hl=id-ID&gl=id&fo_m=MfohQo559jFvMUOzJVpjPL1YMfZ3bInYwBDuMfaXTPp5KXh-&utm_source=tactile&gei=Tin3aZeZBqas4-EP26DIuAw&ei=Tin3aZeZBqas4-EP26DIuAw&fo_s=OA&opi=79508299&orderType=1&ebb=1&cs=0&foub=mcpp","Pesan online","","","Jl. Gowongan Kidul No.33-49",""
"https://www.google.com/maps/place/Ada+Coffee/data=!4m7!3m6!1s0x2e7a57bb0905f81d:0x7db1deb62bbb6f38!8m2!3d-7.7967792!4d110.3637367!16s%2Fg%2F11mv1894b2!19sChIJHfgFCbtXei4ROG-7K7besX0?authuser=0&hl=id&rclk=1","Ada Coffee","4,5","(126)","·","Rp 25–50 rb","Kafe","·","Jl. Cokrodipuran No.20","Buka","· Tutup pukul 03.00","https://lh3.googleusercontent.com/gps-cs-s/APNQkAGfWn5IEG113r8B322PcR7MIB0Ov3DsK78aLwmDrlROJ4V-D4EBMmvw6i2eg6616afyBCp7uCWAYzfzpgG1FfdfK7av6BxyiXscNNfQ4yQM4HmJt4PyBMMtmE0-mLlrXlLZ2LcM=w122-h92-k-no","https://ssl.gstatic.com/local/servicebusiness/default_user.png","""Minuman enak barista nya ramah friendly toilet bersih nyaman .""","","","","","",""
"https://www.google.com/maps/place/Back+On+13+Coffee+Shop/data=!4m7!3m6!1s0x2e7a59e28cb8fddf:0x2851ad8dcbf7e84a!8m2!3d-7.794395!4d110.3575047!16s%2Fg%2F11l6x529l6!19sChIJ3_24jOJZei4RSuj3y42tUSg?authuser=0&hl=id&rclk=1","Back On 13 Coffee Shop","4,8","(129)","·","Rp 25–50 rb","Kedai Kopi","·","·","Buka","· Tutup pukul 22.00","https://lh3.googleusercontent.com/gps-cs-s/APNQkAGJIGh2ncLwtvPjNnA1LE_Q1vlZ-BAx5wRCH01YUekjuWha-IKb51rpxVLfCfx-MM_gU1_jteqpxl3SHbAlY0yYDPFAPNQ2Wv3dKAign8Lmi94oETA8qVrfqrcwGqduE3gfD3yB=w80-h106-k-no","https://ssl.gstatic.com/local/servicebusiness/default_user.png","""Barista nya sangat membantu banget ketika kalian bertanya tentang menu.""","https://www.google.com/searchviewer/42?cvd=CLw_EicKJeICIjIgEhkiF9LX29IPEQoNL2cvMTFsNng1MjlsNhgBOgMI8A0%3D&hl=id-ID&gl=id&fo_m=MfohQo559jFvMUOzJVpjPL1YMfZ3bInYwBDuMfaXTPp5KXh-&utm_source=tactile&gei=Tin3aZeZBqas4-EP26DIuAw&ei=Tin3aZeZBqas4-EP26DIuAw&fo_s=OA&opi=79508299&orderType=1&ebb=1&cs=0&foub=mcpp","Pesan online","","","Pendopo Ndalem Notoyudan, Pringgokusuman, GT 2/1303D",""
"https://www.google.com/maps/place/Hidjau+Coffee+%26+Mart/data=!4m7!3m6!1s0x2e7a57f20706455d:0xe4c928bf3c451acf!8m2!3d-7.8009776!4d110.3567648!16s%2Fg%2F11j26220y0!19sChIJXUUGB_JXei4RzxpFPL8oyeQ?authuser=0&hl=id&rclk=1","Hidjau Coffee & Mart","4,5","(1.449)","·","Rp 25–50 rb","Kafe","·","Jl. KH. Ahmad Dahlan No.132","Buka","· Tutup pukul 23.00","https://lh3.googleusercontent.com/gps-cs-s/APNQkAGqrcpdFAABJYbGXiA_LDQlUoApKyO_h0L8Q7ZnJO8zaU7q1MG-6dRPppGd2TBxNm4U04NnCHrBZXO54EXpYVI8LezppHbxn63yhAKDLbnc88xMtHW_gFYAmTvkOO70RxqPvz0T=w144-h92-k-no","https://ssl.gstatic.com/local/servicebusiness/default_user.png","""Tempatnya enak banget, makanannya enak, kopinya juga mantapppp.""","https://www.google.com/searchviewer/42?cvd=CLw_EicKJeICIjIgEhkiF9LX29IPEQoNL2cvMTFqMjYyMjB5MBgAOgMI8A0%3D&hl=id-ID&gl=id&fo_m=MfohQo559jFvMUOzJVpjPL1YMfZ3bInYwBDuMfaXTPp5KXh-&utm_source=tactile&gei=Tin3aZeZBqas4-EP26DIuAw&ei=Tin3aZeZBqas4-EP26DIuAw&fo_s=OA&opi=79508299&ebb=1&cs=0&foub=mcpp","Pesan online","","","",""
"https://www.google.com/maps/place/Teh+jawa+cafe/data=!4m7!3m6!1s0x2e7a593d8ba27bad:0xd64dd2d169fc1e10!8m2!3d-7.7901976!4d110.3763991!16s%2Fg%2F11hdrrj98x!19sChIJrXuiiz1Zei4REB78adHSTdY?authuser=0&hl=id&rclk=1","Teh jawa cafe","4,0","(2)","","","Kafe","·","Jl. Lempuyangan No.1a","Buka","· Tutup pukul 21.00","https://lh3.googleusercontent.com/gps-cs-s/APNQkAHjBn0r_YCFsaPUxC5ZnzQRIHmhIH43ipPUczpfd4DiA75LCwd1P8AfRtJiroAGC3NChtfiyCbqGUVJ6FpBAM3_pzAEaIRVUUqBiQ5Pp-g00znKeIduJO-rwWu1cCJwuiry8hw=w80-h164-k-no","","Makan di tempat","","","","","","Bawa pulang"
"https://www.google.com/maps/place/Satu+Derajat+Coffee+%26+Space/data=!4m7!3m6!1s0x2e7a597bf2e45c85:0x26e7fdbdde4af3c8!8m2!3d-7.7885781!4d110.3512002!16s%2Fg%2F11jgy65s0w!19sChIJhVzk8ntZei4RyPNK3r395yY?authuser=0&hl=id&rclk=1","Satu Derajat Coffee & Space","4,8","(58)","·","Rp 1–25.000","Kafe","·","Jl. Wiratama No.59","Buka","· Tutup pukul 23.00","https://lh3.googleusercontent.com/gps-cs-s/APNQkAHrUP2wuvZxJ180q1HRb1Us0u_reUTTmK3s4Su6LFMNmAHJHKrT8O40yAHivJw1afazqE4x9hmuO5qtNreTFKt6eH8PTfE7m6QJgubuggo7rY8LjttNr3f9fx_alfsUZCKJTql0Uw=w138-h92-k-no","https://ssl.gstatic.com/local/servicebusiness/default_user.png","""Mau pesenin kopi buat someone""","","","","","",""
"https://www.google.com/maps/place/Warmindo+Panghegar+Cafe/data=!4m7!3m6!1s0x2e7a59cbe56be943:0xd8e2ef1312aa6210!8m2!3d-7.779223!4d110.383888!16s%2Fg%2F11cs3k0dms!19sChIJQ-lr5ctZei4REGKqEhPv4tg?authuser=0&hl=id&rclk=1","Warmindo Panghegar Cafe","4,4","(21)","","","Mi","·","·","Buka","· Tutup pukul 00.00","https://lh3.googleusercontent.com/gps-cs-s/APNQkAHhSJGcQm5EZ2D4j1_XcEsH1TIKz8INgTiCc9zk4aUDJxtsGnk1-d34hPG3Q_43AsvCW6uhcLVHYpcYrSxr1WzH2oeD9x6mXwZ9lk_R1KeudLHFzc_8ejYEdFaW4yWcCDWFphqb=w80-h107-k-no","","Makan di tempat","","","","","69CM+8H6, Jalan Colombo, Samirono CT VI, Condongcatur, Depok, Sleman","Bawa pulang"
"https://www.google.com/maps/place/Peachy+Coffee+%26+Work+Space/data=!4m7!3m6!1s0x2e7a57358fb4502f:0x1aa8033f3f85cb11!8m2!3d-7.8128071!4d110.3764875!16s%2Fg%2F11fdx7t1yx!19sChIJL1C0jzVXei4REcuFPz8DqBo?authuser=0&hl=id&rclk=1","Peachy Coffee & Work Space","4,6","(1.400)","·","Rp 25–50 rb","Kafe","·","Jl. Taman Siswa No.108 C","Buka","· Tutup pukul 23.00","https://lh3.googleusercontent.com/gps-cs-s/APNQkAHn37jJ39n-fnR8qWJwK-l95LSgmk_1LtGfiOP5TxNlgQnGTq3Wzha3VKHqOkvwsNpuwFUZpSfcs_9QayGZtXJUlznKLXRSw1Q59UZESjCMd0jVqzYobYyLjgqALpF0skEFdAaf=w163-h92-k-no","https://ssl.gstatic.com/local/servicebusiness/default_user.png","""Beli caffe latte, kopinya enaakkk, harganya terjangkau.""","https://www.google.com/searchviewer/42?cvd=CLw_EicKJeICIjIgEhkiF9LX29IPEQoNL2cvMTFmZHg3dDF5eBgBOgMI8A0%3D&hl=id-ID&gl=id&fo_m=MfohQo559jFvMUOzJVpjPL1YMfZ3bInYwBDuMfaXTPp5KXh-&utm_source=tactile&gei=Tin3aZeZBqas4-EP26DIuAw&ei=Tin3aZeZBqas4-EP26DIuAw&fo_s=OA&opi=79508299&orderType=1&ebb=1&cs=0&foub=mcpp","Pesan online","","","",""
"https://www.google.com/maps/place/Gejos+Cafe+Tambak+Bayan%28%EA%A6%92%EA%A6%BC%EA%A6%97%EA%A6%BA%EA%A6%B4%EA%A6%B1%EA%A7%80%EA%A6%95%EA%A6%A5%EA%A6%B3%EA%A6%BC%EA%A6%A0%EA%A6%A9%EA%A7%80%EA%A6%A7%EA%A6%8F%EA%A7%80%EA%A6%A7%EA%A6%AA%EA%A6%A4%EA%A7%80%29/data=!4m7!3m6!1s0x2e7a59bbae7aaa8d:0x61d9054a964f682!8m2!3d-7.7825368!4d110.4170803!16s%2Fg%2F11gj0zqxc4!19sChIJjap6rrtZei4RgvZkqVSQHQY?authuser=0&hl=id&rclk=1","Gejos Cafe Tambak Bayan(ꦒꦼꦗꦺꦴꦱ꧀ꦕꦥ꦳ꦼꦠꦩ꧀ꦧꦏ꧀ꦧꦪꦤ꧀)","","","","","Kafe","·","6C88+XRP, Jl. Tambak Bayan 2","Buka 24 jam","","https://streetviewpixels-pa.googleapis.com/v1/thumbnail?panoid=Es34EbyO1KR_CNjxQJIlFw&cb_client=search.gws-prod.gps&w=80&h=92&yaw=4.330796&pitch=0&thumbfov=100","","Makan di tempat","","","","","","Bawa pulang"
"https://www.google.com/maps/place/BATAMERA+Coffee+and+Cascara/data=!4m7!3m6!1s0x2e7a57b0a5c41ca3:0x4dadec3b1e166849!8m2!3d-7.8112809!4d110.4114528!16s%2Fg%2F11kh56k08x!19sChIJoxzEpbBXei4RSWgWHjvsrU0?authuser=0&hl=id&rclk=1","BATAMERA Coffee and Cascara","4,7","(914)","·","Rp 25–50 rb","Kafe","·","Jl. Tegalsari Raya Jl. Jomblangan No.5","Buka","· Tutup pukul 01.00","https://lh3.googleusercontent.com/gps-cs-s/APNQkAFQo_mQQM6YevQLY655PTxzWAo5RmLHpnlqHHqZPjzHEcW8266Ka7l7zSAaGhK5pX0Wke8qMth0EDFPiXJTJq1ytXb3zYYHTl7oL2aYPJlI1O7YQSD9a93_Ka-1RoN6Z0N5V2-J=w122-h92-k-no","https://ssl.gstatic.com/local/servicebusiness/default_user.png","""Baristanya responsif dan makanannya juga enak, jadi nyaman buat chill.""","","","","","",""
"https://www.google.com/maps/place/SunFlower+Restaurant/data=!4m7!3m6!1s0x2e7a58244c4d4f8d:0x284fc2f3eeafc224!8m2!3d-7.7903171!4d110.3633174!16s%2Fg%2F1pzyc6wgc!19sChIJjU9NTCRYei4RJMKv7vPCTyg?authuser=0&hl=id&rclk=1","SunFlower Restaurant","4,6","(14)","","","Kedai Kopi","·","Abadi Hotel Jogja, Jl. Ps. Kembang No.49","Buka 24 jam","","https://lh3.googleusercontent.com/gps-cs-s/APNQkAG4LzS6zB5oEJS_mo9nY77deqWGrVyPsXpei2OoiW7ZSGGqmFBM_Qm346iZfs0ruG1vnshHBvXZmT2yvTejQQT2M5NMScsXWVR3YCnNbOpqU_mYvJ_ecV-S5EkynImWJ9tgSRblUw=w138-h92-k-no","https://ssl.gstatic.com/local/servicebusiness/default_user.png","""❤️‍🔥❤️‍🔥❤️‍🔥❤️‍🔥❤️‍🔥❤️‍🔥""","","","","","",""
"https://www.google.com/maps/place/SANSKARA+KOPI/data=!4m7!3m6!1s0x2e7a59196b16df41:0x396bcf54701b2eb8!8m2!3d-7.8082685!4d110.3771219!16s%2Fg%2F11nfdwtfkw!19sChIJQd8WaxlZei4RuC4bcFTPazk?authuser=0&hl=id&rclk=1","SANSKARA KOPI","5,0","(222)","·","Rp 1–25.000","Kedai Kopi","·","Jl. Manuk Beri No.78","Buka","· Tutup pukul 00.00","https://lh3.googleusercontent.com/gps-cs-s/APNQkAEOicsTEpKbDXzz6JqSD9OlihJdOf7o3KQyV8gBV_vJxpvMbWVisir7XtQCum1LGfqys26b6mVh-oXPQ-MroRMCmoPUasX1hQ79byAqlf2oXtKeLpNbFLwUOq-wneX-VAQQNWA=w80-h106-k-no","https://ssl.gstatic.com/local/servicebusiness/default_user.png","""Awesome ambient, super friendly staff, great coffee!""","","","","","",""
"","","","","","","","","","","","","","","","","","","",""