"hfpxzc href","qBF1Pd","MW4etd","UY7F9","W4Efsd","W4Efsd 2","doJOZc","W4Efsd 3","W4Efsd 4","W4Efsd 5","W4Efsd 6","W4Efsd 7","UsdlK","Cw1rxd","R8c4Qb","Jn12ke src","ah5Ghc"
"","","","","","","","","","","","","","","","",""
"","","","","","","","","","","","","","","","",""
"https://www.google.com/maps/place/Sinar+Fotocopy+%22Sinar+Print+Copy+Center%22/data=!4m7!3m6!1s0x2e7a5997608e9ae9:0xc44c31e2ea277df8!8m2!3d-7.7633418!4d110.4067487!16s%2Fg%2F11b62_q2p8!19sChIJ6ZqOYJdZei4R-H0n6uIxTMQ?authuser=0&hl=id&rclk=1","Sinar Fotocopy ""Sinar Print Copy Center""","4,5","(100)","Toko Fotokopi","·","","·","Jl. Pintu Selatan UPN","Buka","· Tutup pukul 23.30","·","0815-7200-7272","","Situs Web","https://ssl.gstatic.com/local/servicebusiness/default_user.png","""Pelayanan cepat,semuanya yang dibutuhin mahasiswa ada."""
"https://www.google.com/maps/place/Cozy+Copy+24/data=!4m7!3m6!1s0x2e7a5855c86d7dc9:0x93ca5881eebb6c0a!8m2!3d-7.7564163!4d110.3740724!16s%2Fg%2F11b6b75_8b!19sChIJyX1tyFVYei4RCmy77oFYypM?authuser=0&hl=id&rclk=1","Cozy Copy 24","4,4","(255)","Toko Fotokopi","·","","·","Jl. Pandega Marta","Buka 24 jam","·","","(0274) 4547382","","Rute","https://ssl.gstatic.com/local/servicebusiness/default_user.png","""Fotocopy yang bisa internet dan berbagi pelayanan Fotocopy pada umumnya."""
"https://www.google.com/maps/place/Fotokopi+Cozy/data=!4m7!3m6!1s0x2e7a5836711af153:0xec0aaf36af3860d1!8m2!3d-7.7770178!4d110.3719274!16s%2Fg%2F1hm32xpl2!19sChIJU_EacTZYei4R0WA4rzavCuw?authuser=0&hl=id&rclk=1","Fotokopi Cozy","4,3","(511)","Toko Fotokopi","·","","·","Jl. DR. Sardjito No.98","Buka","·","· Tutup pukul 22.00","(0274) 2921488","","Rute","https://ssl.gstatic.com/local/servicebusiness/default_user.png","""Hasil fotocopyannya bagus, bisa print hitam putih, warna, & scan."""
"https://www.google.com/maps/place/Fotokopi+Cozy+24+Jam+Sendowo/data=!4m7!3m6!1s0x2e7a584970c905d7:0x850b1234f902c302!8m2!3d-7.7723977!4d110.3719557!16s%2Fg%2F1pzt86drs!19sChIJ1wXJcElYei4RAsMC-TQSC4U?authuser=0&hl=id&rclk=1","Fotokopi Cozy 24 Jam Sendowo","4,4","(569)","Layanan cetak digital","·","","·","Jl. Sendowo D No.19","Buka 24 jam","","·","0895-3926-82241","","Situs Web","https://ssl.gstatic.com/local/servicebusiness/default_user.png","""Buat kalian yang butuh print/fotocopy all time bisa banget disini."""
"https://www.google.com/maps/place/Focus+FotoCopy+%26+Print/data=!4m7!3m6!1s0x2e7a59ad4450c2a3:0x7934c2b1149dad74!8m2!3d-7.7636757!4d110.3795129!16s%2Fg%2F11b7tgkrvb!19sChIJo8JQRK1Zei4RdK2dFLHCNHk?authuser=0&hl=id&rclk=1","Focus FotoCopy & Print","4,4","(257)","Toko Fotokopi","·","","·","Jl. Kaliurang km 4,5 No.52","Buka","·","· Tutup pukul 22.00","0822-7333-7411","","Rute","https://ssl.gstatic.com/local/servicebusiness/default_user.png","""tempat print dan"
"https://www.google.com/maps/place/Excellent+Fotocopy+Print+Jilid+Buka+24+jam/data=!4m7!3m6!1s0x2e7a5995d85dcb29:0xd66d04be3bf16f2d!8m2!3d-7.7648517!4d110.4111754!16s%2Fg%2F11hmpyzcj_!19sChIJKctd2JVZei4RLW_xO74EbdY?authuser=0&hl=id&rclk=1","Excellent Fotocopy Print Jilid Buka 24 jam","4,2","(272)","Toko Fotokopi","·","","·","Depok","Buka 24 jam","·","","0898-5735-997","","Rute","https://ssl.gstatic.com/local/servicebusiness/default_user.png","""budget banget buat pas lagi ngeprint skripsi top dah pokonya"""
"https://www.google.com/maps/place/YUSUF+COPY+CENTRE+PRINGGODANI+%28+Timur+Sanata+Dharma%29/data=!4m7!3m6!1s0x2e7a59b88dc0b75d:0x5f235d9d9292fadf!8m2!3d-7.7753945!4d110.3933682!16s%2Fg%2F11by_m55f8!19sChIJXbfAjbhZei4R3_qSkp1dI18?authuser=0&hl=id&rclk=1","YUSUF COPY CENTRE PRINGGODANI ( Timur Sanata Dharma)","4,4","(128)","Toko Fotokopi","·","","Jl. Pringgodani No.6","·","Buka","","· Tutup pukul 20.45","0821-3709-1867","","Rute","https://ssl.gstatic.com/local/servicebusiness/default_user.png","""Bagus, tapi harus segera direnovasi dan diperbarui fasilitasnya"""
"https://www.google.com/maps/place/Fotocopy+Cahaya+UPN+Ring+Road/data=!4m7!3m6!1s0x2e7a5990f7838505:0xd46434e458185875!8m2!3d-7.7649088!4d110.4111359!16s%2Fg%2F11c1pk_lt3!19sChIJBYWD95BZei4RdVgYWOQ0ZNQ?authuser=0&hl=id&rclk=1","Fotocopy Cahaya UPN Ring Road","4,3","(90)","Toko Fotokopi","·","","Jalan Seturan Raya Ruko, Puluhdadi Jl. Raya Seturan No.B24","·","Buka","","· Tutup pukul 00.00","0821-3131-8500","","Rute","https://ssl.gstatic.com/local/servicebusiness/default_user.png","""Terima kasih buat anak2 Kalimantan barat"""
"https://www.google.com/maps/place/sc+foto+copy/data=!4m7!3m6!1s0x2e7a585407c06611:0x308d282b91388e62!8m2!3d-7.7595327!4d110.37431!16s%2Fg%2F11c6f8tmrn!19sChIJEWbAB1RYei4RYo44kSsojTA?authuser=0&hl=id&rclk=1","sc foto copy","4,7","(91)","Toko Fotokopi","·","","·","69RF+5PM, Jl. Pogung Kidul","Buka","· Tutup pukul 00.00","·","0896-7139-6013","","Situs Web","https://ssl.gstatic.com/local/servicebusiness/default_user.png","""Nyetak foto, nye can, nyampul, laminating, fotocopy, bikin ID card dll."""
"https://www.google.com/maps/place/Nusa+Indah+2+Fotocopy/data=!4m7!3m6!1s0x2e7a599b1a3446bb:0xd8dbcd55dae368d1!8m2!3d-7.7598314!4d110.4123962!16s%2Fg%2F11b6j8x6fx!19sChIJu0Y0GptZei4R0Wjj2lXN29g?authuser=0&hl=id&rclk=1","Nusa Indah 2 Fotocopy","4,4","(136)","Toko Fotokopi","·","","Jl. Prawiro Kuat","·","Buka","","· Tutup pukul 22.00","0818-0437-6790","","Rute","https://ssl.gstatic.com/local/servicebusiness/default_user.png","""Mahal.jika dibandingkan dekat UGM, ibunya cukup baik, namun lama T.T"""
"https://www.google.com/maps/place/Foto+Copy+%22Cemara%22/data=!4m7!3m6!1s0x2e7a599b8fca909b:0xa6427b14e40ef14b!8m2!3d-7.7582391!4d110.41037!16s%2Fg%2F11b6j62x09!19sChIJm5DKj5tZei4RS_EO5BR7QqY?authuser=0&hl=id&rclk=1","Foto Copy ""Cemara""","4,1","(28)","Toko Fotokopi","·","","·","Jl. Ringin Raya No.23","Buka","·","· Tutup pukul 21.00","(0274) 889047","","Rute","https://ssl.gstatic.com/local/servicebusiness/default_user.png","""komputer banyak .Tempat rapi dan bersih."""
"https://www.google.com/maps/place/Fotocopy,+Printing,+Jilid,+ATK+%26+Percetakan+berkualitas+%28Fajar+Copy+Paste%29+by+CV.+FAJAR+NOESANTARA/data=!4m7!3m6!1s0x2e7a59b74acc80d7:0x3d0cc502caf19674!8m2!3d-7.7691574!4d110.389133!16s%2Fg%2F11b645w6_c!19sChIJ14DMSrdZei4RdJbxygLFDD0?authuser=0&hl=id&rclk=1","Fotocopy, Printing, Jilid, ATK & Percetakan berkualitas (Fajar Copy Paste) by CV. FAJAR NOESANTARA","4,8","(303)","Industri Percetakan","·","","·","Karangasem, Jl. Flamboyan CTX No.06","Buka","·","· Tutup pukul 20.00","0878-3860-6926","","Rute","https://ssl.gstatic.com/local/servicebusiness/default_user.png","""Hasil cetakan, print hitam-putih, warna, scan warna bagus 👍🏻😄"""
"https://www.google.com/maps/place/Terang+Photo+Copy/data=!4m7!3m6!1s0x2e7a59976f0d802f:0x88679c103ef4c19b!8m2!3d-7.7628349!4d110.4064166!16s%2Fg%2F1pzs4ywyd!19sChIJL4ANb5dZei4Rm8H0PhCcZ4g?authuser=0&hl=id&rclk=1","Terang Photo Copy","4,8","(12)","Toko Fotokopi","·","","Ruko Gorongan, Jl. Perumnas No.25","·","Buka","","· Tutup pukul 22.00","0813-2791-6216","","Rute","https://ssl.gstatic.com/local/servicebusiness/default_user.png","""Copy disini lancar hasil ok"""
"https://www.google.com/maps/place/Fotokopi+Restu+Abadi/data=!4m7!3m6!1s0x2e7a59bbf030c779:0x3d31ca128e135c89!8m2!3d-7.7678355!4d110.3958084!16s%2Fg%2F11b64mbfkz!19sChIJeccw8LtZei4RiVwTjhLKMT0?authuser=0&hl=id&rclk=1","Fotokopi Restu Abadi","3,3","(79)","Toko Fotokopi","·","","Jl. Tantular No.91","·","Buka","","· Tutup pukul 21.00","0882-1486-6609","","Rute","https://ssl.gstatic.com/local/servicebusiness/default_user.png",""""
"https://www.google.com/maps/place/Arcapada+Fotocopy/data=!4m7!3m6!1s0x2e7a599e8078cf03:0x6e63814a0f67540!8m2!3d-7.757966!4d110.4075282!16s%2Fg%2F11df4wzt22!19sChIJA894gJ5Zei4RQHX2oBQ45gY?authuser=0&hl=id&rclk=1","Arcapada Fotocopy","4,7","(56)","Toko Fotokopi","·","","·","Jl. Wijaya Kusuma No.19","Buka","·","· Tutup pukul 22.00","0812-1550-0600","","Rute","https://ssl.gstatic.com/local/servicebusiness/default_user.png","""Muter2 nyari fotokopian, e nemu ini tempat"
"https://www.google.com/maps/place/Bintang+Fotocopy/data=!4m7!3m6!1s0x2e7a5856bdcbc84b:0xc7c21713e790b420!8m2!3d-7.7622381!4d110.3731875!16s%2Fg%2F11b6dx99p1!19sChIJS8jLvVZYei4RILSQ5xMXwsc?authuser=0&hl=id&rclk=1","Bintang Fotocopy","4,7","(42)","Toko Fotokopi","·","","·","Jl. Selokan Mataram No.8 B, RT.01/RW.49","Buka","·","· Tutup pukul 20.00","0813-2882-9140","","Rute","https://ssl.gstatic.com/local/servicebusiness/default_user.png","""RRGM RAMAH RAPI GERCEP MANTULL, terpuaskan ahsiap 👍👍👍👍👍 jempol 5!"""
"https://www.google.com/maps/place/Photo+Copy+Rahayu/data=!4m7!3m6!1s0x2e7a59f1b47fe049:0xc5973f78bea261c0!8m2!3d-7.7796707!4d110.4165886!16s%2Fg%2F1pzt5_rw6!19sChIJSeB_tPFZei4RwGGivng_l8U?authuser=0&hl=id&rclk=1","Photo Copy Rahayu","4,5","(2)","Toko Fotokopi","·","","Jl. Babarsari Jl. Tambak Bayan 8 No.6A","·","Buka","","· Tutup pukul 21.00","0831-4612-5763","","Rute","https://ssl.gstatic.com/local/servicebusiness/default_user.png","""Bagus pelayanannya cuma buat parkir agak susah soalnya di tepi jalan"""
"https://www.google.com/maps/place/Fotocopy+Jagadita/data=!4m7!3m6!1s0x2e7a599c00ab2dab:0xd51b32019444e84f!8m2!3d-7.7579041!4d110.4087539!16s%2Fg%2F1pzprbz2k!19sChIJqy2rAJxZei4RT-hElAEyG9U?authuser=0&hl=id&rclk=1","Fotocopy Jagadita","4,1","(36)","Toko Fotokopi","·","","·","6CR5+RFX, Jl. Nusa Indah No.151","Buka","·","· Tutup pukul 23.00","0812-6665-3361","","Rute","https://ssl.gstatic.com/local/servicebusiness/default_user.png","""Tapi ternyata fotocopy ini termurah daripada fotocopy disekitarnya."""
"https://www.google.com/maps/place/RICI+Fotocopy/data=!4m7!3m6!1s0x2e7a593492feb9d3:0x232c7af2ed859bfd!8m2!3d-7.7666441!4d110.3817492!16s%2Fg%2F11f9x3c89q!19sChIJ07n-kjRZei4R_ZuF7fJ6LCM?authuser=0&hl=id&rclk=1","RICI Fotocopy","4,7","(41)","Toko Fotokopi","·","","69MJ+8MX, Jl. Agro","","Buka","","· Tutup pukul 00.00","","","Rute","https://ssl.gstatic.com/local/servicebusiness/default_user.png","""bisa order via whatsapp dan bayar via QRIS."""
"https://www.google.com/maps/place/PASAMAN+Photocopy+And+Print+Shop/data=!4m7!3m6!1s0x2e7a5856ad436e37:0x5770dd0d040aae74!8m2!3d-7.7597199!4d110.37203!16s%2Fg%2F11gdkpg3g_!19sChIJN25DrVZYei4RdK4KBA3dcFc?authuser=0&hl=id&rclk=1","PASAMAN Photocopy And Print Shop","4,7","(39)","Toko Alat Tulis","·","","69RC+4R6, Jl. Selokan Mataram","·","Buka","","· Tutup pukul 20.00","(0274) 557712","","Rute","",""
"https://www.google.com/maps/place/Oke+Fotocopy+2/data=!4m7!3m6!1s0x2e7a599061668493:0xf3a577a91771078b!8m2!3d-7.763901!4d110.411571!16s%2Fg%2F11c54df8gm!19sChIJk4RmYZBZei4RiwdxF6l3pfM?authuser=0&hl=id&rclk=1","Oke Fotocopy 2","4,9","(25)","Toko Fotokopi","·","","·","Jalan Seturan Raya No.399, Puluhdadi, Seturan, Depan UPN pintu Timur","Buka 24 jam","·","","0813-6439-7567","","Rute","https://ssl.gstatic.com/local/servicebusiness/default_user.png","""Ini ada kontak wa yang bisa di hubungin g yah ??"""
"https://www.google.com/maps/place/Rahma+Copy+Center/data=!4m7!3m6!1s0x2e7a582bd2c5c885:0x99a8869a71457bb0!8m2!3d-7.7925175!4d110.3736498!16s%2Fg%2F11c574sxnd!19sChIJhcjF0itYei4RsHtFcZqGqJk?authuser=0&hl=id&rclk=1","Rahma Copy Center","4,5","(92)","Toko Fotokopi","·","","·","Jl. Hayam Wuruk No.86","Buka","·","· Tutup pukul 21.00","0822-2973-0736","","Rute","https://ssl.gstatic.com/local/servicebusiness/default_user.png","""Pelayanan bagus & ramah, hasil cetak sesuai permintaan"""
"https://www.google.com/maps/place/Fotocopy+%26+Penjilidan+Sonia/data=!4m7!3m6!1s0x2e7a59b263a0f74d:0xf4ba809b9ee83598!8m2!3d-7.7655968!4d110.381706!16s%2Fg%2F11c0y0xtyp!19sChIJTfegY7JZei4RmDXonpuAuvQ?authuser=0&hl=id&rclk=1","Fotocopy & Penjilidan Sonia","4,5","(19)","Toko Fotokopi","·","","Jl. Kaliurang No.Km.4","·","Buka","","· Tutup pukul 22.00","0877-3931-0131","","Rute","",""
"https://www.google.com/maps/place/PHOTOKOPI,PRINT,SCAN,+JILID,+ATK+KURNIA+INDAH/data=!4m7!3m6!1s0x2e7a59b1737ff431:0x459386f7859b9d5e!8m2!3d-7.7672276!4d110.3858939!16s%2Fg%2F11b64sqfmr!19sChIJMfR_c7FZei4RXp2bhfeGk0U?authuser=0&hl=id&rclk=1","PHOTOKOPI,PRINT,SCAN, JILID, ATK KURNIA INDAH","4,2","(42)","Toko Percetakan","·","","·","Jl. Agro Klebengan CT8/A No.1","Buka","·","· Tutup pukul 21.00","0877-3894-8859","","Rute","https://ssl.gstatic.com/local/servicebusiness/default_user.png","""Punya mesin fotocopy yg canggih, bisa keluar steples sendiri."""
"https://www.google.com/maps/place/Nologaten+Copy+Center/data=!4m7!3m6!1s0x2e7a59c18861f0d5:0x3cec2659da51b6b8!8m2!3d-7.778735!4d110.4001941!16s%2Fg%2F11c6y_rg_x!19sChIJ1fBhiMFZei4RuLZR2lkm7Dw?authuser=0&hl=id&rclk=1","Nologaten Copy Center","4,0","(44)","Toko Fotokopi","·","","·","Jl. Nologaten No.254","Buka","·","· Tutup pukul 22.00","0812-2684-4790","","Rute","",""
"https://www.google.com/maps/place/foto+copy+24+jam+BERKAH+JAYA+BERSAMA/data=!4m7!3m6!1s0x2e7a594960e4c5ff:0xc62f33dab362beae!8m2!3d-7.7734118!4d110.3889855!16s%2Fg%2F11trdmlksk!19sChIJ_8XkYElZei4Rrr5is9ozL8Y?authuser=0&hl=id&rclk=1","foto copy 24 jam BERKAH JAYA BERSAMA","4,3","(69)","Toko Fotokopi","·","","·","Gg. Guru No.3a","Buka 24 jam","·","","0895-3346-69080","","Rute","https://ssl.gstatic.com/local/servicebusiness/default_user.png","""Harga murah, kualitas bagus, cepat"""
"https://www.google.com/maps/place/FOTOCOPY+EKA+2/data=!4m7!3m6!1s0x2e7a59002f544945:0x837734aee6e70c1b!8m2!3d-7.7774522!4d110.3716056!16s%2Fg%2F11yb8rd5qr!19sChIJRUlULwBZei4RGwzn5q40d4M?authuser=0&hl=id&rclk=1","FOTOCOPY EKA 2","5,0","(22)","Toko Percetakan","·","","Jl. DR. Sardjito No.13","·","Buka","","· Tutup pukul 22.00","0851-4839-3617","","Rute","https://ssl.gstatic.com/local/servicebusiness/default_user.png",""""
"https://www.google.com/maps/place/Tsabita+Foto+Copy/data=!4m7!3m6!1s0x2e7a59f1ec26862f:0x7bff719ee4e1af33!8m2!3d-7.7789758!4d110.4154346!16s%2Fg%2F1pzv4xv59!19sChIJL4Ym7PFZei4RM6_h5J5x_3s?authuser=0&hl=id&rclk=1","Tsabita Foto Copy","4,5","(8)","Toko Fotokopi","·","","6CC8+C53, Jl. Babarsari","","","","","(0274) 484502","","Rute","",""
"https://www.google.com/maps/place/Explora+Digital+Printing/data=!4m7!3m6!1s0x2e7a59c8ceccff71:0xebd0d50f8b01e695!8m2!3d-7.77149!4d110.3897503!16s%2Fg%2F1pzq8ccdj!19sChIJcf_MzshZei4RleYBiw_V0Os?authuser=0&hl=id&rclk=1","Explora Digital Printing","4,2","(1.531)","Layanan cetak digital","·","","·","Jl. Affandi No.27","Buka","· Tutup pukul 21.00","·","0815-7748-888","","Situs Web","https://ssl.gstatic.com/local/servicebusiness/default_user.png","""fasilitas lengkap, pelayanannya dan kualitas bagus, harga terjangkau!"""
"https://www.google.com/maps/place/Sampurna+All+Print/data=!4m7!3m6!1s0x2e7a59c566f00e49:0x47a17bf06d453e32!8m2!3d-7.7829625!4d110.390864!16s%2Fg%2F11b65j68hk!19sChIJSQ7wZsVZei4RMj5FbfB7oUc?authuser=0&hl=id&rclk=1","Sampurna All Print","3,7","(528)","Layanan cetak digital","·","","Jl. Laksda Adisucipto No.61","·","Buka","","· Tutup pukul 19.00","(0274) 547258","","Rute","https://ssl.gstatic.com/local/servicebusiness/default_user.png","""Harga murah utk cetak stiker n gak pake lamaaaaaaa hasil kerennnn"""
"https://www.google.com/maps/place/Aqilla+Photo+Copy/data=!4m7!3m6!1s0x2e7a59cdf8a88405:0x76a8f516c2b06b1d!8m2!3d-7.7848582!4d110.3842113!16s%2Fg%2F11h2cb6f5d!19sChIJBYSo-M1Zei4RHWuwwhb1qHY?authuser=0&hl=id&rclk=1","Aqilla Photo Copy","4,0","(23)","Toko Fotokopi","·","","Dekat AB Juice, Jl. Kemakmuran No.8","·","Buka","","· Tutup pukul 23.00","0853-8272-4137","","Rute","https://ssl.gstatic.com/local/servicebusiness/default_user.png","""Minta tolong agak ribet mas-mas fotokopian jagonya."""
"https://www.google.com/maps/place/ORTINDO+Digital+Print+1/data=!4m7!3m6!1s0x2e7a59b775f08ff9:0xbd823d26ecc8b315!8m2!3d-7.7718457!4d110.3894675!16s%2Fg%2F11dyr09w_f!19sChIJ-Y_wdbdZei4RFbPI7CY9gr0?authuser=0&hl=id&rclk=1","ORTINDO Digital Print 1","4,0","(1.350)","Toko Percetakan","·","","·","Gg. Bayu","Buka","· Tutup pukul 20.00","·","0819-0416-2707","","Situs Web","https://ssl.gstatic.com/local/servicebusiness/default_user.png","""Tempat parkir luas, pelayanan oke, harga affordable."""
"https://www.google.com/maps/place/Salman+Photo+Copy/data=!4m7!3m6!1s0x2e7a599b8e7e8d13:0xfd0e6f91b2d9e3c5!8m2!3d-7.7582607!4d110.4101666!16s%2Fg%2F11b6j3vgmz!19sChIJE41-jptZei4RxePZspFvDv0?authuser=0&hl=id&rclk=1","Salman Photo Copy","4,6","(40)","Toko Fotokopi","·","","Jl. Ringin Raya No.21","","","","","","","Rute","https://ssl.gstatic.com/local/servicebusiness/default_user.png","""Baru tau tempat ini, harusnya jadi langganan dari lama."""
"https://www.google.com/maps/place/Foto+Copy+Karya+Wijaya/data=!4m7!3m6!1s0x2e7a59a5bca4fb09:0x4523141741ac6ee3!8m2!3d-7.7605618!4d110.3923947!16s%2Fg%2F11c70d6mqy!19sChIJCfukvKVZei4R426sQRcUI0U?authuser=0&hl=id&rclk=1","Foto Copy Karya Wijaya","4,4","(5)","Toko Fotokopi","·","","Jl. Pandean II No.19","","","","","","","Rute","",""
"https://www.google.com/maps/place/Bintang+Biru+Photo+Copy/data=!4m7!3m6!1s0x2e7a582c5ba2a4bf:0x326be07a16b5ce9!8m2!3d-7.7886104!4d110.3772965!16s%2Fg%2F11btm8vx8k!19sChIJv6SiWyxYei4R6VxroQe-JgM?authuser=0&hl=id&rclk=1","Bintang Biru Photo Copy","4,5","(115)","Toko Fotokopi","·","","·","Jl. Krasak Timur No.28","Buka","·","· Tutup pukul 21.00","0821-3439-4790","","Rute","https://ssl.gstatic.com/local/servicebusiness/default_user.png","""Lokasi strategis,pelayanan cepat,akurat,ramah,harga relatif murah"""
"https://www.google.com/maps/place/Century+Photocopy+Center/data=!4m7!3m6!1s0x2e7a59f1852b4cd3:0x2c20dab1987b8d28!8m2!3d-7.778758!4d110.4167304!16s%2Fg%2F11b66fz5ht!19sChIJ00wrhfFZei4RKI17mLHaICw?authuser=0&hl=id&rclk=1","Century Photocopy Center","4,7","(42)","Toko Percetakan","·","","·","Jl. Tambak Bayan IX No.1c","Buka","·","· Tutup pukul 20.20","0896-0439-9928","","Rute","https://ssl.gstatic.com/local/servicebusiness/default_user.png","""Recommended banget buat teman² 😊Thank you century"""
"https://www.google.com/maps/place/Fotocopy+Bima+Jaya+Sapen/data=!4m7!3m6!1s0x2e7a5997f778604d:0xb03b74ec6f277ac7!8m2!3d-7.7865447!4d110.3945759!16s%2Fg%2F11g22zlh5z!19sChIJTWB495dZei4Rx3onb-x0O7A?authuser=0&hl=id&rclk=1","Fotocopy Bima Jaya Sapen","4,0","(113)","Toko Fotokopi","·","","·","Sapen, Jl. Bimo Kurdo No.76","Buka","·","· Tutup pukul 19.00","0878-3445-6600","","Rute","https://ssl.gstatic.com/local/servicebusiness/default_user.png","""Fotocopy dkt kampus UIN, bisa print, cetak foto juga."""
"https://www.google.com/maps/place/Eka+Digital+Copier/data=!4m7!3m6!1s0x2e7a59b6153e059b:0xae1a1b250d5a3176!8m2!3d-7.7733189!4d110.3858462!16s%2Fg%2F11b6c8xbk0!19sChIJmwU-FbZZei4RdjFaDSUbGq4?authuser=0&hl=id&rclk=1","Eka Digital Copier","4,7","(19)","Toko Fotokopi","·","","Jl. Karangmalang A No.5","·","Buka","","· Tutup pukul 21.00","0813-9247-9875","","Rute","https://ssl.gstatic.com/local/servicebusiness/default_user.png","""Pertama kali kuliah di uny printnya disini sampai sekarang."""
"https://www.google.com/maps/place/Mangrove+Printing/data=!4m7!3m6!1s0x2e7a5787ad8c1b2d:0x3558906a5f9804cb!8m2!3d-7.7689099!4d110.3902369!16s%2Fg%2F1pzt6k4m_!19sChIJLRuMrYdXei4RywSYX2qQWDU?authuser=0&hl=id&rclk=1","Mangrove Printing","4,2","(2.620)","Layanan cetak digital","·","","·","Jalan Bougenvile CT X2","Buka","·","· Tutup pukul 21.00","0857-9920-5499","","Rute","https://ssl.gstatic.com/local/servicebusiness/default_user.png","""sat set, bisa konsultasi dulu untuk yang mau dicetak, recommended 🤙🤙🤙"""
"https://www.google.com/maps/place/Wara+Computer/data=!4m7!3m6!1s0x2e7a59b2b029ed39:0x408c1c3802db554b!8m2!3d-7.7661288!4d110.380232!16s%2Fg%2F11b6d28sjk!19sChIJOe0psLJZei4RS1XbAjgcjEA?authuser=0&hl=id&rclk=1","Wara Computer","4,8","(839)","Toko Fotokopi","·","","·","Jl. Agro No.39","Buka","· Tutup pukul 21.30","·","0831-0835-5505","","Situs Web","https://ssl.gstatic.com/local/servicebusiness/default_user.png","""Tempat fotocopy yg nyaman dan dengan pelayanan yang ramah dan lengkap."""
"https://www.google.com/maps/place/Merkurius+Fotokopi/data=!4m7!3m6!1s0x2e7a59b0b784aacd:0xd2d8be7f8d117d8b!8m2!3d-7.7685152!4d110.3892018!16s%2Fg%2F11bzrq9r9n!19sChIJzaqEt7BZei4Ri30RjX--2NI?authuser=0&hl=id&rclk=1","Merkurius Fotokopi","4,7","(167)","Toko Fotokopi","·","","·","CTX, Jl. Flamboyan No.11A","Buka","·","· Tutup pukul 21.00","0813-2847-8042","","Rute","https://ssl.gstatic.com/local/servicebusiness/default_user.png","""Tempatnya bagus dan mau membantu mahasiswa baru untuk membuat name tag."""
"https://www.google.com/maps/place/Acadia+Jakal+2/data=!4m7!3m6!1s0x2e7a59ad45e135e5:0x4aa65729b32bbb39!8m2!3d-7.7636312!4d110.3793886!16s%2Fg%2F11b66h7g0g!19sChIJ5TXhRa1Zei4RObsrsylXpko?authuser=0&hl=id&rclk=1","Acadia Jakal 2","4,2","(454)","Toko Fotokopi","·","","·","Jl. Kaliurang No.4, RW.8","Buka","· Tutup pukul 22.00","·","(0274) 581556","","Situs Web","https://ssl.gstatic.com/local/servicebusiness/default_user.png","""Bagusss pelayanan lumayan cekatan dan harga ya masih masuk"""
"https://www.google.com/maps/place/Makmur+Jaya+Copy+Centre/data=!4m7!3m6!1s0x2e7a593ef0e435f3:0xfb35bc0398d516!8m2!3d-7.7932962!4d110.3730662!16s%2Fg%2F11h5ty90bp!19sChIJ8zXk8D5Zei4RFtWYA7w1-wA?authuser=0&hl=id&rclk=1","Makmur Jaya Copy Centre","4,6","(81)","Toko Fotokopi","·","","·","Jl. Hayam Wuruk No.27","Buka","· Tutup pukul 21.00","·","0821-3306-3041","","Situs Web","https://ssl.gstatic.com/local/servicebusiness/default_user.png","""Bagus... Tempat copy n cetak dokumen yg rekomended.."""
"https://www.google.com/maps/place/Aldhi+Photo+Copy/data=!4m7!3m6!1s0x2e7a584976dbd5cd:0x191ae7ffb183ac67!8m2!3d-7.7724576!4d110.3716395!16s%2Fg%2F11c4bb6yfd!19sChIJzdXbdklYei4RZ6yDsf_nGhk?authuser=0&hl=id&rclk=1","Aldhi Photo Copy","3,0","(2)","Toko Fotokopi","·","","Jl. Sendowo B No.E 103","·","Buka","","· Tutup pukul 22.00","0813-2758-8840","","Rute","",""
"https://www.google.com/maps/place/Delta+Cetak+Nusantara/data=!4m7!3m6!1s0x2e7a59c7b95699e7:0x531104d659a8fce9!8m2!3d-7.775782!4d110.3920591!16s%2Fg%2F11b631pmxw!19sChIJ55lWucdZei4R6fyoWdYEEVM?authuser=0&hl=id&rclk=1","Delta Cetak Nusantara","4,8","(10)","Toko Fotokopi","·","","Jl. Mrican Baru No.27","·","Buka","","· Tutup pukul 22.00","0812-7006-9007","","Rute","",""
"https://www.google.com/maps/place/Zainal+Fotokopi/data=!4m7!3m6!1s0x2e7a59006f35e2b9:0xfd56a77337726c32!8m2!3d-7.7725893!4d110.3826739!16s%2Fg%2F11z18grr1d!19sChIJueI1bwBZei4RMmxyN3OnVv0?authuser=0&hl=id&rclk=1","Zainal Fotokopi","2,3","(3)","Toko Fotokopi","·","","Jl. Kuningan Jl. Lembah UGM No.15","·","Buka","","· Tutup pukul 22.00","0821-3855-1885","","Rute","https://ssl.gstatic.com/local/servicebusiness/default_user.png","""Murah banget harga fotokopinya, saya"
"https://www.google.com/maps/place/Fotocopy+Artomoro/data=!4m7!3m6!1s0x2e7a59c5c469e9b7:0x2994c1cd4eb8a04f!8m2!3d-7.7766313!4d110.3931909!16s%2Fg%2F1pt_bzw53!19sChIJt-lpxMVZei4RT6C4Ts3BlCk?authuser=0&hl=id&rclk=1","Fotocopy Artomoro","3,4","(62)","Toko Fotokopi","·","","Jl. Demangan Baru No.30C","·","Segera tutup","","· 18.00 · Buka Sen pukul 06.00","(0274) 583981","","Rute","https://ssl.gstatic.com/local/servicebusiness/default_user.png","""Sangat membantu sekali karen pagi pagi sudah buka dan melayani konsumen"""
"https://www.google.com/maps/place/Global+Digital+Printing+UPN+YK+buka+24+jam/data=!4m7!3m6!1s0x2e7a595e49e756cf:0x76df9c8c3af0a4a0!8m2!3d-7.7648123!4d110.4111895!16s%2Fg%2F11qnkn2kln!19sChIJz1bnSV5Zei4RoKTwOoyc33Y?authuser=0&hl=id&rclk=1","Global Digital Printing UPN YK buka 24 jam","3,1","(44)","Toko Fotokopi","·","","Komplek Ruko, Jl. Seturan Raya Puluhdadi No.b20","·","Buka 24 jam","","","0822-2037-9858","","Rute","https://ssl.gstatic.com/local/servicebusiness/default_user.png","""Aku print skripsi disini murah, hasilnya bagus, dan cepat."""
"https://www.google.com/maps/place/BeOne+Photocopy+Pusat/data=!4m7!3m6!1s0x2e7a59ba36014b33:0x2328a289374bf12!8m2!3d-7.7676493!4d110.3928901!16s%2Fg%2F1pzpz4c2_!19sChIJM0sBNrpZei4REr90kyiKMgI?authuser=0&hl=id&rclk=1","BeOne Photocopy Pusat","4,3","(434)","Toko Fotokopi","·","","·","Gg. Argulo No.19","Tutup","·","· Buka Sen pukul 06.30","(0274) 545571","","Rute","https://ssl.gstatic.com/local/servicebusiness/default_user.png","""Tempat yg up-to-date tenaga ahli hrg bersahabat hasil bagus 👍"""
"https://www.google.com/maps/place/Sahabat+2+Foto+Copy/data=!4m7!3m6!1s0x2e7a59b7c7e66a2b:0x34f04af726f0e368!8m2!3d-7.7731128!4d110.3882695!16s%2Fg%2F11b6b8zhw8!19sChIJK2rmx7dZei4RaOPwJvdK8DQ?authuser=0&hl=id&rclk=1","Sahabat 2 Foto Copy","4,6","(132)","Toko Fotokopi","·","","·","Gg. Guru Jl. Affandi No.2 C","Tutup","· Buka Sen pukul 07.00","·","0813-2883-5684","","Situs Web","https://ssl.gstatic.com/local/servicebusiness/default_user.png","""Murah banget, cocok buat mahasiswa akhir yang kerjaannya ngeprint, wkwk."""
"https://www.google.com/maps/place/Ficha+Photo+Copy/data=!4m7!3m6!1s0x2e7a584c16bcc155:0x260ceb0a7d0c476d!8m2!3d-7.7701918!4d110.3733351!16s%2Fg%2F11c0qkhgd0!19sChIJVcG8FkxYei4RbUcMfQrrDCY?authuser=0&hl=id&rclk=1","Ficha Photo Copy","3,5","(6)","Toko Fotokopi","·","","Jl. Kesehatan No.B 49","·","Tutup","","· Buka Sen pukul 07.00","0857-9938-1844","","Rute","https://ssl.gstatic.com/local/servicebusiness/default_user.png","""Tempat langganan"
"https://www.google.com/maps/place/Fotokopi+Berjaya+Seturan/data=!4m7!3m6!1s0x2e7a590000459a25:0xf9802150fd602573!8m2!3d-7.7649476!4d110.4108958!16s%2Fg%2F11m6xdznp0!19sChIJJZpFAABZei4RcyVg_VAhgPk?authuser=0&hl=id&rclk=1","Fotokopi Berjaya Seturan","4,0","(11)","Percetakan Komersial","·","","6CP6+29F Kios, Puluhdadi Jl. Seturan Raya Blok A11","·","Buka","","· Tutup pukul 00.00","0877-7700-7317","","Rute","https://ssl.gstatic.com/local/servicebusiness/default_user.png","""Layanan prima 24 jam, kecuali Hari Sabtu, sampai pukul 18.00"""
"https://www.google.com/maps/place/Corsa+Offset+dan+Photo+Copy/data=!4m7!3m6!1s0x2e7a59c47b4bf877:0x80a324ed2522d5f2!8m2!3d-7.7813227!4d110.3957022!16s%2Fg%2F11b6nl4ykw!19sChIJd_hLe8RZei4R8tUiJe0ko4A?authuser=0&hl=id&rclk=1","Corsa Offset dan Photo Copy","4,7","(18)","Toko Fotokopi","·","","Jl. Petung No.09","·","Buka","","· Tutup pukul 21.00","(0274) 561759","","Rute","https://ssl.gstatic.com/local/servicebusiness/default_user.png",""""
"https://www.google.com/maps/place/Fotocopy%EA%A7%8B%EA%A6%A5%EA%A6%B3%EA%A6%BA%EA%A6%B4%EA%A6%A0%EA%A6%BA%EA%A6%B4%EA%A6%95%EA%A6%BA%EA%A6%B4%EA%A6%A5%EA%A7%80%EA%A6%AA%EA%A7%80/data=!4m7!3m6!1s0x2e7a58295a2a1b73:0x767c8624628eff11!8m2!3d-7.7914598!4d110.3721908!16s%2Fg%2F1hm1xlhcm!19sChIJcxsqWilYei4REf-OYiSGfHY?authuser=0&hl=id&rclk=1","Fotocopy꧋ꦥ꦳ꦺꦴꦠꦺꦴꦕꦺꦴꦥ꧀ꦪ꧀","4,3","(67)","Toko Fotokopi","·","","Jl. Tukangan No.39","","Buka","","· Tutup pukul 21.00","","","Rute","https://ssl.gstatic.com/local/servicebusiness/default_user.png","""minggu tetap buka, jadi penyelamat saat butuh fotocopy an malam malam"""
"https://www.google.com/maps/place/PrintShop/data=!4m7!3m6!1s0x2e7a584865c46795:0xb088169b616a3921!8m2!3d-7.773241!4d110.367717!16s%2Fg%2F1hm2n31c4!19sChIJlWfEZUhYei4RITlqYZsWiLA?authuser=0&hl=id&rclk=1","PrintShop","3,0","(299)","Layanan cetak digital","·","","·","Jalan A. Moh. Sangaji No. 59 B, Jetis, Cokrodiningratan","Buka","·","· Tutup pukul 23.00","(0274) 6415534","","Rute","https://ssl.gstatic.com/local/servicebusiness/default_user.png","""pelayanan ok banget mantapsss , cetak apa aja juga murah terjangkau"""
"https://www.google.com/maps/place/Foto+Copy+Rahmat/data=!4m7!3m6!1s0x2e7a59b263e54fe9:0xf9279caef3d10938!8m2!3d-7.7651174!4d110.3818587!16s%2Fg%2F11b75fcmz4!19sChIJ6U_lY7JZei4ROAnR866cJ_k?authuser=0&hl=id&rclk=1","Foto Copy Rahmat","3,1","(22)","Toko Fotokopi","·","","·","Jl. Kaliurang Blok CT 3 No.17","Buka","·","· Tutup pukul 21.00","(0274) 8552958","","Rute","https://ssl.gstatic.com/local/servicebusiness/default_user.png","""Harga juga tergolong terjangkau dan pelayanan cepat."""
"https://www.google.com/maps/place/Fotokopi+Restu+Abadi+1/data=!4m7!3m6!1s0x2e7a590051bd54e7:0xa5985f404f43ecd3!8m2!3d-7.7582764!4d110.4096183!16s%2Fg%2F11wtjnjx8b!19sChIJ51S9UQBZei4R0-xDT0BfmKU?authuser=0&hl=id&rclk=1","Fotokopi Restu Abadi 1","5,0","(1)","Warnet","·","","Jl. Ringin Raya No.21","·","Buka","","· Tutup pukul 22.00","0889-8034-8211","","Rute","",""
"https://www.google.com/maps/place/Anaya+Copy+Center+%28+Fotokopi,+Print,+Penjilidan+%26+ATK+%29/data=!4m7!3m6!1s0x2e7a59005173ec65:0xc2850d53731eff15!8m2!3d-7.7666957!4d110.385916!16s%2Fg%2F11yw0yygs9!19sChIJZexzUQBZei4RFf8ec1MNhcI?authuser=0&hl=id&rclk=1","Anaya Copy Center ( Fotokopi, Print, Penjilidan & ATK )","5,0","(2)","Toko","·","","Jl. Apokat","·","Tutup","","· Buka Sen pukul 08.00","0822-2036-3177","","Rute","https://ssl.gstatic.com/local/servicebusiness/default_user.png","""Pesen kupon pagi siang sudah selesai, mantap sekali"""
"https://www.google.com/maps/place/Foto+Copy+Kartika/data=!4m7!3m6!1s0x2e7a59a6de70cea3:0xf9476259a9dfcf2a!8m2!3d-7.7561223!4d110.3950919!16s%2Fg%2F11gfj9yz2n!19sChIJo85w3qZZei4RKs_fqVliR_k?authuser=0&hl=id&rclk=1","Foto Copy Kartika","4,8","(9)","Toko Fotokopi","·","","Gejayan Jl. Wira Jaya No.315B","·","Tutup","","· Buka Sen pukul 08.00","(0274) 4463359","","Rute","",""
"https://www.google.com/maps/place/Toko+Plastik+%26+Fotocopy+Bhima+Jaya+Putera/data=!4m7!3m6!1s0x2e7a59da88e46dd7:0xaba6460fca82cff2!8m2!3d-7.7865827!4d110.394684!16s%2Fg%2F11b6bgc0v5!19sChIJ123kiNpZei4R8s-Cyg9Gpqs?authuser=0&hl=id&rclk=1","Toko Plastik & Fotocopy Bhima Jaya Putera","4,3","(21)","Toko Fotokopi","·","","·","Jl. Bimo Kurdo No.78","Buka","","· Tutup pukul 19.00","","","Rute","https://ssl.gstatic.com/local/servicebusiness/default_user.png","""Tp kemaren kesana sebelum jam 6 udah ready"""
"https://www.google.com/maps/place/Toko+Plastik+%26+Fotocopy+Bhima+Jaya+Putera/data=!4m7!3m6!1s0x2e7a59da88e46dd7:0xaba6460fca82cff2!8m2!3d-7.7865827!4d110.394684!16s%2Fg%2F11b6bgc0v5!19sChIJ123kiNpZei4R8s-Cyg9Gpqs?authuser=0&hl=id&rclk=1","Toko Plastik & Fotocopy Bhima Jaya Putera","4,3","(21)","Toko Fotokopi","·","","·","Jl. Bimo Kurdo No.78","Buka","","· Tutup pukul 19.00","","","Rute","https://ssl.gstatic.com/local/servicebusiness/default_user.png","""Tp kemaren kesana sebelum jam 6 udah ready"""
"https://www.google.com/maps/place/Foto+Copy+PERMATA+INDAH+DERESAN/data=!4m7!3m6!1s0x2e7a590a309a5265:0x8c94bc4421b12978!8m2!3d-7.7645461!4d110.3916178!16s%2Fg%2F11f7r22gj6!19sChIJZVKaMApZei4ReCmxIUS8lIw?authuser=0&hl=id&rclk=1","Foto Copy PERMATA INDAH DERESAN","4,9","(31)","Toko Fotokopi","·","","·","Jl. Cempaka Jl. Deresan I No.16","Tutup","·","· Buka Sen pukul 07.00","0838-6122-5103","","Rute","https://ssl.gstatic.com/local/servicebusiness/default_user.png","""Sumpah demi apaa, ini foto kopi yg sgt amat teramat rekomend sekali."""
"https://www.google.com/maps/place/Wijaya+Photocopy/data=!4m7!3m6!1s0x2e7a59744d196855:0x4d6c02a0c52a8da4!8m2!3d-7.750203!4d110.4061785!16s%2Fg%2F11b6ctdb2c!19sChIJVWgZTXRZei4RpI0qxaACbE0?authuser=0&hl=id&rclk=1","Wijaya Photocopy","4,3","(31)","Toko Fotokopi","·","","Jl. Sambirejo No.30 B","·","Buka","","· Tutup pukul 21.00","(0274) 888910","","Rute","https://ssl.gstatic.com/local/servicebusiness/default_user.png","""Harga bersahabat untuk mahasiswa ."""
"https://www.google.com/maps/place/Aulia+Fotocopy+%28Tempat+Fotokopi+%26+Print%29/data=!4m7!3m6!1s0x2e7a597f4d46be65:0x843cc28e2b564f07!8m2!3d-7.763897!4d110.3744534!16s%2Fg%2F11rtp8ysmx!19sChIJZb5GTX9Zei4RB09WK47CPIQ?authuser=0&hl=id&rclk=1","Aulia Fotocopy (Tempat Fotokopi & Print)","4,3","(26)","Toko Fotokopi","·","","Jl. Selokan Mataram","·","Buka","","· Tutup pukul 21.00","0813-2981-2229","","Rute","https://ssl.gstatic.com/local/servicebusiness/default_user.png","""langganan nge print di sinii, murah dan file bisa dikirim lewat wa."""
"https://www.google.com/maps/place/Rental,+Fotocopy+%26+Service+Laptop+Sahabat/data=!4m7!3m6!1s0x2e7a59e224069f37:0x93acf0bf03d78b07!8m2!3d-7.792282!4d110.408736!16s%2Fg%2F11c1m930cq!19sChIJN58GJOJZei4RB4vXA7_wrJM?authuser=0&hl=id&rclk=1","Rental, Fotocopy & Service Laptop Sahabat","4,0","(35)","Toko Fotokopi","·","","·","Karang Jambe Jalan Janti No.138 Gang Puntodewo Banguntapan","Buka","","· Tutup pukul 00.00","","","Rute","https://ssl.gstatic.com/local/servicebusiness/default_user.png","""Pernah"
"https://www.google.com/maps/place/AKSARA+FOTOCOPY/data=!4m7!3m6!1s0x2e7a59b0de0f2bbd:0xb0dee8aa915daacb!8m2!3d-7.7714888!4d110.3848975!16s%2Fg%2F11c0r5jjd5!19sChIJvSsP3rBZei4Ry6pdkaro3rA?authuser=0&hl=id&rclk=1","AKSARA FOTOCOPY","4,8","(4)","Toko Fotokopi","·","","Jl. Amarta III Jl. Karangmalang Blok D8","","Buka","","· Tutup pukul 21.00","","","Rute","",""
"https://www.google.com/maps/place/Fotocopy+Enggal+Jaya/data=!4m7!3m6!1s0x2e7a5831d884af1f:0x331d321de0ebfb9!8m2!3d-7.7853906!4d110.3705098!16s%2Fg%2F1pzpnxv32!19sChIJH6-E2DFYei4Rub8O3iHTMQM?authuser=0&hl=id&rclk=1","Fotocopy Enggal Jaya","4,3","(30)","Toko Fotokopi","·","","·","697C+W4F, Jl. Sunaryo No.3","","","","(0274) 817654","","Rute","",""
"https://www.google.com/maps/place/fotocopy/data=!4m7!3m6!1s0x2e7a5853dbd86ba1:0x490ded0d9cc5dc2f!8m2!3d-7.7614067!4d110.3729642!16s%2Fg%2F11b6j7ypfp!19sChIJoWvY21NYei4RL9zFnA3tDUk?authuser=0&hl=id&rclk=1","fotocopy","4,8","(30)","Toko Fotokopi","·","","·","Jl. Selokan Mataram No.1B","Tutup","","· Buka Sen pukul 07.00","","","Rute","",""
"https://www.google.com/maps/place/NUGRAHA+Foto+Copy,+Print+dan+Penjilidan/data=!4m7!3m6!1s0x2e7a590f005448ab:0xb5aa4246cd65f0e!8m2!3d-7.7728543!4d110.3860541!16s%2Fg%2F11pzlx2th8!19sChIJq0hUAA9Zei4RDl_WbCSkWgs?authuser=0&hl=id&rclk=1","NUGRAHA Foto Copy, Print dan Penjilidan","4,5","(22)","Printer Digital","·","","Jl. Amarta I","·","Tutup","","· Buka Sen pukul 07.00","0821-1644-060","","Rute","https://ssl.gstatic.com/local/servicebusiness/default_user.png","""Mas nya gercepann, kualitas printnya bagusss, yg berwarna juga cakepp"""
"https://www.google.com/maps/place/Foto+Copy+Sahumpun/data=!4m7!3m6!1s0x2e7a597eb4a39485:0x56526b46b99f522c!8m2!3d-7.7771642!4d110.408282!16s%2Fg%2F11s45yc_fj!19sChIJhZSjtH5Zei4RLFKfuUZrUlY?authuser=0&hl=id&rclk=1","Foto Copy Sahumpun","","","Toko Fotokopi","·","","Jl. Kledokan V No.12b","","Buka","","· Tutup pukul 22.00","","","Rute","",""
"https://www.google.com/maps/place/Sandra+fotocopy+2/data=!4m7!3m6!1s0x2e7a59b1cf040fa1:0x3a3c3fbb33b8cd9c!8m2!3d-7.7753147!4d110.3678702!16s%2Fg%2F11sv729hfh!19sChIJoQ8Ez7FZei4RnM24M7s_PDo?authuser=0&hl=id&rclk=1","Sandra fotocopy 2","4,8","(34)","Toko Fotokopi","·","","Jl. A.M. Sangaji","·","Buka","","· Tutup pukul 21.00","0823-2949-6575","","Rute","https://ssl.gstatic.com/local/servicebusiness/default_user.png","""Harganya terjangkau buat mahasiswa dan  karyawannya ramah sekaliii"""
"https://www.google.com/maps/place/Chika+Copy+Service/data=!4m7!3m6!1s0x2e7a58340309f8b9:0x39fcaa85f28e4a3f!8m2!3d-7.7797832!4d110.3728416!16s%2Fg%2F11f0w_l130!19sChIJufgJAzRYei4RP0qO8oWq_Dk?authuser=0&hl=id&rclk=1","Chika Copy Service","4,8","(9)","Toko Fotokopi","·","","·","Jl. C. Simanjuntak No.49","","","","","","Rute","",""
"https://www.google.com/maps/place/Putra+Fotokopi/data=!4m7!3m6!1s0x2e7a599063df84d9:0x6548370e72380cc1!8m2!3d-7.7639774!4d110.4115393!16s%2Fg%2F11cs0f1qf8!19sChIJ2YTfY5BZei4RwQw4cg43SGU?authuser=0&hl=id&rclk=1","Putra Fotokopi","4,9","(13)","Toko Fotokopi","·","","·","Jl. Seturan Raya Gg. Puluhdadi No.399","Tutup","·","· Buka Sen pukul 08.00","0852-2889-6279","","Rute","https://ssl.gstatic.com/local/servicebusiness/default_user.png","""File bisa dikirim lewat WA, nanti kirim Gojek buat ngambil."""
"https://www.google.com/maps/place/Fotocopy+Adi+Jaya/data=!4m7!3m6!1s0x2e7a5986fbed52bd:0x3ddebf2ca0a1aa1f!8m2!3d-7.7592424!4d110.4228048!16s%2Fg%2F11c4860g9f!19sChIJvVLt-4ZZei4RH6qhoCy_3j0?authuser=0&hl=id&rclk=1","Fotocopy Adi Jaya","5,0","(1)","Toko Fotokopi","·","","Jl. Tasura No.72","·","Buka","","· Tutup pukul 21.00","0878-3905-0947","","Rute","",""
"https://www.google.com/maps/place/Lancar+Photocopy+2/data=!4m7!3m6!1s0x2e7a59faa30b1339:0xaf624ea6e2905785!8m2!3d-7.7557974!4d110.4096093!16s%2Fg%2F11f60zctxs!19sChIJORMLo_pZei4RhVeQ4qZOYq8?authuser=0&hl=id&rclk=1","Lancar Photocopy 2","2,6","(7)","Toko Fotokopi","·","","Jl. Nusa Indah No.405a","","","","","","","Rute","https://ssl.gstatic.com/local/servicebusiness/default_user.png","""mantap keyboardnya nyaman, harga masuk, amanah"""
"https://www.google.com/maps/place/Dian+Fotocopy/data=!4m7!3m6!1s0x2e7a59069ab311b7:0x496852e96206375!8m2!3d-7.74925!4d110.3867611!16s%2Fg%2F11b620z1g5!19sChIJtxGzmgZZei4RdWMgli6FlgQ?authuser=0&hl=id&rclk=1","Dian Fotocopy","4,2","(157)","Toko Fotokopi","·","","·","Jl. Kaliurang No.km 6,5","Buka","·","· Tutup pukul 22.00","0823-2203-0201","","Rute","https://ssl.gstatic.com/local/servicebusiness/default_user.png","""Tapiiiii mahalll banget sumpah kaget cetak kertas foto 15.000/lembar"""
"https://www.google.com/maps/place/Gapura+Fotocopy/data=!4m7!3m6!1s0x2e7a59ca5239462b:0xec661b8017efa3c4!8m2!3d-7.7769945!4d110.3822515!16s%2Fg%2F11b61qp36h!19sChIJK0Y5UspZei4RxKPvF4AbZuw?authuser=0&hl=id&rclk=1","Gapura Fotocopy","4,3","(14)","Toko Fotokopi","·","","Jl. Colombo Jl. Samirono CT VI No.007","·","Tutup","","· Buka Sen pukul 08.00","(0274) 540169","","Rute","",""
"https://www.google.com/maps/place/Essa+Fotocopy+Print+dan+Penjilidan/data=!4m7!3m6!1s0x2e7a5933995e140f:0xdcbfe274adbe52ef!8m2!3d-7.7660307!4d110.3882708!16s%2Fg%2F11wq0chj3f!19sChIJDxRemTNZei4R71K-rXTiv9w?authuser=0&hl=id&rclk=1","Essa Fotocopy Print dan Penjilidan","4,8","(21)","Toko Fotokopi","·","","Jl. Gambir Karangasem Baru","·","Tutup","","· Buka Sen pukul 07.00","0852-3223-3779","","Rute","https://ssl.gstatic.com/local/servicebusiness/default_user.png","""Layanan di toko pengeprinan/"
"https://www.google.com/maps/place/Photo+Copy+%22Tampalo%22/data=!4m7!3m6!1s0x2e7a59ac5d48e46d:0xa52cb439bf831eca!8m2!3d-7.7605924!4d110.3823029!16s%2Fg%2F11cp7qx8fn!19sChIJbeRIXaxZei4Ryh6Dvzm0LKU?authuser=0&hl=id&rclk=1","Photo Copy ""Tampalo""","4,8","(13)","Toko Fotokopi","·","","Jalan Kaliurang km.5 Karangwuni Blok H-1, Caturtunggal","·","Tutup","","· Buka Sen pukul 07.30","0896-1894-7734","","Rute","",""
"https://www.google.com/maps/place/Dahlia+Foto+Copy/data=!4m7!3m6!1s0x2e7a59916dffd2b9:0xc53aa693b4468efa!8m2!3d-7.7686902!4d110.4099843!16s%2Fg%2F11bc7td9s9!19sChIJudL_bZFZei4R-o5GtJOmOsU?authuser=0&hl=id&rclk=1","Dahlia Foto Copy","3,0","(2)","Toko Fotokopi","·","","Ruko 5, JL Raya Seturan, Yogyakarta","","","","","(0274) 487186","","Rute","",""
"https://www.google.com/maps/place/Copy+Center+Taruna+3/data=!4m7!3m6!1s0x2e7a59eb8abb1fa3:0x2fc6c376068f23f7!8m2!3d-7.7771637!4d110.4082814!16s%2Fg%2F11jk6j4m49!19sChIJox-7iutZei4R9yOPBnbDxi8?authuser=0&hl=id&rclk=1","Copy Center Taruna 3","5,0","(3)","Toko Fotokopi","","","","","","","","","","Rute","",""
"https://www.google.com/maps/place/Spectra+Fotocopy/data=!4m7!3m6!1s0x2e7a582971f50c1f:0x5e0fd9b967b7e7cc!8m2!3d-7.7926608!4d110.3714709!16s%2Fg%2F1pzq26qg0!19sChIJHwz1cSlYei4RzOe3Z7nZD14?authuser=0&hl=id&rclk=1","Spectra Fotocopy","5,0","(1)","Toko Fotokopi","·","","Jl. Tukangan DN II No.367, RT.20/RW.04","","","","","(0274) 520218","","Rute","",""
"https://www.google.com/maps/place/Enriesta+Foto+Copy/data=!4m7!3m6!1s0x2e7a58f8921b4feb:0x5739e6200c3bbd4f!8m2!3d-7.7539244!4d110.3703314!16s%2Fg%2F11b66lh55s!19sChIJ608bkvhYei4RT707DCDmOVc?authuser=0&hl=id&rclk=1","Enriesta Foto Copy","3,0","(3)","Toko Fotokopi","·","","Jl. Monumen Jogja Kembali No.33","","","","","(0274) 625268","","Rute","",""
"https://www.google.com/maps/place/Nirwana+Dua/data=!4m7!3m6!1s0x2e7a59b6ee53607f:0xec0fa96198c86c77!8m2!3d-7.771086!4d110.386544!16s%2Fg%2F11b6bsx7q6!19sChIJf2BT7rZZei4Rd2zImGGpD-w?authuser=0&hl=id&rclk=1","Nirwana Dua","4,7","(64)","Toko Fotokopi","·","","·","Jl. Karangmalang B No.17","Tutup","·","· Buka Sen pukul 08.00","0858-6858-4325","","Rute","https://ssl.gstatic.com/local/servicebusiness/default_user.png","""Tempat"
"https://www.google.com/maps/place/Sokisa+Mandiri+Foto+Copy/data=!4m7!3m6!1s0x2e7a5906d9cae575:0xe2b5474a3c1a62a7!8m2!3d-7.7514076!4d110.3778295!16s%2Fg%2F11b6213l8_!19sChIJdeXK2QZZei4Rp2IaPEpHteI?authuser=0&hl=id&rclk=1","Sokisa Mandiri Foto Copy","","","Toko Fotokopi","·","","Jl. Plemburan No.1303, RT.13/RW.48","·","Buka","","· Tutup pukul 21.00","0812-2913-4609","","Rute","",""
"https://www.google.com/maps/place/Picstory+digital+printing/data=!4m7!3m6!1s0x2e7a59f7321ac1a7:0xf742367e8f4723!8m2!3d-7.7523434!4d110.3846916!16s%2Fg%2F11jdl8pd9f!19sChIJp8EaMvdZei4RI0ePfjZC9wA?authuser=0&hl=id&rclk=1","Picstory digital printing","4,6","(197)","Layanan cetak digital","·","","·","Jl. Kaliurang km 6,2 No.54","Tutup","·","· Buka Sen pukul 08.30","0821-3782-5858","","Rute","https://ssl.gstatic.com/local/servicebusiness/default_user.png","""Tempat ngeprint paling bersahabat, dari harga sampai pelayanan"""
"https://www.google.com/maps/place/Fotocopy+%26+Percetakan+Barmanjaya/data=!4m7!3m6!1s0x2e7a5850f266665b:0xfb1f861d5696f62d!8m2!3d-7.7618711!4d110.3683557!16s%2Fg%2F11f3trqrhs!19sChIJW2Zm8lBYei4RLfaWVh2GH_s?authuser=0&hl=id&rclk=1","Fotocopy & Percetakan Barmanjaya","4,7","(157)","Toko Fotokopi","·","","·","Jl. Jati Mataram","Tutup","·","· Buka Sen pukul 08.00","0858-7594-1626","","Rute","https://ssl.gstatic.com/local/servicebusiness/default_user.png","""Kualitas hasil fotocopy selalu bagus baik hitam putih maupun yang warna."""
"https://www.google.com/maps/place/KLIK+FOTOCOPY/data=!4m7!3m6!1s0x2e7a599899085299:0xd8e69a91fba14d9e!8m2!3d-7.7502683!4d110.4075183!16s%2Fg%2F11yf4l4l41!19sChIJmVIImZhZei4Rnk2h-5Ga5tg?authuser=0&hl=id&rclk=1","KLIK FOTOCOPY","4,8","(73)","Toko Fotokopi","·","","Istimewa, Jl. Cemp. Baru Jl. Sambirejo, RT.03/RW.11","·","Buka","","· Tutup pukul 21.30","0856-0241-0157","","Rute","https://ssl.gstatic.com/local/servicebusiness/default_user.png","""Tempat bersih, rapi, lengkap, dan bisa cetak tanpa flashdisk"""
"https://www.google.com/maps/place/FOTO+COPY+Trijaya/data=!4m7!3m6!1s0x2e7a5836fd721795:0xa29ace18e74f9981!8m2!3d-7.7783603!4d110.3698454!16s%2Fg%2F11bc7sc660!19sChIJlRdy_TZYei4RgZlP5xjOmqI?authuser=0&hl=id&rclk=1","FOTO COPY Trijaya","5,0","(13)","Toko Fotokopi","·","","Jl. DR. Sardjito No.17 A, RW.001","·","Tutup","","· Buka Sen pukul 08.00","0812-2910-0076","","Rute","https://ssl.gstatic.com/local/servicebusiness/default_user.png","""pelayanan sangat cepat dan harga bersahabat 👍🏼✨️"""
"https://www.google.com/maps/place/Mandiri+Fotocopy/data=!4m7!3m6!1s0x2e7a59b9c9ed9931:0xc066fe06f42ee373!8m2!3d-7.773535!4d110.3919091!16s%2Fg%2F1pzqf9zbb!19sChIJMZntyblZei4Rc-Mu9Ab-ZsA?authuser=0&hl=id&rclk=1","Mandiri Fotocopy","4,7","(45)","Toko Fotokopi","·","","·","Jl. STM Pembangunan No.12","Tutup","·","· Buka Sen pukul 07.00","0812-2559-9173","","Rute","https://ssl.gstatic.com/local/servicebusiness/default_user.png","""Mau ngeprint biasa, nge-scan, jilid, hingga hard copy skripsi semua bisa."""
"https://www.google.com/maps/place/Prima+Fotokopi/data=!4m7!3m6!1s0x2e7a58359e9fd2d9:0xaf50510583d29773!8m2!3d-7.7759831!4d110.3750495!16s%2Fg%2F1hm2p9hrm!19sChIJ2dKfnjVYei4Rc5fSgwVRUK8?authuser=0&hl=id&rclk=1","Prima Fotokopi","3,8","(844)","Toko Fotokopi","·","","·","Jalan Teuku Cik Ditiro No.46","Tutup","·","· Buka Sen pukul 08.00","(0274) 588752","","Rute","https://ssl.gstatic.com/local/servicebusiness/default_user.png","""Selalu cetak disini, bisa dibantu desain, karyawannya juga friendly."""
"https://www.google.com/maps/place/Photo+Copy+Sandhi/data=!4m7!3m6!1s0x2e7a59f1b51fea8b:0xfe7273a13ca48957!8m2!3d-7.7797935!4d110.4165636!16s%2Fg%2F1pzq7vhq1!19sChIJi-oftfFZei4RV4mkPKFzcv4?authuser=0&hl=id&rclk=1","Photo Copy Sandhi","4,7","(17)","Toko Fotokopi","·","","Jl. Tambak Bayan 8 No.2","·","Tutup","","· Buka Sen pukul 08.00","0812-2703-9196","","Rute","https://ssl.gstatic.com/local/servicebusiness/default_user.png","""Bagus dan cepat pelayanan memuaskan"""
"https://www.google.com/maps/place/OKphotocopy+gang+guru/data=!4m7!3m6!1s0x2e7a5947369752ad:0x7eb1e335bcfc098d!8m2!3d-7.7734006!4d110.3885291!16s%2Fg%2F11b6b5rfnj!19sChIJrVKXNkdZei4RjQn8vDXjsX4?authuser=0&hl=id&rclk=1","OKphotocopy gang guru","3,8","(4)","Toko Fotokopi","·","","Gg. Guru Jl. Affandi No.5","","","","","0815-7295-3250","","Rute","",""
"https://www.google.com/maps/place/WB+FOTO+COPY/data=!4m7!3m6!1s0x2e7a5929acc9a829:0x399e77e9d787c97!8m2!3d-7.7735309!4d110.4159139!16s%2Fg%2F11vr1ts3j7!19sChIJKajJrClZei4Rl3x4nX7nmQM?authuser=0&hl=id&rclk=1","WB FOTO COPY","5,0","(7)","Toko Fotokopi","·","","Jl. Babarsari No.16/II","·","Tutup","· Buka Sen pukul 06.30","","0818-0431-0746","","Situs Web","https://ssl.gstatic.com/local/servicebusiness/default_user.png","""WB Fotocopy solusi untuk segala keperluan print dan foto copy dokumen,"""
"https://www.google.com/maps/place/Wahyu+Fotocopy/data=!4m7!3m6!1s0x2e7a59f3b26d2035:0xd766b98530bec99e!8m2!3d-7.776159!4d110.4175451!16s%2Fg%2F11rd9f84d3!19sChIJNSBtsvNZei4Rnsm-MIW5Ztc?authuser=0&hl=id&rclk=1","Wahyu Fotocopy","5,0","(33)","Toko Fotokopi","·","","Jl. Wisata","·","Tutup","","· Buka Sen pukul 08.00","0818-0418-3969","","Rute","https://ssl.gstatic.com/local/servicebusiness/default_user.png","""Harga yang terjangkau membuat"
"https://www.google.com/maps/place/Aulia+Fotocopy+Yogyakarta/data=!4m7!3m6!1s0x2e7a59e8e9e6d69f:0x7105198ccd0d9f34!8m2!3d-7.7821809!4d110.406642!16s%2Fg%2F11b66k5lsb!19sChIJn9bm6ehZei4RNJ8NzYwZBXE?authuser=0&hl=id&rclk=1","Aulia Fotocopy Yogyakarta","4,8","(18)","Layanan cetak digital","·","","Jl. Laksda Adisucipto No.20A","·","Tutup","","· Buka Sen pukul 08.00","0851-0289-5503","","Rute","https://ssl.gstatic.com/local/servicebusiness/default_user.png","""hasil oke, ada kesalahan tp gpp"""
"https://www.google.com/maps/place/Alfa+Fotocopy/data=!4m7!3m6!1s0x2e7a59d082b019d7:0xf99e1c5bf6ebb073!8m2!3d-7.7877261!4d110.3904073!16s%2Fg%2F1pztrsl8b!19sChIJ1xmwgtBZei4Rc7Dr9lscnvk?authuser=0&hl=id&rclk=1","Alfa Fotocopy","4,5","(2)","Toko Fotokopi","·","","Jl. Bimasakti No.2, RT.031/RW.09","","","","","(0274) 586160","","Rute","",""
"https://www.google.com/maps/place/CO24+-+Spion+Bekas,+Internet+dan+Fotokopi/data=!4m7!3m6!1s0x2e7a594c71bba6c7:0xafd3a25977813cad!8m2!3d-7.7864968!4d110.3941841!16s%2Fg%2F11khmk5y1k!19sChIJx6a7cUxZei4RrTyBd1mi068?authuser=0&hl=id&rclk=1","CO24 - Spion Bekas, Internet dan Fotokopi","","","Warnet","·","","697V+CM3, Jl. Bimo Kurdo","","Buka 24 jam","","","","","Rute","",""
"https://www.google.com/maps/place/Khansa+Printing/data=!4m7!3m6!1s0x2e7a5853bdfbe22d:0x3804bee489006ca8!8m2!3d-7.7609183!4d110.3744752!16s%2Fg%2F11bzq3khk4!19sChIJLeL7vVNYei4RqGwAieS-BDg?authuser=0&hl=id&rclk=1","Khansa Printing","4,7","(35)","Toko Fotokopi","·","","Jl. Pogung Dalangan Jl. Pogung Kidul No.24 B","·","Tutup","","· Buka Sen pukul 08.00","0811-2958-499","","Rute","https://ssl.gstatic.com/local/servicebusiness/default_user.png","""Fotocopy, print, dan percetakan murah, bisa cepet, dan high quality"""
"https://www.google.com/maps/place/Rahma+Foto+Copy/data=!4m7!3m6!1s0x2e7a59dbbd5bdb9b:0xff7a5d02a44cae89!8m2!3d-7.787576!4d110.3949263!16s%2Fg%2F11b6bbyh7v!19sChIJm9tbvdtZei4Ria5MpAJdev8?authuser=0&hl=id&rclk=1","Rahma Foto Copy","5,0","(1)","Toko Fotokopi","·","","696V+XX7, Jl. Timoho","·","Tutup","","· Buka Sen pukul 09.00","0856-4307-3767","","Rute","",""
"https://www.google.com/maps/place/Pramudya+Photo+Copy/data=!4m7!3m6!1s0x2e7a583664904c8f:0x2a6fee4b6f481a3c!8m2!3d-7.7761569!4d110.3722838!16s%2Fg%2F11c55w01gq!19sChIJj0yQZDZYei4RPBpIb0vubyo?authuser=0&hl=id&rclk=1","Pramudya Photo Copy","4,7","(12)","Toko Fotokopi","·","","69FC+GWM, Jl. DR. Sardjito","·","Tutup","","· Buka Sen pukul 08.00","0813-2852-3314","","Rute","https://ssl.gstatic.com/local/servicebusiness/default_user.png","""Hasil foto copy dan print bagus"""
"https://www.google.com/maps/place/Cordova+Fotokopi/data=!4m7!3m6!1s0x2e7a59f35f562a1f:0x6d4c5c5d834e3396!8m2!3d-7.7638073!4d110.3743578!16s%2Fg%2F11h71kx0sm!19sChIJHypWX_NZei4RljNOg11cTG0?authuser=0&hl=id&rclk=1","Cordova Fotokopi","4,0","(1)","Toko Elektronik","·","","Jl. Pogung Kidul No.2A","·","Tutup","","· Buka Sen pukul 07.00","0815-4112-0353","","Rute","",""
"https://www.google.com/maps/place/88+Fotokopi/data=!4m7!3m6!1s0x2e7a5999ab14380b:0x3534696cdb209766!8m2!3d-7.7608973!4d110.4054522!16s%2Fg%2F1hcb8kgd6!19sChIJCzgUq5lZei4RZpcg22xpNDU?authuser=0&hl=id&rclk=1","88 Fotokopi","","","Toko Fotokopi","·","","JL Gorongan III 215-A, Caturnunggal, Depok, Yogyakarta, 55281","","","","","(0274) 486033","","Rute","",""
"https://www.google.com/maps/place/Foto+Copy+Danu+Eka/data=!4m7!3m6!1s0x2e7a59b93f386d17:0x8f3012005358212c!8m2!3d-7.770241!4d110.395245!16s%2Fg%2F11bz0m2pmw!19sChIJF204P7lZei4RLCFYUwASMI8?authuser=0&hl=id&rclk=1","Foto Copy Danu Eka","3,0","(1)","Toko Fotokopi","·","","Jl. Tantular No.406","·","Tutup","","· Buka Sen pukul 07.00","0813-9323-4007","","Rute","",""
"https://www.google.com/maps/place/GRAPHICO/data=!4m7!3m6!1s0x2e7a59ab81f19273:0xb37005beac49fd85!8m2!3d-7.7590132!4d110.3815104!16s%2Fg%2F1pzpm7f68!19sChIJc5LxgatZei4Rhf1JrL4FcLM?authuser=0&hl=id&rclk=1","GRAPHICO","3,9","(928)","Layanan cetak digital","·","","·","Jalan Kaliurang KM.5,5 No.18","Tutup","· Buka Sen pukul 08.00","·","(0274) 587057","","Situs Web","https://ssl.gstatic.com/local/servicebusiness/default_user.png","""hasil print bagus sesuai order, pengerjaan cepat, bisa jadi rekomendasi"""
"https://www.google.com/maps/place/Fotokopi+%26+service+laptop/data=!4m7!3m6!1s0x2e7a5920ec77123b:0x1882ebc5ac5b7e58!8m2!3d-7.7792976!4d110.3840006!16s%2Fg%2F11tn0wc8hy!19sChIJOxJ37CBZei4RWH5brMXrghg?authuser=0&hl=id&rclk=1","Fotokopi & service laptop","5,0","(2)","Toko Fotokopi","·","","69CM+7JJ, Jl. Samirono CT VI","","","","","","","Rute","https://ssl.gstatic.com/local/servicebusiness/default_user.png","""pelayanan sangat baik, ramah, dan teliti."""
"https://www.google.com/maps/place/Alif+Photocopy%EA%A7%8B%EA%A6%84%EA%A6%AD%EA%A6%B6%EA%A6%A5%EA%A6%B3%EA%A7%80%EA%A6%A5%EA%A7%80%EA%A6%B2%EA%A6%BA%EA%A6%B4%EA%A6%A0%EA%A6%BA%EA%A6%B4%EA%A6%95%EA%A6%BA%EA%A6%B4%EA%A6%A5%EA%A7%80%EA%A6%AA%EA%A7%80/data=!4m7!3m6!1s0x2e7a59b1fc5e1aa3:0xae36e1240fb39363!8m2!3d-7.7644954!4d110.3850805!16s%2Fg%2F11gdd36kpn!19sChIJoxpe_LFZei4RY5OzDyThNq4?authuser=0&hl=id&rclk=1","Alif Photocopy꧋ꦄꦭꦶꦥ꦳꧀ꦥ꧀ꦲꦺꦴꦠꦺꦴꦕꦺꦴꦥ꧀ꦪ꧀","4,8","(10)","Toko Fotokopi","·","","Jl. Cindekembang","·","Tutup","","· Buka Sen pukul 07.00","0822-6536-0796","","Rute","https://ssl.gstatic.com/local/servicebusiness/default_user.png","""Relatif murah, print hitam putih/"
"https://www.google.com/maps/place/YUSUF+Copy+Centre+%26+Print+Shop/data=!4m7!3m6!1s0x2e7a59b7c100d733:0xb5e34f0419aa345b!8m2!3d-7.7663764!4d110.3816057!16s%2Fg%2F11b6c5wf2j!19sChIJM9cAwbdZei4RWzSqGQRP47U?authuser=0&hl=id&rclk=1","YUSUF Copy Centre & Print Shop","3,2","(14)","Toko Fotokopi","·","","Gg. Arumsari Jl. Selokan Mataram No.01","·","Tutup","","· Buka Sen pukul 08.00","0856-4910-8404","","Rute","",""
"https://www.google.com/maps/place/Fotocopy+Bakuprint/data=!4m7!3m6!1s0x2e7a59e583581db7:0x5f9d9a54e307fe3!8m2!3d-7.763294!4d110.406714!16s%2Fg%2F11fr3bpfsp!19sChIJtx1Yg-VZei4R438wTqXZ-QU?authuser=0&hl=id&rclk=1","Fotocopy Bakuprint","","","Toko Fotokopi","·","","Ruko Gorongan, Jl. Pintu Selatan UPN No.9","","","","","0813-8900-0283","","Rute","",""
"https://www.google.com/maps/place/PHOTO+COPY+DAN+PENJILIDAN+KARYA+MANDIRI/data=!4m7!3m6!1s0x2e7a59a5c66afa3b:0x691e36f4f5dbcce7!8m2!3d-7.7607283!4d110.3923625!16s%2Fg%2F11c468rvt8!19sChIJO_pqxqVZei4R58zb9fQ2Hmk?authuser=0&hl=id&rclk=1","PHOTO COPY DAN PENJILIDAN KARYA MANDIRI","","","Toko Fotokopi","·","","Jl. Pandean II No.86","·","Tutup","","· Buka Sen pukul 07.00","0878-8877-5299","","Rute","",""
"https://www.google.com/maps/place/Fotokopi+Pojok/data=!4m7!3m6!1s0x2e7a583311af24e9:0x85659a018f9c67d9!8m2!3d-7.781924!4d110.3767834!16s%2Fg%2F11f106473y!19sChIJ6SSvETNYei4R2WecjwGaZYU?authuser=0&hl=id&rclk=1","Fotokopi Pojok","4,0","(1)","Toko Alat Tulis Kantor","·","","699G+6PM, Jl. Candrakirana","","Tutup","","· Buka Sen pukul 08.00","","","Rute","",""
"https://www.google.com/maps/place/Fotocopy+Pelangi/data=!4m7!3m6!1s0x2e7a59b0e2c1bd73:0x92de2dba3940b427!8m2!3d-7.7678301!4d110.3874802!16s%2Fg%2F1pzx2w606!19sChIJc73B4rBZei4RJ7RAObot3pI?authuser=0&hl=id&rclk=1","Fotocopy Pelangi","4,4","(66)","Toko Fotokopi","·","","·","Jl. Gambir Jl. Karang Asem No.1","Tutup","·","· Buka Sen pukul 07.00","0859-3482-2372","","Rute","https://ssl.gstatic.com/local/servicebusiness/default_user.png","""Masnya satset, ditunggu 3 jam bisa jilid 10exp disertasi."""
"https://www.google.com/maps/place/eMWe+Computer/data=!4m7!3m6!1s0x2e7a59db74a72067:0xd5b29f284448e360!8m2!3d-7.7867377!4d110.3950863!16s%2Fg%2F11b6c5nsbs!19sChIJZyCndNtZei4RYONIRCifstU?authuser=0&hl=id&rclk=1","eMWe Computer","5,0","(1)","Toko Fotokopi","·","","Jl. Timoho No.64","·","Tutup","","· Buka Sen pukul 07.00","0813-9243-2490","","Rute","",""
"https://www.google.com/maps/place/Fotocopy+KEKAR+DTAP/data=!4m7!3m6!1s0x2e7a5851eef07883:0x1a8feaf980988874!8m2!3d-7.764053!4d110.371618!16s%2Fg%2F11b6hsshn5!19sChIJg3jw7lFYei4RdIiYgPnqjxo?authuser=0&hl=id&rclk=1","Fotocopy KEKAR DTAP","4,6","(27)","Toko Fotokopi","·","","Fakultas Teknik Universitas Gadjah Mada, Jl. Grafika No.2","·","Tutup","","· Buka Sen pukul 07.00","(0274) 580854 ext. 111","","Rute","",""
"https://www.google.com/maps/place/Professional+Photocopy/data=!4m7!3m6!1s0x2e7a59a6584f21b9:0x6041eaaa83cc5307!8m2!3d-7.7757629!4d110.3920392!16s%2Fg%2F11gkblr27_!19sChIJuSFPWKZZei4RB1PMg6rqQWA?authuser=0&hl=id&rclk=1","Professional Photocopy","4,5","(2)","Toko Fotokopi","·","","Jl. Mrican Baru","·","Tutup","","· Buka Sel pukul 15.00","0813-8335-1372","","Rute","",""
"https://www.google.com/maps/place/SALSABILA+FOTOCOPY/data=!4m7!3m6!1s0x2e7a5761ed96a093:0x51653fcf43391a05!8m2!3d-7.7955486!4d110.3972373!16s%2Fg%2F11c5_8vqhc!19sChIJk6CW7WFXei4RBRo5Q88_ZVE?authuser=0&hl=id&rclk=1","SALSABILA FOTOCOPY","4,2","(111)","Toko Fotokopi","·","","·","Jalan Bima No.129 Sokowaten Pedukuhan","Buka","","· Tutup pukul 22.00","","","Rute","https://ssl.gstatic.com/local/servicebusiness/default_user.png","""Langgana ngeprint e modul...bersih ..harga ekonomis..pelayanan ..."""
"https://www.google.com/maps/place/Menara+Fotokopi/data=!4m7!3m6!1s0x2e7a582bec052171:0xc16c9e5b81f46905!8m2!3d-7.7914783!4d110.373724!16s%2Fg%2F11bzs3bs78!19sChIJcSEF7CtYei4RBWn0gVuebME?authuser=0&hl=id&rclk=1","Menara Fotokopi","4,5","(6)","Toko Fotokopi","·","","Jl. Hayam Wuruk No.#59","·","Tutup","","· Buka Sen pukul 07.30","0857-1463-1129","","Rute","",""
"https://www.google.com/maps/place/fotokopi+cermat/data=!4m7!3m6!1s0x2e7a59b9585d0ce1:0x57ad7b8036569a75!8m2!3d-7.768936!4d110.395524!16s%2Fg%2F11b6csvg87!19sChIJ4QxdWLlZei4RdZpWNoB7rVc?authuser=0&hl=id&rclk=1","fotokopi cermat","4,8","(6)","Toko Fotokopi","·","","69JW+C6C","·","Tutup","","· Buka Sen pukul 08.00","0815-6886-960","","Rute","https://ssl.gstatic.com/local/servicebusiness/default_user.png","""Tempat"
"https://www.google.com/maps/place/Niat+Fotocopy/data=!4m7!3m6!1s0x2e7a590a69132ce3:0xd9106742d8df6bef!8m2!3d-7.7524946!4d110.3982302!16s%2Fg%2F11j40xzrnv!19sChIJ4ywTaQpZei4R72vf2EJnENk?authuser=0&hl=id&rclk=1","Niat Fotocopy","3,7","(13)","Toko Fotokopi","·","","Jl. Sukoharjo No.133","·","Tutup","","· Buka Sen pukul 07.30","0838-3436-0162","","Rute","https://ssl.gstatic.com/local/servicebusiness/default_user.png","""Bisa ngeprint sendiri"""
"https://www.google.com/maps/place/Fotokopi+3.Digit/data=!4m7!3m6!1s0x2e7a582fc9e6428b:0xed0bae05c9f645a4!8m2!3d-7.7868478!4d110.3691586!16s%2Fg%2F11bbyj71s0!19sChIJi0LmyS9Yei4RpEX2yQWuC-0?authuser=0&hl=id&rclk=1","Fotokopi 3.Digit","4,7","(13)","Toko Fotokopi","·","","·","Jl. I Dewa Nyoman Oka No.3","Tutup","","· Buka Sen pukul 07.30","","","Rute","https://ssl.gstatic.com/local/servicebusiness/default_user.png",""""
"","","","","","","","","","","","","","","","",""