"hfpxzc href","qBF1Pd","MW4etd","UY7F9","AJB7ye","AJB7ye 2","W4Efsd","W4Efsd 2","doJOZc","W4Efsd 3","W4Efsd 4","W4Efsd 5","W4Efsd 6","FQ2IWe src","Jn12ke src","ah5Ghc","A1zNzb href","J8zHNe","bbPy1","ah5Ghc 2","ah5Ghc 3"
"","","","","","","","","","","","","","","","","","","","",""
"","","","","","","","","","","","","","","","","","","","",""
"https://www.google.com/maps/place/Mak+Semarangan+Express/data=!4m7!3m6!1s0x2e7a5993698b358f:0x6f92bde72f0b84c8!8m2!3d-7.7593715!4d110.3994963!16s%2Fg%2F11gfgxykg5!19sChIJjzWLaZNZei4RyIQLL-e9km8?authuser=0&hl=id&rclk=1","Mak Semarangan Express","4,6","(877)","·","Rp 25–50 rb","Halal","·","","·","Jl. Ring Road Utara","Buka","· Tutup pukul 22.00","https://lh3.googleusercontent.com/gps-cs-s/APNQkAG81tFv1srDONJBZDJ8MwmbGp-G8BArgH5RkFPmThU85EBE3wMSdHbJTWaxpqbjJJvdbmYSKwd45B6BSpVxFbjVsIlpmsEj-34qwVFfFN2zpy_CAI1VS-aei24pS6oW23HWcfXv=w122-h92-k-no","https://ssl.gstatic.com/local/servicebusiness/default_user.png","""Empal sambel bawangnya empuk mantap""","https://www.google.com/searchviewer/42?cvd=CLw_EicKJeICIjIgEhkiF9LX29IPEQoNL2cvMTFnZmd4eWtnNRgBOgMI8A0%3D&hl=id-ID&gl=id&fo_m=MfohQo559jFvMUOzJVpjPL1YMfZ3bInYwBDuMfaXTPp5KXh-&utm_source=tactile&gei=nyn3aay9GLmD4-EP5_rNwQY&ei=nyn3aay9GLmD4-EP5_rNwQY&fo_s=OA&opi=79508299&orderType=1&ebb=1&cs=0&foub=mcpp","Pesan online","","",""
"https://www.google.com/maps/place/Ngudi+Rejeki+Pogung/data=!4m7!3m6!1s0x2e7a585216a2761b:0x86bd35dab4f22aab!8m2!3d-7.7637983!4d110.3737143!16s%2Fg%2F11clyz1jfh!19sChIJG3aiFlJYei4RqyrytNo1vYY?authuser=0&hl=id&rclk=1","Ngudi Rejeki Pogung","4,4","(1.626)","·","Rp 1–25.000","Restoran","·","","·","69PF+FFP","Buka","· Tutup pukul 21.30","https://lh3.googleusercontent.com/gps-cs-s/APNQkAF_tglHM8unEepy4n-a_asiKNx7H2OIk-2Aa-ZM5aNKfn_sezWlKH311KgdXaF5xwf6FvpImOor8QrNtLTOPmfyS7mf0FxC7JIEfSzs_qR6Lwu7lgfEbJY84RjZKTF7551ry5Ur=w122-h92-k-no","https://ssl.gstatic.com/local/servicebusiness/default_user.png","""Makananya enak ikan, udang, jamur krispi enak, nasi banyak sewakul.""","","","","",""
"https://www.google.com/maps/place/Warung+Makan+Mr.+B/data=!4m7!3m6!1s0x2e7a599ee6097e2b:0xce1369fcb6bd916b!8m2!3d-7.7588388!4d110.4054586!16s%2Fg%2F11c0w530db!19sChIJK34J5p5Zei4Ra5G9tvxpE84?authuser=0&hl=id&rclk=1","Warung Makan Mr. B","4,7","(246)","·","Rp 1–25.000","Rumah Makan","·","","·","Jl. Cemp. No.231","Buka","· Tutup pukul 21.00","https://lh3.googleusercontent.com/gps-cs-s/APNQkAFCK0vqL-NV45QrwVP4aRZrV94OOtwC7sYdJr9Jz7px3xjFFww-7mKsWIVxeeSAWlqV4O9cMNQbTo_peL781wxqcC767IXkBSdPk6DNWaCTjs55e93UCP_mrOXWW6cQod4m9qe8=w184-h92-k-no","https://ssl.gstatic.com/local/servicebusiness/default_user.png","""Makanannya enak, banyak pilihan menu, dan harganya terjangkau""","https://www.google.com/searchviewer/42?cvd=CLw_EicKJeICIjIgEhkiF9LX29IPEQoNL2cvMTFjMHc1MzBkYhgBOgMI8A0%3D&hl=id-ID&gl=id&fo_m=MfohQo559jFvMUOzJVpjPL1YMfZ3bInYwBDuMfaXTPp5KXh-&utm_source=tactile&gei=nyn3aay9GLmD4-EP5_rNwQY&ei=nyn3aay9GLmD4-EP5_rNwQY&fo_s=OA&opi=79508299&orderType=1&ebb=1&cs=0&foub=mcpp","Pesan online","","",""
"https://www.google.com/maps/place/Warung+Makan+Pak+Imam/data=!4m7!3m6!1s0x2e7a5853d2faf113:0xbb09f650c116003c!8m2!3d-7.7620362!4d110.3730824!16s%2Fg%2F11bzr61z4_!19sChIJE_H60lNYei4RPAAWwVD2Cbs?authuser=0&hl=id&rclk=1","Warung Makan Pak Imam","4,7","(143)","·","Rp 1–25.000","Indonesia","·","","·","Jl. Selokan Mataram Jl. Pogung Kidul","Buka","· Tutup pukul 20.00","https://lh3.googleusercontent.com/gps-cs-s/APNQkAHDZs7iGW8YAxNI5yEzE7QnvAxX-j_PdJPPnne1T4PeXDS0_uLhsmEuFS5gQK2I0RIF95_wgfmDDWdYpcJDkcfIT6PGFDNofXMxYWS7npIT2iz8pattFwnf-tXe1EKdc-0X0NlT=w92-h92-k-no","https://ssl.gstatic.com/local/servicebusiness/default_user.png","""Rasa makanannya enak, porsinya sangat banyak, dan harganya murah.""","","","","",""
"https://www.google.com/maps/place/Nyambel+Cobek+-+Condongcatur/data=!4m7!3m6!1s0x2e7a59a68e053f4d:0x4b0dee7de149f4d5!8m2!3d-7.7537864!4d110.3977127!16s%2Fg%2F11ynb9v8w0!19sChIJTT8FjqZZei4R1fRJ4X3uDUs?authuser=0&hl=id&rclk=1","Nyambel Cobek - Condongcatur","4,5","(534)","·","Rp 1–25.000","Rumah Makan","·","","Jl. Garuda No.120","","Buka","· Tutup pukul 00.00","https://lh3.googleusercontent.com/gps-cs-s/APNQkAH6ZPU0NYhCgEbBY6R9oKjf-ffEdPliJWLFtW3J4EgcNRfyBt0WcJlQgvgxsFfvQR4NVSigAHY0FaV6C7wCfzVxPcMtxf-IFj1onGxUu6EcrWiuMKsUo6v6QPVe0Lg1s8rR97Zx8N3xB0aR=w80-h109-k-no","https://ssl.gstatic.com/local/servicebusiness/default_user.png","""makananya enak pilihan banyak dan unik, jarang jarang dijogja ada begini""","","","","",""
"https://www.google.com/maps/place/Warung+Ocik+-+Makanan+Khas+Medan+%28Halal%29/data=!4m7!3m6!1s0x2e7a59c227abdacd:0x900590cb27fecb57!8m2!3d-7.7790262!4d110.4003678!16s%2Fg%2F11c483ff0n!19sChIJzdqrJ8JZei4RV8v-J8uQBZA?authuser=0&hl=id&rclk=1","Warung Ocik - Makanan Khas Medan (Halal)","4,7","(375)","·","Rp 25–50 rb","Mi","·","","·","Perum Tirta Kirana, Jl. Nologaten No.1A","Buka","· Tutup pukul 21.00","https://lh3.googleusercontent.com/gps-cs-s/APNQkAHue8UhGuEcus4fh9brcAEtsNBxEwUdk2SxMJy3dB_OvhFcvrwNwcSaJ1LPMI4h_jqeLEaFRIjaYppgOmyeT8ZXpc_jUNmo6rmbqSvs-ucfRVwmHpAtkeEw_I7eLSvGELX5Dy8IBg=w122-h92-k-no","https://ssl.gstatic.com/local/servicebusiness/default_user.png","""Tempatnya bersih,","https://www.google.com/searchviewer/42?cvd=CLw_EicKJeICIjIgEhkiF9LX29IPEQoNL2cvMTFjNDgzZmYwbhgBOgMI8A0%3D&hl=id-ID&gl=id&fo_m=MfohQo559jFvMUOzJVpjPL1YMfZ3bInYwBDuMfaXTPp5KXh-&utm_source=tactile&gei=nyn3aay9GLmD4-EP5_rNwQY&ei=nyn3aay9GLmD4-EP5_rNwQY&fo_s=OA&opi=79508299&orderType=1&ebb=1&cs=0&foub=mcpp","Pesan online","","makanan","lumayan enak tapi harganya ga sesuai."""
"https://www.google.com/maps/place/Rumah+Makan+Khas+Banyuwangi%28%EA%A7%8B%EA%A6%AB%EA%A6%B8%EA%A6%A9%EA%A6%83%EA%A6%A9%EA%A6%8F%EA%A6%A4%EA%A7%80%EA%A6%8F%EA%A6%B3%EA%A6%B1%EA%A7%80%EA%A6%A7%EA%A6%9A%EA%A6%B8%EA%A6%AE%EA%A6%94%EA%A6%B6%29/data=!4m7!3m6!1s0x2e7a59988cb58a43:0x57b68b1522b20842!8m2!3d-7.7608449!4d110.4038294!16s%2Fg%2F11c51sh00n!19sChIJQ4q1jJhZei4RQgiyIhWLtlc?authuser=0&hl=id&rclk=1","Rumah Makan Khas Banyuwangi(꧋ꦫꦸꦩꦃꦩꦏꦤ꧀ꦏ꦳ꦱ꧀ꦧꦚꦸꦮꦔꦶ)","4,8","(35)","","","Rumah Makan","·","","Jl. Wahid Hasyim No.49","","Buka","· Tutup pukul 21.30","https://lh3.googleusercontent.com/gps-cs-s/APNQkAHWSBp45m6NVDosCbkOgb79gX-6ZZ5G0QpKItb9mz-lGYEmSYcvosbAS8HRHvjtbqFOvS3TlJlc0vukBkkBkUxTX29FhVyphgBNcqfpFWISy51IzgKDVehRIVLfbYz9MuDOff8=w80-h100-k-no","https://ssl.gstatic.com/local/servicebusiness/default_user.png","""Rasa makanannya lumayan enak, minumnya mantap""","","","","",""
"https://www.google.com/maps/place/Warung+Makan+Khas+Kalimantan+Lemeq/data=!4m7!3m6!1s0x2e7a59c24f9d2e97:0xd39a1c7c91fac7b1!8m2!3d-7.7806097!4d110.4000476!16s%2Fg%2F11b62110y3!19sChIJly6dT8JZei4Rscf6kXwcmtM?authuser=0&hl=id&rclk=1","Warung Makan Khas Kalimantan Lemeq","4,8","(106)","·","Rp 1–25.000","Restoran","·","","Jl. Nologaten No.326","","Segera buka","· 18.00","https://lh3.googleusercontent.com/gps-cs-s/APNQkAFTvSdhWYyhJ5Vn66OXrKzrmzAOYagaNG5vSrT2kweqQd6kujsOnSNw5ZRTVepIDB3No_0KTF9b1NsuB52teZc4MyAxUSOEooqUhs8EMA4qTCvqyf5NtXFwaD__nh-IUJ05U_8=w182-h92-k-no","https://ssl.gstatic.com/local/servicebusiness/default_user.png","""Enak banget, krispi, porsinya juga lumayan banyak dengan harga 17k!""","","","","",""
"https://www.google.com/maps/place/Warung+Makan+Bu+Dapur/data=!4m7!3m6!1s0x2e7a592c7066dd17:0x612afc3e1c742f4f!8m2!3d-7.771571!4d110.3705158!16s%2Fg%2F11g0wlxdcn!19sChIJF91mcCxZei4RTy90HD78KmE?authuser=0&hl=id&rclk=1","Warung Makan Bu Dapur","4,7","(93)","·","Rp 1–25.000","Restoran","·","","·","Jalan Sendowo F Jl. Sendowo Blok D","Buka","· Tutup pukul 21.30","https://lh3.googleusercontent.com/gps-cs-s/APNQkAFn54rOy1MBtY095Y421G6q8NEx8Q-mGnNdjixmhNREPxTyV-tsVeZIQEeOt1TlxT8WE0qAm79m_vdMZYmcHApZjBzhds28zC4pit-jx10cqKAjV0uU9-YfX7_23_1yvooolMs6=w80-h106-k-no","https://ssl.gstatic.com/local/servicebusiness/default_user.png","""sangat2 direkomendasikan kalo mau nyari","","","","makanan","enak & murah."""
"https://www.google.com/maps/place/Warung+Makan+Mahasiswa+Ambarrukmo/data=!4m7!3m6!1s0x2e7a59c2d7a2d0cd:0x5823ba5aec88d3d4!8m2!3d-7.783653!4d110.3997774!16s%2Fg%2F1pzr_k76j!19sChIJzdCi18JZei4R1NOI7Fq6I1g?authuser=0&hl=id&rclk=1","Warung Makan Mahasiswa Ambarrukmo","4,6","(1.299)","·","Rp 1–25.000","Jawa","·","","·","Jl. Ambar Asri No.311","Buka","· Tutup pukul 19.00","https://lh3.googleusercontent.com/gps-cs-s/APNQkAFc85d1Jy25TVNnnbfStSP3lD-lLU8Fnskg1kMbPMEQ12UVqFUzjGJf5J83K81ZyNCPBNMaeg_sMrT4ZA8DsoH5rNPoz65EjgRZPRydtS0IA29GauiWvsMM9NTZuz-61yotO9Tp=w163-h92-k-no","https://ssl.gstatic.com/local/servicebusiness/default_user.png","""Rasa","https://www.google.com/searchviewer/42?cvd=CLw_EiYKJOICITIfEhgiFtLX29IPEAoML2cvMXB6cl9rNzZqGAE6AwjwDQ%3D%3D&hl=id-ID&gl=id&fo_m=MfohQo559jFvMUOzJVpjPL1YMfZ3bInYwBDuMfaXTPp5KXh-&utm_source=tactile&gei=nyn3aay9GLmD4-EP5_rNwQY&ei=nyn3aay9GLmD4-EP5_rNwQY&fo_s=OA&opi=79508299&orderType=1&ebb=1&cs=0&foub=mcpp","Pesan online","","makanan","enak
Harga terjangkau
Pegawai ramah
Tempat bersih dan nyaman"""
"https://www.google.com/maps/place/Warung+Makan+Bu+Ning+Rasa+Sayange/data=!4m7!3m6!1s0x2e7a58370e032687:0xc8ed89a3a25266dd!8m2!3d-7.7785531!4d110.3685189!16s%2Fg%2F11c3sswc49!19sChIJhyYDDjdYei4R3WZSoqOJ7cg?authuser=0&hl=id&rclk=1","Warung Makan Bu Ning Rasa Sayange","4,5","(1.715)","·","Rp 50–75 rb","Ikan Bakar","·","","·","Jl. Jetis Pasiraman No.11","Buka","· Tutup pukul 22.00","https://lh3.googleusercontent.com/gps-cs-s/APNQkAG_UGLAhULN8z6LzOrKgZ83D317BCxw-aVg5jwEY6iIs-dGx124louSZC6Wyy3vYaEsFIlWETXVQgBkw02b5TtxMpiJAiD5YsAJpK5RWt4oC9ro0Drzh74v5jxPafhkEmDcdYIF=w92-h92-k-no","https://ssl.gstatic.com/local/servicebusiness/default_user.png","""ikan kuah kuningnya bukan taste aku sih, tapi ikan bakarnya enak banget!""","","","","",""
"https://www.google.com/maps/place/Warung+Makan+Putra+Tunggal/data=!4m7!3m6!1s0x2e7a5999e1287869:0x766eae67bb31001f!8m2!3d-7.7638375!4d110.4086023!16s%2Fg%2F11c1p1dtmg!19sChIJaXgo4ZlZei4RHwAxu2eubnY?authuser=0&hl=id&rclk=1","Warung Makan Putra Tunggal","4,7","(88)","·","Rp 1–25.000","Rumah Makan","·","","·","Jl. Perumnas Jl. Pintu Selatan UPN No.15","Buka","· Tutup pukul 21.00","https://lh3.googleusercontent.com/gps-cs-s/APNQkAHX1fhfue4AdyAcj8SvgTj-Tf7q1MElNGIVRZP-zjP8J4qw2Uj8gZ-neZY14AOi4Z2xMdM2-MuA8DPTBiq3WhGCeg4QcR8lAQ-Er0w8YQVhJQSROoc2EZ_x79xIkqKIpEfcwZtEUvrHg1k=w122-h92-k-no","https://ssl.gstatic.com/local/servicebusiness/default_user.png","""Kemaren pesen ayam sambel kentang telur, sama orak arik telur ayam.""","","","","",""
"https://www.google.com/maps/place/Warung+Makan+Bu+Tatik/data=!4m7!3m6!1s0x2e7a585144f97d1d:0x925cc791669f69ed!8m2!3d-7.7604842!4d110.3718535!16s%2Fg%2F11c44x0b4l!19sChIJHX35RFFYei4R7WmfZpHHXJI?authuser=0&hl=id&rclk=1","Warung Makan Bu Tatik","4,7","(72)","·","$","Jawa","·","","·","Gg. Sukun No.13","Buka","· Tutup pukul 22.00","https://lh3.googleusercontent.com/gps-cs-s/APNQkAFlJS-CtnvFuE2-eUs_wdHkxqU2i5vJS3Jg69DLUxkOEozTIsJmZ7xg1Lzo-dukF_IEWw4m01EF3ix-FFrAZAasb8NEtQp4DEm_iVfoSGRGIY_cl9mU3HG23w6naVhLYKqxvPpkCg=w204-h92-k-no","","Makan di tempat","","","","Bawa pulang",""
"https://www.google.com/maps/place/Bima+Kroda/data=!4m7!3m6!1s0x2e7a59a0e7c5678b:0x943937af4ca6ab1f!8m2!3d-7.7931936!4d110.4031622!16s%2Fg%2F11v6gx242q!19sChIJi2fF56BZei4RH6umTK83OZQ?authuser=0&hl=id&rclk=1","Bima Kroda","4,7","(3.804)","·","Rp 25–50 rb","Bali","·","","·","Jl. Sorowajan No.116C, RT.12/RW.11","Buka","· Tutup pukul 20.00","https://lh3.googleusercontent.com/gps-cs-s/APNQkAGoCD5vng7ukHLfcGx40BYnC1Yv6CiTZX2ICEPN09URPBNX3Ak36vAlm7qYCQEE_LH4AgIFZt3DGhNXlcx0FDmLQKZcpJi2PBF1aRU1QzhJEmQMnSVmbAE9XTp4SC5IyUBUJYVtRA=w163-h92-k-no","https://ssl.gstatic.com/local/servicebusiness/default_user.png","""Tempat bersih, rasa","https://www.google.com/searchviewer/42?cvd=CLw_EicKJeICIjIgEhkiF9LX29IPEQoNL2cvMTF2Nmd4MjQycRgBOgMI8A0%3D&hl=id-ID&gl=id&fo_m=MfohQo559jFvMUOzJVpjPL1YMfZ3bInYwBDuMfaXTPp5KXh-&utm_source=tactile&gei=nyn3aay9GLmD4-EP5_rNwQY&ei=nyn3aay9GLmD4-EP5_rNwQY&fo_s=OA&opi=79508299&orderType=1&ebb=1&cs=0&foub=mcpp","Pesan online","","makanan","enak, harga kompetitif"""
"https://www.google.com/maps/place/Rumah+Makan+Suka-Suka/data=!4m7!3m6!1s0x2e7a59ac91de43c9:0x90b7885cea65a499!8m2!3d-7.7594813!4d110.3810602!16s%2Fg%2F1pzsj7v7k!19sChIJyUPekaxZei4RmaRl6lyIt5A?authuser=0&hl=id&rclk=1","Rumah Makan Suka-Suka","4,6","(1.246)","·","Rp 25–50 rb","Indonesia","·","","·","Jl. Kaliurang Kecamatan No.KM 5.5","Tutup","· Buka Sen pukul 08.00","https://lh3.googleusercontent.com/gps-cs-s/APNQkAEl1mRGuVguwPhuwDscTKtAGOdpe2ReTloK0sKtGEDtDkYOK9Rg-VIPhrid6N7SulQqGNLL6Bhd_wo7lCHlojyphv1Iipg8ZfBH-SuESqX_OjYeoi2uSV8RkMOGV0Eg-1vVlqmO8w=w80-h106-k-no","https://ssl.gstatic.com/local/servicebusiness/default_user.png","""Makanannya enak dan ikannya segar, tempat bersih dan harganya murah.""","https://www.google.com/searchviewer/42?cvd=CLw_EiYKJOICITIfEhgiFtLX29IPEAoML2cvMXB6c2o3djdrGAE6AwjwDQ%3D%3D&hl=id-ID&gl=id&fo_m=MfohQo559jFvMUOzJVpjPL1YMfZ3bInYwBDuMfaXTPp5KXh-&utm_source=tactile&gei=nyn3aay9GLmD4-EP5_rNwQY&ei=nyn3aay9GLmD4-EP5_rNwQY&fo_s=OA&opi=79508299&orderType=1&ebb=1&cs=0&foub=mcpp","Pesan online","","",""
"https://www.google.com/maps/place/Rumah+Makan+Baru/data=!4m7!3m6!1s0x2e7a59d2ca3f2f41:0xe218c6b966badf2b!8m2!3d-7.7873947!4d110.3791322!16s%2Fg%2F1hm2vndjd!19sChIJQS8_ytJZei4RK9-6ZrnGGOI?authuser=0&hl=id&rclk=1","Rumah Makan Baru","4,5","(720)","·","Rp 50–75 rb","China","·","","Jl. Kusbini","","Buka","· Tutup pukul 21.00","https://lh3.googleusercontent.com/gps-cs-s/APNQkAGpZwDTbin1YJ17LFRGpLSazySXs1c5Eq2TvXpE-AtsoeEdt0Z0Y7hU1iFANa4ro5q5bQ7P0B1N4hSFWkfOnhJq0DEkR_xdUXYqmNiOooWH5r-3TpNn3XWPx4N5AGFlfjD6d4Y=w163-h92-k-no","https://ssl.gstatic.com/local/servicebusiness/default_user.png","""","","","","Makanan","cukup enak dan khas, harganya terjangkau."""
"https://www.google.com/maps/place/Warung+Makan+Komplit+Masakan+Jawa/data=!4m7!3m6!1s0x2e7a5855a69c0215:0xb158026c457330d0!8m2!3d-7.7561323!4d110.3755808!16s%2Fg%2F11b6b52zly!19sChIJFQKcplVYei4R0DBzRWwCWLE?authuser=0&hl=id&rclk=1","Warung Makan Komplit Masakan Jawa","4,4","(377)","·","Rp 1–25.000","Jawa","·","","·","Jl. Pandega Marta No.166","Segera tutup","· 18.00 · Buka Sen pukul 05.00","https://lh3.googleusercontent.com/gps-cs-s/APNQkAFOIU5n9ywCBexzyudE0vSiqMNOt62Ho3d8ZCPVDmQ9wR5_KSI_pRvEl6CPrFlBr9qky0SU7nckN8qjG0K-U5K2KcU4j6R7nXNS5EIDUOv8LHGtof9gKRy2amG0FGeBOZIsjM1V=w163-h92-k-no","https://ssl.gstatic.com/local/servicebusiness/default_user.png","""Mantap betul,","","","","makanan","komplit, enak, harga terjangkau mahasiswa"""
"https://www.google.com/maps/place/Masakan+Ala+Malaysia/data=!4m7!3m6!1s0x2e7a59bc33350cdf:0xde7bcdbdd82324af!8m2!3d-7.7677736!4d110.3998434!16s%2Fg%2F11b6303jhk!19sChIJ3ww1M7xZei4RryQj2L3Ne94?authuser=0&hl=id&rclk=1","Masakan Ala Malaysia","4,8","(403)","·","Rp 1–25.000","Malaysia","·","","·","Jl. Selokan Mataram No.30","Tutup","· Buka Sen pukul 11.00","https://lh3.googleusercontent.com/gps-cs-s/APNQkAEcpuoXS3JrL2yJFqk71BdmWQjZB09GQsKUF_9wRv2s9gOnhpof0ckGM8fSGg-vEdnsjsip7LXehgnE_17nsS3tkqR74dxtx54eNgLAv6YghAvxEk4fT8_7wy2vfxSJ-q8nmC6a=w122-h92-k-no","https://ssl.gstatic.com/local/servicebusiness/default_user.png","""Nasi goreng karinya super enak tapi buat aku terlalu asin.""","https://www.google.com/searchviewer/42?cvd=CLw_EicKJeICIjIgEhkiF9LX29IPEQoNL2cvMTFiNjMwM2poaxgBOgMI8A0%3D&hl=id-ID&gl=id&fo_m=MfohQo559jFvMUOzJVpjPL1YMfZ3bInYwBDuMfaXTPp5KXh-&utm_source=tactile&gei=nyn3aay9GLmD4-EP5_rNwQY&ei=nyn3aay9GLmD4-EP5_rNwQY&fo_s=OA&opi=79508299&orderType=1&ebb=1&cs=0&foub=mcpp","Pesan online","","",""
"https://www.google.com/maps/place/Warung+Makan+Bu+Mudia/data=!4m7!3m6!1s0x2e7a59ad7da9beef:0xe45e97b1942aa69c!8m2!3d-7.7642614!4d110.3810341!16s%2Fg%2F11b6dpkptq!19sChIJ776pfa1Zei4RnKYqlLGXXuQ?authuser=0&hl=id&rclk=1","Warung Makan Bu Mudia","4,7","(70)","","","Jawa","·","","·","Perum Swakarya, Jl. Parijotho Kaliurang St No.13 Blok CT III","Buka","· Tutup pukul 20.00","https://lh3.googleusercontent.com/gps-cs-s/APNQkAEi-hm1CaWprNYq0S3wictuHLobpDOSF8qjCLFGUqV3RQWfp5q7gnkLLpspEEUcQE_oVHX1m9MZ26tTAL1Ao0eyC4PXXi548doP01PGm-IdTo4FrzxDRu69-q6u5jE-FNj2wuxN=w80-h106-k-no","https://ssl.gstatic.com/local/servicebusiness/default_user.png","""Makanannya enak dan suasananya sederhana.""","","","","",""
"https://www.google.com/maps/place/Pothz/data=!4m7!3m6!1s0x2e7a59b8388574fb:0x502cfa921c077c6a!8m2!3d-7.772861!4d110.3917705!16s%2Fg%2F11cmffy5lt!19sChIJ-3SFOLhZei4RanwHHJL6LFA?authuser=0&hl=id&rclk=1","Pothz","4,7","(1.829)","·","Rp 25–50 rb","Makanan Siap Saji","·","","·","Jl. STM Pembangunan No.14","Buka","· Tutup pukul 19.30","https://lh3.googleusercontent.com/gps-cs-s/APNQkAFI_j3wIDusB1VjKWMaGAiu4svXww-iAjd-MCbmBg4CPUf24M_lQTU619idCCAHc2APvJyUhvUs9s3MMkl2RfULoIGVJuBotOX7FNNFpqfC7BQWWHS_mYOR1mXKU6KS2Pd3QZ8=w138-h92-k-no","https://ssl.gstatic.com/local/servicebusiness/default_user.png","""Makananya enak dengan varian menu yg cukup banyak dan harga terjangkau""","https://www.google.com/searchviewer/42?cvd=CLw_EicKJeICIjIgEhkiF9LX29IPEQoNL2cvMTFjbWZmeTVsdBgBOgMI8A0%3D&hl=id-ID&gl=id&fo_m=MfohQo559jFvMUOzJVpjPL1YMfZ3bInYwBDuMfaXTPp5KXh-&utm_source=tactile&gei=nyn3aay9GLmD4-EP5_rNwQY&ei=nyn3aay9GLmD4-EP5_rNwQY&fo_s=OA&opi=79508299&orderType=1&ebb=1&cs=0&foub=mcpp","Pesan online","","",""
"https://www.google.com/maps/place/Dewi+Ratih+Lesehan/data=!4m7!3m6!1s0x2e7a59b18621fc39:0xf34d9745f139d5e1!8m2!3d-7.7662374!4d110.3848212!16s%2Fg%2F11b64bh0nw!19sChIJOfwhhrFZei4R4dU58UWXTfM?authuser=0&hl=id&rclk=1","Dewi Ratih Lesehan","4,3","(831)","·","Rp 1–25.000","Restoran","·","","·","69MM+GW4, Jalan Apokat, Klebengan, Blok CT VIII","Buka","· Tutup pukul 22.00","https://lh3.googleusercontent.com/gps-cs-s/APNQkAEpwmuWIqwMvabcJcTqbZ6nqK7eWb7bJYBf1EqgQj8HPwP_X14SsfRFMo-YtNwL6mglcnFGh8pWjcuKr1dqelTaLTGrHFiJnvoNDTtpEl9AhdkYJH5p_CyHCppux2299YyJBYwe=w122-h92-k-no","https://ssl.gstatic.com/local/servicebusiness/default_user.png","""Nasi gorengnya kurang rasa, itu aja sih, yang lain bagus dan murah juga""","","","","",""
"https://www.google.com/maps/place/Manalagi+Chinese+Food/data=!4m7!3m6!1s0x2e7a59c8773394d3:0xc8025f9ef4e26241!8m2!3d-7.7760261!4d110.3902763!16s%2Fg%2F1hc1sn8vl!19sChIJ05Qzd8hZei4RQWLi9J5fAsg?authuser=0&hl=id&rclk=1","Manalagi Chinese Food","4,4","(503)","·","Rp 25–50 rb","China","·","","·","Jalan Moses Gatotkaca No.48-50, Catur Tunggal, Depok","Buka","· Tutup pukul 20.30","https://lh3.googleusercontent.com/gps-cs-s/APNQkAGe8e_J6QO3n9eLlrKa2Wh4Ome2JwgmY7hvuizdnCLgbl2-pLFoZiCXisUHl3xZt_skjDcgVDkCPMOLIF4y_rrAHIbIfqVGuoE5TgBst4_IqlROY2d7Iik5QZOdanfQfO_rkDxs=w122-h92-k-no","https://ssl.gstatic.com/local/servicebusiness/default_user.png","""Nasi goreng sama mie/bihun gorengnya enak banget!""","https://www.google.com/searchviewer/42?cvd=CLw_EiYKJOICITIfEhgiFtLX29IPEAoML2cvMWhjMXNuOHZsGAE6AwjwDQ%3D%3D&hl=id-ID&gl=id&fo_m=MfohQo559jFvMUOzJVpjPL1YMfZ3bInYwBDuMfaXTPp5KXh-&utm_source=tactile&gei=oSn3abG4AYes4-EP04Xr-QQ&ei=oSn3abG4AYes4-EP04Xr-QQ&fo_s=OA&opi=79508299&orderType=1&ebb=1&cs=0&foub=mcpp","Pesan online","","",""
"https://www.google.com/maps/place/Twisted+Noodle/data=!4m7!3m6!1s0x2e7a5831fbd4e609:0x2eab8893f35165a3!8m2!3d-7.7849247!4d110.3721793!16s%2Fg%2F11bbyhtb4y!19sChIJCebU-zFYei4Ro2VR85OIqy4?authuser=0&hl=id&rclk=1","Twisted Noodle","4,7","(505)","·","Rp 1–25.000","China","·","","·","Jl. Supadi No.3","Buka","· Tutup pukul 20.30","https://lh3.googleusercontent.com/gps-cs-s/APNQkAGaAnBs14Ks2whxmbVhEV2RcIu93GvpMsFYDwhj043iiWQjgh7nL0urPdT0kEzQyCSKd8b4F9Blna5gUS4Qprsm64c5rfLZOLmWmKRl64TVcoi4tRF8XZWjm0ZNLpK2vzW5Iyog=w122-h92-k-no","https://ssl.gstatic.com/local/servicebusiness/default_user.png","""NASI GORENG MERAH ENAK YUMMY AKU CINTA NASI GORENG MERAH TWISTERRRRR!""","https://www.google.com/searchviewer/42?cvd=CLw_EicKJeICIjIgEhkiF9LX29IPEQoNL2cvMTFiYnlodGI0eRgBOgMI8A0%3D&hl=id-ID&gl=id&fo_m=MfohQo559jFvMUOzJVpjPL1YMfZ3bInYwBDuMfaXTPp5KXh-&utm_source=tactile&gei=oSn3abG4AYes4-EP04Xr-QQ&ei=oSn3abG4AYes4-EP04Xr-QQ&fo_s=OA&opi=79508299&orderType=1&ebb=1&cs=0&foub=mcpp","Pesan online","","",""
"https://www.google.com/maps/place/TERA+All+Day+Dining/data=!4m7!3m6!1s0x2e7a593ef4fd73c9:0x1506502bf4f529e8!8m2!3d-7.7827472!4d110.3819417!16s%2Fg%2F11k9fm2n_t!19sChIJyXP99D5Zei4R6Cn19CtQBhU?authuser=0&hl=id&rclk=1","TERA All Day Dining","4,7","(50)","","","Indonesia","·","","ARTOTEL Suites Bianti Yogyakarta, Jl. Urip Sumoharjo No.37 Lobby Floor","","Buka","· Tutup pukul 23.00","https://lh3.googleusercontent.com/gps-cs-s/APNQkAFw5N6OxyWtA36RlWfu4b91HgMolnSqvTNTtDx8wWFtlkCOiAZO9C3XpFLgToZIxNvAICmov9nzf9uc8NdZdLQpFghN0SPhbrz5g9yBmJ7K-geo6QKbMJuplxoItHpS4ARYsK4=w80-h106-k-no","https://ssl.gstatic.com/local/servicebusiness/default_user.png","""kentangnya enak, ikannya juga fresh
porsi lasagna bisa buat 2 orang✨""","","","","",""
"https://www.google.com/maps/place/Pos+makan+pat-mapat+4-54/data=!4m7!3m6!1s0x2e7a59b1984ef757:0xf2fc1b4dc3b91555!8m2!3d-7.7731492!4d110.3712096!16s%2Fg%2F11h_bg5g55!19sChIJV_dOmLFZei4RVRW5w00b_PI?authuser=0&hl=id&rclk=1","Pos makan pat-mapat 4-54","4,8","(11)","","","Restoran","·","","Jl. Blimbingsari No.Blok D","","Buka","· Tutup pukul 20.00","https://lh3.googleusercontent.com/gps-cs-s/APNQkAG0EfNzAiWwR0rGCTIFLgqR6rd8h4Ti_IQd0gLyxXI8gS1-I67M0NhcE9-hCKUaGmd93DIlemUTmRTM_ZGMWcNqNtiHaerLAcRNJVJ1YOI34Ez_RrARLtWm89zu4AY6ttwzby4I=w199-h92-k-no","","Makan di tempat","","","","Bawa pulang","Pesan antar"
"https://www.google.com/maps/place/Warung+Makassar+Daeng+Tutu/data=!4m7!3m6!1s0x2e7a59f148d3a659:0xa47a14884363b232!8m2!3d-7.7824593!4d110.3876685!16s%2Fg%2F11h57fzy61!19sChIJWabTSPFZei4RMrJjQ4gUeqQ?authuser=0&hl=id&rclk=1","Warung Makassar Daeng Tutu","4,7","(392)","·","Rp 25–50 rb","Restoran","·","","·","Jl. Affandi No.5","Tutup","· Buka Sen pukul 12.00","https://lh3.googleusercontent.com/gps-cs-s/APNQkAGGVW1fUEbBATpnSCvLHFQ8IK8qOan6pHbr3G_grPFY3TBkY2PG6x9d9vifppI7h9jNba20S01SxoiKv5Dp16BIwA9xocJINQmX__bLWd4rGfU2Vj9ejOXH0H3jglaamYhoQxnNCN2rgVA=w80-h106-k-no","https://ssl.gstatic.com/local/servicebusiness/default_user.png","""Semua makanannya enak, pelayanannya ramah, bisa tambah kuah sepuasnya.""","","","","",""
"https://www.google.com/maps/place/Kalluna/data=!4m7!3m6!1s0x2e7a5971aba6f523:0x33c07f5b20326ed!8m2!3d-7.7856615!4d110.3736787!16s%2Fg%2F11fl8pj_l3!19sChIJI_Wmq3FZei4R7SYDsvUHPAM?authuser=0&hl=id&rclk=1","Kalluna","4,7","(6.507)","·","$$","Restoran","·","","·","Jl. Sajiono No.13","Buka","· Tutup pukul 22.30","https://lh3.googleusercontent.com/gps-cs-s/APNQkAFse6kLIgx2LH84wYZPFUPccnMiX8uLGNdn6M3wxqeoNYG6BI6Eg9Rpcrx2_sB196kOQA6W0Wzk4tHOG-PKezyk_Y9n_Md1JkFg_RtHU16c4Ljv12CuzY6L-0DzRJoDRrrT0uI=w122-h92-k-no","https://ssl.gstatic.com/local/servicebusiness/default_user.png","""Menu makanannya bervariasi dan enak, porsinya sebanding dengan harganya.""","https://www.google.com/searchviewer/42?cvd=CLw_EicKJeICIjIgEhkiF9LX29IPEQoNL2cvMTFmbDhwal9sMxgAOgMI8A0%3D&hl=id-ID&gl=id&fo_m=MfohQo559jFvMUOzJVpjPL1YMfZ3bInYwBDuMfaXTPp5KXh-&utm_source=tactile&gei=oSn3abG4AYes4-EP04Xr-QQ&ei=oSn3abG4AYes4-EP04Xr-QQ&fo_s=OA&opi=79508299&ebb=1&cs=0&foub=mcpp","Pesan online","","",""
"https://www.google.com/maps/place/Taman+Sari+Food+Court+Plaza+Ambarukmo/data=!4m7!3m6!1s0x2e7a59c296f0c2b9:0x3fd9d32c80196671!8m2!3d-7.7826231!4d110.4013519!16s%2Fg%2F1hc2635wh!19sChIJucLwlsJZei4RcWYZgCzT2T8?authuser=0&hl=id&rclk=1","Taman Sari Food Court Plaza Ambarukmo","4,7","(872)","·","Rp 25–50 rb","Pujasera","·","","·","6C82+RHW, Jl. Laksda Adisucipto 3rd Floor","Buka","· Tutup pukul 22.00","https://lh3.googleusercontent.com/gps-cs-s/APNQkAFHAfb_Jw_1Bh0ldML84N-c_FkyUyq3MBQkIx3WEGBkjUo92exy_1ghthQuN7YE6v5F6UA7HNBLdMRPItNiVqpIH4G9JSwcHrZ2cTp4H_8kG3Ql-i3Av_KDzA_R89ozkmJvlsBI=w92-h92-k-no","https://ssl.gstatic.com/local/servicebusiness/default_user.png","""Tempatnya nyaman & modern, menu makanannya lengkap 100% halal.""","","","","",""
"https://www.google.com/maps/place/Warung+Makan+Suka+Rasa%28%EA%A7%8B%EA%A6%AE%EA%A6%AB%EA%A6%B8%EA%A6%81%EA%A6%A9%EA%A6%8F%EA%A6%A4%EA%A7%80%EA%A6%B1%EA%A6%B8%EA%A6%8F%EA%A6%AB%EA%A6%B1%29/data=!4m7!3m6!1s0x2e7a5997f404735b:0x63fb14699d3010d0!8m2!3d-7.7636669!4d110.4035125!16s%2Fg%2F11b6209zdm!19sChIJW3ME9JdZei4R0BAwnWkU-2M?authuser=0&hl=id&rclk=1","Warung Makan Suka Rasa(꧋ꦮꦫꦸꦁꦩꦏꦤ꧀ꦱꦸꦏꦫꦱ)","4,5","(90)","","","Jawa","·","","·","Jl. Wahid Hasyim No.151","Tutup","· Buka Sel pukul 05.30","https://lh3.googleusercontent.com/gps-cs-s/APNQkAFJBWf2oa0RVfHCQ46Mk6TgGfDVtEng1zpr-7t1HGKApFhnullY0L2sDuvArbEAVSYuPty13td-DRIKsbeUtBwBOASm5Ik_hqp2aHMRLBzUqa3aGh5SbpRoCCV-Ab5nE6q5lpe-sw=w80-h106-k-no","https://ssl.gstatic.com/local/servicebusiness/default_user.png","""masakannya mantap enaknya""","","","","",""
"https://www.google.com/maps/place/Warung+Makan+Bu+Mugi/data=!4m7!3m6!1s0x2e7a59264ece3281:0xc7812a297e442819!8m2!3d-7.7524322!4d110.3698379!16s%2Fg%2F11jv3hq2r4!19sChIJgTLOTiZZei4RGShEfikqgcc?authuser=0&hl=id&rclk=1","Warung Makan Bu Mugi","5,0","(12)","","","Brunch","·","","Gg. Jragem No.25","","Tutup","· Buka Sen pukul 11.00","https://lh3.googleusercontent.com/gps-cs-s/APNQkAFCHVt5L5fhc4vhYXHmjO6XJtw1rZb9oVWSVXA389iEkz1YoZ2OQ9R5dCjxZo1t9vSU9dnGPPKp9CPosylPe7_Z9CSShOf8IChGghqM1ErxVhF88VC643Y-uI3OEqgvHaYhY-HA=w80-h106-k-no","","Makan di tempat","","","","Bawa pulang",""
"https://www.google.com/maps/place/Waroeng+Toetoeng/data=!4m7!3m6!1s0x2e7a58549ae3b9e3:0xf3cf0fd8e16f0ac8!8m2!3d-7.7590114!4d110.3764373!16s%2Fg%2F11b6dmwgpc!19sChIJ47njmlRYei4RyApv4dgPz_M?authuser=0&hl=id&rclk=1","Waroeng Toetoeng","4,2","(1.224)","·","Rp 1–25.000","China","·","","·","Jl. Pogung Baru No.E30A","Tutup","· Buka Sen pukul 06.30","https://lh3.googleusercontent.com/gps-cs-s/APNQkAHSKD7FbTo7CJSsANnZk0bBSBixWmS5WrxDojtWrpWlLsxGIVA-UJxINr2zJ9g-L43eDbKZUQ-ylNs8s23CQUUgJNuILpGnXRw_tdFnlK7TQnttpeD7vyTfdNFQX277pBBQw_MAng=w163-h92-k-no","https://ssl.gstatic.com/local/servicebusiness/default_user.png","""Menunya banyak dan enak-enak
Harganya termasuk murah 👌""","https://www.google.com/searchviewer/42?cvd=CLw_EicKJeICIjIgEhkiF9LX29IPEQoNL2cvMTFiNmRtd2dwYxgBOgMI8A0%3D&hl=id-ID&gl=id&fo_m=MfohQo559jFvMUOzJVpjPL1YMfZ3bInYwBDuMfaXTPp5KXh-&utm_source=tactile&gei=oSn3abG4AYes4-EP04Xr-QQ&ei=oSn3abG4AYes4-EP04Xr-QQ&fo_s=OA&opi=79508299&orderType=1&ebb=1&cs=0&foub=mcpp","Pesan online","","",""
"https://www.google.com/maps/place/Warung+Makan+Pak+Wandi%EA%A7%8B%EA%A6%AE%EA%A6%AB%EA%A6%B8%EA%A6%81%EA%A6%A9%EA%A6%8F%EA%A6%A4%EA%A7%80%EA%A6%A5%EA%A6%8F%EA%A7%80%EA%A6%AE%EA%A6%A4%EA%A7%80%EA%A6%9D%EA%A6%B6/data=!4m7!3m6!1s0x2e7a59ac6b37be49:0x33f70c18701fcf11!8m2!3d-7.76024!4d110.382972!16s%2Fg%2F11c56qxt27!19sChIJSb43a6xZei4REc8fcBgM9zM?authuser=0&hl=id&rclk=1","Warung Makan Pak Wandi꧋ꦮꦫꦸꦁꦩꦏꦤ꧀ꦥꦏ꧀ꦮꦤ꧀ꦝꦶ","4,6","(22)","","","Bakso","·","","·","Gg. Pakel No.B4","Buka","· Tutup pukul 20.30","https://lh3.googleusercontent.com/gps-cs-s/APNQkAEtz-s7jenkJVikkDE2W0rbuKUm_j_hcBUOe4oW56hYupR78-mHUARSf2lxp3pJuNWXcfltyQseHjBnzYn1cEGFBbjFofXFWi25F1UBBUAZTQuRlFI1ZbC97WsI7pILIGndinuP=w122-h92-k-no","https://ssl.gstatic.com/local/servicebusiness/default_user.png","""enak banget, harga pelajar .. mantep banget""","","","","",""
"https://www.google.com/maps/place/ROUX+Kitchen+%26+Bar/data=!4m7!3m6!1s0x2e7a59110f96e5db:0x183bcf136603076e!8m2!3d-7.7853604!4d110.3743054!16s%2Fg%2F11h02llyv0!19sChIJ2-WWDxFZei4RbgcDZhPPOxg?authuser=0&hl=id&rclk=1","ROUX Kitchen & Bar","4,4","(237)","","","Restoran","·","","Roemi Xtraordinary Ice Cream, Jl. Suroto No.3","","Buka","· Tutup pukul 21.00","https://lh3.googleusercontent.com/gps-cs-s/APNQkAFmjM1cnHr-J3WlNbs5OVlKJdMHDKQI1nI7msVVRPD36Xgsoq5CHKYgmMSl9Hh8nrhOWR6BQU39xdl84Er6cokxlqRs2CSgPojpgde3x2-ZehL9xWBv5XK0b0puROVmM__2CwPY=w184-h92-k-no","https://ssl.gstatic.com/local/servicebusiness/default_user.png","""Tp untuk taste makanannya biasa aja dengan harga yg pricey 😅""","","","","",""
"https://www.google.com/maps/place/WMS+GORONTALO/data=!4m7!3m6!1s0x2e7a594c73b6b455:0xb01eb8554705d796!8m2!3d-7.7696858!4d110.4015975!16s%2Fg%2F11k8h482wk!19sChIJVbS2c0xZei4RltcFR1W4HrA?authuser=0&hl=id&rclk=1","WMS GORONTALO","4,1","(78)","·","Rp 1–25.000","Brunch","·","","Jl. Bongso Ijoyo No.31","","Buka","· Tutup pukul 22.00","https://lh3.googleusercontent.com/gps-cs-s/APNQkAGHFAvlVMlBZhZ-_pyhuE9_CekCZaZloBHU9joCKwtsP_udKO4JBJXx9sUJHT9daNw7rfLjbGZMeHb4lImpKsDv5ZH4NR1c72PfBEZheXrAGJmxS6E5lgiiWompJXWDW5O10FZ9=w80-h106-k-no","https://ssl.gstatic.com/local/servicebusiness/default_user.png","""Jujur makanannya pas banget di lidahku nasi kuningnya enak juga.""","","","","",""
"https://www.google.com/maps/place/Coto+%22La-Capila%22/data=!4m7!3m6!1s0x2e7a582e9b95ad8d:0xfcba297c3c94348e!8m2!3d-7.7886408!4d110.3725255!16s%2Fg%2F11b6d4033w!19sChIJja2Vmy5Yei4RjjSUPHwpuvw?authuser=0&hl=id&rclk=1","Coto ""La-Capila""","4,6","(2.703)","·","Rp 25–50 rb","Sulawesi Selatan","·","","·","Jl. Krasak No.5","Tutup","· Buka Sen pukul 08.00","https://lh3.googleusercontent.com/gps-cs-s/APNQkAFb5kPiBgh1nsSFfuZQdfoZkEsCAvugk3qchLzIM70SsHUgcnisvk--t-yRdHe6rPGXIvdW5_Z-F6FP71hWpxMWBWWHGKvEFWWkJ1zxZ56xYFAdmJgMBxI6FMgsgF4rREZiZA=w163-h92-k-no","https://ssl.gstatic.com/local/servicebusiness/default_user.png","""Soal","https://www.google.com/searchviewer/42?cvd=CLw_EicKJeICIjIgEhkiF9LX29IPEQoNL2cvMTFiNmQ0MDMzdxgBOgMI8A0%3D&hl=id-ID&gl=id&fo_m=MfohQo559jFvMUOzJVpjPL1YMfZ3bInYwBDuMfaXTPp5KXh-&utm_source=tactile&gei=oSn3abG4AYes4-EP04Xr-QQ&ei=oSn3abG4AYes4-EP04Xr-QQ&fo_s=OA&opi=79508299&orderType=1&ebb=1&cs=0&foub=mcpp","Pesan online","","makanan","enak dan harganya cukup affordable."""
"https://www.google.com/maps/place/Kenes+Bakery+Gejayan+%28Bakery+%26+Pusat+Oleh-Oleh+Yogyakarta%29/data=!4m7!3m6!1s0x2e7a59b7930e17a1:0x55f2dbb8fec7db7a!8m2!3d-7.7688341!4d110.3908087!16s%2Fg%2F11f1ss66lm!19sChIJoRcOk7dZei4RetvH_rjb8lU?authuser=0&hl=id&rclk=1","Kenes Bakery Gejayan (Bakery & Pusat Oleh-Oleh Yogyakarta)","4,5","(1.171)","·","Rp 25–50 rb","Toko Roti","·","","·","Jl. Affandi No.15","Buka","· Tutup pukul 21.00","https://lh3.googleusercontent.com/gps-cs-s/APNQkAEZvN-u0olfcsp29iyG9iADiuv1BJK_HnA6Z7XzbcwA7kNLLSseOmcEAoOPgKREtiVdRBEM7m18YRheoBYbr1TVgJl1CR_JX3_4BlQ3z8kBxlARUrhbZjhtkOzMqUk4ysQ6jEn6=w80-h100-k-no","https://ssl.gstatic.com/local/servicebusiness/default_user.png","""Menu","https://www.google.com/searchviewer/42?cvd=CLw_EicKJeICIjIgEhkiF9LX29IPEQoNL2cvMTFmMXNzNjZsbRgAOgMI8A0%3D&hl=id-ID&gl=id&fo_m=MfohQo559jFvMUOzJVpjPL1YMfZ3bInYwBDuMfaXTPp5KXh-&utm_source=tactile&gei=oSn3abG4AYes4-EP04Xr-QQ&ei=oSn3abG4AYes4-EP04Xr-QQ&fo_s=OA&opi=79508299&ebb=1&cs=0&foub=mcpp","Pesan online","","makanan","dan minumannya juga variatif dengan harga yang terjangkau."""
"https://www.google.com/maps/place/Warung+Makan+Dan+Kosan+Bu+Enny/data=!4m7!3m6!1s0x2e7a5849dcf6a9e3:0x4087e62a03286fba!8m2!3d-7.7745646!4d110.3709635!16s%2Fg%2F11c6v6k0pf!19sChIJ46n23ElYei4Rum8oAyrmh0A?authuser=0&hl=id&rclk=1","Warung Makan Dan Kosan Bu Enny","4,7","(65)","·","Rp 1–25.000","Jawa","·","","Jl. Blimbingsari Blk. D No.49, RT.03","","Tutup","· Buka Sen pukul 07.00","https://lh3.googleusercontent.com/gps-cs-s/APNQkAGQdEiCZm8KMiVg8StcsuGXIgayemcTb_xS43j-estI_4aKqupH6ecIbRVoE4lG1i5JYDDWpQGhBw7zLgUhGd1tvz6KEdgy5lGKAQRE1vbTRz0OGnQIN-QCVxvpN2I7NVkYtyUw=w122-h92-k-no","https://ssl.gstatic.com/local/servicebusiness/default_user.png","""","","","","Makanan","enak, harga terjangkau"""
"https://www.google.com/maps/place/Downtown+Diner/data=!4m7!3m6!1s0x2e7a5998cca59f49:0x52e7b0b8b5cf0067!8m2!3d-7.7668667!4d110.4103431!16s%2Fg%2F11t3cw_pbk!19sChIJSZ-lzJhZei4RZwDPtbiw51I?authuser=0&hl=id&rclk=1","Downtown Diner","4,8","(1.255)","","","Restoran","·","","·","Jl. Seturan Baru No.2 Blok E, RT.016/RW.095","Buka","· Tutup pukul 23.00","https://lh3.googleusercontent.com/gps-cs-s/APNQkAFASvhkRLe7i_69g_QLn67e52ubM0yaGYbMakIz4-hJasGT0D_jIYV7QvHq-YMrSNOh58aWPfPmvzF6aW0S69gmNQeezY4koMOOIOb-PV8dk3au5MFiH5AIODVMDZc1NBfbycjh=w138-h92-k-no","https://ssl.gstatic.com/local/servicebusiness/default_user.png","""Makanannya enak, burger, classic chicken steak dan asian food nya enak.""","https://www.google.com/searchviewer/42?cvd=CLw_EicKJeICIjIgEhkiF9LX29IPEQoNL2cvMTF0M2N3X3BiaxgBOgMI8A0%3D&hl=id-ID&gl=id&fo_m=MfohQo559jFvMUOzJVpjPL1YMfZ3bInYwBDuMfaXTPp5KXh-&utm_source=tactile&gei=oSn3abG4AYes4-EP04Xr-QQ&ei=oSn3abG4AYes4-EP04Xr-QQ&fo_s=OA&opi=79508299&orderType=1&ebb=1&cs=0&foub=mcpp","Pesan online","","",""
"https://www.google.com/maps/place/Rumah+Makan+Tio+Ciu+Pak+Amin+%28seafood%29/data=!4m7!3m6!1s0x2e7a599345f1362d:0xa9913b80d8bc5df0!8m2!3d-7.7724683!4d110.409322!16s%2Fg%2F11dftknksy!19sChIJLTbxRZNZei4R8F282IA7kak?authuser=0&hl=id&rclk=1","Rumah Makan Tio Ciu Pak Amin (seafood)","4,1","(457)","·","Rp 25–50 rb","Hidangan Laut","·","","Jl. Raya Kledokan No.5","","Buka","· Tutup pukul 23.30","https://lh3.googleusercontent.com/gps-cs-s/APNQkAEVK1lKtq6bqMmiN6cZ6ndpokbEs3TP5OOQipTX5jsJIHqyxgw5zXrtwV1eDfHyZqBAmp6R16j2LNfRY0i_HcvGEOkok9Ecu6a2jQe1g_oM2OKq5Tq5-usnXPKk8oNX7FsOCXht-w=w122-h92-k-no","https://ssl.gstatic.com/local/servicebusiness/default_user.png","""","https://www.google.com/searchviewer/42?cvd=CLw_EicKJeICIjIgEhkiF9LX29IPEQoNL2cvMTFkZnRrbmtzeRgBOgMI8A0%3D&hl=id-ID&gl=id&fo_m=MfohQo559jFvMUOzJVpjPL1YMfZ3bInYwBDuMfaXTPp5KXh-&utm_source=tactile&gei=oSn3abG4AYes4-EP04Xr-QQ&ei=oSn3abG4AYes4-EP04Xr-QQ&fo_s=OA&opi=79508299&orderType=1&ebb=1&cs=0&foub=mcpp","Pesan online","","Makanan","lumayan enak, pesen udang saus tiram, angsio tahu & fuyunghai."""
"https://www.google.com/maps/place/Hebit+Food+%23No.1+Healthy+Food+Jogja/data=!4m7!3m6!1s0x2e7a59d3f78f3803:0x8c91e34d816a4aae!8m2!3d-7.7572702!4d110.3891953!16s%2Fg%2F11hf60xzzl!19sChIJAziP99NZei4RrkpqgU3jkYw?authuser=0&hl=id&rclk=1","Hebit Food #No.1 Healthy Food Jogja","4,6","(407)","","","Katering","·","","Jl. Sawit Sari Gg. Belimbing No.i 3","","Buka","· Tutup pukul 21.00","https://lh3.googleusercontent.com/gps-cs-s/APNQkAEDaKH6KiCZ5DsqkfIgiv01xUBFjGWhtbOg9qI74ROQ4lO8HyQJUcBOhsMVlN26iivYjgeEnqtWc0YGFDEoppb28hGIif2n7R4y-Ta5S44EuerYV_Gz2TuiX1Czo_hoAdI64L7K=w138-h92-k-no","https://ssl.gstatic.com/local/servicebusiness/default_user.png","""Makanannya enak, cocok untuk memulai hidup sehat, harga juga terjangkau""","https://www.google.com/searchviewer/42?cvd=CLw_EicKJeICIjIgEhkiF9LX29IPEQoNL2cvMTFoZjYweHp6bBgBOgMI8A0%3D&hl=id-ID&gl=id&fo_m=MfohQo559jFvMUOzJVpjPL1YMfZ3bInYwBDuMfaXTPp5KXh-&utm_source=tactile&gei=oSn3abG4AYes4-EP04Xr-QQ&ei=oSn3abG4AYes4-EP04Xr-QQ&fo_s=OA&opi=79508299&orderType=1&ebb=1&cs=0&foub=mcpp","Pesan online","","",""
"https://www.google.com/maps/place/Rumah+Makan+Tio+Ciu+Pak+Amin+%28seafood%29/data=!4m7!3m6!1s0x2e7a599345f1362d:0xa9913b80d8bc5df0!8m2!3d-7.7724683!4d110.409322!16s%2Fg%2F11dftknksy!19sChIJLTbxRZNZei4R8F282IA7kak?authuser=0&hl=id&rclk=1","Rumah Makan Tio Ciu Pak Amin (seafood)","4,1","(457)","·","Rp 25–50 rb","Hidangan Laut","·","","Jl. Raya Kledokan No.5","","Buka","· Tutup pukul 23.30","https://lh3.googleusercontent.com/gps-cs-s/APNQkAEVK1lKtq6bqMmiN6cZ6ndpokbEs3TP5OOQipTX5jsJIHqyxgw5zXrtwV1eDfHyZqBAmp6R16j2LNfRY0i_HcvGEOkok9Ecu6a2jQe1g_oM2OKq5Tq5-usnXPKk8oNX7FsOCXht-w=w122-h92-k-no","https://ssl.gstatic.com/local/servicebusiness/default_user.png","""","https://www.google.com/searchviewer/42?cvd=CLw_EicKJeICIjIgEhkiF9LX29IPEQoNL2cvMTFkZnRrbmtzeRgBOgMI8A0%3D&hl=id-ID&gl=id&fo_m=MfohQo559jFvMUOzJVpjPL1YMfZ3bInYwBDuMfaXTPp5KXh-&utm_source=tactile&gei=oin3afrPJqKz4-EP2cbtqQY&ei=oin3afrPJqKz4-EP2cbtqQY&fo_s=OA&opi=79508299&orderType=1&ebb=1&cs=0&foub=mcpp","Pesan online","","Makanan","lumayan enak, pesen udang saus tiram, angsio tahu & fuyunghai."""
"https://www.google.com/maps/place/Munggur+Minang/data=!4m7!3m6!1s0x2e7a59d0e0ff42cf:0x96ba60736aaddbc1!8m2!3d-7.7883255!4d110.3876116!16s%2Fg%2F1hm5g398g!19sChIJz0L_4NBZei4RwdutanNgupY?authuser=0&hl=id&rclk=1","Munggur Minang","4,5","(1.306)","·","Rp 1–25.000","Padang","·","","·","Jl. Munggur No.26","Segera buka","· 18.00","https://lh3.googleusercontent.com/gps-cs-s/APNQkAGFYJj4cqENvi5h5TG-zi5tNSmtbpInKvlMuxqYQVEX-BgSknL-T6mZkcrDoc1zVQzMVhM43L3t6zGaA5dd-k3MKGEpVYX1GyLB0GdRDscSklkz3szEHsjbzVEbZglt175btXVi=w122-h92-k-no","https://ssl.gstatic.com/local/servicebusiness/default_user.png","""rasa","","","","makanan","oke, harga tergolong murah, dan pelayanan bagus."""
"https://www.google.com/maps/place/Hebit+Food+%23No.1+Healthy+Food+Jogja/data=!4m7!3m6!1s0x2e7a59d3f78f3803:0x8c91e34d816a4aae!8m2!3d-7.7572702!4d110.3891953!16s%2Fg%2F11hf60xzzl!19sChIJAziP99NZei4RrkpqgU3jkYw?authuser=0&hl=id&rclk=1","Hebit Food #No.1 Healthy Food Jogja","4,6","(407)","","","Katering","·","","Jl. Sawit Sari Gg. Belimbing No.i 3","","Buka","· Tutup pukul 21.00","https://lh3.googleusercontent.com/gps-cs-s/APNQkAEDaKH6KiCZ5DsqkfIgiv01xUBFjGWhtbOg9qI74ROQ4lO8HyQJUcBOhsMVlN26iivYjgeEnqtWc0YGFDEoppb28hGIif2n7R4y-Ta5S44EuerYV_Gz2TuiX1Czo_hoAdI64L7K=w138-h92-k-no","https://ssl.gstatic.com/local/servicebusiness/default_user.png","""Makanannya enak, cocok untuk memulai hidup sehat, harga juga terjangkau""","https://www.google.com/searchviewer/42?cvd=CLw_EicKJeICIjIgEhkiF9LX29IPEQoNL2cvMTFoZjYweHp6bBgBOgMI8A0%3D&hl=id-ID&gl=id&fo_m=MfohQo559jFvMUOzJVpjPL1YMfZ3bInYwBDuMfaXTPp5KXh-&utm_source=tactile&gei=oin3afrPJqKz4-EP2cbtqQY&ei=oin3afrPJqKz4-EP2cbtqQY&fo_s=OA&opi=79508299&orderType=1&ebb=1&cs=0&foub=mcpp","Pesan online","","",""
"https://www.google.com/maps/place/Kios+Makan+Pak+Surat+%26+Kedai+Sup+Buah/data=!4m7!3m6!1s0x2e7a584a8a45ee65:0xcfa2241a8f1f7de2!8m2!3d-7.7725503!4d110.3753998!16s%2Fg%2F11c52ycmmw!19sChIJZe5FikpYei4R4n0fjxokos8?authuser=0&hl=id&rclk=1","Kios Makan Pak Surat & Kedai Sup Buah","4,5","(43)","","","Sup","·","","·","69GG+X5C Foodcourt UGM, Jl. Persatuan Jl. Blimbingsari","Segera tutup","· 18.00 · Buka Sen pukul 09.00","https://lh3.googleusercontent.com/gps-cs-s/APNQkAFHM58-1jgLO1NaTwIxzp-tecNKyWuRzLydJ0YBje5p08eZ8LwvEvxOpYO5QCn_isGe3bVlvqRQMQyxmFGO-ybY5LeAUZsc9-srNu6SHYZge-8H_n87Fu5Q-94otW5-3qe4QCxC=w80-h142-k-no","","Makan di tempat","","","","Bawa pulang",""
"https://www.google.com/maps/place/Tio+Ciu+Original+Chinese+Food/data=!4m7!3m6!1s0x2e7a59eeb4c1eb4f:0xfc0e75ce0b0469a7!8m2!3d-7.779554!4d110.4084215!16s%2Fg%2F11dymnnf_z!19sChIJT-vBtO5Zei4Rp2kEC851Dvw?authuser=0&hl=id&rclk=1","Tio Ciu Original Chinese Food","4,6","(357)","·","Rp 25–50 rb","China","·","","·","Jl. Raya Kledokan No.27","Buka","· Tutup pukul 21.00","https://lh3.googleusercontent.com/gps-cs-s/APNQkAFAcolkVHimKKKfjaKPfOMwdXBZAH9EusV0tCsMxV6QzkSg9hTzXsokdlaa3ewi0jfcafGQd4hakV2HJo9ZWlFcWS6eIZ3hqHsn_zdnLp8uRfg40VfCf8CbHMEVFDgsQP0To4DM=w122-h92-k-no","https://ssl.gstatic.com/local/servicebusiness/default_user.png","""Masakan enak khas Chinese food, harga masih terjangkau.""","","","","",""
"https://www.google.com/maps/place/HOT+CHILLI+CRAB/data=!4m7!3m6!1s0x2e7a584fce785147:0x2a6ba6c8ceb93aba!8m2!3d-7.7661426!4d110.3692025!16s%2Fg%2F11g7_hpl29!19sChIJR1F4zk9Yei4Rujq5zsimayo?authuser=0&hl=id&rclk=1","HOT CHILLI CRAB","4,6","(504)","·","Rp 25–50 rb","Hidangan Laut","·","","·","Jl. Monjali No.145-147","Buka","· Tutup pukul 22.00","https://lh3.googleusercontent.com/gps-cs-s/APNQkAFFXuTwvZoRxHnOO7dp8-28Oz45dQKnULVPU8WhgRnGhBQTx_DPjlJekKUz6DkdaYPOPMzbigqTsDHPS6FRFYN2Pg54ekNn8HZzF65m62z6nzuPkB9NawH0AKqaswXsZUFmNuuigA=w122-h92-k-no","https://ssl.gstatic.com/local/servicebusiness/default_user.png","""enak bgt lg

buat udang jg super fresh bgt rasanya.""","https://www.google.com/searchviewer/42?cvd=CLw_EicKJeICIjIgEhkiF9LX29IPEQoNL2cvMTFnN19ocGwyORgBOgMI8A0%3D&hl=id-ID&gl=id&fo_m=MfohQo559jFvMUOzJVpjPL1YMfZ3bInYwBDuMfaXTPp5KXh-&utm_source=tactile&gei=oin3afrPJqKz4-EP2cbtqQY&ei=oin3afrPJqKz4-EP2cbtqQY&fo_s=OA&opi=79508299&orderType=1&ebb=1&cs=0&foub=mcpp","Pesan online","","",""
"https://www.google.com/maps/place/kedai+kuliner+bang+kenzie/data=!4m7!3m6!1s0x2e7a5f19c8447c65:0x5269a0b90e679d3b!8m2!3d-7.7512651!4d110.3720933!16s%2Fg%2F11hhfjjx4d!19sChIJZXxEyBlfei4RO51nDrmgaVI?authuser=0&hl=id&rclk=1","kedai kuliner bang kenzie","4,4","(113)","·","Rp 1–25.000","Restoran","·","","·","69XC+GVG, Jl. Ring Road Utara","Buka","· Tutup pukul 22.00","https://lh3.googleusercontent.com/gps-cs-s/APNQkAHHP6b1BxlVMoa-0YrFGXol5VY85pX9iTy_gJ9tfUjApJ-NDMj01ZobRVkmsskYjgWM9O7q9FknUAsjYjEMM4Kc--jjBmS4mQUur5W4IoE4_zstCIUqQdaWlsl5LFgBvS-mrlE=w80-h106-k-no","https://ssl.gstatic.com/local/servicebusiness/default_user.png","""Kesini karena pengen bakso, dan rasanya enak banget, dijamin HALAL""","","","","",""
"https://www.google.com/maps/place/Yoshinoya+Kaliurang/data=!4m7!3m6!1s0x2e7a591b34062b73:0xc5426429f29f6561!8m2!3d-7.7615476!4d110.3804487!16s%2Fg%2F11f65h7r83!19sChIJcysGNBtZei4RYWWf8ilkQsU?authuser=0&hl=id&rclk=1","Yoshinoya Kaliurang","4,4","(2.736)","·","Rp 50–75 rb","Jepang","·","","Jl. Kaliurang Jl. Pogung Kidul No.5","","Buka","· Tutup pukul 22.00","https://lh3.googleusercontent.com/gps-cs-s/APNQkAFEicrTfrXMrL0GpRHsU0D59CR-R82A5qFoqJjG4AD6563VjvNL7GGh5tA3XqXg_iDjZVDItDTCP6YkK8vLDOjLplU3n6F9yr1riMBZJJ_p-fo22On9SLoE_diVeLZNgvqPxdVg=w163-h92-k-no","https://ssl.gstatic.com/local/servicebusiness/default_user.png","""Makanannya enak, suasana cukup nyaman, ada toilet dan mushola juga.""","https://www.google.com/searchviewer/42?cvd=CLw_EicKJeICIjIgEhkiF9LX29IPEQoNL2cvMTFmNjVoN3I4MxgBOgMI8A0%3D&hl=id-ID&gl=id&fo_m=MfohQo559jFvMUOzJVpjPL1YMfZ3bInYwBDuMfaXTPp5KXh-&utm_source=tactile&gei=oin3afrPJqKz4-EP2cbtqQY&ei=oin3afrPJqKz4-EP2cbtqQY&fo_s=OA&opi=79508299&orderType=1&ebb=1&cs=0&foub=mcpp","Pesan online","","",""
"https://www.google.com/maps/place/Warung+Makan+Rahayu/data=!4m7!3m6!1s0x2e7a59a02e133225:0x8b66c5459f2877e1!8m2!3d-7.7552111!4d110.402055!16s%2Fg%2F11b6p7mlc6!19sChIJJTITLqBZei4R4Xcon0XFZos?authuser=0&hl=id&rclk=1","Warung Makan Rahayu","4,6","(35)","·","Rp 1–25.000","Jawa","·","","Jl. Delima","","Tutup","· Buka Sen pukul 08.00","https://lh3.googleusercontent.com/gps-proxy/ALd4DhEJcgeoKmXufB0JSX6at4paeusjmwnuNZYh92YSG_gAX9bvTv7UOW-oGdsZAD7SOwP4aSKw8Jgk9f9kaeJsdQer0kLN1CA17hYJZWMI9PW_LUb6ncHa8o0S_Qp_-9fFHXZEWdu-zi6WwvH0NfmSARkFSndNjdYE6vUKZ9325Uqg-YRJbPGFd-CCYPFxrI_tRQcBLg=w122-h92-k-no","https://ssl.gstatic.com/local/servicebusiness/default_user.png","""Warung makan dekat Polda DIY""","","","","",""
"https://www.google.com/maps/place/RM,+GEMBLUNG/data=!4m7!3m6!1s0x2e7a58498d7c40c9:0xa53e0239626e3b4a!8m2!3d-7.7737355!4d110.3717863!16s%2Fg%2F11cn6kdqfb!19sChIJyUB8jUlYei4RSjtuYjkCPqU?authuser=0&hl=id&rclk=1","RM, GEMBLUNG","4,7","(24)","·","$","Restoran","·","","T.9, Jl. Blimbingsari Blk. D No.39","","Tutup","· Buka Sen pukul 14.30","https://lh3.googleusercontent.com/gps-cs-s/APNQkAF79NsXPGImfkmK1hE8p2CBU1ASObtH4dF3lFBLIBtSajuP-duxnnY_TWVEA_i5bnZy1yVhSIHqIZYSkYo7VLBmLYYQABgL1WURvS2zTgaffV0Ueed9rvpiyXDpDKx17rIb4MS-iw=w123-h92-k-no","","Makan di tempat","","","","Bawa pulang",""
"https://www.google.com/maps/place/Lotek+%26+Gado-Gado+Bu+Bagyo+Colombo/data=!4m7!3m6!1s0x2e7a59c865884d5f:0xb81ad3f773bbdb5!8m2!3d-7.7758328!4d110.3915534!16s%2Fg%2F1pt_1c7fc!19sChIJX02IZchZei4Rtb07dz-tgQs?authuser=0&hl=id&rclk=1","Lotek & Gado-Gado Bu Bagyo Colombo","4,4","(1.558)","·","Rp 1–25.000","Indonesia","·","","·","Jl. Moses Gatotkaca No.3","Buka","· Tutup pukul 19.00","https://lh3.googleusercontent.com/gps-cs-s/APNQkAGFB2iCGC6-RzohisKks6D8Z-MnLvAAUYR0RVBPqpU6fyAhd3USvymgK8XEoGvvUQjypxF_atumI2EonJYW3xMYjoDvYxeWZYvRXHo9LzcUwWpLFGYrXJTM0SRGzIZUQpFKPlIC=w189-h92-k-no","https://ssl.gstatic.com/local/servicebusiness/default_user.png","""Warung ini menyediakan aneka macam","https://www.google.com/searchviewer/42?cvd=CLw_EiYKJOICITIfEhgiFtLX29IPEAoML2cvMXB0XzFjN2ZjGAE6AwjwDQ%3D%3D&hl=id-ID&gl=id&fo_m=MfohQo559jFvMUOzJVpjPL1YMfZ3bInYwBDuMfaXTPp5KXh-&utm_source=tactile&gei=oin3afrPJqKz4-EP2cbtqQY&ei=oin3afrPJqKz4-EP2cbtqQY&fo_s=OA&opi=79508299&orderType=1&ebb=1&cs=0&foub=mcpp","Pesan online","","makanan","dengan bumbu kacang."""
"https://www.google.com/maps/place/Sugoi+Ramen+Express/data=!4m7!3m6!1s0x2e7a59d6d8c10edd:0xc669694a54b27799!8m2!3d-7.7556502!4d110.3964082!16s%2Fg%2F11jfc83z4n!19sChIJ3Q7B2NZZei4RmXeyVEppacY?authuser=0&hl=id&rclk=1","Sugoi Ramen Express","4,5","(4.986)","·","Rp 25–50 rb","Ramen","·","","·","Ruko Kelapa Hijau No. 18","Buka","· Tutup pukul 23.30","https://lh3.googleusercontent.com/gps-cs-s/APNQkAGmI-FZdubBF8Z6zFr3aklQG2mYNdTf1jH8em8ex5FYlW4Lo19UaIKouKua7W2iMXwk0UqDbB6FKkHWzy5aiBer6KZBGf1VQQZwPe20pL-QMJ5NGCwO86Yf-hKb7ALei1ax6-UhNQ=w163-h92-k-no","https://ssl.gstatic.com/local/servicebusiness/default_user.png","""Untuk","https://www.google.com/searchviewer/42?cvd=CLw_EicKJeICIjIgEhkiF9LX29IPEQoNL2cvMTFqZmM4M3o0bhgBOgMI8A0%3D&hl=id-ID&gl=id&fo_m=MfohQo559jFvMUOzJVpjPL1YMfZ3bInYwBDuMfaXTPp5KXh-&utm_source=tactile&gei=oin3afrPJqKz4-EP2cbtqQY&ei=oin3afrPJqKz4-EP2cbtqQY&fo_s=OA&opi=79508299&orderType=1&ebb=1&cs=0&foub=mcpp","Pesan online","","makanan","dan minumannya rasanya oke dg harga terjangkau."""
"https://www.google.com/maps/place/Sop+Buntut+Bu+Menuk+2/data=!4m7!3m6!1s0x2e7a59cc1c8b7cd7:0x82365260f397e982!8m2!3d-7.7593537!4d110.381072!16s%2Fg%2F11q97fyx41!19sChIJ13yLHMxZei4RgumX82BSNoI?authuser=0&hl=id&rclk=1","Sop Buntut Bu Menuk 2","4,6","(665)","·","Rp 25–50 rb","Indonesia","·","","Jl. Kaliurang","","Tutup","· Buka Sen pukul 10.00","https://lh3.googleusercontent.com/gps-cs-s/APNQkAFW0HaoCNf7dc9GoLoCsR8uBVWT1MkgZqr_fs-HQJLSMoZdujR6uIJ_o1f8EFJl7ETSXj53HUEvr4QWsTP2L5YyPlnov5GV2BM7oo3mjQYesES1RiH1yRWOC61CN4_pObCNMF6ySVMsKT-6=w122-h92-k-no","https://ssl.gstatic.com/local/servicebusiness/default_user.png","""Sambalnya enak, kayaknya ada bumbu khususnya yang kelihatan beda banget.""","https://www.google.com/searchviewer/42?cvd=CLw_EicKJeICIjIgEhkiF9LX29IPEQoNL2cvMTFxOTdmeXg0MRgBOgMI8A0%3D&hl=id-ID&gl=id&fo_m=MfohQo559jFvMUOzJVpjPL1YMfZ3bInYwBDuMfaXTPp5KXh-&utm_source=tactile&gei=oin3afrPJqKz4-EP2cbtqQY&ei=oin3afrPJqKz4-EP2cbtqQY&fo_s=OA&opi=79508299&orderType=1&ebb=1&cs=0&foub=mcpp","Pesan online","","",""
"https://www.google.com/maps/place/STABLE+COFFEE/data=!4m7!3m6!1s0x2e7a5900079e8799:0x91dbfbaffb6ff59d!8m2!3d-7.7841296!4d110.4127526!16s%2Fg%2F11wqn2fdh4!19sChIJmYeeBwBZei4RnfVv-6_725E?authuser=0&hl=id&rclk=1","STABLE COFFEE","4,9","(22)","","","Restoran","·","","·","Jl Adisucipto.114a,gowok, Caturtunggal kec,Depok kab, Sleman Daerah, istimewa Yogyakarta","Buka","· Tutup pukul 22.00","https://lh3.googleusercontent.com/gps-cs-s/APNQkAEEZlUs3RGS-Fj5XpseEE-18XR5XQbO6XD1AcsUvKuN37e9Jd16Of9Lok6SwpI9S8Tm4s5Q2Q_IGw1Wh_jYwRWstyQ_ePwrmNNVDvnPeXv3AbtaCgW__-PL_HZP_7qjAYVnQia7rA=w80-h106-k-no","https://ssl.gstatic.com/local/servicebusiness/default_user.png","""Sayangnya pilihan menu cemilan sedikit sekali.""","","","","",""
"https://www.google.com/maps/place/Gudeg+Yu+Djum+avi+-+Kaliurang+KM+5/data=!4m7!3m6!1s0x2e7a598f00a394fb:0xe3a02e9d757669a6!8m2!3d-7.7632604!4d110.3801061!16s%2Fg%2F11rgdkn5jg!19sChIJ-5SjAI9Zei4Rpml2dZ0uoOM?authuser=0&hl=id&rclk=1","Gudeg Yu Djum avi - Kaliurang KM 5","4,6","(92)","·","Rp 25–50 rb","Jawa","·","","Jl. Kaliurang Gg. Srikaton No.2 KM 5","","Buka","· Tutup pukul 21.00","https://lh3.googleusercontent.com/gps-cs-s/APNQkAHB6VHb5AcYLmVsoW8eOI8XEJ_f1Bmr2fX0c5SuIAnPXiai57JZif5FmAxIK_aGORGndYUG4BS7tBWjOa_2mLuqk6GRFO1xCjG_dBI5vVOw_Qf-yC-58XHhvnJerPJN6XsZmDAX=w138-h92-k-no","https://ssl.gstatic.com/local/servicebusiness/default_user.png","""Maknyus telor dan ayamnya
Saya tidak makan gudeg nya karena maniz sekalee""","https://www.google.com/searchviewer/42?cvd=CLw_EicKJeICIjIgEhkiF9LX29IPEQoNL2cvMTFyZ2RrbjVqZxgBOgMI8A0%3D&hl=id-ID&gl=id&fo_m=MfohQo559jFvMUOzJVpjPL1YMfZ3bInYwBDuMfaXTPp5KXh-&utm_source=tactile&gei=oin3afrPJqKz4-EP2cbtqQY&ei=oin3afrPJqKz4-EP2cbtqQY&fo_s=OA&opi=79508299&orderType=1&ebb=1&cs=0&foub=mcpp","Pesan online","","",""
"https://www.google.com/maps/place/Warung+Makan+Bu+Ita+Mlati+-+Makanan+Enak+di+Jogja/data=!4m7!3m6!1s0x2e7a58551405a831:0x9068492f206c29eb!8m2!3d-7.7563615!4d110.3667397!16s%2Fg%2F11crzj7dl0!19sChIJMagFFFVYei4R6ylsIC9JaJA?authuser=0&hl=id&rclk=1","Warung Makan Bu Ita Mlati - Makanan Enak di Jogja","4,4","(1.027)","·","Rp 1–25.000","Masakan Asia","·","","·","Jl. Rusunawa Mranggen","Buka","· Tutup pukul 22.30","https://lh3.googleusercontent.com/gps-cs-s/APNQkAFmP4oSm7H_xeiI1PiQoxs_K7Ny8_ve12jSwxKTm6c4XivmkhY69xoWWC5fc-ntYT1HG90Dz17zpeuy4qE0CU6_sn9GK6Np8LhsmEcTyk9BZ8RJ6GdZCSRbEXVAZxLIkcAh4naf=w138-h92-k-no","https://ssl.gstatic.com/local/servicebusiness/default_user.png","""Makanannya enak-enak dan harganya murah dengan porsi yang cukup banget.""","https://www.google.com/searchviewer/42?cvd=CLw_EicKJeICIjIgEhkiF9LX29IPEQoNL2cvMTFjcnpqN2RsMBgBOgMI8A0%3D&hl=id-ID&gl=id&fo_m=MfohQo559jFvMUOzJVpjPL1YMfZ3bInYwBDuMfaXTPp5KXh-&utm_source=tactile&gei=oin3afrPJqKz4-EP2cbtqQY&ei=oin3afrPJqKz4-EP2cbtqQY&fo_s=OA&opi=79508299&orderType=1&ebb=1&cs=0&foub=mcpp","Pesan online","","",""
"https://www.google.com/maps/place/KAFE+basabasi+Nologaten/data=!4m7!3m6!1s0x2e7a598d423b5eff:0xa4d8e7f026190286!8m2!3d-7.7783556!4d110.399491!16s%2Fg%2F11gsbp3s2d!19sChIJ_147Qo1Zei4RhgIZJvDn2KQ?authuser=0&hl=id&rclk=1","KAFE basabasi Nologaten","4,4","(2.947)","·","Rp 1–25.000","Kafe","·","","·","Jl. Jatempanol Jl. Nologaten","Buka","· Tutup pukul 02.00","https://lh3.googleusercontent.com/gps-cs-s/APNQkAERnkkgANBkqRgD80L6HbiG0fYD0zXIgfDyyEN4cYuzJpO8sHDQ0k9OnPnbx7juHncS6plQ-5GF89DY0pXGtM89iT8InNcZ0mh4cBWjoXba0f9Fgy6HXsW858zyJQWxLi7nCbv-=w163-h92-k-no","https://ssl.gstatic.com/local/servicebusiness/default_user.png","""","","","","Makanan","dan minumannya murah-murah standar mahasiswa."""
"https://www.google.com/maps/place/Ayam+Geprek+Sarjana/data=!4m7!3m6!1s0x2e7a59b60df3d223:0xcfea44d47ff7d58a!8m2!3d-7.7734241!4d110.3852596!16s%2Fg%2F11b6bgb_pg!19sChIJI9LzDbZZei4RitX3f9RE6s8?authuser=0&hl=id&rclk=1","Ayam Geprek Sarjana","4,6","(807)","·","Rp 1–25.000","Restoran","·","","·","Jl. Karangmalang","Tutup","· Buka Sen pukul 09.00","https://lh3.googleusercontent.com/gps-cs-s/APNQkAFtspqAQVEArJvLutXhXrEnrDpuT3HgfDWaYghMfrDjGXhHqzawWZRCJr3qInZlLZKs7Avwz4YsPuUvyesGhhF5NSoFafCRoDkdFshvTWeWzkoDeXL7LIQDPXCDsP2zXcuNQPA=w125-h92-k-no","https://ssl.gstatic.com/local/servicebusiness/default_user.png","""Ayam gepreknya enak, sambelnya mantap nasi ambil sendiri.""","","","","",""
"https://www.google.com/maps/place/Mie+Gacoan+Gejayan/data=!4m7!3m6!1s0x2e7a5959d1aafeb9:0x1906e7ba074b3daa!8m2!3d-7.7637281!4d110.3931354!16s%2Fg%2F11q4h7jcvb!19sChIJuf6q0VlZei4Rqj1LB7rnBhk?authuser=0&hl=id&rclk=1","Mie Gacoan Gejayan","4,5","(11.027)","·","Rp 1–25.000","Mi","·","","·","Jl. Affandi No.9","Buka 24 jam","","https://lh3.googleusercontent.com/gps-cs-s/APNQkAH8w0eRuMrIW4l7EvLSvvM4yXEfGbJQy8vPmU1Eb74NpxZYZXsh_qQ7Ta2_3VmBa-J9sdaSv9r0_xofOsraxbj2GGihCkxgKVqs35tmWduquQ-0ngz7HXiY-cAdDPPFggLJgBhT=w80-h106-k-no","https://ssl.gstatic.com/local/servicebusiness/default_user.png","""Semua menunya enak dan tempatnya juga nyaman, bersih dan pelayanan bagus""","https://www.google.com/searchviewer/42?cvd=CLw_EicKJeICIjIgEhkiF9LX29IPEQoNL2cvMTFxNGg3amN2YhgBOgMI8A0%3D&hl=id-ID&gl=id&fo_m=MfohQo559jFvMUOzJVpjPL1YMfZ3bInYwBDuMfaXTPp5KXh-&utm_source=tactile&gei=oin3afrPJqKz4-EP2cbtqQY&ei=oin3afrPJqKz4-EP2cbtqQY&fo_s=OA&opi=79508299&orderType=1&ebb=1&cs=0&foub=mcpp","Pesan online","","",""
"https://www.google.com/maps/place/Kopi+Tiam+Kapuas+Hulu+Condongcatur/data=!4m7!3m6!1s0x2e7a59b64c18147f:0x19b9b4e9d38e2736!8m2!3d-7.7549862!4d110.3955713!16s%2Fg%2F11khvhhxyv!19sChIJfxQYTLZZei4RNieO0-m0uRk?authuser=0&hl=id&rclk=1","Kopi Tiam Kapuas Hulu Condongcatur","4,2","(1.090)","·","Rp 25–50 rb","Kedai Kopi","·","","Jl. Wira Jaya No.310a","","Buka","· Tutup pukul 22.00","https://lh3.googleusercontent.com/gps-cs-s/APNQkAFepMDf-ZUlCgErzYO-0dwrzoBf-DZ5DQmj0vSJrDFVdMV6NypWFkKsdRbmdQnoHn7Y6TP30iIXOYCpGYDHZXhpDl_gNb-4ZfRIn0q86-BkOlM5uoPx5YoY9LPWmPp_4E6bZZmz=w122-h92-k-no","https://ssl.gstatic.com/local/servicebusiness/default_user.png","""nasi goreng seefood mantab, teh tariknya juga, harga standar""","https://www.google.com/searchviewer/42?cvd=CLw_EicKJeICIjIgEhkiF9LX29IPEQoNL2cvMTFraHZoaHh5dhgBOgMI8A0%3D&hl=id-ID&gl=id&fo_m=MfohQo559jFvMUOzJVpjPL1YMfZ3bInYwBDuMfaXTPp5KXh-&utm_source=tactile&gei=oin3afrPJqKz4-EP2cbtqQY&ei=oin3afrPJqKz4-EP2cbtqQY&fo_s=OA&opi=79508299&orderType=1&ebb=1&cs=0&foub=mcpp","Pesan online","","",""
"https://www.google.com/maps/place/Rumah+Makan+Omah+Abah+%28+Sop+Ayam+Kampung,+Ayam+Goreng+Laos,+Nasi+Merah,+Nasi+Box+%29/data=!4m7!3m6!1s0x2e7a590d263c83b3:0x1a4b6b791c528a8e!8m2!3d-7.7449335!4d110.397142!16s%2Fg%2F11fzf0skbg!19sChIJs4M8Jg1Zei4RjopSHHlrSxo?authuser=0&hl=id&rclk=1","Rumah Makan Omah Abah ( Sop Ayam Kampung, Ayam Goreng Laos, Nasi Merah, Nasi Box )","4,6","(398)","·","Rp 1–25.000","Restoran","·","","·","Jl. Gambuh No.3","Buka","· Tutup pukul 21.00","https://lh3.googleusercontent.com/gps-cs-s/APNQkAGyLjWVMN4FUqF22t737cYvqdMFP4LwIKhcLON-KW9LXaB7VGN1D_AQZCNwIM_FvpL-08wb86TgnVWU1icPvJrR-vPNVXVvRogu8m8RDOkC-9V0cMfMRj6j2qvjMxFcWlSHtw-T=w122-h92-k-no","https://ssl.gstatic.com/local/servicebusiness/default_user.png","""Cobain sop ayam kampung, mie kuah tektek, mie geyol, kopi susu aren.""","https://www.google.com/searchviewer/42?cvd=CLw_EicKJeICIjIgEhkiF9LX29IPEQoNL2cvMTFmemYwc2tiZxgBOgMI8A0%3D&hl=id-ID&gl=id&fo_m=MfohQo559jFvMUOzJVpjPL1YMfZ3bInYwBDuMfaXTPp5KXh-&utm_source=tactile&gei=pCn3aYvlHqPC4-EP8eGQkQc&ei=pCn3aYvlHqPC4-EP8eGQkQc&fo_s=OA&opi=79508299&orderType=1&ebb=1&cs=0&foub=mcpp","Pesan online","","",""
"https://www.google.com/maps/place/Panties+Pizza+Gejayan/data=!4m7!3m6!1s0x2e7a59bad6193bb1:0xa346d5ecb9e8d73e!8m2!3d-7.7639761!4d110.3935272!16s%2Fg%2F11b8v9yz12!19sChIJsTsZ1rpZei4RPtfouezVRqM?authuser=0&hl=id&rclk=1","Panties Pizza Gejayan","4,5","(3.899)","·","Rp 25–50 rb","Pizza","·","","·","Jl. Affandi No.18A","Buka","· Tutup pukul 21.30","https://lh3.googleusercontent.com/gps-cs-s/APNQkAEVEcMiVdffu7SWYLsFzR1sry7KwWEOtIk-UH0gUA4iTwopBRlRO9BwI76UaxpnOx93Pap5bFOcNuSkXWmhZQF3C90WEofBheN1BC3BMhSzTb7_FEnGcxgQ0iVuj1drz-eQSEDj=w163-h92-k-no","https://ssl.gstatic.com/local/servicebusiness/default_user.png","""makanannya enakkkk semua, tempatnya super comfy dan dingin👍""","https://www.google.com/searchviewer/42?cvd=CLw_EicKJeICIjIgEhkiF9LX29IPEQoNL2cvMTFiOHY5eXoxMhgBOgMI8A0%3D&hl=id-ID&gl=id&fo_m=MfohQo559jFvMUOzJVpjPL1YMfZ3bInYwBDuMfaXTPp5KXh-&utm_source=tactile&gei=pCn3aYvlHqPC4-EP8eGQkQc&ei=pCn3aYvlHqPC4-EP8eGQkQc&fo_s=OA&opi=79508299&orderType=1&ebb=1&cs=0&foub=mcpp","Pesan online","","",""
"https://www.google.com/maps/place/Mirota+Bakery+Kotabaru/data=!4m7!3m6!1s0x2e7a5831e648ffbd:0xc7d6ea3ab4b8da38!8m2!3d-7.7850451!4d110.3713107!16s%2Fg%2F11xcprhbq!19sChIJvf9I5jFYei4RONq4tDrq1sc?authuser=0&hl=id&rclk=1","Mirota Bakery Kotabaru","4,5","(1.259)","·","$$","Toko Roti","·","","·","Jl. F.M. Noto No.7","Buka","· Tutup pukul 19.00","https://lh3.googleusercontent.com/gps-cs-s/APNQkAGwF-7WnFoME79EZ_Bf3-Mx1UNZ-12vNyT5Q5IAZgExWVRn_2KJBOBfMS8U0mndOvdVZCjINgPwIU-i0uPBFI9BeO1aRqHdcktJWaAfSAaS583c1gyTVZiEMnLEvYnQ4lo4n6Em=w163-h92-k-no","https://ssl.gstatic.com/local/servicebusiness/default_user.png","""Rotinya empuk,jajanan pasar aneka kue2nya juga enak.""","https://www.google.com/searchviewer/42?cvd=CLw_EiYKJOICITIfEhgiFtLX29IPEAoML2cvMTF4Y3ByaGJxGAE6AwjwDQ%3D%3D&hl=id-ID&gl=id&fo_m=MfohQo559jFvMUOzJVpjPL1YMfZ3bInYwBDuMfaXTPp5KXh-&utm_source=tactile&gei=pCn3aYvlHqPC4-EP8eGQkQc&ei=pCn3aYvlHqPC4-EP8eGQkQc&fo_s=OA&opi=79508299&orderType=1&ebb=1&cs=0&foub=mcpp","Pesan online","","",""
"https://www.google.com/maps/place/WAREG+STREET+FOOD/data=!4m7!3m6!1s0x2e7a59bc3374a863:0xeee719084954e539!8m2!3d-7.7748826!4d110.3950957!16s%2Fg%2F11g86n3jsb!19sChIJY6h0M7xZei4ROeVUSQgZ5-4?authuser=0&hl=id&rclk=1","WAREG STREET FOOD","5,0","(2)","","","Restoran","·","","Jl. Beo No.40A","","Tutup","· Buka Sen pukul 09.00","https://streetviewpixels-pa.googleapis.com/v1/thumbnail?panoid=eWDqfftk7H2jz875cN0lVg&cb_client=search.gws-prod.gps&w=80&h=92&yaw=146.03485&pitch=0&thumbfov=100","","Makan di tempat","","","","Bawa pulang","Pesan antar"
"https://www.google.com/maps/place/Happy+Bee+Galleria+Mall/data=!4m7!3m6!1s0x2e7a5833b3ea4029:0x4dd4d54f8d5cd45d!8m2!3d-7.7824583!4d110.3788986!16s%2Fg%2F1pzq3vw7n!19sChIJKUDqszNYei4RXdRcjU_V1E0?authuser=0&hl=id&rclk=1","Happy Bee Galleria Mall","3,9","(137)","","","Jl. Jend. Sudirman No.75, RW.001","","","","","Buka","· Tutup pukul 21.00","https://lh3.googleusercontent.com/gps-cs-s/APNQkAFs9owLAZH9Vqx3RWv8aHmX0rRGSKkOoN-xD1QncO85IMe5T9YtJrjRpQO-GrthZODidfCLlxCfB3mStjYfadIdmvRIkyslIse0fWxMQe37I4Sq4crj1NOtElQNGCndl-6HLdNb=w92-h92-k-no","https://ssl.gstatic.com/local/servicebusiness/default_user.png","""Rasa","","","","makanan","nya masih enak, beli paket lebih murah."""
"https://www.google.com/maps/place/Mie+Ayam+Kamehame/data=!4m7!3m6!1s0x2e7a59cda60aa821:0x1433b21bbe0e43d9!8m2!3d-7.7829128!4d110.3825431!16s%2Fg%2F11c5_kdvzh!19sChIJIagKps1Zei4R2UMOvhuyMxQ?authuser=0&hl=id&rclk=1","Mie Ayam Kamehame","4,4","(1.313)","·","Rp 1–25.000","Mi","·","","·","Jl. Urip Sumoharjo No.63","Tutup","· Buka pukul 21.30","https://lh3.googleusercontent.com/gps-cs-s/APNQkAGyRHOrzjHpjRLyx7rKNj59OHvaP_7PmfN_F1JDSgw7bhPIo5ZeDuc74PVIqrrRwYXhYg6zWAaLV7dEYCz8LvjZy5rYgQgFd8cuBWi_HIMfB6LjFVaSpasnjRILasiMwtcGZCmy=w122-h92-k-no","https://ssl.gstatic.com/local/servicebusiness/default_user.png","""mie ayam kuah sate beneran mirip sate sih bumbunya.""","https://www.google.com/searchviewer/42?cvd=CLw_EicKJeICIjIgEhkiF9LX29IPEQoNL2cvMTFjNV9rZHZ6aBgBOgMI8A0%3D&hl=id-ID&gl=id&fo_m=MfohQo559jFvMUOzJVpjPL1YMfZ3bInYwBDuMfaXTPp5KXh-&utm_source=tactile&gei=pCn3aYvlHqPC4-EP8eGQkQc&ei=pCn3aYvlHqPC4-EP8eGQkQc&fo_s=OA&opi=79508299&orderType=1&ebb=1&cs=0&foub=mcpp","Pesan online","","",""
"https://www.google.com/maps/place/Bakso+Cak+Man+Ambarukmo+Plaza/data=!4m7!3m6!1s0x2e7a59e5054ad009:0x23fe2637e97e8c71!8m2!3d-7.7820293!4d110.4012831!16s%2Fg%2F11qhgftqhn!19sChIJCdBKBeVZei4RcYx-6Tcm_iM?authuser=0&hl=id&rclk=1","Bakso Cak Man Ambarukmo Plaza","4,4","(1.182)","·","Rp 25–50 rb","Bakso","·","","Jl. Laksda Adisucipto No.62","","Buka","· Tutup pukul 22.00","https://lh3.googleusercontent.com/gps-cs-s/APNQkAEgjTwmkak2YXjEOW2N_YMSZz2vF-NqSs4kyIZ-MaxSZt4BHCjNsAsnirkHiVIA00Z2MGBOwzW2zhUpKYQs9pumfU9ufts0ocms2BUTcJF8p-hyEocdLlaEHGd0BW7j2ihlJkQ=w163-h92-k-no","https://ssl.gstatic.com/local/servicebusiness/default_user.png","""Gurih rasa kuahnya,  daging sapinya terasa sekali.""","","","","",""
"https://www.google.com/maps/place/Makanan+jogja+-+win313/data=!4m7!3m6!1s0x2e7a593aa6020d11:0x7fa7b2b346a5502c!8m2!3d-7.7816392!4d110.3881983!16s%2Fg%2F11y_pw6tjn!19sChIJEQ0CpjpZei4RLFClRrOyp38?authuser=0&hl=id&rclk=1","Makanan jogja - win313","","","","","Pujasera","·","","Jl. Affandi No.18","","Buka 24 jam","","https://lh3.googleusercontent.com/gps-cs-s/APNQkAHI197HR8pnDSZ6zErR0Y-WBcUl0zXBG5h_UM_jizrudGHFCrNe9NqmENTwQB5eAhayROYFh8qvZSf4w9WCWC29oVSEMJipgA37bsFu-XWfhVNWEGPW_RzyyzkdUuFtwGSttW0Eivs06jEw=w138-h92-k-no","","","","","","",""
"https://www.google.com/maps/place/Genki+sushi+plaza+ambarukmo/data=!4m7!3m6!1s0x2e7a59d6e0b967b9:0xe130dc05d4cc1ca2!8m2!3d-7.7823147!4d110.4013199!16s%2Fg%2F11hfxljqtl!19sChIJuWe54NZZei4RohzM1AXcMOE?authuser=0&hl=id&rclk=1","Genki sushi plaza ambarukmo","4,7","(1.469)","·","$$","Jepang","·","","Jl. Laksda Adisucipto","","Buka","· Tutup pukul 21.30","https://lh3.googleusercontent.com/gps-cs-s/APNQkAGCMBsG2mFOW-_HBRMR96EEZUGWDeNV3ghJ33YGYc7j8Ucuc3PPGTJgERCmZOVtco4T2OXdadMAWK3GjBqVyZ_DwD0IdzijUjfk_pvUUwGDrr8tj7Yy_JmcU5scFHq8Ocgunqgz6A=w122-h92-k-no","https://ssl.gstatic.com/local/servicebusiness/default_user.png","""rasa makanannya enak, pelayanan nya ramah, baby octopus gunkan juaraa🫶🏻""","https://www.google.com/searchviewer/42?cvd=CLw_EicKJeICIjIgEhkiF9LX29IPEQoNL2cvMTFoZnhsanF0bBgBOgMI8A0%3D&hl=id-ID&gl=id&fo_m=MfohQo559jFvMUOzJVpjPL1YMfZ3bInYwBDuMfaXTPp5KXh-&utm_source=tactile&gei=pCn3aYvlHqPC4-EP8eGQkQc&ei=pCn3aYvlHqPC4-EP8eGQkQc&fo_s=OA&opi=79508299&orderType=1&ebb=1&cs=0&foub=mcpp","Pesan online","","",""
"https://www.google.com/maps/place/Kobessah+Kopi/data=!4m7!3m6!1s0x2e7a59c282f87dd7:0x374ed46636232aeb!8m2!3d-7.7577544!4d110.3967873!16s%2Fg%2F11g2xcnq0m!19sChIJ1334gsJZei4R6yojNmbUTjc?authuser=0&hl=id&rclk=1","Kobessah Kopi","4,6","(3.122)","·","Rp 1–25.000","Kafe","·","","·","Jl. Anggajaya 2 No.300","Buka","· Tutup pukul 03.00","https://lh3.googleusercontent.com/gps-cs-s/APNQkAEIL_FWl-DiUd_mH1jJlOvlmXOKBNNfwn3f_-oQIxybXvK2AKt1ftKE2BhIkaR_xyfIUiRzCwn-G4HXFaw-39l0_EhYVw50HG_hVOGf_oZuUTQN1AjWbS2CQcSNPZ3CyDh7tZG-P5bR0tw=w163-h92-k-no","https://ssl.gstatic.com/local/servicebusiness/default_user.png","""Tempatnya cozy,","","","","makanan","& minumannya enak, harga afordable"""
"https://www.google.com/maps/place/Carney+Co/data=!4m7!3m6!1s0x2e7a59e58f31ff3f:0x6285971ef452a37a!8m2!3d-7.7754467!4d110.4099001!16s%2Fg%2F11jll0vx1_!19sChIJP_8xj-VZei4ReqNS9B6XhWI?authuser=0&hl=id&rclk=1","Carney Co","4,5","(2.392)","·","Rp 25–50 rb","Kafe","·","","Jl. Garuni II","","Buka","· Tutup pukul 01.00","https://lh3.googleusercontent.com/gps-cs-s/APNQkAF7ESHzduMjSEHhK5VXNRuQK4PBQCppP65idDrE2n8cq7OJs9As-WauUBJEIF3K3PGpzEwa_Irx-2fjU_1khShnLHMa89f9WPHlLmTQcc-SwI0Hmrgc2utXaVWovNqlxHk1LE8=w122-h92-k-no","https://ssl.gstatic.com/local/servicebusiness/default_user.png","""Nyaman, live acoustic, bersih, nuansa enak banget,","","","","makanan","enak"""
"https://www.google.com/maps/place/Sate+Seturan/data=!4m7!3m6!1s0x2e7a59916ddb6267:0xe3d5a999013aa3d7!8m2!3d-7.7678428!4d110.4100858!16s%2Fg%2F1pzw39xnp!19sChIJZ2LbbZFZei4R16M6AZmp1eM?authuser=0&hl=id&rclk=1","Sate Seturan","4,3","(556)","·","Rp 25–50 rb","Sate","·","","·","Jl. Seturan Raya No.99","Buka","· Tutup pukul 21.00","https://lh3.googleusercontent.com/gps-cs-s/APNQkAFJ2bxGIrNCvh8x7HzGo8LLh4jx72YMp0GHkM_6w04cT_2qGbwB2kouGuut9MOrOmO9DhWodqXP6vx72WL1CJRBDLC-swweznUZYnHQhvrFmP4M-7qMz40r2HzKn238AgTToAKPmg=w122-h92-k-no","https://ssl.gstatic.com/local/servicebusiness/default_user.png","""Sate ayamnya 7,5/10, sate kambing 7/10, nasi 7/10, es teh 7,5/10.""","","","","",""
"https://www.google.com/maps/place/Warung+Makan+Cagak+Urip/data=!4m7!3m6!1s0x2e7a5900b2e9fca9:0x9fb4e79a3d9b17fa!8m2!3d-7.7532109!4d110.3844939!16s%2Fg%2F11bbyfj176!19sChIJqfzpsgBZei4R-hebPZrntJ8?authuser=0&hl=id&rclk=1","Warung Makan Cagak Urip","4,2","(6)","","","Rumah Makan","·","","·","Jl. Kaliurang No.6","Tutup","· Buka Sen pukul 07.00","https://lh3.googleusercontent.com/gps-cs-s/APNQkAEyMdyOrLsDLR2lXhdCQ1qaF3NmgGwGO4o8W1-gNAv3P11qN0hSkTCzv7qRjFDHHqT8bHy09opLDN66hOt3lNAbrKMaRTFKC8X2iW5LEWvikOEjeX-E7Rp7WY-43W_0fVIwpxOb=w80-h142-k-no","","Makan di tempat","","","","Bawa pulang",""
"https://www.google.com/maps/place/Bakso+Babi+Pak+Gundul/data=!4m7!3m6!1s0x2e7a59da30e41443:0x6c06b240d0fa8d31!8m2!3d-7.7887925!4d110.3927688!16s%2Fg%2F11c5xllrdr!19sChIJQxTkMNpZei4RMY360ECyBmw?authuser=0&hl=id&rclk=1","Bakso Babi Pak Gundul","4,5","(1.413)","·","Rp 1–25.000","Bakso","·","","","","Tutup","· Buka Sen pukul 09.30","https://lh3.googleusercontent.com/gps-cs-s/APNQkAFn0kUriO7Q2eCyqBKWgRtlIVEwIwR6PmYGZ2RLcbY5qAYY5E4jMuZ5Rw4K6Wnp1QeXzCgZvsbQPF1FU2Pi-RwmLh4FWK7691I1HuJuE03iUcimi372qv9Cvmfv9rNhhiw4=w163-h92-k-no","https://ssl.gstatic.com/local/servicebusiness/default_user.png","""1 porsi campur isi bakso, siomay goreng, bakso goreng, tahu, mie, sayur.""","","","","",""
"https://www.google.com/maps/place/MENOEWA+KOPI+JOGJA/data=!4m7!3m6!1s0x2e7a59654f583873:0x758dca406be1f41f!8m2!3d-7.7730284!4d110.4093002!16s%2Fg%2F11l49vfh6y!19sChIJczhYT2VZei4RH_Tha0DKjXU?authuser=0&hl=id&rclk=1","MENOEWA KOPI JOGJA","4,3","(2.273)","·","Rp 25–50 rb","Kafe","·","","Depok","","","","https://lh3.googleusercontent.com/gps-cs-s/APNQkAG1_V21sdi_V1M13l0TAqnZ-ERNI4Tj4AvWAWxXHeN9M_SfiPh6rSJ1gMGgvaLnLO8xLzbjoDsbPGa7XovaAOFBwiDJulnrIYSQZ_ObdYP2JADeqkHrpHOBjMm4Jz_V3qscbX1Q=w122-h92-k-no","https://ssl.gstatic.com/local/servicebusiness/default_user.png","""","","","","Makanan","dan minuman rasanya enak, banyak, worth it sekali."""
"https://www.google.com/maps/place/Dikarto+Aneka+Camilan/data=!4m7!3m6!1s0x2e7a59a0c9913dcf:0x9829b2aef398ee26!8m2!3d-7.754592!4d110.396846!16s%2Fg%2F11b69gfm_4!19sChIJzz2RyaBZei4RJu6Y866yKZg?authuser=0&hl=id&rclk=1","Dikarto Aneka Camilan","4,7","(90)","","","Grosir Barang Kelontong","·","","·","Jl. Anggajaya 1 No.181","Buka","· Tutup pukul 21.00","https://lh3.googleusercontent.com/gps-cs-s/APNQkAERGYgPXoyX27ZdcvsSKgdAcYI2Ig_TWQOXY-sVF33M-z0a6fp57CE_a68HA0ch12pir8sIlcQvlLgBW_-bhkgFMRg4oj6ezo8vRxpflMwBE3AHBNY5uPTn2gaOkRqPO0j-4zgnthV36HE=w80-h142-k-no","https://ssl.gstatic.com/local/servicebusiness/default_user.png","""Jajanan nya lumayan banyak, banyak variasinya juga, dan harga terjangkau""","","","","",""
"https://www.google.com/maps/place/Gerobak+United/data=!4m7!3m6!1s0x2e7a59507de94c75:0x52734cd37cb74dd!8m2!3d-7.7641851!4d110.3961371!16s%2Fg%2F11h230f20k!19sChIJdUzpfVBZei4R3XTLN800JwU?authuser=0&hl=id&rclk=1","Gerobak United","5,0","(7)","","","Restoran","","","","","Buka","· Tutup pukul 00.00","https://lh3.googleusercontent.com/gps-cs-s/APNQkAFjHsXP0mAKoIFOQpY8WmUEAaIa548KIbxL-vVsaCCdLhHXVr7LEauUS-8Fsy4Y2SMZWWtgDx1cFmvIrahB-R63KOkOmMxYo316TmCXus1eV5Trw8auARlJWRK75WV6DLh6fQREtg=w122-h92-k-no","","Makan di tempat","","","","Bawa pulang","Antar tanpa bertemu"
"https://www.google.com/maps/place/Steamboat+House+Plaza+Ambarrukmo/data=!4m7!3m6!1s0x2e7a59c2bb3c69b7:0x551868df854cb425!8m2!3d-7.7813313!4d110.4013677!16s%2Fg%2F1pzqqtswk!19sChIJt2k8u8JZei4RJbRMhd9oGFU?authuser=0&hl=id&rclk=1","Steamboat House Plaza Ambarrukmo","4,0","(55)","·","Rp 50–75 rb","Dim Sum","·","","·","Tamansari Foodcourt, Ambarrukmo Plaza, Lantai 3, Jalan Laksda Adisucipto Km.6","Buka","· Tutup pukul 22.00","https://lh3.googleusercontent.com/gps-cs-s/APNQkAFINIa51kiMoMzaS7_aaouz-SlHv7a5Bx7Zz3_Wg9ucxvahWAhaV8I9i2SbamYLn7xlIIB4cAlti5WqFbM_i6LDVXsUqBiUXdThbZM1x41lLdt6hSfBjSQiMna5SgERCYcFRbyQ=w92-h92-k-no","https://ssl.gstatic.com/local/servicebusiness/default_user.png","""Enak banget kuahnya""","","","","",""
"https://www.google.com/maps/place/Koat+Kopi+Seturan/data=!4m7!3m6!1s0x2e7a59f212ec1701:0x502d41b9c2951755!8m2!3d-7.7765107!4d110.4092098!16s%2Fg%2F11v3q6nxr9!19sChIJARfsEvJZei4RVReVwrlBLVA?authuser=0&hl=id&rclk=1","Koat Kopi Seturan","4,5","(760)","·","Rp 1–25.000","Kedai Kopi","","","","","Buka","· Tutup pukul 00.00","https://lh3.googleusercontent.com/gps-cs-s/APNQkAHZr-bDN1of-yoRyLHrnIdIveW7ig_KAf7zcPPuDx4bUF_A675B-1LSltF5oyDO8ZYwPSVKAyYIfB_Bk1u40AY9KoRptBymTGRN1gkFl9N-GSUWhp2R5Q2w2V_YvEAaQXUdrZe8Sw=w122-h92-k-no","https://ssl.gstatic.com/local/servicebusiness/default_user.png","""","https://www.google.com/searchviewer/42?cvd=CLw_EicKJeICIjIgEhkiF9LX29IPEQoNL2cvMTF2M3E2bnhyORgBOgMI8A0%3D&hl=id-ID&gl=id&fo_m=MfohQo559jFvMUOzJVpjPL1YMfZ3bInYwBDuMfaXTPp5KXh-&utm_source=tactile&gei=pCn3aYvlHqPC4-EP8eGQkQc&ei=pCn3aYvlHqPC4-EP8eGQkQc&fo_s=OA&opi=79508299&orderType=1&ebb=1&cs=0&foub=mcpp","Pesan online","","Makanan","jg enak, spt Nasi ayam, mie, tahu cabe Garam, dll."""
"https://www.google.com/maps/place/Crunch+Meal+Galeria+Mall/data=!4m7!3m6!1s0x2e7a597f641da97d:0xfa52dfa782b1ceed!8m2!3d-7.7824514!4d110.3789249!16s%2Fg%2F11fm53f8gy!19sChIJfakdZH9Zei4R7c6xgqffUvo?authuser=0&hl=id&rclk=1","Crunch Meal Galeria Mall","3,1","(48)","·","Rp 25–50 rb","Restoran","·","","Galeria Mall Lantai 3, Subha Food Court","","Buka","· Tutup pukul 21.00","https://lh3.googleusercontent.com/gps-cs-s/APNQkAFjElXUsTATGzZHGlQU97DZs9wjNyO0qhSI2EFno8NMAm7EmyzY4PuEYzTjYs_CTLTy4b7HW726qqRDW_a8olJAQ__z1_Vy9iI_doEBR25OG0YWe4yc8PAV_B36g3JLYt8UQZQnng=w122-h92-k-no","https://ssl.gstatic.com/local/servicebusiness/default_user.png","""Chicken mozza jg enak.""","https://www.google.com/searchviewer/42?cvd=CLw_EicKJeICIjIgEhkiF9LX29IPEQoNL2cvMTFmbTUzZjhneRgBOgMI8A0%3D&hl=id-ID&gl=id&fo_m=MfohQo559jFvMUOzJVpjPL1YMfZ3bInYwBDuMfaXTPp5KXh-&utm_source=tactile&gei=pCn3aYvlHqPC4-EP8eGQkQc&ei=pCn3aYvlHqPC4-EP8eGQkQc&fo_s=OA&opi=79508299&orderType=1&ebb=1&cs=0&foub=mcpp","Pesan online","","",""
"https://www.google.com/maps/place/Koat+Kopi+Seturan/data=!4m7!3m6!1s0x2e7a59f212ec1701:0x502d41b9c2951755!8m2!3d-7.7765107!4d110.4092098!16s%2Fg%2F11v3q6nxr9!19sChIJARfsEvJZei4RVReVwrlBLVA?authuser=0&hl=id&rclk=1","Koat Kopi Seturan","4,5","(760)","·","Rp 1–25.000","Kedai Kopi","","","","","Buka","· Tutup pukul 00.00","https://lh3.googleusercontent.com/gps-cs-s/APNQkAHZr-bDN1of-yoRyLHrnIdIveW7ig_KAf7zcPPuDx4bUF_A675B-1LSltF5oyDO8ZYwPSVKAyYIfB_Bk1u40AY9KoRptBymTGRN1gkFl9N-GSUWhp2R5Q2w2V_YvEAaQXUdrZe8Sw=w122-h92-k-no","https://ssl.gstatic.com/local/servicebusiness/default_user.png","""","https://www.google.com/searchviewer/42?cvd=CLw_EicKJeICIjIgEhkiF9LX29IPEQoNL2cvMTF2M3E2bnhyORgBOgMI8A0%3D&hl=id-ID&gl=id&fo_m=MfohQo559jFvMUOzJVpjPL1YMfZ3bInYwBDuMfaXTPp5KXh-&utm_source=tactile&gei=pin3adb6LvjA4-EPj6foqQ4&ei=pin3adb6LvjA4-EPj6foqQ4&fo_s=OA&opi=79508299&orderType=1&ebb=1&cs=0&foub=mcpp","Pesan online","","Makanan","jg enak, spt Nasi ayam, mie, tahu cabe Garam, dll."""
"https://www.google.com/maps/place/Steamboat+House+Plaza+Ambarrukmo/data=!4m7!3m6!1s0x2e7a59c2bb3c69b7:0x551868df854cb425!8m2!3d-7.7813313!4d110.4013677!16s%2Fg%2F1pzqqtswk!19sChIJt2k8u8JZei4RJbRMhd9oGFU?authuser=0&hl=id&rclk=1","Steamboat House Plaza Ambarrukmo","4,0","(55)","·","Rp 50–75 rb","Dim Sum","·","","·","Tamansari Foodcourt, Ambarrukmo Plaza, Lantai 3, Jalan Laksda Adisucipto Km.6","Buka","· Tutup pukul 22.00","https://lh3.googleusercontent.com/gps-cs-s/APNQkAFINIa51kiMoMzaS7_aaouz-SlHv7a5Bx7Zz3_Wg9ucxvahWAhaV8I9i2SbamYLn7xlIIB4cAlti5WqFbM_i6LDVXsUqBiUXdThbZM1x41lLdt6hSfBjSQiMna5SgERCYcFRbyQ=w92-h92-k-no","https://ssl.gstatic.com/local/servicebusiness/default_user.png","""Enak banget kuahnya""","","","","",""
"https://www.google.com/maps/place/Warung+Makan+Mbak+Murni/data=!4m7!3m6!1s0x2e7a585a6dd4c17b:0x907e8a093d66a776!8m2!3d-7.7619539!4d110.3658624!16s%2Fg%2F11c469bzmy!19sChIJe8HUbVpYei4RdqdmPQmKfpA?authuser=0&hl=id&rclk=1","Warung Makan Mbak Murni","4,3","(38)","","","Jawa","·","","·","Jl. Selokan Mataram Jl. Karanganyar No.207","Buka","· Tutup pukul 21.30","https://lh3.googleusercontent.com/gps-cs-s/APNQkAGtsu-1PLI3pttIZa_qTnP5-wQIKPzR6LWl50Q6xvcptSW-sBnwUjHhpijUMzo5w5NA9ju2EHTsOpHamZQnYk5_OIgTy7y6EGrYniJwkPrO1K0n-LjZ9zMg0pC3feHEN7-loLFO=w80-h106-k-no","https://ssl.gstatic.com/local/servicebusiness/default_user.png","""Masakan Jawa, rasa mantab
Harga murah meriah.""","","","","",""
"https://www.google.com/maps/place/Ayam+Tulang+Lunak+Hayam+Wuruk+Plaza+Ambarukmo/data=!4m7!3m6!1s0x2e7a59e820a14a41:0x60ccd63575fb2e6d!8m2!3d-7.7829885!4d110.4015319!16s%2Fg%2F11h031mrt!19sChIJQUqhIOhZei4RbS77dTXWzGA?authuser=0&hl=id&rclk=1","Ayam Tulang Lunak Hayam Wuruk Plaza Ambarukmo","4,1","(192)","·","$$","Ayam","·","","Jl. Laksda Adisucipto No.34-37 LG Floor Kav. A","","Buka","· Tutup pukul 22.00","https://lh3.googleusercontent.com/gps-cs-s/APNQkAF5A76EfhCjQBOTgqpy46rTwZsmAAOKIcR44UhvbPtF4O5FOD00Q3r3YisaUjNaUlHY02wh68LteEDg3tk5AQCLejrN59oyZgZ-pZWLNCu20wsRidkq5zEauYA-LcxPHpf9BSHR=w122-h92-k-no","https://ssl.gstatic.com/local/servicebusiness/default_user.png","""Ayam tulang lunak Hayam Wuruk enak banget, rasanya mantap.""","","","","",""
"https://www.google.com/maps/place/Ngemil+Seblak/data=!4m7!3m6!1s0x2e7a59bbea19f055:0x9f01a49a0a66e67c!8m2!3d-7.7679726!4d110.3951015!16s%2Fg%2F11c20qc_tl!19sChIJVfAZ6rtZei4RfOZmCpqkAZ8?authuser=0&hl=id&rclk=1","Ngemil Seblak","4,2","(1.616)","·","Rp 1–25.000","Toko Makanan","·","","·","Jl. Selokan Mataram No.61","Buka","· Tutup pukul 21.45","https://lh3.googleusercontent.com/gps-cs-s/APNQkAERiQPFRfC1MJBd_BaWT9G8bEZfJO7lfOMynLFLmnNHdp11RcuiGeu4oSYd9VkLj52GNzvo_vz8Qlnrps996Pe5okAIirhG6btzSuLUv5ahaTp-Y4PMGwNaViZ40UTEXfHvSDL7=w122-h92-k-no","https://ssl.gstatic.com/local/servicebusiness/default_user.png","""Fave menu: baso aci beef ama seblak raja suki.""","https://www.google.com/searchviewer/42?cvd=CLw_EicKJeICIjIgEhkiF9LX29IPEQoNL2cvMTFjMjBxY190bBgBOgMI8A0%3D&hl=id-ID&gl=id&fo_m=MfohQo559jFvMUOzJVpjPL1YMfZ3bInYwBDuMfaXTPp5KXh-&utm_source=tactile&gei=pin3adb6LvjA4-EPj6foqQ4&ei=pin3adb6LvjA4-EPj6foqQ4&fo_s=OA&opi=79508299&orderType=1&ebb=1&cs=0&foub=mcpp","Pesan online","","",""
"https://www.google.com/maps/place/Hayati+Coffee+Roaster/data=!4m7!3m6!1s0x2e7a59c5a378827d:0x81b916e7bb9064b9!8m2!3d-7.7813383!4d110.3921918!16s%2Fg%2F11g5zxjy_n!19sChIJfYJ4o8VZei4RuWSQu-cWuYE?authuser=0&hl=id&rclk=1","Hayati Coffee Roaster","4,6","(2.842)","·","Rp 25–50 rb","Kedai Kopi","·","","·","Jl. Demangan Baru No.7","Buka","· Tutup pukul 00.00","https://lh3.googleusercontent.com/gps-cs-s/APNQkAEJJfNceKtObzznlGiL05-qfZ53jAvbG_Mf5lOu1P4Tn_FnaBQ3_3xLddJbIyqkyXD94WxCVqR6kbhbs-jlxpcvSOj9IceHjkG_MavH8gWC3yfzXkRlWAlfm9nR8O60nEfM3LYgD_p4Piw=w163-h92-k-no","https://ssl.gstatic.com/local/servicebusiness/default_user.png","""Pertama kali datang ke Hayati karena katanya beans coffenya enak.""","https://www.google.com/searchviewer/42?cvd=CLw_EicKJeICIjIgEhkiF9LX29IPEQoNL2cvMTFnNXp4anlfbhgBOgMI8A0%3D&hl=id-ID&gl=id&fo_m=MfohQo559jFvMUOzJVpjPL1YMfZ3bInYwBDuMfaXTPp5KXh-&utm_source=tactile&gei=pin3adb6LvjA4-EPj6foqQ4&ei=pin3adb6LvjA4-EPj6foqQ4&fo_s=OA&opi=79508299&orderType=1&ebb=1&cs=0&foub=mcpp","Pesan online","","",""
"https://www.google.com/maps/place/CHIMAC+Korean+BAR+%26+CAFE/data=!4m7!3m6!1s0x2e7a58fecc8d14c5:0x3e78c512335af4bf!8m2!3d-7.7510757!4d110.3725459!16s%2Fg%2F11f_j2q6s2!19sChIJxRSNzP5Yei4Rv_RaMxLFeD4?authuser=0&hl=id&rclk=1","CHIMAC Korean BAR & CAFE","4,6","(664)","·","$$","Bar","·","","·","Jl. Lempongsari No.117A","Buka","· Tutup pukul 00.00","https://lh3.googleusercontent.com/gps-cs-s/APNQkAGNGtGGme6FqEceuB85IZ8DaGU7Hg3kTb4kMQt4DTvyRYiJMaCisVPhXfzMNHK-dFG6qyYqf4OQIZZ5pgdaQCd5_OXcoup02LI1usNL3XGunQqY64dOEqK0grdE-Kpplig4fdFfag=w138-h92-k-no","https://ssl.gstatic.com/local/servicebusiness/default_user.png","""Makanannya dan minumannya enak, ada free billiard, AC nya dinginn""","","","","",""
"https://www.google.com/maps/place/Taste+Food+Studio+Yogyakarta/data=!4m7!3m6!1s0x2e7a599382a99087:0x1e377b89d26ef09e!8m2!3d-7.7932447!4d110.366817!16s%2Fg%2F11k5zy6bds!19sChIJh5CpgpNZei4RnvBu0ol7Nx4?authuser=0&hl=id&rclk=1","Taste Food Studio Yogyakarta","4,6","(16)","","","Restoran","·","","Mall Malioboro","","Buka","· Tutup pukul 21.00","https://lh3.googleusercontent.com/gps-cs-s/APNQkAFlzWEfjHO9c1vGVGd_PKPN9s84LmEqCGFo_lIDwMn1afOnBRSjp0HE9MSTcD2W19jsHQmqlbA8LX61CzODNad0x3GXmoos5LGLHKdYgNwmnwLBiAjPnhn3IIQkL0way9Ox1sy8=w122-h92-k-no","https://ssl.gstatic.com/local/servicebusiness/default_user.png","""Tempat makan dengan banyak pilihan, ada","","","","makanan","bagi vegetarian."""
"https://www.google.com/maps/place/RamenYA!+Pakuwon+Mall+Jogja/data=!4m7!3m6!1s0x2e7a595251b4558b:0x12da34ca9ff3508a!8m2!3d-7.7604317!4d110.3989838!16s%2Fg%2F11t62rr2n6!19sChIJi1W0UVJZei4RilDzn8o02hI?authuser=0&hl=id&rclk=1","RamenYA! Pakuwon Mall Jogja","4,7","(1.154)","·","Rp 25–50 rb","Ramen","·","","69QX+RHH, Jl. Ring Road Utara","","Buka","· Tutup pukul 22.00","https://lh3.googleusercontent.com/gps-cs-s/APNQkAFeiZKsxtHad7nonFcVQWMcDBdLpcZjqOubGmWVUPz4s0AMnYtutoBFglEjTnzkepAGhJrJvi2EyH2fa-jHYRuQelh5azK9GYAALOOStR2ntEQIMqiga2qjuvGc5qV3aOazzwlk=w80-h106-k-no","https://ssl.gstatic.com/local/servicebusiness/default_user.png","""Kuah curry-nya kental, creamy, dan berasa banget bumbunya.""","https://www.google.com/searchviewer/42?cvd=CLw_EicKJeICIjIgEhkiF9LX29IPEQoNL2cvMTF0NjJycjJuNhgBOgMI8A0%3D&hl=id-ID&gl=id&fo_m=MfohQo559jFvMUOzJVpjPL1YMfZ3bInYwBDuMfaXTPp5KXh-&utm_source=tactile&gei=pin3adb6LvjA4-EPj6foqQ4&ei=pin3adb6LvjA4-EPj6foqQ4&fo_s=OA&opi=79508299&orderType=1&ebb=1&cs=0&foub=mcpp","Pesan online","","",""
"https://www.google.com/maps/place/Mbah+Moe+Cafe/data=!4m7!3m6!1s0x2e7a59eacded3491:0x471b138153cfabfe!8m2!3d-7.7738324!4d110.4046096!16s%2Fg%2F11c1xf9zhk!19sChIJkTTtzepZei4R_qvPU4ETG0c?authuser=0&hl=id&rclk=1","Mbah Moe Cafe","4,3","(405)","·","Rp 1–25.000","Kafe","·","","·","Jl. Perumnas","Buka","· Tutup pukul 01.00","https://lh3.googleusercontent.com/gps-cs-s/APNQkAE2HkTLsG9TNJerA8IqI0Tz5BFODt7F1ygjgwk8l4pVaVhgIHViEDiQQYqsLsO_XaNUCI0cRLxWVYYJly8SvTE-FeDtq2F92s0ce1-7uonZDMcTJXtZE1fTjofwLFR-vQ8VrdU=w101-h92-k-no","https://ssl.gstatic.com/local/servicebusiness/default_user.png","""Murah meriah, enak makanannya, cepat pelayanannya.""","","","","",""
"https://www.google.com/maps/place/Dapur+Labumbi/data=!4m7!3m6!1s0x2e7a5945703bd395:0x613a86b005544c79!8m2!3d-7.7890089!4d110.3846741!16s%2Fg%2F11h8ghztwm!19sChIJldM7cEVZei4ReUxUBbCGOmE?authuser=0&hl=id&rclk=1","Dapur Labumbi","5,0","(14)","","","Toko Makanan Sehat","·","","Jl. Mutiara No.81","","Tutup","· Buka Sen pukul 08.30","https://lh3.googleusercontent.com/gps-cs-s/APNQkAGfsMGPkOFFZV9o025KSnLPE-npoQeJXolD4_WBx2ztxa9UBh82wnohQGVNmZkmgUOtIGuxsnM5KWmeg1A1rxAMCMdkqLX21zFnt40IQa23toNrr_smKeevNl6Mmfg7iGZIaduO=w163-h92-k-no","https://ssl.gstatic.com/local/servicebusiness/default_user.png","""Enak mantap supa supny supnya creamy pas rasanya""","","","","",""
"https://www.google.com/maps/place/Imperial+Kitchen+%26+Dimsum+-+Pakuwon+Mall+Jogja/data=!4m7!3m6!1s0x2e7a598748b5243b:0x215286852e3f2737!8m2!3d-7.7588094!4d110.3992739!16s%2Fg%2F11td9zkylc!19sChIJOyS1SIdZei4RNyc_LoWGUiE?authuser=0&hl=id&rclk=1","Imperial Kitchen & Dimsum - Pakuwon Mall Jogja","4,3","(784)","·","$$","China","·","","Pakuwon Mall Jogja, Jl. Ring Road Utara Lantai 2","","Buka","· Tutup pukul 22.00","https://lh3.googleusercontent.com/gps-cs-s/APNQkAGdjf9L2SiIi-aawSHARjUE5cua0GGrq2IBco1uvsHONx0CVOba6Qz8SkwVJteOlxpNXODfmEbLHB5uiDuPrSyLteyrB4hdbXfZJXUyI0EeBS-zSpOw6nf1TLIea4BJKJgP_lMs=w122-h92-k-no","https://ssl.gstatic.com/local/servicebusiness/default_user.png","""Tim pangsit ayam udangnya enak ditambah chili oil nya perfection banget.""","","","","",""
"https://www.google.com/maps/place/HokBen+Plaza+Ambarrukmo/data=!4m7!3m6!1s0x2e7a59c2dbc0d971:0xb72b5bef09f3927e!8m2!3d-7.7813392!4d110.4014115!16s%2Fg%2F1hc5pn6y3!19sChIJcdnA28JZei4RfpLzCe9bK7c?authuser=0&hl=id&rclk=1","HokBen Plaza Ambarrukmo","4,3","(170)","·","Rp 25–50 rb","Jepang","·","","Plaza Ambarrukmo Level LG, Jl. Laksda Adisucipto","","Buka","· Tutup pukul 21.00","https://lh3.googleusercontent.com/gps-cs-s/APNQkAHDIP2rrhPXZTuMBP3ZHJ1wyOjYfkxIvAcAOr0WFZd2aTtP7NFzM-jJMRknYrrA3ENOgCPOmiFktSIfhy0Ct6LpBbfuuHC-9u_spCKOL-y-DIDW9VXgDX-Qf8vVSycjFjXfoTljLw=w163-h92-k-no","https://ssl.gstatic.com/local/servicebusiness/default_user.png","""Paling suka sama salad hokben, pelayanan baik sopan ramah dan cepat""","","","","",""
"https://www.google.com/maps/place/7+Cemara+Mart+and+Food/data=!4m7!3m6!1s0x2e7a59aa6a9b27c3:0xc3e9e1fb0d791863!8m2!3d-7.7552675!4d110.3828264!16s%2Fg%2F11b7zv0bw9!19sChIJwyebaqpZei4RYxh5Dfvh6cM?authuser=0&hl=id&rclk=1","7 Cemara Mart and Food","4,3","(120)","","","Area Wi-Fi","·","","Jl. Kaliurang No.39","","Buka 24 jam","","https://lh3.googleusercontent.com/gps-cs-s/APNQkAHYZILZyJt97_I5AtMfagpV3yNhdI6TbP9kVsVYV_FO3JdFtQyO995d5F5Gryv7VZ049oPkT4yQsCqMIKOqTNkjXJzkd02Kb28hBKiOnMBQycoTxhQzDTRHyVr01iiW86P-rF85=w124-h92-k-no","","","","","","",""
"https://www.google.com/maps/place/Gudeg+Bu+Kamsi/data=!4m7!3m6!1s0x2e7a582c7bf79d5b:0xcb8ecd9a564f033a!8m2!3d-7.790351!4d110.3770863!16s%2Fg%2F11bzsf4bnj!19sChIJW533eyxYei4ROgNPVprNjss?authuser=0&hl=id&rclk=1","Gudeg Bu Kamsi","3,9","(131)","","","Jawa","·","","·","695G+VR4, Jl. Lempuyangan","Tutup","· Buka Sen pukul 00.00","https://lh3.googleusercontent.com/gps-cs-s/APNQkAEWQSBi8WdcSoVNi0NmykQigbbVMc4mHKtefUXwiHr1VvhjTQ0uqvMW-GKhKlHsnisnUsD0p0EoKSkSR5moU-cQ0dIfBYvrsTBR4IjhpTFCxAMRjstR1BBs29AO3D5w-81zUni4jA=w80-h106-k-no","https://ssl.gstatic.com/local/servicebusiness/default_user.png","""Harga cukup affordable untuk bisa menikmati Gudeg khas Jogja.""","","","","",""
"https://www.google.com/maps/place/Warung+Makan+Penyetan+Pak+Itok/data=!4m7!3m6!1s0x2e7a58fe18390fcf:0x2453b906db561e!8m2!3d-7.7501365!4d110.3778954!16s%2Fg%2F11cn9vvv9p!19sChIJzw85GP5Yei4RHlbbBrlTJAA?authuser=0&hl=id&rclk=1","Warung Makan Penyetan Pak Itok","4,7","(77)","·","Rp 1–25.000","Restoran","·","","·","Jl. Plemburan No.7, RW.21","Tutup","· Buka Sen pukul 10.00","https://lh3.googleusercontent.com/gps-cs-s/APNQkAEl9ZkKe9i_hD2qqg4W1qWK7R6uRzyRgOSan-k4suo1KdRREyQ1jnPwk-qMXvPavRZWAp8gKS8PHTt-iGaB7cW7yaUhUbnRlWAjsBswzokhtDD0RTHS9BkBoirPuD7LlHFf-uEm=w122-h92-k-no","https://ssl.gstatic.com/local/servicebusiness/default_user.png","""Enak bgt .murah .enak nasi pulen""","","","","",""
"https://www.google.com/maps/place/Bowlhut+Food+%26+Beverage/data=!4m7!3m6!1s0x2e7a59c7c97fc853:0xf3ade0e0a60c3f77!8m2!3d-7.7764301!4d110.391738!16s%2Fg%2F11c1wr9gfh!19sChIJU8h_ycdZei4Rdz8MpuDgrfM?authuser=0&hl=id&rclk=1","Bowlhut Food & Beverage","","","","","Restoran","·","","69FR+CMH, Jl. Mrican Baru","","Buka","· Tutup pukul 23.00","https://streetviewpixels-pa.googleapis.com/v1/thumbnail?panoid=b8UOZ_9qAb1VMp-xQAvKwA&cb_client=search.gws-prod.gps&w=80&h=92&yaw=282.38147&pitch=0&thumbfov=100","","Makan di tempat","","","","Bawa pulang","Pesan antar"
"https://www.google.com/maps/place/Oishii+Bento+Plaza+Ambarukmo/data=!4m7!3m6!1s0x2e7a59c2bb3c69b7:0x4f8a064f06db7ea8!8m2!3d-7.7830764!4d110.4015567!16s%2Fg%2F1pzqtfj3l!19sChIJt2k8u8JZei4RqH7bBk8Gik8?authuser=0&hl=id&rclk=1","Oishii Bento Plaza Ambarukmo","3,1","(69)","·","Rp 25–50 rb","Jepang","·","","Plaza Ambarrukmo, Jl. Laksda Adisucipto 3rd Floor","","Buka","· Tutup pukul 22.00","https://lh3.googleusercontent.com/gps-cs-s/APNQkAG9CfHbz9lu2_RNMCf8KEdqqwG2jCr4_HHz37sMQHH4Mj5Vya9I7QoIDDDq1x_q2Lc3b_vjNHiw0-_NRoNbKPe_XwMUAgtG74iq-Et_hNiDZSyapZaYMcfAp3nEzRqhGn6AsStw=w92-h92-k-no","https://ssl.gstatic.com/local/servicebusiness/default_user.png","""Nyobain chicken gordon bleu, lumayan aja lah rasanya, B lah.""","https://www.google.com/searchviewer/42?cvd=CLw_EiYKJOICITIfEhgiFtLX29IPEAoML2cvMXB6cXRmajNsGAE6AwjwDQ%3D%3D&hl=id-ID&gl=id&fo_m=MfohQo559jFvMUOzJVpjPL1YMfZ3bInYwBDuMfaXTPp5KXh-&utm_source=tactile&gei=pin3adb6LvjA4-EPj6foqQ4&ei=pin3adb6LvjA4-EPj6foqQ4&fo_s=OA&opi=79508299&orderType=1&ebb=1&cs=0&foub=mcpp","Pesan online","","",""
"https://www.google.com/maps/place/Daebak+korean+street+food/data=!4m7!3m6!1s0x2e7a5906e09c14d3:0x9316e46a94bdee25!8m2!3d-7.7831064!4d110.4057902!16s%2Fg%2F11j8m6wljf!19sChIJ0xSc4AZZei4RJe69lGrkFpM?authuser=0&hl=id&rclk=1","Daebak korean street food","","","","","Korea","·","","Jl. Laksda Adisucipto No.km 6 no 15","","Buka","· Tutup pukul 21.00","https://streetviewpixels-pa.googleapis.com/v1/thumbnail?panoid=rMiGA7Kou8KHyLYLfEZjig&cb_client=search.gws-prod.gps&w=80&h=92&yaw=343.9793&pitch=0&thumbfov=100","","Makan di tempat","","","","Bawa pulang",""
"https://www.google.com/maps/place/DIET+MEALS/data=!4m7!3m6!1s0x2e7a5997a449880b:0xcdb791f3ec6120c0!8m2!3d-7.7648758!4d110.4045!16s%2Fg%2F11c61fks4k!19sChIJC4hJpJdZei4RwCBh7PORt80?authuser=0&hl=id&rclk=1","DIET MEALS","4,8","(16)","","","Kantor Perusahaan","","","","","Tutup","· Buka Sen pukul 08.00","https://lh3.googleusercontent.com/gps-cs-s/APNQkAFD3gDImQl3sE4OQ_A0TP6fHyV-bIyHYsJ94ZcUjb0XDwj-jtYiV9UaXkL6M0cqAnCRuBDMWoKbi3imtBZSiHAJ68uFfFvdhXc_Y0NeZeG_ME4PuJlE0DWGvE0giQHUU3pFgGhs=w122-h92-k-no","","","","","","",""
"https://www.google.com/maps/place/Taru+Martani+Coffee+%26+Resto+1918/data=!4m7!3m6!1s0x2e7a592b975a1ec9:0x43df4a553ffc51c7!8m2!3d-7.7908188!4d110.3812678!16s%2Fg%2F1ptx3x6m7!19sChIJyR5alytZei4Rx1H8P1VK30M?authuser=0&hl=id&rclk=1","Taru Martani Coffee & Resto 1918","4,6","(6.089)","·","Rp 25–50 rb","Kedai Kopi","·","","Jl. Kompol Bambang Suprapto No.2A","Kafe santai dengan makanan lokal & kopi","Buka","· Tutup pukul 00.00","https://lh3.googleusercontent.com/gps-cs-s/APNQkAHFWJHDbLeySNyIORZrOxVmN3pFuuyLiPhIoqyh3A57-AFyjvgdhdgz5E8e7b3KiAHNqY7mp3hvy5aV9R7k8Oingjf-eqoO3lHilKeRSdBkzm1qokPDMk8_Bji5QBBtokhFltSYi2Vj324=w80-h142-k-no","https://ssl.gstatic.com/local/servicebusiness/default_user.png","""Makanannya enak-enak banget

Recommended buat nugas dan nongki.""","","","","",""
"https://www.google.com/maps/place/HnR+Food+Makanan+Artisan+Indonesia/data=!4m7!3m6!1s0x2e7a59dea5ddd937:0x801343fce4476e2f!8m2!3d-7.7865785!4d110.3795481!16s%2Fg%2F11lfz_fcpv!19sChIJN9ndpd5Zei4RL25H5PxDE4A?authuser=0&hl=id&rclk=1","HnR Food Makanan Artisan Indonesia","","","","","Produsen makanan","·","","Jl. Klitren Lor GK 3 No.247","","Tutup","· Buka Sen pukul 08.00","https://lh3.googleusercontent.com/gps-cs-s/APNQkAH_-atNaHSqHMIvgFF8HILt4p9O3I8eNyrqGXz567SVwcv6t6gY2X61VTgYmjA1zqIUPtsn6k33qH2hLe7tHpLaqDGvuE0FTvAHcMjqVVCuxWQSU7IIiPyEZLosXzJ9qhuxf_QZ=w140-h92-k-no","","","","","","",""
"https://www.google.com/maps/place/Thon%E2%80%99s+Coffee/data=!4m7!3m6!1s0x2e7a59939ee555e7:0x3b165cd97ecd288d!8m2!3d-7.7705187!4d110.4095912!16s%2Fg%2F11f3_rxfsd!19sChIJ51XlnpNZei4RjSjNftlcFjs?authuser=0&hl=id&rclk=1","Thon’s Coffee","4,4","(714)","·","Rp 25–50 rb","Kedai Kopi","·","","Jl. Seturan Raya","","Buka","· Tutup pukul 00.00","https://lh3.googleusercontent.com/gps-cs-s/APNQkAEqM9G3m1qis1UNOAFpNAdjcJJoLvgkrcyF-phFMa0yX1qHsxxZIS3iAsrpbPBlaWA1s4WhpkilYDCBDE9wrVHxZK0DMA6y06GzwyBgCRP1ma4h8Kgpap9nlISGlQuHK4KrRCzjzA=w80-h100-k-no","https://ssl.gstatic.com/local/servicebusiness/default_user.png","""Pelayanannya oke banget dan juga makanannya enak dan murah.""","https://www.google.com/searchviewer/42?cvd=CLw_EicKJeICIjIgEhkiF9LX29IPEQoNL2cvMTFmM19yeGZzZBgBOgMI8A0%3D&hl=id-ID&gl=id&fo_m=MfohQo559jFvMUOzJVpjPL1YMfZ3bInYwBDuMfaXTPp5KXh-&utm_source=tactile&gei=qCn3aZy6O8-L4-EPgb7JqQI&ei=qCn3aZy6O8-L4-EPgb7JqQI&fo_s=OA&opi=79508299&orderType=1&ebb=1&cs=0&foub=mcpp","Pesan online","","",""
"https://www.google.com/maps/place/Javaqu+Organic+-+Toko+Organik+%26+Ayam+Organik+Jogja/data=!4m7!3m6!1s0x2e7a59a0d37d8933:0xc06ee2266ca149c1!8m2!3d-7.755666!4d110.3966211!16s%2Fg%2F11b75fmg15!19sChIJM4l906BZei4RwUmhbCbibsA?authuser=0&hl=id&rclk=1","Javaqu Organic - Toko Organik & Ayam Organik Jogja","4,7","(25)","","","Toko Makanan Sehat","·","","Jl. Anggajaya 1 No.268","","Tutup","· Buka Sen pukul 08.00","https://lh3.googleusercontent.com/gps-cs-s/APNQkAEl6tD60yy-95wGxXr_PY6jQfe7r6khWd27x-hCpLtWHh7Tj-WZ0oJI6_qBK0h6wNa867q6zSS7BGkbfFx4Qhk-mrpD5H9lJi_wqcvaqPjcmIl-OdQ9T7grS3FNV2iPo1tmpzsR=w92-h92-k-no","https://ssl.gstatic.com/local/servicebusiness/default_user.png","""Produk ayam Berkah Chiken Organiknya  mantap.""","","","","",""
"https://www.google.com/maps/place/Ade+Shop/data=!4m7!3m6!1s0x2e7a59c20cd2310d:0x60f86c9a6a054c!8m2!3d-7.7675318!4d110.391879!16s%2Fg%2F11hmrnk1rb!19sChIJDTHSDMJZei4RTAVqmmz4YAA?authuser=0&hl=id&rclk=1","Ade Shop","4,5","(51)","","","Toko makanan beku","·","","Jl. Affandi ct. X No.24B","","Tutup","· Buka Sen pukul 08.00","https://lh3.googleusercontent.com/gps-cs-s/APNQkAEHymcE7_703N0Q_G9GZHdjRAemVqZuoIlfHqhNLJMNpkq7YJQ3ac1KxMvzPvVKDViXivuGr8LFf1NVahPELFlacSdzhIRyS7ZOQPHidIzZGTv9yW5UKxZCyBBWnHEt4lW8pM2ypw=w122-h92-k-no","https://ssl.gstatic.com/local/servicebusiness/default_user.png","""Produk frozen food yang dijual lengkap, harganya juga murah.""","","","","",""
"https://www.google.com/maps/place/Ichiban+Sushi+Pakuwon+Mall+Jogja/data=!4m7!3m6!1s0x2e7a59a3b1791427:0x310ed128f4f49319!8m2!3d-7.7588094!4d110.3992739!16s%2Fg%2F11g69wptdg!19sChIJJxR5saNZei4RGZP09CjRDjE?authuser=0&hl=id&rclk=1","Ichiban Sushi Pakuwon Mall Jogja","4,6","(4.652)","·","Rp 25–50 rb","Jepang","·","","Hartono Mall Yogyakarta, Jl. Kaliwaru No.17 Lantai LG.06","","Buka","· Tutup pukul 22.00","https://lh3.googleusercontent.com/gps-cs-s/APNQkAH3c5iUCp_fMAhyiCMlkZ-0GiEq7ZB4AyJSZpt3qmW4uybQDqkQ1gc1AlaDlbWQwN4psismnk2Yo7werQUnOL_WzmbolC2n4P8u3lZbCGpaXEF4q01PEn6lEMRUWY7n8OYXsw1d=w162-h92-k-no","https://ssl.gstatic.com/local/servicebusiness/default_user.png","""Makanannya fresh, plating-nya cantik 📸🍱 dan rasanya enak banget.""","https://www.google.com/searchviewer/42?cvd=CLw_EicKJeICIjIgEhkiF9LX29IPEQoNL2cvMTFnNjl3cHRkZxgBOgMI8A0%3D&hl=id-ID&gl=id&fo_m=MfohQo559jFvMUOzJVpjPL1YMfZ3bInYwBDuMfaXTPp5KXh-&utm_source=tactile&gei=qCn3aZy6O8-L4-EPgb7JqQI&ei=qCn3aZy6O8-L4-EPgb7JqQI&fo_s=OA&opi=79508299&orderType=1&ebb=1&cs=0&foub=mcpp","Pesan online","","",""
"https://www.google.com/maps/place/Bu+Sardinem+Produksi+Makanan+Sehat+Non+Msg/data=!4m7!3m6!1s0x2e7a59030406bfb7:0x3900809ff43e7af2!8m2!3d-7.7460416!4d110.3819132!16s%2Fg%2F11gcykc6v4!19sChIJt78GBANZei4R8no-9J-AADk?authuser=0&hl=id&rclk=1","Bu Sardinem Produksi Makanan Sehat Non Msg","4,9","(28)","","","Rumah Makan","·","","793J+HQM","","Buka","· Tutup pukul 21.00","https://lh3.googleusercontent.com/gps-cs-s/APNQkAFDlH-vNUu4S_vd5IsWy2sq_rpbn-6OdYG3K98rNw1mXUHcab54Mhmw2vIYeK80RgewmKk5QPBqhiRZ5Wd75rhe-YCm-Xx4XmAgMl5N0pXFOaUvfjPCM6QZucX0eutczRn7UXWy=w80-h106-k-no","https://ssl.gstatic.com/local/servicebusiness/default_user.png","""Disini biasa beli abon yang enak banget""","","","","",""
"https://www.google.com/maps/place/Warung+Makan+Mamiku/data=!4m7!3m6!1s0x2e7a59054e97cfc1:0x4f9b8976c4c02106!8m2!3d-7.743551!4d110.3892575!16s%2Fg%2F1ptw4yx_x!19sChIJwc-XTgVZei4RBiHAxHaJm08?authuser=0&hl=id&rclk=1","Warung Makan Mamiku","4,7","(480)","·","Rp 25–50 rb","Jawa","·","","Jl. Jurugsari III","","","","https://lh3.googleusercontent.com/gps-cs-s/APNQkAHOk9da5O_XtA2giUOMRKlf9qaRpXYmjRTvUypoNt-tcvaW8lCKo92uhAcpNVBeeKW9hsZwmCDpKNWmjhL-Cugm6JO4siWxkOgIyfa3C_zahk1MgYxP-S-HRFZEv1QwZrEtxs29jw=w122-h92-k-no","https://ssl.gstatic.com/local/servicebusiness/default_user.png","""Rawon & brongkosnya enak, dagingnya empuk + bumbu kuahnya merasuk.""","","","","",""
"https://www.google.com/maps/place/Toko+Camilan+Dan+Snack+Bu+Wiwik+Yogyakarta/data=!4m7!3m6!1s0x2e7a582bcd6e5c51:0xfb2c44dee37ba248!8m2!3d-7.7929786!4d110.3733971!16s%2Fg%2F1hm2sny6v!19sChIJUVxuzStYei4RSKJ7495ELPs?authuser=0&hl=id&rclk=1","Toko Camilan Dan Snack Bu Wiwik Yogyakarta","4,7","(736)","","","Toko bahan makanan","·","","·","Jl. Hayam Wuruk No.70","Tutup","· Buka Sen pukul 08.30","https://lh3.googleusercontent.com/gps-cs-s/APNQkAEqBu-tESeMdtyy0C3exsuyOOBJHYcm3Tfb8KvGIlOccOy7b_u4TqmLlfOWJztAwHxu8oiCiK0UlhBND-Fw-DG0Di6M69sRKMtvosb9DcYhsJ_Ldpw39G2F91YO7t9FhjCEinkWJw=w80-h106-k-no","https://ssl.gstatic.com/local/servicebusiness/default_user.png","""Lengkap jajanan dan cemilan enak dengan harga terjangkau.""","","","","",""
"https://www.google.com/maps/place/Kedai+juragan+makanan+dan+minuman/data=!4m7!3m6!1s0x2e7a59d12dbda1bb:0x5a5a85855cbec9cd!8m2!3d-7.7641804!4d110.4218636!16s%2Fg%2F11s0xk2lmg!19sChIJu6G9LdFZei4Rzcm-XIWFWlo?authuser=0&hl=id&rclk=1","Kedai juragan makanan dan minuman","4,0","(4)","","","Kedai Kopi","·","","Jl. P Puger 2 No.1","","Buka","· Tutup pukul 21.30","https://lh3.googleusercontent.com/gps-cs-s/APNQkAHXaTU0k1TsZfoTLvvHDTT0BN7m-DUD-hdjJDsPtC6VS5s25dm7IS52D-th3pjgUfRX6eIkqlWfU_-PAJh98mR-You0-ke7RjMSr8lA0Q_fLEQVG47DIhqrynFLkFZMIJFJmI31=w147-h92-k-no","https://ssl.gstatic.com/local/servicebusiness/default_user.png","""Sesuai selera""","","","","",""
"https://www.google.com/maps/place/Yoshinoya+Pakuwon+Mall/data=!4m7!3m6!1s0x2e7a5944fed8f11f:0xd403b5fc2daf2f79!8m2!3d-7.7595979!4d110.3990062!16s%2Fg%2F11tsf8hx0j!19sChIJH_HY_kRZei4ReS-vLfy1A9Q?authuser=0&hl=id&rclk=1","Yoshinoya Pakuwon Mall","4,0","(246)","·","Rp 50–75 rb","Jepang","·","","Pakuwon Mall, Jl. Ring Road Utara Lantai L1","","Buka","· Tutup pukul 22.00","https://lh3.googleusercontent.com/gps-cs-s/APNQkAGtSbL-rFZ3jXVe2mhtXMDlzsZcC4EIS8pwhe3xDtK-nE98hZ6f3PkFPUzViYJ9rhd-UlnlIdeR1XT0URC7aYWOxcP0s2ahcRA5EA3eL3uFX9cOqwvbrYBdDtMkWWmx4bwV7FUJ=w149-h92-k-no","https://ssl.gstatic.com/local/servicebusiness/default_user.png","""servicenya good ,","https://www.google.com/searchviewer/42?cvd=CLw_EicKJeICIjIgEhkiF9LX29IPEQoNL2cvMTF0c2Y4aHgwahgBOgMI8A0%3D&hl=id-ID&gl=id&fo_m=MfohQo559jFvMUOzJVpjPL1YMfZ3bInYwBDuMfaXTPp5KXh-&utm_source=tactile&gei=qCn3aZy6O8-L4-EPgb7JqQI&ei=qCn3aZy6O8-L4-EPgb7JqQI&fo_s=OA&opi=79508299&orderType=1&ebb=1&cs=0&foub=mcpp","Pesan online","","makanan","enak, worth it bangettt."""
"https://www.google.com/maps/place/Warung+Makan+%22Mbak+Yam%22/data=!4m7!3m6!1s0x2e7a599cef01f271:0xf136ba76bc51daca!8m2!3d-7.742749!4d110.4004312!16s%2Fg%2F11gnjbcg8q!19sChIJcfIB75xZei4RytpRvHa6NvE?authuser=0&hl=id&rclk=1","Warung Makan ""Mbak Yam""","4,7","(15)","·","Rp 1–25.000","Rumah Makan","·","","·","7C42+W53, Jl. Kakatua","Buka","· Tutup pukul 20.00","https://lh3.googleusercontent.com/gps-cs-s/APNQkAF7IqWESB3pnntw-GMsI-zkIPUJsbr2PGCMRGaz_UcEPWxK0YPwjq6stUCp0cIAOEP4YWwIbKcUubez9EwDkc9vhcAZbC9qbKf3kxRc6fUjySXLRHSvzXEanCdbhEcfTCqJryg=w122-h92-k-no","https://ssl.gstatic.com/local/servicebusiness/default_user.png","""Selain masakan rumahan, Warung Yu Yam juga menyediakan soto ayam.""","","","","",""
"https://www.google.com/maps/place/Makanan+Tradisional/data=!4m7!3m6!1s0x2e7a583baba2fe13:0xd679f374d79f82d6!8m2!3d-7.7834079!4d110.3634396!16s%2Fg%2F11dyn_ywtv!19sChIJE_6iqztYei4R1oKf13TzedY?authuser=0&hl=id&rclk=1","Makanan Tradisional","4,7","(15)","","","Restoran","·","","Jl. Bumijo No.50 001","","Segera tutup","· 18.00 · Buka Sen pukul 11.00","https://lh3.googleusercontent.com/gps-cs-s/APNQkAEpwPTfj804vtS66jHtIffqv8ktFUwtWYhGnAX_ZMjNzTy2o7HFKUzv4obA7GThb2_V4SYZTfxeWkCSlNYOgqtuvnISd1LAHegfzxk_EOnrU96NKqkDkQJJwUjXkXrAAcNiIHoxIA=w80-h106-k-no","","Makan di tempat","","","","Bawa pulang",""
"https://www.google.com/maps/place/Warung+Makan+Bu+Hesty/data=!4m7!3m6!1s0x2e7a58f5e6ed59d7:0x42aa8dfe4ec340ab!8m2!3d-7.7539974!4d110.3601423!16s%2Fg%2F11hbqdv1rc!19sChIJ11nt5vVYei4Rq0DDTv6NqkI?authuser=0&hl=id&rclk=1","Warung Makan Bu Hesty","4,5","(54)","·","Rp 1–25.000","Jawa","·","","69W6+C32","","Buka","· Tutup pukul 21.00","https://lh3.googleusercontent.com/gps-cs-s/APNQkAFpTeGtDtdFxlvwqIKpWJZhxqdiSkKlsYcynyJfMOhFCO9NEHXGktZStAo-tZz4MPTqixVRWr2q4UEOPREpiU3ctJouGZYTSc01xR7j1Qve588O28i7A9F_BfXz4cR3FU6x_sG1=w80-h106-k-no","https://ssl.gstatic.com/local/servicebusiness/default_user.png","""Menu enaknya Ayam geprek.""","","","","",""
"https://www.google.com/maps/place/ROBO+PETSHOP+1+%28%EA%A7%8B%EA%A6%AB%EA%A6%BA%EA%A6%B4%EA%A6%A7%EA%A6%BA%EA%A6%B4%EA%A6%A5%EA%A6%BC%EA%A6%A0%EA%A7%80%EA%A6%B1%EA%A7%80%EA%A6%B2%EA%A6%BA%EA%A6%B4%EA%A6%A5%EA%A7%80%EA%A7%87%EA%A7%91%EA%A7%87%29/data=!4m7!3m6!1s0x2e7a5997ecb14eb5:0x18d26f9f84bacb0c!8m2!3d-7.7650404!4d110.4038748!16s%2Fg%2F11b88zljyn!19sChIJtU6x7JdZei4RDMu6hJ9v0hg?authuser=0&hl=id&rclk=1","ROBO PETSHOP 1 (꧋ꦫꦺꦴꦧꦺꦴꦥꦼꦠ꧀ꦱ꧀ꦲꦺꦴꦥ꧀꧇꧑꧇)","4,7","(614)","","","Toko Perlengkapan Hewan Peliharaan","·","","·","Jalan Ngelaren Sari No.146","Buka","· Tutup pukul 21.30","https://lh3.googleusercontent.com/gps-cs-s/APNQkAGomhy2t-eA04lE10euhRUl5mrgaBkE1-s8H-dgJJ9usP2wKfSZ-y3WqrWAPisurmBmXSuMIevBcujt5jM1W3rMrzSvBWuW3X5Q67Vp53DVJF85u0WcLDPDCbl884KonFW7dRBu=w80-h142-k-no","https://ssl.gstatic.com/local/servicebusiness/default_user.png","""Pelayanan baik, banyak jenis","","","","makanan","majikan disini, hehehe..."""
"https://www.google.com/maps/place/Hyperbox+Family+Karaoke+%26+Cafe-Resto/data=!4m7!3m6!1s0x2e7a59f26471a783:0x7aaaf0ef2658e1c9!8m2!3d-7.7760228!4d110.415386!16s%2Fg%2F1hhhyb7w6!19sChIJg6dxZPJZei4RyeFYJu_wqno?authuser=0&hl=id&rclk=1","Hyperbox Family Karaoke & Cafe-Resto","4,3","(2.087)","·","$$","Bar Karaoke","·","","Jl. Babarsari Raya No.15","Resto ramai, karaoke & hidangan global","Buka","· Tutup pukul 02.30","https://lh3.googleusercontent.com/gps-cs-s/APNQkAF1han7EEcrFDT4lLRU_jZULiTRgVf6ndqwp1Mop4_Y8WL9VP8CiiW-MOQLO0d8-uN67aCCll-dE_VCzTPrRQapYaFqYTWf7limv6Zq9a9cj8TmK83U-xAXyx3-q-oOevJ4mGs-vetN2JkK=w172-h92-k-no","https://ssl.gstatic.com/local/servicebusiness/default_user.png","""Tempat nyaman pelayanan familiar,makananya juga enak2 harga terjangko""","https://www.google.com/searchviewer/42?cvd=CLw_EiYKJOICITIfEhgiFtLX29IPEAoML2cvMWhoaHliN3c2GAE6AwjwDQ%3D%3D&hl=id-ID&gl=id&fo_m=MfohQo559jFvMUOzJVpjPL1YMfZ3bInYwBDuMfaXTPp5KXh-&utm_source=tactile&gei=qCn3aZy6O8-L4-EPgb7JqQI&ei=qCn3aZy6O8-L4-EPgb7JqQI&fo_s=OA&opi=79508299&orderType=1&ebb=1&cs=0&foub=mcpp","Pesan online","","",""
"https://www.google.com/maps/place/Lokus+X+Dongeng+Kopi/data=!4m7!3m6!1s0x2e7a59076fdc653b:0xb26c06f05ed7eb5!8m2!3d-7.7816089!4d110.4148276!16s%2Fg%2F11g2xcnnpn!19sChIJO2XcbwdZei4RtX7tBW_AJgs?authuser=0&hl=id&rclk=1","Lokus X Dongeng Kopi","4,5","(62)","","","Kedai Kopi","·","","Jl. Tambak Bayan 2","","Tutup","· Buka Sen pukul 09.00","https://lh3.googleusercontent.com/gps-cs-s/APNQkAFGInTNnmxVhdPjhGxr5tEi283rM0iQjAcL1PC3D4uXY-KMqUEmRjVwgI0ai5qAfa7Is4PkkkqADbVyKRsr6FNOUhUI8t5ftmY0LkGX9glpVRBQmVqDb5x8ezuvpadvFJQwi2BM7Q=w163-h92-k-no","","Makan di tempat","","","","Drive-through","Antar tanpa bertemu"
"https://www.google.com/maps/place/Food+Court+Tepi+Jalan,+Yogyakarta/data=!4m7!3m6!1s0x2e7a5929594e74fd:0x4c4223f575783273!8m2!3d-7.787149!4d110.4055141!16s%2Fg%2F11yj9590bd!19sChIJ_XROWSlZei4RczJ4dfUjQkw?authuser=0&hl=id&rclk=1","Food Court Tepi Jalan, Yogyakarta","5,0","(31)","·","Rp 1–25.000","Pujasera","·","","Jl. Sukun Raya","","","","https://lh3.googleusercontent.com/gps-cs-s/APNQkAEJ7LgL3TNaDCu4qi01Wq06C02M1mNOtUNpdPuDGOi16dgB1qTe04WwW8dqISmk5BbbrIKieavW8SDH9bB2cfU7Cw-fkCsZPw2hQKBEZTiuW9BU38P3zJ2JFY1Xdws1i2aHh7vkq4BxXHBD=w80-h106-k-no","https://ssl.gstatic.com/local/servicebusiness/default_user.png","""Pelayanannya cepat,ramah
Tempat nya bersih,nyaman dan makanannya enak²""","","","","",""
"https://www.google.com/maps/place/McDonald%27s+Ambarrukmo+Plaza/data=!4m7!3m6!1s0x2e7a59c2bde92245:0x96451b12a5860277!8m2!3d-7.78277!4d110.401319!16s%2Fg%2F1pzrxn91h!19sChIJRSLpvcJZei4RdwKGpRIbRZY?authuser=0&hl=id&rclk=1","McDonald's Ambarrukmo Plaza","4,3","(315)","·","$$","Es Krim","·","","Jl. Laksda Adisucipto No.Km.6 Lantai LG","Gerai burger & kentang cepat saji ikonis","Buka","· Tutup pukul 22.00","https://lh3.googleusercontent.com/gps-cs-s/APNQkAFIpvx2-WMQBPlT2bVeIeOPIoLPnC7-uj-4UvstqkSKIxiPutiP8VBhRqaqnu8n2MQ4Bw1GzFqmfcpcqpzV91NbvoPojevdBpLkRI89pYiDQzTetOL834jaeJUl0ZHqnvz3ghEBvA=w80-h106-k-no","https://ssl.gstatic.com/local/servicebusiness/default_user.png","""Mantappp.. Lokasi mudah diakses terus juga ice creamnya murah meriah""","https://www.google.com/searchviewer/42?cvd=CLw_EiYKJOICITIfEhgiFtLX29IPEAoML2cvMXB6cnhuOTFoGAE6AwjwDQ%3D%3D&hl=id-ID&gl=id&fo_m=MfohQo559jFvMUOzJVpjPL1YMfZ3bInYwBDuMfaXTPp5KXh-&utm_source=tactile&gei=qCn3aZy6O8-L4-EPgb7JqQI&ei=qCn3aZy6O8-L4-EPgb7JqQI&fo_s=OA&opi=79508299&orderType=1&ebb=1&cs=0&foub=mcpp","Pesan online","","",""
"https://www.google.com/maps/place/Toby%27s+Estate+-+Pakuwon+Mall+Jogja/data=!4m7!3m6!1s0x2e7a594a87c8c035:0x62eb8fbac5b27587!8m2!3d-7.7601891!4d110.3986037!16s%2Fg%2F11shjr8ccp!19sChIJNcDIh0pZei4Rh3WyxbqP62I?authuser=0&hl=id&rclk=1","Toby's Estate - Pakuwon Mall Jogja","4,5","(381)","","","Kedai Kopi","·","","Main Entrance Lobby, Jl. Ring Road Utara","","Buka","· Tutup pukul 22.00","https://lh3.googleusercontent.com/gps-cs-s/APNQkAG7-wwGxjIxZLqya-JYd_ewgoMNZBDU9RuMtWZRIA5WUmfQZOepo5KAxYXTSqEkr0zJFIWYGk4qcUGd87LaRO4wiIKgYoVx0vFeetr2TzoyhTKKE_v4lHypKx_iEYVT4JoZAjxx=w80-h106-k-no","https://ssl.gstatic.com/local/servicebusiness/default_user.png","""","https://www.google.com/searchviewer/42?cvd=CLw_EicKJeICIjIgEhkiF9LX29IPEQoNL2cvMTFzaGpyOGNjcBgBOgMI8A0%3D&hl=id-ID&gl=id&fo_m=MfohQo559jFvMUOzJVpjPL1YMfZ3bInYwBDuMfaXTPp5KXh-&utm_source=tactile&gei=qCn3aZy6O8-L4-EPgb7JqQI&ei=qCn3aZy6O8-L4-EPgb7JqQI&fo_s=OA&opi=79508299&orderType=1&ebb=1&cs=0&foub=mcpp","Pesan online","","Makanan","enak staf nya ramah, cake nya juga cepet, enak  good lah"""
"","","","","","","","","","","","","","","","","","","","",""