"hfpxzc href","qBF1Pd","MW4etd","UY7F9","AJB7ye","AJB7ye 2","W4Efsd","W4Efsd 2","doJOZc","W4Efsd 3","W4Efsd 4","W4Efsd 5","W4Efsd 6","FQ2IWe src","Jn12ke src","ah5Ghc","ah5Ghc 2","ah5Ghc 3","A1zNzb href","J8zHNe","bbPy1"
"","","","","","","","","","","","","","","","","","","","",""
"","","","","","","","","","","","","","","","","","","","",""
"https://www.google.com/maps/place/Aroma+Italia+JAKAL/data=!4m7!3m6!1s0x2e7a59bc8da59ec7:0x690d7a9926f8c0e6!8m2!3d-7.7581177!4d110.3818639!16s%2Fg%2F11l0_3242x!19sChIJx56ljbxZei4R5sD4Jpl6DWk?authuser=0&hl=id&rclk=1","Aroma Italia JAKAL","4,7","(1.490)","·","Rp 50–75 rb","Italia","·","","·","Jl. Kaliurang No.5,5","Buka","· Tutup pukul 22.00","https://lh3.googleusercontent.com/gps-cs-s/APNQkAEOuunHoHvHpZxNmZC2UAiTcpcdYu8BExwXPFmkQoQAV6UHTHN_CHgptdyzLoIOLPSBoNwULvo5EJC5HAnawQ3zKX2KWo2m1KttXhfS9Dzywyr9mguWmo2iBo27vkTvRj_bZO8n=w137-h92-k-no","https://ssl.gstatic.com/local/servicebusiness/default_user.png","""Rasa","pizza","tunanya oke, kejunya juga enak, bukan yg bikin eneg.""","https://www.google.com/searchviewer/42?cvd=CLw_EicKJeICIjIgEhkiF9LX29IPEQoNL2cvMTFsMF8zMjQyeBgBOgMI8A0%3D&hl=id-ID&gl=id&fo_m=MfohQo559jFvMUOzJVpjPL1YMfZ3bInYwBDuMfaXTPp5KXh-&utm_source=tactile&gei=Cir3admIIpOY4-EP4eLOqQo&ei=Cir3admIIpOY4-EP4eLOqQo&fo_s=OA&opi=79508299&orderType=1&ebb=1&cs=0&foub=mcpp","Pesan online",""
"https://www.google.com/maps/place/Nanamia+Pizzeria+%28North+Area%29/data=!4m7!3m6!1s0x2e7a59c7d0f0c797:0x485cfaac95e66563!8m2!3d-7.7761791!4d110.3909347!16s%2Fg%2F1tvrfh17!19sChIJl8fw0MdZei4RY2Xmlaz6XEg?authuser=0&hl=id&rclk=1","Nanamia Pizzeria (North Area)","4,7","(5.313)","·","Rp 50–75 rb","Pizza","·","","·","Jl. Moses Gatotkaca No.B 9 - 14","Buka","· Tutup pukul 22.00","https://lh3.googleusercontent.com/gps-cs-s/APNQkAH4zmvn6ouEEkV4zFIZ3ehyrrgwUs8n3yx3dUTszVqchGoUHbcEfSTm2DgRwjTgiljqBxBX8gXjpw-KZZVyAJBx5Gv0TB0nyBTL-GeTRbcy5iX4QZEcgsEeW7i4Fuf_ixC9c17Z=w162-h92-k-no","https://ssl.gstatic.com/local/servicebusiness/default_user.png","""Topping pizzanya juga fresh juicy,bukan yg dry gitu ya""","","","https://www.google.com/searchviewer/42?cvd=CLw_EiUKI-ICIDIeEhciFdLX29IPDwoLL2cvMXR2cmZoMTcYADoDCPAN&hl=id-ID&gl=id&fo_m=MfohQo559jFvMUOzJVpjPL1YMfZ3bInYwBDuMfaXTPp5KXh-&utm_source=tactile&gei=Cir3admIIpOY4-EP4eLOqQo&ei=Cir3admIIpOY4-EP4eLOqQo&fo_s=OA&opi=79508299&ebb=1&cs=0&foub=mcpp","Pesan online",""
"https://www.google.com/maps/place/Pizza+PORA+-+Babarsari/data=!4m7!3m6!1s0x2e7a5929ae4b521b:0x51c80337f502ea86!8m2!3d-7.776506!4d110.4154813!16s%2Fg%2F11z16xfy0m!19sChIJG1JLrilZei4RhuoC9TcDyFE?authuser=0&hl=id&rclk=1","Pizza PORA - Babarsari","5,0","(38)","·","Rp 25–50 rb","Pizza","·","","Jl. Babarsari No.23D","","Buka","· Tutup pukul 23.00","https://lh3.googleusercontent.com/gps-cs-s/APNQkAH-QEnrxbemsmjKwdn8ao0mSCXr5fdGcaqpSrx4qy9e-5SERdJ-kFINujedlQsJLEhcA8KqO_a10uUqTfmaxnjb99qCgxikd64zLtFx4OiIDoJyHkEMGFdR02ZN2bJbK8tnXOJSfuSwpNPd=w80-h142-k-no","https://ssl.gstatic.com/local/servicebusiness/default_user.png","""","Pizza","nya enak poll, suasana Adam, pelayanannya good""","https://www.google.com/searchviewer/42?cvd=CLw_EicKJeICIjIgEhkiF9LX29IPEQoNL2cvMTF6MTZ4ZnkwbRgBOgMI8A0%3D&hl=id-ID&gl=id&fo_m=MfohQo559jFvMUOzJVpjPL1YMfZ3bInYwBDuMfaXTPp5KXh-&utm_source=tactile&gei=Cir3admIIpOY4-EP4eLOqQo&ei=Cir3admIIpOY4-EP4eLOqQo&fo_s=OA&opi=79508299&orderType=1&ebb=1&cs=0&foub=mcpp","Pesan online",""
"https://www.google.com/maps/place/ELZ+PIZZA/data=!4m7!3m6!1s0x2e7a59db34a9069f:0x68d28544eddf9b2!8m2!3d-7.7538404!4d110.3956938!16s%2Fg%2F11vk2n5pwx!19sChIJnwapNNtZei4RsvndTlQojQY?authuser=0&hl=id&rclk=1","ELZ PIZZA","4,6","(69)","·","Rp 25–50 rb","Pizza","·","","Jl. Jati","","Buka","· Tutup pukul 22.00","https://lh3.googleusercontent.com/gps-cs-s/APNQkAE-YEZflL_gj9-zI6NZZqhTom6UEdNUMtsUovoLkT-yza6selGWHN9ODMVNkvIqSz1p5H9Olco0zfBlwD70GV3tbJBZIB_LbXjbzW1bvAXVu3c5-wEWTkkYN_-j9K2dsUTHX252=w122-h92-k-no","https://ssl.gstatic.com/local/servicebusiness/default_user.png","""","pizza","mantap betul harga terjangkau,Tambahkan menu Paket2 yang lain,""","https://www.google.com/searchviewer/42?cvd=CLw_EicKJeICIjIgEhkiF9LX29IPEQoNL2cvMTF2azJuNXB3eBgBOgMI8A0%3D&hl=id-ID&gl=id&fo_m=MfohQo559jFvMUOzJVpjPL1YMfZ3bInYwBDuMfaXTPp5KXh-&utm_source=tactile&gei=Cir3admIIpOY4-EP4eLOqQo&ei=Cir3admIIpOY4-EP4eLOqQo&fo_s=OA&opi=79508299&orderType=1&ebb=1&cs=0&foub=mcpp","Pesan online",""
"https://www.google.com/maps/place/Pizza+Aroma+Italia/data=!4m7!3m6!1s0x2e7a59cfa4837295:0xb0e3898e54028b6!8m2!3d-7.7937589!4d110.377971!16s%2Fg%2F11s8wd9tls!19sChIJlXKDpM9Zei4RtihA5Zg4Dgs?authuser=0&hl=id&rclk=1","Pizza Aroma Italia","4,7","(643)","·","$$","Pizza","·","","·","Jl. Doktor Sutomo No.46","Buka","· Tutup pukul 22.00","https://lh3.googleusercontent.com/gps-cs-s/APNQkAFRQCWPSUtvHSwTHiblyO_E4Mw7qwNyvrE0oKfhS7BI3Bv7RNYwTux0ghRca0GyVCwrIGsqvvc-qaw0JvxPcekxgSpZS6pzrWnxhhHz41zsDpdW1DQ51Zq9DCrGC1hGQXIQGJWwEQ=w80-h142-k-no","https://ssl.gstatic.com/local/servicebusiness/default_user.png","""Their spinach topping with white sauce","pizza","is my favorite.""","https://www.google.com/searchviewer/42?cvd=CLw_EicKJeICIjIgEhkiF9LX29IPEQoNL2cvMTFzOHdkOXRscxgBOgMI8A0%3D&hl=id-ID&gl=id&fo_m=MfohQo559jFvMUOzJVpjPL1YMfZ3bInYwBDuMfaXTPp5KXh-&utm_source=tactile&gei=Cir3admIIpOY4-EP4eLOqQo&ei=Cir3admIIpOY4-EP4eLOqQo&fo_s=OA&opi=79508299&orderType=1&ebb=1&cs=0&foub=mcpp","Pesan online",""
"https://www.google.com/maps/place/Pizza+Hut+Restoran/data=!4m7!3m6!1s0x2e7a5984c3e07311:0x5f9f5fd00bbd4501!8m2!3d-7.7829508!4d110.407409!16s%2Fg%2F11t5y5cbc1!19sChIJEXPgw4RZei4RAUW9C9Bfn18?authuser=0&hl=id&rclk=1","Pizza Hut Restoran","4,9","(2.735)","·","$$","Pizza","·","","Jl. Laksda Adisucipto No.29","Franchise piza dengan beragam pilihan","Buka","· Tutup pukul 22.00","https://lh3.googleusercontent.com/gps-cs-s/APNQkAEoXmfW7Icd7ugAe6rDUF5ZCMz-YpNUInYp6piE2F0_DpCG1zecLKFT67Cd7Goxhirs-6cIo2TNVsu_ARolGSvb4Av5_h1llraogjiyAOqMPy4rULpsglxAUbwmE7s_MXMlhX1Q=w80-h106-k-no","https://ssl.gstatic.com/local/servicebusiness/default_user.png","""pelayanannya bagus,","pizza","nya enak, tempat nya bersih, staff nya ramah💗💗💗""","https://www.google.com/searchviewer/42?cvd=CLw_EicKJeICIjIgEhkiF9LX29IPEQoNL2cvMTF0NXk1Y2JjMRgAOgMI8A0%3D&hl=id-ID&gl=id&fo_m=MfohQo559jFvMUOzJVpjPL1YMfZ3bInYwBDuMfaXTPp5KXh-&utm_source=tactile&gei=Cir3admIIpOY4-EP4eLOqQo&ei=Cir3admIIpOY4-EP4eLOqQo&fo_s=OA&opi=79508299&ebb=1&cs=0&foub=mcpp","Pesan online",""
"https://www.google.com/maps/place/Sekar+Pizza+Colombo/data=!4m7!3m6!1s0x2e7a59f538c4f457:0x43354d18df934786!8m2!3d-7.7785088!4d110.3902918!16s%2Fg%2F11vql9j2r0!19sChIJV_TEOPVZei4RhkeT3xhNNUM?authuser=0&hl=id&rclk=1","Sekar Pizza Colombo","4,3","(53)","·","Rp 25–50 rb","Pizza","·","","Jl. Garuda No.45","","Buka","· Tutup pukul 23.00","https://lh3.googleusercontent.com/gps-cs-s/APNQkAHH5ypbW7yDR86qDtnw_AMu2CRN44yZPmpIZPkRB6VCKGxXpbolMWM8c5NihL9psfIxujgkEmdxpzFPhNUrIEzxSSzhL9vXljiJ7PhXbgFTDCFmAzbbfPhOG8TVq9hD_N8B3SXinA=w80-h106-k-no","https://ssl.gstatic.com/local/servicebusiness/default_user.png","""pizzanya emang slalu enak!""","","","https://www.google.com/searchviewer/42?cvd=CLw_EicKJeICIjIgEhkiF9LX29IPEQoNL2cvMTF2cWw5ajJyMBgBOgMI8A0%3D&hl=id-ID&gl=id&fo_m=MfohQo559jFvMUOzJVpjPL1YMfZ3bInYwBDuMfaXTPp5KXh-&utm_source=tactile&gei=Cir3admIIpOY4-EP4eLOqQo&ei=Cir3admIIpOY4-EP4eLOqQo&fo_s=OA&opi=79508299&orderType=1&ebb=1&cs=0&foub=mcpp","Pesan online",""
"https://www.google.com/maps/place/Giorno%27s+Pizzeria+%7C+Halal+Italian+Pizza/data=!4m7!3m6!1s0x2e7a598b67a20111:0x772ac2422ada3dfd!8m2!3d-7.78363!4d110.4013124!16s%2Fg%2F11s9jmjsxh!19sChIJEQGiZ4tZei4R_T3aKkLCKnc?authuser=0&hl=id&rclk=1","Giorno's Pizzeria | Halal Italian Pizza","4,7","(1.459)","·","$$","Pizza","·","","·","Ambarukmo 377A","Buka","· Tutup pukul 22.00","https://lh3.googleusercontent.com/gps-cs-s/APNQkAHmEJEMFUzAfQH8xAgHOkyPw-WtCU_qnasD8t57nd2_KEcBwbv-N5j9lT0o0_r_UWlkDH_GY_lMpy03wZbQ2xHVDCnRyLJ0x91sNi_FY3Z99MlzhEt-OVieKysPUCvA3gtAgfBD7rKLWCn5=w80-h97-k-no","https://ssl.gstatic.com/local/servicebusiness/default_user.png","""raza","pizza","nya autentik banget, menu lain juga enak,pelayanan good.""","https://www.google.com/searchviewer/42?cvd=CLw_EicKJeICIjIgEhkiF9LX29IPEQoNL2cvMTFzOWptanN4aBgBOgMI8A0%3D&hl=id-ID&gl=id&fo_m=MfohQo559jFvMUOzJVpjPL1YMfZ3bInYwBDuMfaXTPp5KXh-&utm_source=tactile&gei=Cir3admIIpOY4-EP4eLOqQo&ei=Cir3admIIpOY4-EP4eLOqQo&fo_s=OA&opi=79508299&orderType=1&ebb=1&cs=0&foub=mcpp","Pesan online",""
"https://www.google.com/maps/place/Pizza+Marzano+Pakuwon+Mall/data=!4m7!3m6!1s0x2e7a59451cd72605:0xc90ce73c0059e7e!8m2!3d-7.7591544!4d110.3991722!16s%2Fg%2F11svyzb_1h!19sChIJBSbXHEVZei4Rfp4FwHPOkAw?authuser=0&hl=id&rclk=1","Pizza Marzano Pakuwon Mall","4,8","(298)","","","Pizza","·","","69RX+8MM, Jl. Ring Road Utara","","Buka","· Tutup pukul 21.30","https://lh3.googleusercontent.com/gps-cs-s/APNQkAG9_-JNjU4HIfKENhyKTl-uhfSDtzH4pQZ3yLEe2rYejq0sjqodPAFM5YJrySR3qWtmcHlc1TJcN6bp91NOIWw1ceDeJH8OHFnasv_DMIW90PcnMeMER9z4PnBjbveqmintoTKUWg=w80-h106-k-no","https://ssl.gstatic.com/local/servicebusiness/default_user.png","""Pizzanya enak, minumannya unik dan enak, harga terjangkau.""","","","https://www.google.com/searchviewer/42?cvd=CLw_EicKJeICIjIgEhkiF9LX29IPEQoNL2cvMTFzdnl6Yl8xaBgBOgMI8A0%3D&hl=id-ID&gl=id&fo_m=MfohQo559jFvMUOzJVpjPL1YMfZ3bInYwBDuMfaXTPp5KXh-&utm_source=tactile&gei=Cir3admIIpOY4-EP4eLOqQo&ei=Cir3admIIpOY4-EP4eLOqQo&fo_s=OA&opi=79508299&orderType=1&ebb=1&cs=0&foub=mcpp","Pesan online",""
"https://www.google.com/maps/place/Pizza+Hut+Ristorante/data=!4m7!3m6!1s0x2e7a58308eb02b4d:0xa98bc9602fa427e6!8m2!3d-7.7826665!4d110.3736392!16s%2Fg%2F1tds3tyj!19sChIJTSuwjjBYei4R5iekL2DJi6k?authuser=0&hl=id&rclk=1","Pizza Hut Ristorante","4,7","(9.723)","·","$$","Pizza","·","","Jl. Jend. Sudirman No.65","Franchise piza dengan beragam pilihan","Buka","· Tutup pukul 22.00","https://lh3.googleusercontent.com/gps-cs-s/APNQkAFxJ_2DkFhmalQz2z4ktXCTgJuDvgA3JGBOzHF8yfuvWHekKL2YWXME5xIn3o5fCnLtXASIPdnpJjkLyCkkxixpp5RJ8haBySf7lU4zByQBWYbp5yC-O01nl9fDcatGRRsIS3Yn=w184-h92-k-no","https://ssl.gstatic.com/local/servicebusiness/default_user.png","""","Pizza","enak, ambience OK, service OK""","https://www.google.com/searchviewer/42?cvd=CLw_EiUKI-ICIDIeEhciFdLX29IPDwoLL2cvMXRkczN0eWoYADoDCPAN&hl=id-ID&gl=id&fo_m=MfohQo559jFvMUOzJVpjPL1YMfZ3bInYwBDuMfaXTPp5KXh-&utm_source=tactile&gei=Cir3admIIpOY4-EP4eLOqQo&ei=Cir3admIIpOY4-EP4eLOqQo&fo_s=OA&opi=79508299&ebb=1&cs=0&foub=mcpp","Pesan online",""
"https://www.google.com/maps/place/Pizza+Hut+Restoran/data=!4m7!3m6!1s0x2e7a59aba0bfade1:0x1be793cef9efe040!8m2!3d-7.7563631!4d110.3822547!16s%2Fg%2F1hc458pfc!19sChIJ4a2_oKtZei4RQODv-c6T5xs?authuser=0&hl=id&rclk=1","Pizza Hut Restoran","4,7","(8.818)","·","$$","Pizza","·","","·","Jl. Kaliurang No.KM.5","Buka","· Tutup pukul 22.00","https://lh3.googleusercontent.com/gps-cs-s/APNQkAHXzZvqNvJUU-sdhH5fN097icBG74YmAMHJNT01HWhQ5_QdwVpKMoyVaj1P4rfv55BFqLEHtjqEVzdn-7v3fnzMv3bBdKsjmI2NEWpQ8zV6lp2jv3jVGu6mZymCieU32nF1Xhs=w113-h92-k-no","https://ssl.gstatic.com/local/servicebusiness/default_user.png","""Pizzanya enak, cheesy banget, saladnya fresh, enak""","","","https://www.google.com/searchviewer/42?cvd=CLw_EiYKJOICITIfEhgiFtLX29IPEAoML2cvMWhjNDU4cGZjGAA6AwjwDQ%3D%3D&hl=id-ID&gl=id&fo_m=MfohQo559jFvMUOzJVpjPL1YMfZ3bInYwBDuMfaXTPp5KXh-&utm_source=tactile&gei=Cir3admIIpOY4-EP4eLOqQo&ei=Cir3admIIpOY4-EP4eLOqQo&fo_s=OA&opi=79508299&ebb=1&cs=0&foub=mcpp","Pesan online",""
"https://www.google.com/maps/place/Panties+Pizza+Gejayan/data=!4m7!3m6!1s0x2e7a59bad6193bb1:0xa346d5ecb9e8d73e!8m2!3d-7.7639761!4d110.3935272!16s%2Fg%2F11b8v9yz12!19sChIJsTsZ1rpZei4RPtfouezVRqM?authuser=0&hl=id&rclk=1","Panties Pizza Gejayan","4,5","(3.899)","·","Rp 25–50 rb","Pizza","·","","·","Jl. Affandi No.18A","Buka","· Tutup pukul 21.30","https://lh3.googleusercontent.com/gps-cs-s/APNQkAHWrpRQPDusw0SaBRuR8CTCXenF8ugkW7yxkwtIA3Fs7sC2aTSaSgpnJNQTn1Jzy0VzCIP1b6ez1hiffvBWMMDdXk_p8Ht-94Ix9NMm3VGEMFIRR8eo0wNYfPk3S6EaiWhniHA=w80-h106-k-no","https://ssl.gstatic.com/local/servicebusiness/default_user.png","""","Pizza","terjangkau dan porsinya pas, g bikin eneg.""","https://www.google.com/searchviewer/42?cvd=CLw_EicKJeICIjIgEhkiF9LX29IPEQoNL2cvMTFiOHY5eXoxMhgBOgMI8A0%3D&hl=id-ID&gl=id&fo_m=MfohQo559jFvMUOzJVpjPL1YMfZ3bInYwBDuMfaXTPp5KXh-&utm_source=tactile&gei=Cir3admIIpOY4-EP4eLOqQo&ei=Cir3admIIpOY4-EP4eLOqQo&fo_s=OA&opi=79508299&orderType=1&ebb=1&cs=0&foub=mcpp","Pesan online",""
"https://www.google.com/maps/place/THYME+Pizza/data=!4m7!3m6!1s0x2e7a59893e140183:0x90285550d5608ac6!8m2!3d-7.7560617!4d110.3752676!16s%2Fg%2F11fljjkh5v!19sChIJgwEUPolZei4Rxopg1VBVKJA?authuser=0&hl=id&rclk=1","THYME Pizza","4,4","(218)","·","Rp 50–75 rb","Stan Pizza","·","","Jl. Pandega Marta No.168","","Buka","· Tutup pukul 23.00","https://lh3.googleusercontent.com/gps-cs-s/APNQkAEJXISPJsCBVywaOcAcoaeqmuRNsHIgSTSkgAWxl5Ho-tyhcsqT4LSQeOYuxbQBFbj1fJCLFbNVr5cTPOEA3m7e9gPflngk-T3b_ROuc420C_vsrIWBdtHJkI7P_Q_A1kTBU3hk=w163-h92-k-no","https://ssl.gstatic.com/local/servicebusiness/default_user.png","""one of the best truffles mushroom","pizza","ive ever had sih yummy bgt.""","https://www.google.com/searchviewer/42?cvd=CLw_EicKJeICIjIgEhkiF9LX29IPEQoNL2cvMTFmbGpqa2g1dhgBOgMI8A0%3D&hl=id-ID&gl=id&fo_m=MfohQo559jFvMUOzJVpjPL1YMfZ3bInYwBDuMfaXTPp5KXh-&utm_source=tactile&gei=Cir3admIIpOY4-EP4eLOqQo&ei=Cir3admIIpOY4-EP4eLOqQo&fo_s=OA&opi=79508299&orderType=1&ebb=1&cs=0&foub=mcpp","Pesan online",""
"https://www.google.com/maps/place/Pizza+dan+Pasta+Yumyum/data=!4m7!3m6!1s0x2e7a5945925f9855:0x798ff68c583f2c9d!8m2!3d-7.7561973!4d110.4118349!16s%2Fg%2F11qn07y7bw!19sChIJVZhfkkVZei4RnSw_WIz2j3k?authuser=0&hl=id&rclk=1","Pizza dan Pasta Yumyum","5,0","(2)","","","Pizza","·","","Perumahan Mataram Bumi Sejahtera Jalan Tambakboyo Raya no 79","","Buka","· Tutup pukul 22.00","https://streetviewpixels-pa.googleapis.com/v1/thumbnail?panoid=ytEaWPILGjAMfdOLi2gQrw&cb_client=search.gws-prod.gps&w=80&h=92&yaw=194.94801&pitch=0&thumbfov=100","","Makan di tempat","Bawa pulang","Pesan antar","","",""
"https://www.google.com/maps/place/TUNQU+NANGKRING+%28Italian+Pitza+Emperan%29/data=!4m7!3m6!1s0x2e7a58124ba41c65:0x3c7d4ef4b0ac01ef!8m2!3d-7.7886001!4d110.3664466!16s%2Fg%2F11f40pz0j9!19sChIJZRykSxJYei4R7wGssPROfTw?authuser=0&hl=id&rclk=1","TUNQU NANGKRING (Italian Pitza Emperan)","4,7","(2.719)","·","Rp 25–50 rb","Pizza","·","","·","Jl. P. Mangkubumi","Buka","· Tutup pukul 22.00","https://lh3.googleusercontent.com/gps-cs-s/APNQkAF_2myHwvTsVODPto2tRZSGsSv2B6RsgwWcXEby9yKESjd0vcyVZeUS-m9E-1iXd-cl_uRVY_BmaN_E_9nCNyABAtdf2rHgdOElRsaI73ceI7W_4Sn6iEM-CtqdzRD2HKsMKEhMRA=w122-h92-k-no","https://ssl.gstatic.com/local/servicebusiness/default_user.png","""","Pizza","enak dan unik,layanan baik,suasana riuh kurang nyanan""","https://www.google.com/searchviewer/42?cvd=CLw_EicKJeICIjIgEhkiF9LX29IPEQoNL2cvMTFmNDBwejBqORgBOgMI8A0%3D&hl=id-ID&gl=id&fo_m=MfohQo559jFvMUOzJVpjPL1YMfZ3bInYwBDuMfaXTPp5KXh-&utm_source=tactile&gei=Cir3admIIpOY4-EP4eLOqQo&ei=Cir3admIIpOY4-EP4eLOqQo&fo_s=OA&opi=79508299&orderType=1&ebb=1&cs=0&foub=mcpp","Pesan online",""
"https://www.google.com/maps/place/Pizza+Up+Seturan/data=!4m7!3m6!1s0x2e7a5938b7addd3b:0x2a912f34220fbcd4!8m2!3d-7.7621657!4d110.4120496!16s%2Fg%2F11s83m4psf!19sChIJO92ttzhZei4R1LwPIjQvkSo?authuser=0&hl=id&rclk=1","Pizza Up Seturan","4,4","(298)","·","Rp 25–50 rb","Restoran","·","","Jl. Seturan Raya No.412","","Buka","· Tutup pukul 23.00","https://lh3.googleusercontent.com/gps-cs-s/APNQkAH4lkVxmwONcJ1kKISKkOP7thgoIja2z-XJfmxlqG1gjiCDyy4KpEyGP6PLBByphykN6EY2-JHn3e5ywfjrDUxav6PGOHFCvCifdXK42dMP4_pBg1sVEqXFDyCtHHOVnJarOiOcaA=w204-h92-k-no","https://ssl.gstatic.com/local/servicebusiness/default_user.png","""Pizzanya unik, roti atasnya lembut, bawahnya crispy bgt.""","","","https://www.google.com/searchviewer/42?cvd=CLw_EicKJeICIjIgEhkiF9LX29IPEQoNL2cvMTFzODNtNHBzZhgBOgMI8A0%3D&hl=id-ID&gl=id&fo_m=MfohQo559jFvMUOzJVpjPL1YMfZ3bInYwBDuMfaXTPp5KXh-&utm_source=tactile&gei=Cir3admIIpOY4-EP4eLOqQo&ei=Cir3admIIpOY4-EP4eLOqQo&fo_s=OA&opi=79508299&orderType=1&ebb=1&cs=0&foub=mcpp","Pesan online",""
"https://www.google.com/maps/place/Pizza+Tarik+Jogjakarta/data=!4m7!3m6!1s0x2e7a590063bf4803:0x133178291897418a!8m2!3d-7.758293!4d110.3919249!16s%2Fg%2F11xt4s6lzc!19sChIJA0i_YwBZei4RikGXGCl4MRM?authuser=0&hl=id&rclk=1","Pizza Tarik Jogjakarta","4,4","(21)","","","Stan Pizza","·","","Jl. Pandean Sari III No.10 A","","Buka","· Tutup pukul 21.45","https://lh3.googleusercontent.com/gps-cs-s/APNQkAH4yFUuCTFLsZ1oJMQ7Y_hXKnCAIO-aCiHWrXK_crM10sQSiRQZ_bl1sUD-yI7K6WsXXs7olVvRQRJMmIa9H2Edaqti1WD59raooepH_J3Lf3c6ZkrPE-_VFw97dDjAHGLR4CExlRzM233J=w80-h106-k-no","https://ssl.gstatic.com/local/servicebusiness/default_user.png","""","Pizza","Tarik murah yang bikin dompet tetep aman.""","","",""
"https://www.google.com/maps/place/Pizza+pawon/data=!4m7!3m6!1s0x2e7a57bbd1f61929:0xda211cc421eb85a0!8m2!3d-7.7925288!4d110.4013442!16s%2Fg%2F11smrzwcvh!19sChIJKRn20btXei4RoIXrIcQcIdo?authuser=0&hl=id&rclk=1","Pizza pawon","4,9","(57)","·","Rp 25–50 rb","Pizza","·","","Jalan","","Tutup","· Buka Sen pukul 14.00","https://lh3.googleusercontent.com/gps-cs-s/APNQkAGzjfWaUh2665DRFiaZrtjiAdiZPtj-wNRIset4W6Wt_TEyGQ8gvS2KHRItfR6lBERmLnLbvthf88wmfowaD72QROg9nPwYl8Ug4RRlEJ8vZGMGGKkK1Y_pp7TrU8L_mD7DlJL3ow=w80-h142-k-no","https://ssl.gstatic.com/local/servicebusiness/default_user.png","""Mantaaab tenan pizzanya... Rasanyaaa nikmak banget""","","","","",""
"https://www.google.com/maps/place/Aroma+Italia+Pizza+Express+CATURTUNGGAL/data=!4m7!3m6!1s0x2e7a59a6364982d1:0xc4d5203317be4af6!8m2!3d-7.7741264!4d110.4087773!16s%2Fg%2F11lv8k57vn!19sChIJ0YJJNqZZei4R9kq-FzMg1cQ?authuser=0&hl=id&rclk=1","Aroma Italia Pizza Express CATURTUNGGAL","4,7","(68)","·","Rp 50–75 rb","Pizza","·","","·","Jl. Raya Kledokan No.58","Buka","· Tutup pukul 22.00","https://lh3.googleusercontent.com/gps-cs-s/APNQkAFSx-LcfT_ZQpLhpKQXaPorkysXlbPP4CrDkM1Ko6KAqXzbJyA1qqfQuBCSex5uSfCR-98hSnfdnyhN_K3j89HNgeWVEggoykWv7DOpqt66sg7AQ-Pfku9Qg_B9bLUGVxyjptRthrLaKk7W=w80-h142-k-no","https://ssl.gstatic.com/local/servicebusiness/default_user.png","""pizzanya dan pastanya enak bangettt, keju dan dagingnya ga pelit.""","","","https://www.google.com/searchviewer/42?cvd=CLw_EicKJeICIjIgEhkiF9LX29IPEQoNL2cvMTFsdjhrNTd2bhgBOgMI8A0%3D&hl=id-ID&gl=id&fo_m=MfohQo559jFvMUOzJVpjPL1YMfZ3bInYwBDuMfaXTPp5KXh-&utm_source=tactile&gei=Cir3admIIpOY4-EP4eLOqQo&ei=Cir3admIIpOY4-EP4eLOqQo&fo_s=OA&opi=79508299&orderType=1&ebb=1&cs=0&foub=mcpp","Pesan online",""
"https://www.google.com/maps/place/PIZZW+LEBAR+YOGYA/data=!4m7!3m6!1s0x2e7a59001597452d:0x138893234fde5871!8m2!3d-7.7703582!4d110.3833217!16s%2Fg%2F11y0xqfkt5!19sChIJLUWXFQBZei4RcVjeTyOTiBM?authuser=0&hl=id&rclk=1","PIZZW LEBAR YOGYA","3,7","(3)","","","Pizza","·","","Ruko Nirwana, Jalan baru lembah UGM, Karang Malang Blok E 1, RT 06 RW 02 Caturtunggal Depok Sleman Yogyakarta 55281","","Tutup","· Buka Sen pukul 11.00","https://lh3.googleusercontent.com/gps-cs-s/APNQkAHmbl5PaaaCq6vUW6Oc33m1r3mnidoqxe20SgxFY7vEkQqNl3Nc8b_qYApqc2rVAflT_kJ62GrKeSY_mgH18SgR8DmkEkJtVB0CfIWFGlZcz4Sb0hOnq_OuXUfLkcvElwGxeZMwi_1JItQ=w92-h92-k-no","","Makan di tempat","Bawa pulang","Pesan antar","https://www.google.com/searchviewer/42?cvd=CLw_EicKJeICIjIgEhkiF9LX29IPEQoNL2cvMTF5MHhxZmt0NRgBOgMI8A0%3D&hl=id-ID&gl=id&fo_m=MfohQo559jFvMUOzJVpjPL1YMfZ3bInYwBDuMfaXTPp5KXh-&utm_source=tactile&gei=Cir3admIIpOY4-EP4eLOqQo&ei=Cir3admIIpOY4-EP4eLOqQo&fo_s=OA&opi=79508299&orderType=1&ebb=1&cs=0&foub=mcpp","Pesan online",""
"https://www.google.com/maps/place/TUNQU+NANGKRING+%28Italian+Pitza+Emperan%29/data=!4m7!3m6!1s0x2e7a58124ba41c65:0x3c7d4ef4b0ac01ef!8m2!3d-7.7886001!4d110.3664466!16s%2Fg%2F11f40pz0j9!19sChIJZRykSxJYei4R7wGssPROfTw?authuser=0&hl=id&rclk=1","TUNQU NANGKRING (Italian Pitza Emperan)","4,7","(2.719)","·","Rp 25–50 rb","Pizza","·","","·","Jl. P. Mangkubumi","Buka","· Tutup pukul 22.00","https://lh3.googleusercontent.com/gps-cs-s/APNQkAF_2myHwvTsVODPto2tRZSGsSv2B6RsgwWcXEby9yKESjd0vcyVZeUS-m9E-1iXd-cl_uRVY_BmaN_E_9nCNyABAtdf2rHgdOElRsaI73ceI7W_4Sn6iEM-CtqdzRD2HKsMKEhMRA=w122-h92-k-no","https://ssl.gstatic.com/local/servicebusiness/default_user.png","""","Pizza","enak dan unik,layanan baik,suasana riuh kurang nyanan""","https://www.google.com/searchviewer/42?cvd=CLw_EicKJeICIjIgEhkiF9LX29IPEQoNL2cvMTFmNDBwejBqORgBOgMI8A0%3D&hl=id-ID&gl=id&fo_m=MfohQo559jFvMUOzJVpjPL1YMfZ3bInYwBDuMfaXTPp5KXh-&utm_source=tactile&gei=DSr3aafMIv3E4-EPvejiiAk&ei=DSr3aafMIv3E4-EPvejiiAk&fo_s=OA&opi=79508299&orderType=1&ebb=1&cs=0&foub=mcpp","Pesan online",""
"https://www.google.com/maps/place/Pizza+pawon/data=!4m7!3m6!1s0x2e7a57bbd1f61929:0xda211cc421eb85a0!8m2!3d-7.7925288!4d110.4013442!16s%2Fg%2F11smrzwcvh!19sChIJKRn20btXei4RoIXrIcQcIdo?authuser=0&hl=id&rclk=1","Pizza pawon","4,9","(57)","·","Rp 25–50 rb","Pizza","·","","Jalan","","Tutup","· Buka Sen pukul 14.00","https://lh3.googleusercontent.com/gps-cs-s/APNQkAGzjfWaUh2665DRFiaZrtjiAdiZPtj-wNRIset4W6Wt_TEyGQ8gvS2KHRItfR6lBERmLnLbvthf88wmfowaD72QROg9nPwYl8Ug4RRlEJ8vZGMGGKkK1Y_pp7TrU8L_mD7DlJL3ow=w80-h142-k-no","https://ssl.gstatic.com/local/servicebusiness/default_user.png","""Mantaaab tenan pizzanya... Rasanyaaa nikmak banget""","","","","",""
"https://www.google.com/maps/place/Aroma+Italia+Pizza+Express+CATURTUNGGAL/data=!4m7!3m6!1s0x2e7a59a6364982d1:0xc4d5203317be4af6!8m2!3d-7.7741264!4d110.4087773!16s%2Fg%2F11lv8k57vn!19sChIJ0YJJNqZZei4R9kq-FzMg1cQ?authuser=0&hl=id&rclk=1","Aroma Italia Pizza Express CATURTUNGGAL","4,7","(68)","·","Rp 50–75 rb","Pizza","·","","·","Jl. Raya Kledokan No.58","Buka","· Tutup pukul 22.00","https://lh3.googleusercontent.com/gps-cs-s/APNQkAFSx-LcfT_ZQpLhpKQXaPorkysXlbPP4CrDkM1Ko6KAqXzbJyA1qqfQuBCSex5uSfCR-98hSnfdnyhN_K3j89HNgeWVEggoykWv7DOpqt66sg7AQ-Pfku9Qg_B9bLUGVxyjptRthrLaKk7W=w80-h142-k-no","https://ssl.gstatic.com/local/servicebusiness/default_user.png","""pizzanya dan pastanya enak bangettt, keju dan dagingnya ga pelit.""","","","https://www.google.com/searchviewer/42?cvd=CLw_EicKJeICIjIgEhkiF9LX29IPEQoNL2cvMTFsdjhrNTd2bhgBOgMI8A0%3D&hl=id-ID&gl=id&fo_m=MfohQo559jFvMUOzJVpjPL1YMfZ3bInYwBDuMfaXTPp5KXh-&utm_source=tactile&gei=DSr3aafMIv3E4-EPvejiiAk&ei=DSr3aafMIv3E4-EPvejiiAk&fo_s=OA&opi=79508299&orderType=1&ebb=1&cs=0&foub=mcpp","Pesan online",""
"https://www.google.com/maps/place/Pizza+Hut+Delivery+-+PHD+Indonesia/data=!4m7!3m6!1s0x2e7a5990fb11bb1f:0x4fa8ac098f6828ac!8m2!3d-7.7650811!4d110.4106827!16s%2Fg%2F11gglt20fb!19sChIJH7sR-5BZei4RrChojwmsqE8?authuser=0&hl=id&rclk=1","Pizza Hut Delivery - PHD Indonesia","4,6","(1.129)","·","$$","Stan Pizza","·","","·","Jl. Seturan Raya No.A100","Buka","· Tutup pukul 02.00","https://lh3.googleusercontent.com/gps-cs-s/APNQkAGqafBtf4d0wOx58hISyJjXIqMTaRxYCw-We-Gx-Eqka53A_AT8ef4_scnsTKqgsb0jsJaUTescO-mZkBXPqxfsQW3iKoizi07fc8ixngj_B5sPtx3XF8M8eDQBxKt5YMb7ilmeJEsrb69m=w92-h92-k-no","https://ssl.gstatic.com/local/servicebusiness/default_user.png","""Download apps,beli","pizza","dapet gratis 1","https://www.google.com/searchviewer/42?cvd=CLw_EicKJeICIjIgEhkiF9LX29IPEQoNL2cvMTFnZ2x0MjBmYhgAOgMI8A0%3D&hl=id-ID&gl=id&fo_m=MfohQo559jFvMUOzJVpjPL1YMfZ3bInYwBDuMfaXTPp5KXh-&utm_source=tactile&gei=DSr3aafMIv3E4-EPvejiiAk&ei=DSr3aafMIv3E4-EPvejiiAk&fo_s=OA&opi=79508299&ebb=1&cs=0&foub=mcpp","Pesan online",""
"https://www.google.com/maps/place/PIZZW+LEBAR+YOGYA/data=!4m7!3m6!1s0x2e7a59001597452d:0x138893234fde5871!8m2!3d-7.7703582!4d110.3833217!16s%2Fg%2F11y0xqfkt5!19sChIJLUWXFQBZei4RcVjeTyOTiBM?authuser=0&hl=id&rclk=1","PIZZW LEBAR YOGYA","3,7","(3)","","","Pizza","·","","Ruko Nirwana, Jalan baru lembah UGM, Karang Malang Blok E 1, RT 06 RW 02 Caturtunggal Depok Sleman Yogyakarta 55281","","Tutup","· Buka Sen pukul 11.00","https://lh3.googleusercontent.com/gps-cs-s/APNQkAHmbl5PaaaCq6vUW6Oc33m1r3mnidoqxe20SgxFY7vEkQqNl3Nc8b_qYApqc2rVAflT_kJ62GrKeSY_mgH18SgR8DmkEkJtVB0CfIWFGlZcz4Sb0hOnq_OuXUfLkcvElwGxeZMwi_1JItQ=w92-h92-k-no","","Makan di tempat","Bawa pulang","Pesan antar","https://www.google.com/searchviewer/42?cvd=CLw_EicKJeICIjIgEhkiF9LX29IPEQoNL2cvMTF5MHhxZmt0NRgBOgMI8A0%3D&hl=id-ID&gl=id&fo_m=MfohQo559jFvMUOzJVpjPL1YMfZ3bInYwBDuMfaXTPp5KXh-&utm_source=tactile&gei=DSr3aafMIv3E4-EPvejiiAk&ei=DSr3aafMIv3E4-EPvejiiAk&fo_s=OA&opi=79508299&orderType=1&ebb=1&cs=0&foub=mcpp","Pesan online",""
"https://www.google.com/maps/place/Pizza+Hut+Delivery+-+PHD+Indonesia/data=!4m7!3m6!1s0x2e7a59c91368a02d:0x489d5086caee9154!8m2!3d-7.7778174!4d110.3858977!16s%2Fg%2F11cr_rtj13!19sChIJLaBoE8lZei4RVJHuyoZQnUg?authuser=0&hl=id&rclk=1","Pizza Hut Delivery - PHD Indonesia","4,6","(1.395)","·","$$","Stan Pizza","·","","·","Jl. Colombo Jl. Samironobaru No.6D","Buka","· Tutup pukul 22.00","https://lh3.googleusercontent.com/gps-cs-s/APNQkAHXzZvqNvJUU-sdhH5fN097icBG74YmAMHJNT01HWhQ5_QdwVpKMoyVaj1P4rfv55BFqLEHtjqEVzdn-7v3fnzMv3bBdKsjmI2NEWpQ8zV6lp2jv3jVGu6mZymCieU32nF1Xhs=w113-h92-k-no","https://ssl.gstatic.com/local/servicebusiness/default_user.png","""Best bngt pizzanya dan karyawannya ramah bangettt promonya juga banyak👍🏻""","","","https://www.google.com/searchviewer/42?cvd=CLw_EicKJeICIjIgEhkiF9LX29IPEQoNL2cvMTFjcl9ydGoxMxgAOgMI8A0%3D&hl=id-ID&gl=id&fo_m=MfohQo559jFvMUOzJVpjPL1YMfZ3bInYwBDuMfaXTPp5KXh-&utm_source=tactile&gei=DSr3aafMIv3E4-EPvejiiAk&ei=DSr3aafMIv3E4-EPvejiiAk&fo_s=OA&opi=79508299&ebb=1&cs=0&foub=mcpp","Pesan online",""
"https://www.google.com/maps/place/Martabak+Manis+Paradox/data=!4m7!3m6!1s0x2e7a59548878ff1f:0xc16b50a713174665!8m2!3d-7.7561768!4d110.4095952!16s%2Fg%2F11wvmbm87k!19sChIJH_94iFRZei4RZUYXE6dQa8E?authuser=0&hl=id&rclk=1","Martabak Manis Paradox","5,0","(21)","·","Rp 25–50 rb","Martabak","·","","Jl. Nusa Indah","","Buka","· Tutup pukul 23.00","https://lh3.googleusercontent.com/gps-cs-s/APNQkAEndJqGEqDfxm37cCy_nVHpm8h8VncpcCmjFeeDWcM4DKbKekNSRGHNwR9BqNaI5hkCUzRgfP9sqGCQn2qoU7hmAnUUwG73GUpIm7ff4P5NpoPCBBmthn9lJIUWkxhKJXqRcW1Dnj9EgY22=w80-h142-k-no","https://ssl.gstatic.com/local/servicebusiness/default_user.png","""Rasanya unik sekali, adonannya martabak tapi topping ala","pizza",".""","https://www.google.com/searchviewer/42?cvd=CLw_EicKJeICIjIgEhkiF9LX29IPEQoNL2cvMTF3dm1ibTg3axgBOgMI8A0%3D&hl=id-ID&gl=id&fo_m=MfohQo559jFvMUOzJVpjPL1YMfZ3bInYwBDuMfaXTPp5KXh-&utm_source=tactile&gei=DSr3aafMIv3E4-EPvejiiAk&ei=DSr3aafMIv3E4-EPvejiiAk&fo_s=OA&opi=79508299&orderType=1&ebb=1&cs=0&foub=mcpp","Pesan online",""
"https://www.google.com/maps/place/Pitza+Tungku+Nangkring/data=!4m7!3m6!1s0x2e7a59149061f8c5:0xe8a841fa14ed3d0e!8m2!3d-7.7885928!4d110.3664751!16s%2Fg%2F11fkmdhsss!19sChIJxfhhkBRZei4RDj3tFPpBqOg?authuser=0&hl=id&rclk=1","Pitza Tungku Nangkring","4,7","(31)","","","Toko Kelontong Italia","·","","6968+HH9, Jl. Margomulyo","","Buka","· Tutup pukul 22.00","https://lh3.googleusercontent.com/gps-cs-s/APNQkAEnIbLDVNAJ8iLY0mvsOTiBTVbgRPyDRmBEBc1EzF-EVYF4XFX1ilE9HdolU0iCJXdFAh1O8JMfIxdkTNIJM32vBtbXjzow8hfFFoV1hOlZcJNtHPhKHBQocJhFYT2xPB9VrDzt=w80-h106-k-no","https://ssl.gstatic.com/local/servicebusiness/default_user.png","""Suka banget tipe","pizza","yang kayak gini.""","","",""
"https://www.google.com/maps/place/Roll9+Pizza/data=!4m7!3m6!1s0x2e7a59df6f6666a9:0x57c0224498da173a!8m2!3d-7.756498!4d110.4103889!16s%2Fg%2F11k0kzt5xc!19sChIJqWZmb99Zei4ROhfamEQiwFc?authuser=0&hl=id&rclk=1","Roll9 Pizza","5,0","(25)","","","Pizza","·","","Jl. Tambakboyo No.36C","","Buka","· Tutup pukul 21.00","https://lh3.googleusercontent.com/gps-cs-s/APNQkAHR1NBwwuCnlwZcl-dEeoPt5wtJDt7S9so4kql-PRz03P9CruFpjOL71doGXVZx2tLqbBw5uw_nBhjH70NHTICIHsMFVxNxutVD_ywtmt3sPnb5ow42rNVW2RHERc6WeuXcWfWt=w80-h100-k-no","","Makan di tempat","Bawa pulang","Antar tanpa bertemu","","",""
"https://www.google.com/maps/place/Pizza+Mercon+Mas+Falaqi/data=!4m7!3m6!1s0x2e7a596617d00f87:0x410dcaf7aff04f00!8m2!3d-7.7822466!4d110.3996083!16s%2Fg%2F11gr4px53k!19sChIJhw_QF2ZZei4RAE_wr_fKDUE?authuser=0&hl=id&rclk=1","Pizza Mercon Mas Falaqi","4,8","(6)","","","Kafe","·","","Jl. Ambar Madu No.178-217","","Buka","· Tutup pukul 23.00","https://lh3.googleusercontent.com/gps-cs-s/APNQkAHP44xrWYEc_m3uqg9wQAgAD-BuF_9ErsjuPYSqi5kpaR9EkkeR8eq4LoESF8KQkNtRQTP0SRGyYqsPMrZH3aoSdzJeG8TIa87rubTLFGx_GpZ3qdw4jFaQ_7UuNBHpt17_6dvj=w122-h92-k-no","","Makan di tempat","Bawa pulang","","","",""
"https://www.google.com/maps/place/QUESTA+PIZZA+QQ%27s+kitchen/data=!4m7!3m6!1s0x2e7a59147315daa9:0x736345da0ad6ad03!8m2!3d-7.7942253!4d110.3735078!16s%2Fg%2F11smjzvz3m!19sChIJqdoVcxRZei4RA63WCtpFY3M?authuser=0&hl=id&rclk=1","QUESTA PIZZA QQ's kitchen","5,0","(2)","","","Toko Roti","·","","Gg. Macanan No.543","","","","https://lh3.googleusercontent.com/gps-cs-s/APNQkAFmn953GFSRbqDCdCvBvrN-CKwPFn8g9hrjCUzbQjhmPjmK1JbvE66_ShZGhQri3HNgO-pHxQnKw01l_4iqim6R1gGvf5FxOW-QQln2iZ-MRgfNee8xrd0hQe-fCZQkJOevzeEl=w80-h106-k-no","","Pesan antar","","","","",""
"https://www.google.com/maps/place/Pide+Turkish+Pizza+Yogyakarta/data=!4m7!3m6!1s0x2e7a59a0d46b25d7:0x19cadc6d0d9da78b!8m2!3d-7.7561901!4d110.3979716!16s%2Fg%2F11w1ch1f20!19sChIJ1yVr1KBZei4Ri6edDW3cyhk?authuser=0&hl=id&rclk=1","Pide Turkish Pizza Yogyakarta","5,0","(3)","","","Toko Roti","·","","Jl. Anggajaya 2","","Buka","· Tutup pukul 22.00","https://lh3.googleusercontent.com/gps-cs-s/APNQkAEGVH-qGolJTt628xuc6fU5r0DwxqT53-hXRGcLw_X-OLxUdcpaBbkmjKrKmxmEPEs7ZJn3fVe30jEfk4rFT87aqz6GR_baCDn9z3sl_zNDgU5Wls3NxTpPr6yghxaJ5yLV6_VD=w122-h92-k-no","https://ssl.gstatic.com/local/servicebusiness/default_user.png","""Rasa yang khas, enak dan unik""","","","https://www.google.com/searchviewer/42?cvd=CLw_EicKJeICIjIgEhkiF9LX29IPEQoNL2cvMTF3MWNoMWYyMBgBOgMI8A0%3D&hl=id-ID&gl=id&fo_m=MfohQo559jFvMUOzJVpjPL1YMfZ3bInYwBDuMfaXTPp5KXh-&utm_source=tactile&gei=DSr3aafMIv3E4-EPvejiiAk&ei=DSr3aafMIv3E4-EPvejiiAk&fo_s=OA&opi=79508299&orderType=1&ebb=1&cs=0&foub=mcpp","Pesan online",""
"https://www.google.com/maps/place/Chunda+Resto+%28%EA%A6%95%EA%A7%80%EA%A6%B2%EA%A6%B8%EA%A6%A4%EA%A7%80%EA%A6%9D%EA%A6%89%EA%A6%B1%EA%A7%80%EA%A6%A0%EA%A6%BA%EA%A6%B4%29/data=!4m7!3m6!1s0x2e7a59fbab4a9801:0x51e26b28e1cf287f!8m2!3d-7.7838743!4d110.4185465!16s%2Fg%2F11pf2k6jrl!19sChIJAZhKq_tZei4RfyjP4Shr4lE?authuser=0&hl=id&rclk=1","Chunda Resto (ꦕ꧀ꦲꦸꦤ꧀ꦝꦉꦱ꧀ꦠꦺꦴ)","4,5","(966)","","","Restoran","·","","·","Santan, Kalongan, RT.08/RW.29","Buka","· Tutup pukul 23.00","https://lh3.googleusercontent.com/gps-cs-s/APNQkAGKZulW1kfGSpTvMryfwce186hGoHQSpjdo_Tqf-q4oyOfaGXMP7TvZeWVVUsJhsF55imD4qJaKcmqoymEWlZtPp2WZzm_Uk6AU6WdxT_H-zD_o2i969WRugJxRr34UT4QQfWM=w163-h92-k-no","https://ssl.gstatic.com/local/servicebusiness/default_user.png","""","Pizza","-nya enak ...suasana juga enak.""","","",""
"https://www.google.com/maps/place/Pizza+Gaza+Kledokan/data=!4m7!3m6!1s0x2e7a5900336a65ab:0x9afcdbd1d46885f9!8m2!3d-7.7787357!4d110.409307!16s%2Fg%2F11xl8mwlc6!19sChIJq2VqMwBZei4R-YVo1NHb_Jo?authuser=0&hl=id&rclk=1","Pizza Gaza Kledokan","5,0","(1)","","","Toko makanan beku","·","","Jl. Kledokan I Jl. Raya Kledokan No.17A","","","","https://lh3.googleusercontent.com/gps-cs-s/APNQkAFzdEcRjRKSuBeOU_bbtVfoI_aeKtCS3ZL2xv5uMG5eEa7FKWTMIl5MjSXla_W5g5-aE8z6VWWDi6I1Ce5CmU1sFg3PiYfqpRlwCLg71PFCzyk5AUfGrgY_b06sFAA-zJJ0cFaOkb_Qq0A=w92-h92-k-no","","","","","","",""
"https://www.google.com/maps/place/%22+Kedai+Pizza+%22/data=!4m7!3m6!1s0x2e7a59d67d1c8073:0x10a4614f3eb0c398!8m2!3d-7.7926248!4d110.3850081!16s%2Fg%2F11c37hd_0g!19sChIJc4AcfdZZei4RmMOwPk9hpBA?authuser=0&hl=id&rclk=1",""" Kedai Pizza ""","4,2","(5)","","","Pesan-Antar Pizza","·","","Jl. Mawar III No.54","","Buka","· Tutup pukul 20.00","https://lh3.googleusercontent.com/gps-cs-s/APNQkAEZOYN9dC5qdZ8XWecY7XzBHdZfQQWh5cytC1SHYYqzwlNQ-OSDMYOOb6AMrnt0RrGcqN0VlWgbbsyCWzGSRut9QDBqbqIo6RWjjiKWuhUhQcix0g47K2ywVMYOsqGFwRAmsvPvIw=w139-h92-k-no","https://ssl.gstatic.com/local/servicebusiness/default_user.png","""Sukses terus kak👍""","","","","",""
"https://www.google.com/maps/place/Pizza+Lebar+Jogja/data=!4m7!3m6!1s0x2e7a59a46d7eca0f:0x66891a693eefc85a!8m2!3d-7.763527!4d110.3739918!16s%2Fg%2F11m5h7wr9c!19sChIJD8p-baRZei4RWsjvPmkaiWY?authuser=0&hl=id&rclk=1","Pizza Lebar Jogja","4,2","(5)","","","Toko Makanan","·","","Jl. Pogung Kidul No.08, RT.02/RW.49","","Buka","· Tutup pukul 21.00","https://lh3.googleusercontent.com/gps-cs-s/APNQkAFOz5-3gj9SYeSIVfxvJ22slTLup5enTSHTCTRWdQd21-EHY3Tktu88OrNYNwe5fTLvquZGoIaDoJDAcYVlvXrrWPY-D1DRphG5FimISmNs_3Ahv9299-bNEf8KIt6BHMs2fDdPDvMNlOA=w80-h142-k-no","https://ssl.gstatic.com/local/servicebusiness/default_user.png","""Secara harga memang murah, jadi ya gak bisa komplain too much.""","","","","",""
"https://www.google.com/maps/place/D%E2%80%99List+Pizza/data=!4m7!3m6!1s0x2e7a594107990285:0x6c5e8f886fe26d7e!8m2!3d-7.7450577!4d110.3993476!16s%2Fg%2F11r10pj972!19sChIJhQKZB0FZei4Rfm3ib4iPXmw?authuser=0&hl=id&rclk=1","D’List Pizza","4,9","(79)","·","Rp 1–25.000","Pizza","·","","Jl. Rajawali Raya No.84","","Buka","· Tutup pukul 21.00","https://lh3.googleusercontent.com/gps-cs-s/APNQkAG8rvLDiGOiIcAvUOMvskOzuUp9T38iRL9VcybcyU4sB99IhO61h6C3LnnrrL3zaxwXTFGdSovGg61dHp1P3KE4gm2Zi0DdSJOk346uCUcRyu5zi5PF2pC5Bd-IabMN3evzfQ8=w163-h92-k-no","https://ssl.gstatic.com/local/servicebusiness/default_user.png","""Saya pesan takeaway","pizza","supreme deluxe, rasanya enak sekali.""","https://www.google.com/searchviewer/42?cvd=CLw_EicKJeICIjIgEhkiF9LX29IPEQoNL2cvMTFyMTBwajk3MhgBOgMI8A0%3D&hl=id-ID&gl=id&fo_m=MfohQo559jFvMUOzJVpjPL1YMfZ3bInYwBDuMfaXTPp5KXh-&utm_source=tactile&gei=DSr3aafMIv3E4-EPvejiiAk&ei=DSr3aafMIv3E4-EPvejiiAk&fo_s=OA&opi=79508299&orderType=1&ebb=1&cs=0&foub=mcpp","Pesan online",""
"https://www.google.com/maps/place/L%27Union+Pizza+Restaurant/data=!4m7!3m6!1s0x2e7a597539d9e8bb:0x2a28f63251f6a572!8m2!3d-7.7700194!4d110.3608657!16s%2Fg%2F11y3ddmgtq!19sChIJu-jZOXVZei4RcqX2UTL2KCo?authuser=0&hl=id&rclk=1","L'Union Pizza Restaurant","4,8","(592)","·","Rp 50–75 rb","Pizza","·","","Jl. Rogoyudan 1","","Buka","· Tutup pukul 22.00","","https://ssl.gstatic.com/local/servicebusiness/default_user.png","""Good service, good vibes, good","pizza","!!!""","https://www.google.com/searchviewer/42?cvd=CLw_EicKJeICIjIgEhkiF9LX29IPEQoNL2cvMTF5M2RkbWd0cRgBOgMI8A0%3D&hl=id-ID&gl=id&fo_m=MfohQo559jFvMUOzJVpjPL1YMfZ3bInYwBDuMfaXTPp5KXh-&utm_source=tactile&gei=DSr3aafMIv3E4-EPvejiiAk&ei=DSr3aafMIv3E4-EPvejiiAk&fo_s=OA&opi=79508299&orderType=1&ebb=1&cs=0&foub=mcpp","Pesan online",""
"https://www.google.com/maps/place/Nomad+Pizza/data=!4m7!3m6!1s0x2e7a59e7acd8f4b5:0x7b0ae0de1c27f85f!8m2!3d-7.7742625!4d110.4145751!16s%2Fg%2F11l5nvb102!19sChIJtfTYrOdZei4RX_gnHN7gCns?authuser=0&hl=id&rclk=1","Nomad Pizza","3,0","(2)","","","Pizza","·","","Komp. PJKA Jl. Babarsari No.6","","","","https://lh3.googleusercontent.com/gps-cs-s/APNQkAEd4pieB31W4TLgXJ6u41q_ab32AtxBPCB2aB-_SWUUxJiqvQ3w1AqTEGw1S9qDyqNN5WoZj65FzP9dNzmkoQ2NkgmKRhDNLdBp7vGV-f4Vwr_hAEcBg4jIxbnZD-CD1ZAo3Z0EZQ=w122-h92-k-no","","Makan di tempat","Bawa pulang","","","",""
"https://www.google.com/maps/place/PIZZA+LEBAR+YOGYA+MAGUWO/data=!4m7!3m6!1s0x2e7a590025db3285:0x2929dede7a40896e!8m2!3d-7.7499748!4d110.4197897!16s%2Fg%2F11msfyww47!19sChIJhTLbJQBZei4RbolAet7eKSk?authuser=0&hl=id&rclk=1","PIZZA LEBAR YOGYA MAGUWO","5,0","(1)","","","Pizza","·","","6CXC+X2QJl. StadionKarangsari","","Tutup","· Buka Sen pukul 07.00","https://lh3.googleusercontent.com/gps-cs-s/APNQkAHzWd_rdo4iglK8PoU595eHMpEzfI5sgbXJDHFHHs97Nfzl5u7n1tWBk69yl83KCxXeYZLlrFMpRuhdq9kTn3gDsZMu6YIIJ4ErkFcQpcj_xhjKzL_Jc2cR1RaCC2OVqJ-OX_SUMHVgJsPV=w80-h106-k-no","","Makan di tempat","Bawa pulang","","","",""
"https://www.google.com/maps/place/Istanbul+Kebab+X+Pide+Turkish+Pizza+Kledokan/data=!4m7!3m6!1s0x2e7a59251dab1a45:0x497a4c3a90f67e63!8m2!3d-7.7745953!4d110.4087513!16s%2Fg%2F11xkv4d6cf!19sChIJRRqrHSVZei4RY372kDpMekk?authuser=0&hl=id&rclk=1","Istanbul Kebab X Pide Turkish Pizza Kledokan","4,3","(32)","·","Rp 25–50 rb","Pizza","·","","Jl. Raya Kledokan No.11","","Buka","· Tutup pukul 22.30","https://lh3.googleusercontent.com/gps-cs-s/APNQkAGtUOW-yGj4JyTC3pXZilur447cA-LGXwxfKVbXWWwWNoSCk9VQ9CV0POFP7c0i9NW-8flvZFZpI6vS27V9HDb5ftHniukjbZGd1MwRcR06rev-1_eJBo0x8021vDpt3jds7kc9X6umtqIp=w163-h92-k-no","https://ssl.gstatic.com/local/servicebusiness/default_user.png","""Pdhl pizzanya enak.""","","","","",""
"https://www.google.com/maps/place/Marvelous+Home+Made+Pizza/data=!4m7!3m6!1s0x2e7a590e98c936b3:0xb5eb64b1bfbc87f!8m2!3d-7.7467443!4d110.3959924!16s%2Fg%2F11c5blnk32!19sChIJszbJmA5Zei4Rf8j7G0u2Xgs?authuser=0&hl=id&rclk=1","Marvelous Home Made Pizza","5,0","(25)","","","Pizza","·","","Jl. Klaseman I No.13","","Buka","· Tutup pukul 23.00","https://lh3.googleusercontent.com/gps-cs-s/APNQkAGn2MKl5BrDpjeU2U_CgRF-99wbL3AhJMmzikoauC4zJnOGDdFY50X5dkvG9pTSY34T0TvADiMfVTwYjpSWw1-_pJ_We6hTa17QhEOFkvkyc6HYwp3COhK8uAUwJiE3hBjKBmrF=w122-h92-k-no","","Makan di tempat","Bawa pulang","Pesan antar","","",""
"https://www.google.com/maps/place/Pizza+Home+Id+-+Maguwoharjo/data=!4m7!3m6!1s0x2e7a5b595fd53c8f:0x16c3b6bb117a99ee!8m2!3d-7.7755667!4d110.4356345!16s%2Fg%2F11r1g09c6c!19sChIJjzzVX1lbei4R7pl6Ebu2wxY?authuser=0&hl=id&rclk=1","Pizza Home Id - Maguwoharjo","4,9","(230)","·","Rp 25–50 rb","Pesan-Antar Pizza","·","","","","Buka","· Tutup pukul 00.00","https://lh3.googleusercontent.com/gps-cs-s/APNQkAFKFzq1VynXDt7W2wDCgwzqX1_JJWJeVI0YgYm82WaTUbf4bZ5rJA2PuMyCsUGA2WLjmC3wPnbqW7fPuAfpL-GGVlmRQhRCJmeIiWo9NesL0rKhmtcGxGocmsmaQi5VX0tHKI6aaAez3jt8=w126-h92-k-no","https://ssl.gstatic.com/local/servicebusiness/default_user.png","""Pizzanya mantap banget toppingnya ga pelit sama sekali""","","","https://www.google.com/searchviewer/42?cvd=CLw_EicKJeICIjIgEhkiF9LX29IPEQoNL2cvMTFyMWcwOWM2YxgAOgMI8A0%3D&hl=id-ID&gl=id&fo_m=MfohQo559jFvMUOzJVpjPL1YMfZ3bInYwBDuMfaXTPp5KXh-&utm_source=tactile&gei=Dyr3afGUJamW4-EPqOXnqQQ&ei=Dyr3afGUJamW4-EPqOXnqQQ&fo_s=OA&opi=79508299&ebb=1&cs=0&foub=mcpp","Pesan online",""
"https://www.google.com/maps/place/D%27Tilem+paviliun+by+pizza+pawon/data=!4m7!3m6!1s0x2e7a59fa40cd6ec3:0x8b32e983f3c1576a!8m2!3d-7.7925349!4d110.4013716!16s%2Fg%2F11z3_6gf2v!19sChIJw27NQPpZei4RalfB84PpMos?authuser=0&hl=id&rclk=1","D'Tilem paviliun by pizza pawon","4,0","(1)","","","Guest house","·","","Pizza pawon, Jl. Sorowajan Baru No.I no.42.rt.9","","","","https://lh3.googleusercontent.com/gps-cs-s/APNQkAERAkeWAo9lvctnQF1P_uf9Fju70WGOeLk5HB8fyZXVAa3O7AA2roef2JJoe0BtVdPe247PK09TUAWdqVWLtqPe-eg9_mwZU-yiYyToGjeySkZKVN0_nqPE2y-zBJVYmqUHpnN77JD_AmQR=w203-h92-k-no","","","","","","",""
"https://www.google.com/maps/place/Emma+%26+Ethan%27s+Pizza/data=!4m7!3m6!1s0x2e7a57d7adc85885:0x58b3cae8fa233f98!8m2!3d-7.8006067!4d110.3747732!16s%2Fg%2F11j7dfk15s!19sChIJhVjIrddXei4RmD8j-ujKs1g?authuser=0&hl=id&rclk=1","Emma & Ethan's Pizza","4,6","(142)","","","Pizza","·","","Jl. Masjid No.7","","Buka","· Tutup pukul 22.00","https://lh3.googleusercontent.com/gps-cs-s/APNQkAFW0nJUDzILmEbLmk7IQQPJdUq-Ek0sga4LzgbCDrL1Bn5tOq0R0mua-HXKROqmt20wWdKqrH3prxGM8LazEES2NfIXvBUdkzDllaoSFbR8XfE7qBSm0jCtC5-6-FhWRBa7Pai_wA=w122-h92-k-no","https://ssl.gstatic.com/local/servicebusiness/default_user.png","""Jenis","pizza","tipis dgn toping yg simpel aja, antara daging atau vegan.""","https://www.google.com/searchviewer/42?cvd=CLw_EicKJeICIjIgEhkiF9LX29IPEQoNL2cvMTFqN2RmazE1cxgAOgMI8A0%3D&hl=id-ID&gl=id&fo_m=MfohQo559jFvMUOzJVpjPL1YMfZ3bInYwBDuMfaXTPp5KXh-&utm_source=tactile&gei=Dyr3afGUJamW4-EPqOXnqQQ&ei=Dyr3afGUJamW4-EPqOXnqQQ&fo_s=OA&opi=79508299&ebb=1&cs=0&foub=mcpp","Pesan online",""
"https://www.google.com/maps/place/Italian+Pitza+%26+Pasta+Emperan/data=!4m7!3m6!1s0x2e7a5825872b9c03:0xd8044961c18dc73b!8m2!3d-7.7886345!4d110.3664607!16s%2Fg%2F11h_sm5syd!19sChIJA5wrhyVYei4RO8eNwWFJBNg?authuser=0&hl=id&rclk=1","Italian Pitza & Pasta Emperan","5,0","(8)","·","Rp 50–75 rb","Italia","","","","","Buka","· Tutup pukul 21.00","https://lh3.googleusercontent.com/gps-cs-s/APNQkAFaCcyIlQkKGgdJgYeOaL3OCoXKzaEriQLqDG-OlwM7-691ISmwxM0pLFVhmYlzPj9O2fGfM9NwUoh3C4UgI5QnSNSbjYPBXsOLvyXL9jB_SNGwITxNbtpP2-CpmHQNMjRZtUxAqA=w80-h106-k-no","https://ssl.gstatic.com/local/servicebusiness/default_user.png","""pizzanya enak sayang pengamennya banyaknya minta ampun""","","","","",""
"https://www.google.com/maps/place/Panties+Pizza+Jakal/data=!4m7!3m6!1s0x2e7a5905b00ca0bf:0xa765f7f05f5deb94!8m2!3d-7.7463815!4d110.3885148!16s%2Fg%2F11c5rpmb2_!19sChIJv6AMsAVZei4RlOtdX_D3Zac?authuser=0&hl=id&rclk=1","Panties Pizza Jakal","4,5","(3.442)","·","Rp 25–50 rb","Pizza","·","","·","Jl. Kaliurang No.Km.7","Buka","· Tutup pukul 21.30","https://lh3.googleusercontent.com/gps-cs-s/APNQkAF5gKaCIrD0ZlaLgdldrlQo7EzbfMuRKYPLElawG4lnZlvveox-wdIgbedDo3L3Zlx_JhBy0BmhpFRGtCcjTLleB95re44fM0DzpBz0nSPl2pdtMwMmEdm1li2IYnULZBZxuwSehg=w80-h106-k-no","https://ssl.gstatic.com/local/servicebusiness/default_user.png","""Bentuk pizzanya unik, isiannya tertutup, dan rasanya enak.""","","","https://www.google.com/searchviewer/42?cvd=CLw_EicKJeICIjIgEhkiF9LX29IPEQoNL2cvMTFjNXJwbWIyXxgBOgMI8A0%3D&hl=id-ID&gl=id&fo_m=MfohQo559jFvMUOzJVpjPL1YMfZ3bInYwBDuMfaXTPp5KXh-&utm_source=tactile&gei=Dyr3afGUJamW4-EPqOXnqQQ&ei=Dyr3afGUJamW4-EPqOXnqQQ&fo_s=OA&opi=79508299&orderType=1&ebb=1&cs=0&foub=mcpp","Pesan online",""
"https://www.google.com/maps/place/Toscano+Pizza+Pasta+%26+Coffee,+Yogyakarta/data=!4m7!3m6!1s0x2e7a59006c1c4897:0x675a984a6dad1bb0!8m2!3d-7.780642!4d110.3517798!16s%2Fg%2F11yxf_syl5!19sChIJl0gcbABZei4RsButbUqYWmc?authuser=0&hl=id&rclk=1","Toscano Pizza Pasta & Coffee, Yogyakarta","4,9","(33)","·","Rp 25–50 rb","Kedai Kopi","·","","Jl. Bener No.7","","Buka","· Tutup pukul 22.00","https://lh3.googleusercontent.com/gps-cs-s/APNQkAFPnOLJpmh595rDijj38Jo9UTa00hn8TioFuLEtTY0L1TcQ60O2TYNhSXoaYwUPxZUKlStOvCdNhhQN4sB-WIBwemtZst8do2x8v3Xua2a5iQOMhNUAKnzw1pyCMbS-lFi-fyE7lufFj6Rj=w80-h106-k-no","https://ssl.gstatic.com/local/servicebusiness/default_user.png","""","Pizza","nya enak 🥰 Pastanya, DIKIT AMAT hehehe tapi enak.""","https://www.google.com/searchviewer/42?cvd=CLw_EicKJeICIjIgEhkiF9LX29IPEQoNL2cvMTF5eGZfc3lsNRgBOgMI8A0%3D&hl=id-ID&gl=id&fo_m=MfohQo559jFvMUOzJVpjPL1YMfZ3bInYwBDuMfaXTPp5KXh-&utm_source=tactile&gei=Dyr3afGUJamW4-EPqOXnqQQ&ei=Dyr3afGUJamW4-EPqOXnqQQ&fo_s=OA&opi=79508299&orderType=1&ebb=1&cs=0&foub=mcpp","Pesan online",""
"https://www.google.com/maps/place/Domino%27s+Pizza+Seturan/data=!4m7!3m6!1s0x2e7a598526242075:0xdff072d6b6f704f9!8m2!3d-7.765721!4d110.4107416!16s%2Fg%2F11jgwx2nsw!19sChIJdSAkJoVZei4R-QT3ttZy8N8?authuser=0&hl=id&rclk=1","Domino's Pizza Seturan","4,0","(1.538)","·","$$","Pizza","·","","·","Jl. Seturan Raya","Buka","· Tutup pukul 23.00","https://lh3.googleusercontent.com/gps-cs-s/APNQkAHEoU92W8DRLiQA5bH3PXg4Tuytzd7fIyPPbE1tCpJxdTuYlu5ZPcOCoZapCNqegp5Zim5p7UgHiG_5jDupdinAh-VMbtnnttkuqfc54IcJaenb5wEpb055odaSfBZAwLfQ5gKFUQ=w80-h142-k-no","https://ssl.gstatic.com/local/servicebusiness/default_user.png","""Thin crust ultimate cheese,... Kejunya puas banget""","","","https://www.google.com/searchviewer/42?cvd=CLw_EicKJeICIjIgEhkiF9LX29IPEQoNL2cvMTFqZ3d4Mm5zdxgAOgMI8A0%3D&hl=id-ID&gl=id&fo_m=MfohQo559jFvMUOzJVpjPL1YMfZ3bInYwBDuMfaXTPp5KXh-&utm_source=tactile&gei=Dyr3afGUJamW4-EPqOXnqQQ&ei=Dyr3afGUJamW4-EPqOXnqQQ&fo_s=OA&opi=79508299&ebb=1&cs=0&foub=mcpp","Pesan online",""
"https://www.google.com/maps/place/Pizza+Jogja/data=!4m7!3m6!1s0x2e7a577e331b8345:0xa60f3fab25438ec7!8m2!3d-7.805125!4d110.4153805!16s%2Fg%2F11gvxmd091!19sChIJRYMbM35Xei4Rx45DJas_D6Y?authuser=0&hl=id&rclk=1","Pizza Jogja","4,9","(89)","","","Pizza","·","","Jl. Cendrawasih Gg. Merpati No.105","","Buka","· Tutup pukul 21.00","https://lh3.googleusercontent.com/gps-cs-s/APNQkAGZGGRzmIlVSogFvh4fcT3vBoVXJQgY2RvBWQl1oy-oz23uEg4qQCv_SQ4sRSeTLGPFz6hZ4gK-ZQOGWZM8Ck_FsNt6Fn9t7aeXUbRVgy33ywywBU9kIF-I7OuslCMBkqXjnEHr=w249-h92-k-no","https://ssl.gstatic.com/local/servicebusiness/default_user.png","""","Pizza","enak harga merakyat .""","https://www.google.com/searchviewer/42?cvd=CLw_EicKJeICIjIgEhkiF9LX29IPEQoNL2cvMTFndnhtZDA5MRgAOgMI8A0%3D&hl=id-ID&gl=id&fo_m=MfohQo559jFvMUOzJVpjPL1YMfZ3bInYwBDuMfaXTPp5KXh-&utm_source=tactile&gei=Dyr3afGUJamW4-EPqOXnqQQ&ei=Dyr3afGUJamW4-EPqOXnqQQ&fo_s=OA&opi=79508299&ebb=1&cs=0&foub=mcpp","Pesan online",""
"https://www.google.com/maps/place/Ghia+Pizzeria/data=!4m7!3m6!1s0x2e7a5939f27fa793:0x52bf7e05efcbf634!8m2!3d-7.7396203!4d110.4203978!16s%2Fg%2F11yd8y92nq!19sChIJk6d_8jlZei4RNPbL7wV-v1I?authuser=0&hl=id&rclk=1","Ghia Pizzeria","4,9","(257)","·","Rp 50–75 rb","Pizza","·","","Jl. Raya Wedomartani","","Buka","· Tutup pukul 22.00","https://lh3.googleusercontent.com/gps-cs-s/APNQkAECOzQjOGJx407sskAqceOCURWKWOKf9PgeaF4sx0x9rL70DTA6UgflFSZO7TQ6KANYl4LSw7B2aMTG_D7orpA0f6SLULltGEJvlzh4znx-KvDMTfpZj91BRekZ98pz6wwtFVE=w80-h106-k-no","https://ssl.gstatic.com/local/servicebusiness/default_user.png","""","Pizza","ala Napoletana yang rasanya enak dan harga masih terjangkau.""","","",""
"https://www.google.com/maps/place/Toko+pizza/data=!4m7!3m6!1s0x2e7a59b01987d755:0xe019aa448a85fc6!8m2!3d-7.7650847!4d110.4106858!16s%2Fg%2F11h4lk_wmz!19sChIJVdeHGbBZei4Rxl-oSKSaAQ4?authuser=0&hl=id&rclk=1","Toko pizza","","","","","Pizza","·","","Jl. Seturan Raya No.7 A","","Buka","· Tutup pukul 21.00","https://streetviewpixels-pa.googleapis.com/v1/thumbnail?panoid=NYteLBHHdtbx00v61pVoTg&cb_client=search.gws-prod.gps&w=80&h=92&yaw=301.25226&pitch=0&thumbfov=100","","Makan di tempat","Bawa pulang","","","",""
"https://www.google.com/maps/place/Pizza+BEES+JCM+yogyakarta/data=!4m7!3m6!1s0x2e7a596651fb0a6d:0xe34d8370bdfcb7e3!8m2!3d-7.7535909!4d110.3610945!16s%2Fg%2F11grtmfgwx!19sChIJbQr7UWZZei4R47f8vXCDTeM?authuser=0&hl=id&rclk=1","Pizza BEES JCM yogyakarta","4,8","(5)","","","Pizza","·","","69W6+HC9","","Buka","· Tutup pukul 21.00","https://lh3.googleusercontent.com/gps-cs-s/APNQkAF5eMfpzTf3VfMx9vAiyJVvnt0v7LVHqDLyWKPdr_LUnYB0gmUlH4RpEie-VLGPPRpVEGkHjtOU3ADNHCT903rZIhGRK-2DfRt6W1pK7kTzKN_eWYBRwMx77zejvVXm7y_mxVih1g=w113-h92-k-no","","Makan di tempat","Bawa pulang","Antar tanpa bertemu","","",""
"https://www.google.com/maps/place/Geray+6+Pizza/data=!4m7!3m6!1s0x2e7a59a56d3b5f77:0x4b976e1a7ccd8300!8m2!3d-7.7490074!4d110.4083705!16s%2Fg%2F11z9vc0_r0!19sChIJd187baVZei4RAIPNfBpul0s?authuser=0&hl=id&rclk=1","Geray 6 Pizza","","","","","Restoran","·","","Jl. Gempol Raya No.6, RT.02/RW.11","","","","https://maps.gstatic.com/tactile/pane/result-no-thumbnail-2x.png","","","","","","",""
"https://www.google.com/maps/place/Pizza+Saku+Wahid+Hasyim/data=!4m7!3m6!1s0x2e7a596b5324d64d:0xd3c5b90a25eda93!8m2!3d-7.7655886!4d110.4020975!16s%2Fg%2F11frdx5m4v!19sChIJTdYkU2tZei4Rk9peopBbPA0?authuser=0&hl=id&rclk=1","Pizza Saku Wahid Hasyim","","","","","Pizza","·","","6CM2+QR9, Jl. Bangka","","","","https://streetviewpixels-pa.googleapis.com/v1/thumbnail?panoid=HEPecKsuF2Hek2BTzrmtNw&cb_client=search.gws-prod.gps&w=80&h=92&yaw=332.29288&pitch=0&thumbfov=100","","Makan di tempat","Bawa pulang","Pesan antar","","",""
"https://www.google.com/maps/place/Life+Turkish+Pizza/data=!4m7!3m6!1s0x2e7a59005abc77d9:0xefc4c6872ad17140!8m2!3d-7.7561216!4d110.3963522!16s%2Fg%2F11wvrl9d2c!19sChIJ2Xe8WgBZei4RQHHRKofGxO8?authuser=0&hl=id&rclk=1","Life Turkish Pizza","","","","","Toko Roti","·","","69VW+HG5, Jl. Anggajaya","","","","https://streetviewpixels-pa.googleapis.com/v1/thumbnail?panoid=HjSCRw8IJHMba7SJvVu-9Q&cb_client=search.gws-prod.gps&w=80&h=92&yaw=94.040405&pitch=0&thumbfov=100","","Bawa pulang","","","","",""
"https://www.google.com/maps/place/Pure+Turkish+Pizza/data=!4m7!3m6!1s0x2e7a59000dc8c219:0x5540865e48f094fe!8m2!3d-7.7560607!4d110.3980354!16s%2Fg%2F11wvrlnbr5!19sChIJGcLIDQBZei4R_pTwSF6GQFU?authuser=0&hl=id&rclk=1","Pure Turkish Pizza","","","","","Toko Roti","·","","69VX+H68, Jl. Anggajaya 2 No.239a","","","","https://streetviewpixels-pa.googleapis.com/v1/thumbnail?panoid=a2Z1TleC8buEZge40NVrKA&cb_client=search.gws-prod.gps&w=80&h=92&yaw=292.8417&pitch=0&thumbfov=100","","Bawa pulang","","","","",""
"https://www.google.com/maps/place/Mamapio+Pizza+Mie+Gojegan/data=!4m10!3m9!1s0x2e7a59cccf8c172f:0xc19bdea2fdd37d1!5m2!4m1!1i2!8m2!3d-7.7904746!4d110.3520655!16s%2Fg%2F11dfgh2lnm!19sChIJLxeMz8xZei4R0TfdL-q9GQw?authuser=0&hl=id&rclk=1","Mamapio Pizza Mie Gojegan","4,6","(109)","","","Restoran Pizza","·","","","","Buka","· Tutup pukul 21.00","https://lh3.googleusercontent.com/gps-cs-s/APNQkAG1tkIitSvToeu3ejefXKG2cs2bv8LrgU0NgKjIIL8mSuvIAD_b9_HeyNd6VwwXW2MX07ZHJydQrG2VbTb7g4QJCuEpP8VlXCtE5DlJkWa-WFx5t9FYab_2w_8HuYuPmVje-tnf=w122-h92-k-no","https://ssl.gstatic.com/local/servicebusiness/default_user.png","""Enak pizzanya.""","","","","",""
"https://www.google.com/maps/place/Panties+Pizza+Jogja+Janti+%28JEC%29/data=!4m7!3m6!1s0x2e7a579e722eb579:0x8c1c56ed48f83543!8m2!3d-7.7984485!4d110.405963!16s%2Fg%2F11h9xmdpn1!19sChIJebUucp5Xei4RQzX4SO1WHIw?authuser=0&hl=id&rclk=1","Panties Pizza Jogja Janti (JEC)","4,5","(2.978)","·","Rp 25–50 rb","Pizza","·","","Jl. Raya Janti","","Buka","· Tutup pukul 21.30","https://lh3.googleusercontent.com/gps-cs-s/APNQkAFtjRAjEG0TKolRfXkb2U3dgo5y_AZ5BnnS7AIthikV8b1MBOKmG5FJHwT4QTp7VFxcNrGkplY4y5sXctTGbpc2qDb0MIG3nSYpoLPE1pDEXWA3B3vPJIFd-QKBg8Bfi8Cw2S7ioQ=w80-h142-k-no","https://ssl.gstatic.com/local/servicebusiness/default_user.png","""Pizzanya enak, pesan President, isian beef salami dan kejunya lumayan.""","","","https://www.google.com/searchviewer/42?cvd=CLw_EicKJeICIjIgEhkiF9LX29IPEQoNL2cvMTFoOXhtZHBuMRgBOgMI8A0%3D&hl=id-ID&gl=id&fo_m=MfohQo559jFvMUOzJVpjPL1YMfZ3bInYwBDuMfaXTPp5KXh-&utm_source=tactile&gei=Dyr3afGUJamW4-EPqOXnqQQ&ei=Dyr3afGUJamW4-EPqOXnqQQ&fo_s=OA&opi=79508299&orderType=1&ebb=1&cs=0&foub=mcpp","Pesan online",""
"https://www.google.com/maps/place/vast,+and+pizza+time/data=!4m7!3m6!1s0x2e7a59673a5ec465:0xb91227d82dfc0371!8m2!3d-7.7717806!4d110.4063546!16s%2Fg%2F11t9y0b24c!19sChIJZcReOmdZei4RcQP8LdgnErk?authuser=0&hl=id&rclk=1","vast, and pizza time","","","","","Restoran","·","","Jl. Selokan Mataram No.66","","","","https://streetviewpixels-pa.googleapis.com/v1/thumbnail?panoid=QK1YJhUMiALP092-voj7DQ&cb_client=search.gws-prod.gps&w=80&h=92&yaw=199.13551&pitch=0&thumbfov=100","","Makan di tempat","Bawa pulang","","","",""
"https://www.google.com/maps/place/Italian+Delight/data=!4m7!3m6!1s0x2e7a59a3b1738e4f:0xd8fef91e1ecf2be3!8m2!3d-7.7601407!4d110.3989469!16s%2Fg%2F11fx9jth8b!19sChIJT45zsaNZei4R4yvPHh75_tg?authuser=0&hl=id&rclk=1","Italian Delight","3,6","(12)","","","Pizza","·","","Jl. Kaliwaru No.17","","Buka","· Tutup pukul 22.00","https://lh3.googleusercontent.com/gps-cs-s/APNQkAG3ENNzbVn33xpcedRL7FkQNc_azKFdUoo4P57UFphFL6ujFjge3VvYfN_8xzCQbj50VDRUJdYvXKC-_yqSrxI1CCcQGPCgsSUDcgbZ5XldsAAgivM9xjaSlBJ_g3LdMJV7xzsM8g=w80-h106-k-no","","Makan di tempat","Bawa pulang","Pesan antar","","",""
"https://www.google.com/maps/place/vast,+and+pizza+time/data=!4m7!3m6!1s0x2e7a59673a5ec465:0xb91227d82dfc0371!8m2!3d-7.7717806!4d110.4063546!16s%2Fg%2F11t9y0b24c!19sChIJZcReOmdZei4RcQP8LdgnErk?authuser=0&hl=id&rclk=1","vast, and pizza time","","","","","Restoran","·","","Jl. Selokan Mataram No.66","","","","https://streetviewpixels-pa.googleapis.com/v1/thumbnail?panoid=QK1YJhUMiALP092-voj7DQ&cb_client=search.gws-prod.gps&w=80&h=92&yaw=199.13551&pitch=0&thumbfov=100","","Makan di tempat","Bawa pulang","","","",""
"https://www.google.com/maps/place/Meramu+Pizza+di+UGM/data=!4m7!3m6!1s0x2e7a599c368d6365:0x1d883b5e05e372e0!8m2!3d-7.7700025!4d110.3835852!16s%2Fg%2F11x8xm81jt!19sChIJZWONNpxZei4R4HLjBV47iB0?authuser=0&hl=id&rclk=1","Meramu Pizza di UGM","","","","","Stan Pizza","·","","Jl. Lembah UGM No.1","","Tutup","· Buka Min pukul 06.00","https://lh3.googleusercontent.com/gps-cs-s/APNQkAGY0VfXFmxqEsIR1-KrLgAZynoG1rkCY1f5RPoX_80ucRupHdZ_FqRfRsCXaYv0KQn3ipGDsWAibghRCFwZnmLeGBFdEm_ECUMqK2ETn4Satv6htbUV0027fRTBzdoeIfZW10aCwTAMvJ4=w115-h92-k-no","","Drive-through","","","","",""
"https://www.google.com/maps/place/Pizza+Hut+Restoran/data=!4m7!3m6!1s0x2e7a577894ee9a49:0x306e81b830f99008!8m2!3d-7.8021251!4d110.3797304!16s%2Fg%2F11b8sz9gp7!19sChIJSZrulHhXei4RCJD5MLiBbjA?authuser=0&hl=id&rclk=1","Pizza Hut Restoran","4,7","(9.647)","·","$$","Pizza","·","","·","Jl. Sultan Agung No.58","Buka","· Tutup pukul 22.00","https://lh3.googleusercontent.com/gps-cs-s/APNQkAE_yRwhTqy8n6FrhULtQlyoHKf5Kw8lUJNcCrifvyuw0yk4V0s0xBzud1HBt1fcFhLDTSmDofkO9ysKUCk6dNO7c4DNxnR7joQpbbFlGp5w7H_tko43ALYL0TQ-aGvuOl6bDyI=w163-h92-k-no","https://ssl.gstatic.com/local/servicebusiness/default_user.png","""Selain","pizza",", pasta, salad, soup, aneka pasta, Risotto, chicken dll.""","https://www.google.com/searchviewer/42?cvd=CLw_EicKJeICIjIgEhkiF9LX29IPEQoNL2cvMTFiOHN6OWdwNxgAOgMI8A0%3D&hl=id-ID&gl=id&fo_m=MfohQo559jFvMUOzJVpjPL1YMfZ3bInYwBDuMfaXTPp5KXh-&utm_source=tactile&gei=ESr3abaAIJiP4-EPh6_xiQ4&ei=ESr3abaAIJiP4-EPh6_xiQ4&fo_s=OA&opi=79508299&ebb=1&cs=0&foub=mcpp","Pesan online",""
"https://www.google.com/maps/place/Pitts_al+%28Pizza+Homemade%29/data=!4m7!3m6!1s0x2e7a515aa9b0e119:0xd02af9b08c2c2efe!8m2!3d-7.8053228!4d110.4272969!16s%2Fg%2F11j4s6_6dg!19sChIJGeGwqVpRei4R_i4sjLD5KtA?authuser=0&hl=id&rclk=1","Pitts_al (Pizza Homemade)","4,9","(10)","","","Pizza","·","","5CVG+VWF","","Buka","· Tutup pukul 20.00","https://lh3.googleusercontent.com/gps-cs-s/APNQkAGlgNofAipb1VvowTAhSeGsLp9CoJNEwB0yy6tmIGEH5Ckxusyt6TgcqXe1kTQuj4p5gkH340tTWYQxfD6CKprrTlx5QpjwKNPQOtb_KZwRKDiLxKf-ackGCxONLl1U9GfAZldX=w80-h100-k-no","","Makan di tempat","Bawa pulang","Pesan antar","","",""
"https://www.google.com/maps/place/Mie+Jeubew+%26+Pangsit+Pedas+Ngeunah/data=!4m7!3m6!1s0x2e7a594fc3edfa79:0x74fba38efa879abc!8m2!3d-7.771811!4d110.3864532!16s%2Fg%2F11ydqrqt2w!19sChIJefrtw09Zei4RvJqH-o6j-3Q?authuser=0&hl=id&rclk=1","Mie Jeubew & Pangsit Pedas Ngeunah","4,4","(5)","","","Mi","·","","Jl. Karangmalang No.13-15","","Buka","· Tutup pukul 22.00","https://lh3.googleusercontent.com/gps-cs-s/APNQkAH35jJ9fcTYZ-vEpNYdQhjX-agVr8L0L5GcW_etO6acI3CjQCUohe78AhTmA2GHrP1379FYoEDbpKVcatfcBcYZq_lqKsU2UNPohNwtN8x-Ao646LkbwVSKRk4fv_bk3-bZbyNafLeCACg=w80-h142-k-no","https://ssl.gstatic.com/local/servicebusiness/default_user.png","""Uenak….mantap!""","","","","",""
"https://www.google.com/maps/place/Pizza+Hut+Restoran+-+Jogja+City+Mall/data=!4m7!3m6!1s0x2e7a58f67a2b9825:0x101afd786c69215e!8m2!3d-7.7534194!4d110.3611861!16s%2Fg%2F11fx7vtg_k!19sChIJJZgrevZYei4RXiFpbHj9GhA?authuser=0&hl=id&rclk=1","Pizza Hut Restoran - Jogja City Mall","4,8","(5.050)","·","$$","Pizza","·","","·","Jogja City Mall Jalan Magelang No.Km 6 No 18","Buka","· Tutup pukul 22.00","https://lh3.googleusercontent.com/gps-cs-s/APNQkAFu6tBeHd2fY0iq44rh4Qc1qp7WWMVXay-Ty_AWol7fJh1aOnAN55yJEiUv7vEyN3DXvEPZeOHqlAN0sYohs8jU-_Nq5GPtUWanENrimDXjqwlcmqWqQwLli9E1nMJ0T37dvujUpj9epIyY=w80-h106-k-no","https://ssl.gstatic.com/local/servicebusiness/default_user.png","""Cozy places, overall","pizza","nya enaks, pelayanan service super friendly""","https://www.google.com/searchviewer/42?cvd=CLw_EicKJeICIjIgEhkiF9LX29IPEQoNL2cvMTFmeDd2dGdfaxgAOgMI8A0%3D&hl=id-ID&gl=id&fo_m=MfohQo559jFvMUOzJVpjPL1YMfZ3bInYwBDuMfaXTPp5KXh-&utm_source=tactile&gei=ESr3abaAIJiP4-EPh6_xiQ4&ei=ESr3abaAIJiP4-EPh6_xiQ4&fo_s=OA&opi=79508299&ebb=1&cs=0&foub=mcpp","Pesan online",""
"https://www.google.com/maps/place/PizzaRaa/data=!4m7!3m6!1s0x2e7a598c22b5fd75:0x11190bdde458128f!8m2!3d-7.7517968!4d110.3580977!16s%2Fg%2F11wtpfy3gw!19sChIJdf21IoxZei4RjxJY5N0LGRE?authuser=0&hl=id&rclk=1","PizzaRaa","5,0","(28)","·","Rp 25–50 rb","Pesan-Antar Pizza","·","","Patran, RT.005/RW.014","","Tutup","· Buka Sen pukul 12.00","https://lh3.googleusercontent.com/gps-cs-s/APNQkAH1T0u5OtpN4J1Nb9KZSiLt57SRi-dKPa-VUtqG-NPEq3TXmln-gnr7VvYyx27mbW0NdzHJPtRUVEj2L-emJwvmobgu8db2CnkfA21TEIBx0s-n2RBGrS-MBeD_AnUZqBiGd45N9BpmLpPn=w80-h106-k-no","https://ssl.gstatic.com/local/servicebusiness/default_user.png","""Recomended sekali pizzanya enak...mantap""","","","https://www.google.com/searchviewer/42?cvd=CLw_EicKJeICIjIgEhkiF9LX29IPEQoNL2cvMTF3dHBmeTNndxgAOgMI8A0%3D&hl=id-ID&gl=id&fo_m=MfohQo559jFvMUOzJVpjPL1YMfZ3bInYwBDuMfaXTPp5KXh-&utm_source=tactile&gei=ESr3abaAIJiP4-EPh6_xiQ4&ei=ESr3abaAIJiP4-EPh6_xiQ4&fo_s=OA&opi=79508299&ebb=1&cs=0&foub=mcpp","Pesan online",""
"https://www.google.com/maps/place/Pizza+Homemade+Diajeng+dan+Salad+Buah+Chinta/data=!4m7!3m6!1s0x2e7a5961cf5a4273:0xb8048ca6cb55648e!8m2!3d-7.7459117!4d110.3580293!16s%2Fg%2F11vbwdbsb7!19sChIJc0Jaz2FZei4RjmRVy6aMBLg?authuser=0&hl=id&rclk=1","Pizza Homemade Diajeng dan Salad Buah Chinta","5,0","(9)","","","Produsen makanan","·","","BELAKANG WARUNG MAKAN BU SARWOKO)Nganti, RT.01/RW.07","","Segera tutup","· 18.00 · Buka Sen pukul 15.00","https://lh3.googleusercontent.com/gps-cs-s/APNQkAEFo_1Ss4D7Z_IEVDrhretO1eLRYNPcfKlYYXZNblaivjezr9fDtq3AS13Bl9uXNSPxGtEfxLG2txWY9AoMKzappeNtJsElGhnJ7mVi321BnZVugAiS739X6terSugTdxUrc_gK=w85-h92-k-no","https://ssl.gstatic.com/local/servicebusiness/default_user.png","""","Pizza","nya yang menul, nggak pelit topping samsek.""","","",""
"https://www.google.com/maps/place/Pizza+Home+Id+-+Palagan/data=!4m7!3m6!1s0x2e7a59007c230aaf:0x55b8a7d505435485!8m2!3d-7.7245435!4d110.3922123!16s%2Fg%2F11xp7w3kcj!19sChIJrwojfABZei4RhVRDBdWnuFU?authuser=0&hl=id&rclk=1","Pizza Home Id - Palagan","4,9","(45)","·","Rp 25–50 rb","Pizza","·","","·","Samping Jembatan, Jl. Kapten Haryadi Ngebel Gede No.7","Buka","· Tutup pukul 00.00","https://lh3.googleusercontent.com/gps-cs-s/APNQkAEEhHWjuFxYesVNFaj6u-LYEtKAs6EzcLUETj0QZmvfnnl4OF-T6179rrFnfKXMT76pFPgcOm6ttlx8kGcsz6PguST9y_tGmkeHPdhJpOVJm8HluLrH0J1emcxdYmY8Ey8zAgAW8wWFY2UJ=w155-h92-k-no","https://ssl.gstatic.com/local/servicebusiness/default_user.png","""Pizzanya enak, alternatif pengganti atap merah karena rasanya mirip.""","","","https://www.google.com/searchviewer/42?cvd=CLw_EicKJeICIjIgEhkiF9LX29IPEQoNL2cvMTF4cDd3M2tjahgBOgMI8A0%3D&hl=id-ID&gl=id&fo_m=MfohQo559jFvMUOzJVpjPL1YMfZ3bInYwBDuMfaXTPp5KXh-&utm_source=tactile&gei=ESr3abaAIJiP4-EPh6_xiQ4&ei=ESr3abaAIJiP4-EPh6_xiQ4&fo_s=OA&opi=79508299&orderType=1&ebb=1&cs=0&foub=mcpp","Pesan online",""
"https://www.google.com/maps/place/PiZzA%27ra/data=!4m7!3m6!1s0x2e7a59dd2afa4d55:0x9672168e1002605!8m2!3d-7.7493737!4d110.3856135!16s%2Fg%2F11l36dhfyl!19sChIJVU36Kt1Zei4RBSYA4WghZwk?authuser=0&hl=id&rclk=1","PiZzA'ra","","","","","Toko Roti","·","","Gg. Galunggung No.1","","Buka","· Tutup pukul 00.00","https://streetviewpixels-pa.googleapis.com/v1/thumbnail?panoid=iPqzbCWt0TW_7UMp1tv80Q&cb_client=search.gws-prod.gps&w=80&h=92&yaw=18.891706&pitch=0&thumbfov=100","","Bawa pulang","","","","",""
"https://www.google.com/maps/place/Kipizza+%26+Roti+Canai+Orion/data=!4m7!3m6!1s0x2e7a5966b68237bf:0x2fc4564f9c9c5a02!8m2!3d-7.7258737!4d110.379992!16s%2Fg%2F11ts_3kc86!19sChIJvzeCtmZZei4RAlqcnE9WxC8?authuser=0&hl=id&rclk=1","Kipizza & Roti Canai Orion","4,7","(23)","·","Rp 25–50 rb","Restoran","·","","Jl. Sadewa","","Buka","· Tutup pukul 22.00","https://lh3.googleusercontent.com/gps-cs-s/APNQkAGeJHhzB5_gnvwiG4At6MyVSMSu0Jc6O25eDHO9w7cuD7qqr0U5uKJe1-aUGRKzX14CDC5emj3kJAoJNW1O8Rnzg--N42WqsALw7JNHLRZr36jN7AVx7ETE2BTn0yv6tmwQIdI=w80-h106-k-no","https://ssl.gstatic.com/local/servicebusiness/default_user.png","""Lg hamil muda, pengeeen bgt","pizza",".""","","",""
"https://www.google.com/maps/place/Nuvola+Pizzeria+Napoletana/data=!4m7!3m6!1s0x2e69f7b7654b9825:0xd771f7cb91054105!8m2!3d-6.1698681!4d106.7748085!16s%2Fg%2F11wmchfs45!19sChIJJZhLZbf3aS4RBUEFkcv3cdc?authuser=0&hl=id&rclk=1","Nuvola Pizzeria Napoletana","4,7","(363)","","","Pizza","·","","·","Ruko, Bl. Ax No.8, RT.10/RW.14","Buka","· Tutup pukul 22.00","https://lh3.googleusercontent.com/gps-cs-s/APNQkAHUviuJWzpU8xqxPcbRjvXXFTRUVLEXxm-pIkTg58QkDEclS1zvUm2eeYU4ZlJEvXbYPZuJ8J6UqcYgdXugQfzWCFEdkaWkeAYBM0nn3UCjZPD3-yhcNgEtXrM0kkoQusqJOtlQ=w80-h106-k-no","https://ssl.gstatic.com/local/servicebusiness/default_user.png","""Tapi untuk rasa enak,","pizza","dough nya dipanggang dengan pas.""","https://www.google.com/searchviewer/42?cvd=CLw_EicKJeICIjIgEhkiF9LX29IPEQoNL2cvMTF3bWNoZnM0NRgBOgMI8A0%3D&hl=id-ID&gl=id&fo_m=MfohQo559jFvMUOzJVpjPL1YMfZ3bInYwBDuMfaXTPp5KXh-&utm_source=tactile&gei=ESr3abaAIJiP4-EPh6_xiQ4&ei=ESr3abaAIJiP4-EPh6_xiQ4&fo_s=OA&opi=79508299&orderType=1&ebb=1&cs=0&foub=mcpp","Pesan online",""
"https://www.google.com/maps/place/PIZZA+MA%27E/data=!4m7!3m6!1s0x2e7a5b0021fd963b:0xdaf4072ccafb598a!8m2!3d-7.7602327!4d110.4329816!16s%2Fg%2F11xvq3qmv7!19sChIJO5b9IQBbei4Riln7yiwH9No?authuser=0&hl=id&rclk=1","PIZZA MA'E","5,0","(3)","","","Stan Pizza","·","","Jl. Raya Tajem Mustokorejo No.21, RT.01/RW.043","","Buka","· Tutup pukul 21.00","https://lh3.googleusercontent.com/gps-cs-s/APNQkAE9igj9m_FFpH8PHKCXREXmSf5EdALSDmTHVSFqr5hKhDyk_uKs_SVMHW_PsZK6IvYhxSlt3tH-dbXvg7bNoFmuB70RebOfhbmlwX0p2Z7InfNPSwY7y2T5lJ6oyub7ZIjlW3_uekGBa8Lk=w80-h142-k-no","https://ssl.gstatic.com/local/servicebusiness/default_user.png","""","pizza","nya enakk bangett!!""","https://www.google.com/searchviewer/42?cvd=CLw_EicKJeICIjIgEhkiF9LX29IPEQoNL2cvMTF4dnEzcW12NxgBOgMI8A0%3D&hl=id-ID&gl=id&fo_m=MfohQo559jFvMUOzJVpjPL1YMfZ3bInYwBDuMfaXTPp5KXh-&utm_source=tactile&gei=ESr3abaAIJiP4-EPh6_xiQ4&ei=ESr3abaAIJiP4-EPh6_xiQ4&fo_s=OA&opi=79508299&orderType=1&ebb=1&cs=0&foub=mcpp","Pesan online",""
"https://www.google.com/maps/place/Pizza+Mediterranea+by+Kamil+JNM+BLOC/data=!4m7!3m6!1s0x2e7a57867a69d4a3:0xa3d78bbfbaf89917!8m2!3d-7.8003812!4d110.3534455!16s%2Fg%2F11s1qpxqhc!19sChIJo9RpeoZXei4RF5n4ur-L16M?authuser=0&hl=id&rclk=1","Pizza Mediterranea by Kamil JNM BLOC","4,6","(105)","·","Rp 25–50 rb","Pizza","·","","Jl. Prof. DR. Ki Amri Yahya No.1","","Buka","· Tutup pukul 23.00","https://lh3.googleusercontent.com/gps-cs-s/APNQkAHbKN-KN0WY0MONuV4YZIhTBUmBjc6BI_WzkdoustaFgDpJ2E9Z8evzL_oFX-O0rDmSMBBagbhQojA5Vm9oFF3J1nZl5x0pThd-2eU2gfKPEm3GdvhGbw1WyenH2w-edQfXiZII=w138-h92-k-no","https://ssl.gstatic.com/local/servicebusiness/default_user.png","""Pizzanya enak, lokasinya enak buat ngechill ❤️""","","","https://www.google.com/searchviewer/42?cvd=CLw_EicKJeICIjIgEhkiF9LX29IPEQoNL2cvMTFzMXFweHFoYxgAOgMI8A0%3D&hl=id-ID&gl=id&fo_m=MfohQo559jFvMUOzJVpjPL1YMfZ3bInYwBDuMfaXTPp5KXh-&utm_source=tactile&gei=ESr3abaAIJiP4-EPh6_xiQ4&ei=ESr3abaAIJiP4-EPh6_xiQ4&fo_s=OA&opi=79508299&ebb=1&cs=0&foub=mcpp","Pesan online",""
"https://www.google.com/maps/place/Angkringan+Pizza+2/data=!4m7!3m6!1s0x2e7a599fe5cea085:0xc950950d58e14b1!8m2!3d-7.7786608!4d110.3946842!16s%2Fg%2F11sb86yq43!19sChIJhaDO5Z9Zei4RsRSO1VAJlQw?authuser=0&hl=id&rclk=1","Angkringan Pizza 2","","","","","Pizza","·","","Jl. Petung No.32","","Buka","· Tutup pukul 21.00","https://lh3.googleusercontent.com/gps-cs-s/APNQkAH-kX-_NXkqN9H-p_KvXap6uJhfxstiLAnHXrcbHplMbo3W8kElQUN5vPte-WtHF5NozHWx3uk3DG07t92OpBrcqRlQpbJAZIyrNxFZwkQsL7FYD0cnJYyon2SfG4XBKyf9HgM=w80-h177-k-no","","Makan di tempat","Drive-through","Pesan antar","","",""
"https://www.google.com/maps/place/Queen+Pizza+Jogja/data=!4m7!3m6!1s0x2e7a57701bf8609d:0x2b26c71f0ec4f7da!8m2!3d-7.8061111!4d110.39!16s%2Fg%2F11c4bgxgbf!19sChIJnWD4G3BXei4R2vfEDh_HJis?authuser=0&hl=id&rclk=1","Queen Pizza Jogja","4,2","(127)","·","Rp 25–50 rb","Pesan-Antar Pizza","·","","Jl. Prof. DR. Soepomo Sh No.44","","Buka","· Tutup pukul 19.00","https://lh3.googleusercontent.com/gps-cs-s/APNQkAHu8hg8L7_qCqQ5Rl7EfByia_8Pklf-FA3NV_ujUOzPlK282BdzPUBnoUAnd5vYWPpCPRU2BLgC6tfHIX-MexUHOlitr0_u60Gbg7CMyHRMFJqfIGvU2hzgftAg8zn7I0YuQ7B9=w92-h92-k-no","https://ssl.gstatic.com/local/servicebusiness/default_user.png","""","pizza","-nya enak, worth it.""","https://www.google.com/searchviewer/42?cvd=CLw_EicKJeICIjIgEhkiF9LX29IPEQoNL2cvMTFjNGJneGdiZhgBOgMI8A0%3D&hl=id-ID&gl=id&fo_m=MfohQo559jFvMUOzJVpjPL1YMfZ3bInYwBDuMfaXTPp5KXh-&utm_source=tactile&gei=ESr3abaAIJiP4-EPh6_xiQ4&ei=ESr3abaAIJiP4-EPh6_xiQ4&fo_s=OA&opi=79508299&orderType=1&ebb=1&cs=0&foub=mcpp","Pesan online",""
"https://www.google.com/maps/place/Ndah+Patisserie/data=!4m7!3m6!1s0x2e7a59635c35c6e7:0xcbd15009b3b8dcfd!8m2!3d-7.7431388!4d110.4228419!16s%2Fg%2F11hbg8kr2q!19sChIJ58Y1XGNZei4R_dy4swlQ0cs?authuser=0&hl=id&rclk=1","Ndah Patisserie","4,4","(15)","","","Pizza","·","","Jl. Amarta, RT.4/RW.33","","Buka","· Tutup pukul 21.00","https://lh3.googleusercontent.com/gps-cs-s/APNQkAFdSBNWnQa3eSTH2b-8cvN-inMVxQOZQ5oRnCge5lRLFQcDJQdN1hVwrYdExc5nC_WEWpAjv-j2m7KMRMtzAwEyb_GtcJXguctGfvgMyo_XQpeVRnNNoKIVYRjTHfUtz9U2-wPS=w80-h106-k-no","https://ssl.gstatic.com/local/servicebusiness/default_user.png","""Snacknya mbak Endah enak semua sih ini.. doi keren bgt kl bikin².""","","","","",""
"https://www.google.com/maps/place/Amano+Trattoria+and+Coffee+Jogjakarta/data=!4m7!3m6!1s0x2e7a59e19c43c78b:0xe23cf2498c73c6ee!8m2!3d-7.7591886!4d110.3696944!16s%2Fg%2F11w1kjqv7c!19sChIJi8dDnOFZei4R7sZzjEnyPOI?authuser=0&hl=id&rclk=1","Amano Trattoria and Coffee Jogjakarta","4,7","(69)","","","Italia","·","","·","Rooftop, Jl. Monjali No.93 Lt 3","","","https://lh3.googleusercontent.com/gps-cs-s/APNQkAHz7mc0dr3FWeoFPGZ1FaTIXd3BOEPorHA2dRv2XPWXg2N8fPFqMWtnXSBKPNQuvoGy87Ikb_ZjwdHB45YVN7OZoZnUAo61qDZph2iB82lH43nEyX4NXRZSKwCf8lHUHODtX-ki=w163-h92-k-no","https://www.gstatic.com/local/justifications/menu_highlight_24pd_G650.png","Menu yang ditandai:","pizza","","","",""
"https://www.google.com/maps/place/Pizza+Raya/data=!4m7!3m6!1s0x2e7a593d37a49587:0xb3f194bf6b34582f!8m2!3d-7.7414108!4d110.3758873!16s%2Fg%2F11x_m0nzy0!19sChIJh5WkNz1Zei4RL1g0a7-U8bM?authuser=0&hl=id&rclk=1","Pizza Raya","5,0","(1)","","","Toko Makanan","","","","","Buka","· Tutup pukul 21.00","https://lh3.googleusercontent.com/gps-cs-s/APNQkAGjs4Igxpa2BBls20G125c8zk9_z0Gnxg2lt_GR6nM7wYJCNytPYYL0KTlykgJlwLyXcjCp7m98FYyyvM2pmVokxcwNKxMjn11t8GzSaKBdhwLdl-6k5TDjaPjFk5irN0Ptx2QiOV0oeZ2f=w80-h106-k-no","","Bawa pulang","","","","",""
"https://www.google.com/maps/place/Gallery+Pizza/data=!4m7!3m6!1s0x2e7a59960cee6619:0x4b887d2301ee75f8!8m2!3d-7.7703291!4d110.3450296!16s%2Fg%2F11hxw1g2zd!19sChIJGWbuDJZZei4R-HXuASN9iEs?authuser=0&hl=id&rclk=1","Gallery Pizza","5,0","(1)","","","Kafe","·","","68HW+V26, Jl. Besole Raya","","Buka","· Tutup pukul 22.00","https://lh3.googleusercontent.com/gps-cs-s/APNQkAEWW8XxAMzJ_CrurzapctMa0c03To2lGVigIsZwcSo46y2Z98hGMKkiZ48vtrJzr9aAHoOYtYwdT2UUA0nhMWK3f-vOHb_1Gs5PTuUePiAFPfidP7qGJp6p1AcmGDTRH092LUUb=w122-h92-k-no","","Makan di tempat","Bawa pulang","Pesan antar","","",""
"https://www.google.com/maps/place/Pizza+Gemoy/data=!4m7!3m6!1s0x2e7a570062afb559:0xf66097c5303cee25!8m2!3d-7.8058158!4d110.3945397!16s%2Fg%2F11vytn12xg!19sChIJWbWvYgBXei4RJe48MMWXYPY?authuser=0&hl=id&rclk=1","Pizza Gemoy","5,0","(1)","","","Toko Roti","·","","Jl. Veteran No.36","","Buka","· Tutup Sen pukul 05.00","https://streetviewpixels-pa.googleapis.com/v1/thumbnail?panoid=YNqOzXsEObO_XMuhtj_pNw&cb_client=search.gws-prod.gps&w=80&h=92&yaw=287.32486&pitch=0&thumbfov=100","","Bawa pulang","","","","",""
"https://www.google.com/maps/place/Panties+Pizza+Soragan/data=!4m7!3m6!1s0x2e7a59f20d6f0687:0xaa72af29737af1b1!8m2!3d-7.7820574!4d110.3500734!16s%2Fg%2F11szfwq3bl!19sChIJhwZvDfJZei4RsfF6cymvcqo?authuser=0&hl=id&rclk=1","Panties Pizza Soragan","4,4","(280)","·","Rp 25–50 rb","Pizza","·","","·","6992+52G, Jl. Soragan","Buka","· Tutup pukul 22.00","https://lh3.googleusercontent.com/gps-cs-s/APNQkAFV-X4mHIyRnVB-159jE1nux5gJOyQcnXdiF01SWCQkNXPuWoWqIhwf5mr-pqXBIy0C_dZiQpVgoeiE21ouKxjfBgp9-a15pRHSVlLYp2UGxFzq1C3ZD3QeZ9aGaO0kT3VqyZxqdg=w80-h99-k-no","https://ssl.gstatic.com/local/servicebusiness/default_user.png","""enak pizzanya fresh, nunggu dan worth it, tmptnya lumayan proper""","","","https://www.google.com/searchviewer/42?cvd=CLw_EicKJeICIjIgEhkiF9LX29IPEQoNL2cvMTFzemZ3cTNibBgBOgMI8A0%3D&hl=id-ID&gl=id&fo_m=MfohQo559jFvMUOzJVpjPL1YMfZ3bInYwBDuMfaXTPp5KXh-&utm_source=tactile&gei=Eyr3ababEMSE4-EP2PvbwA4&ei=Eyr3ababEMSE4-EP2PvbwA4&fo_s=OA&opi=79508299&orderType=1&ebb=1&cs=0&foub=mcpp","Pesan online",""
"https://www.google.com/maps/place/Sekar+Pizza+Tirtodipuran/data=!4m7!3m6!1s0x2e7a578223c70e39:0xa1672ad4ce7f6b83!8m2!3d-7.8188546!4d110.366632!16s%2Fg%2F11m9pldvdx!19sChIJOQ7HI4JXei4Rg2t_ztQqZ6E?authuser=0&hl=id&rclk=1","Sekar Pizza Tirtodipuran","4,6","(1.697)","·","Rp 25–50 rb","Pizza","·","","Jl. Tirtodipuran No.46","Restoran santai untuk pizza & camilan","Buka","· Tutup pukul 23.00","https://lh3.googleusercontent.com/gps-cs-s/APNQkAF8WeSnvFXr14CAWOoVgymHjytZZAmeLrNZOi9nbH7djcgLxafTvyoiZbl8-IQ_2g60XmuVSDVXPRJaQjhVMSDH4tsXYsOecVa8EHabEJtulDp3ylI4P8e51ZxR50gLLIlpXYt9=w80-h100-k-no","https://ssl.gstatic.com/local/servicebusiness/default_user.png","""New York-style","pizza","dengan crust yang tipis dan crispy.""","https://www.google.com/searchviewer/42?cvd=CLw_EicKJeICIjIgEhkiF9LX29IPEQoNL2cvMTFtOXBsZHZkeBgBOgMI8A0%3D&hl=id-ID&gl=id&fo_m=MfohQo559jFvMUOzJVpjPL1YMfZ3bInYwBDuMfaXTPp5KXh-&utm_source=tactile&gei=Eyr3ababEMSE4-EP2PvbwA4&ei=Eyr3ababEMSE4-EP2PvbwA4&fo_s=OA&opi=79508299&orderType=1&ebb=1&cs=0&foub=mcpp","Pesan online",""
"https://www.google.com/maps/place/OMNIVORO/data=!4m7!3m6!1s0x2e7a59dcab470511:0xab2b5a4d639ead15!8m2!3d-7.7191499!4d110.3746612!16s%2Fg%2F11jflf3bhg!19sChIJEQVHq9xZei4RFa2eY01aK6s?authuser=0&hl=id&rclk=1","OMNIVORO","4,6","(151)","·","Rp 25–50 rb","Pizza","·","","Ruko Penen, Jl. Gito Gati","","Buka","· Tutup pukul 21.00","https://lh3.googleusercontent.com/gps-cs-s/APNQkAH0uvLeG2fcoXqWADO_IeC0ICkO5IQIsjdrmjCAW4eP_5l-ClGzMtz-yRGplGlj3vlqPSZtOgFiEbURD9FX-ciMP286K6-X7NBmYPzXXoHL7Ma8lx3lPbce-jFP0wsYvkhcGtiQ=w122-h92-k-no","https://ssl.gstatic.com/local/servicebusiness/default_user.png","""Tp pizzanya enak bangettt, toppingnya ga pelit dan rotinya lembut.""","","","https://www.google.com/searchviewer/42?cvd=CLw_EicKJeICIjIgEhkiF9LX29IPEQoNL2cvMTFqZmxmM2JoZxgBOgMI8A0%3D&hl=id-ID&gl=id&fo_m=MfohQo559jFvMUOzJVpjPL1YMfZ3bInYwBDuMfaXTPp5KXh-&utm_source=tactile&gei=Eyr3ababEMSE4-EP2PvbwA4&ei=Eyr3ababEMSE4-EP2PvbwA4&fo_s=OA&opi=79508299&orderType=1&ebb=1&cs=0&foub=mcpp","Pesan online",""
"https://www.google.com/maps/place/Pizza+Hut+Delivery+-+PHD+Indonesia/data=!4m7!3m6!1s0x2e7a593e0878b173:0xe2b2d28cb67a8d38!8m2!3d-7.7321078!4d110.396617!16s%2Fg%2F11dfldhzws!19sChIJc7F4CD5Zei4ROI16tozSsuI?authuser=0&hl=id&rclk=1","Pizza Hut Delivery - PHD Indonesia","4,6","(1.890)","·","$$","Stan Pizza","·","","·","Jl. Kaliurang No.KM 8, RW.7","Buka","· Tutup pukul 23.00","https://lh3.googleusercontent.com/gps-cs-s/APNQkAF3qqzVlc_3A_UML-0LC3UVrBwyjf0rV4OMAd70XN3fav3nasWx5ldQsOUWeVX8fRqt11HWQjrXrpPIiZieNEx5tFwqewNhryyXQ_KtOdqrBZkjTuvGQgpRqslZS6lxWBguxrMbBIe7iWAw=w92-h92-k-no","https://ssl.gstatic.com/local/servicebusiness/default_user.png","""","Pizza","enak, tempat bersih, pelayanannya sat set""","https://www.google.com/searchviewer/42?cvd=CLw_EicKJeICIjIgEhkiF9LX29IPEQoNL2cvMTFkZmxkaHp3cxgAOgMI8A0%3D&hl=id-ID&gl=id&fo_m=MfohQo559jFvMUOzJVpjPL1YMfZ3bInYwBDuMfaXTPp5KXh-&utm_source=tactile&gei=Eyr3ababEMSE4-EP2PvbwA4&ei=Eyr3ababEMSE4-EP2PvbwA4&fo_s=OA&opi=79508299&ebb=1&cs=0&foub=mcpp","Pesan online",""
"https://www.google.com/maps/place/Casa+Pizza+and+Pasta/data=!4m7!3m6!1s0x2e7a579d4248e261:0xeadee04323560da7!8m2!3d-7.8069817!4d110.3774771!16s%2Fg%2F11g6rg5mlh!19sChIJYeJIQp1Xei4Rpw1WI0Pg3uo?authuser=0&hl=id&rclk=1","Casa Pizza and Pasta","4,4","(358)","·","Rp 25–50 rb","Pizza","·","","Jl. Taman Siswa No.52","","Buka","· Tutup pukul 21.30","https://lh3.googleusercontent.com/gps-cs-s/APNQkAGg_Z3LakBejGLXqvvx4IqmsSUwG8kASC7Z3TvQUBfPMLlMIDGN-piQaRMK06ZueF0bGWRorFGLLiUMfzpPkw3LkFVB0SFPprVDyITpNmE1Arr309c7guGbzDfhg99hdGHSwqZAYA=w80-h100-k-no","https://ssl.gstatic.com/local/servicebusiness/default_user.png","""Tempat nyaman,","pizza","guedeee enak pol mantap.""","https://www.google.com/searchviewer/42?cvd=CLw_EicKJeICIjIgEhkiF9LX29IPEQoNL2cvMTFnNnJnNW1saBgBOgMI8A0%3D&hl=id-ID&gl=id&fo_m=MfohQo559jFvMUOzJVpjPL1YMfZ3bInYwBDuMfaXTPp5KXh-&utm_source=tactile&gei=Eyr3ababEMSE4-EP2PvbwA4&ei=Eyr3ababEMSE4-EP2PvbwA4&fo_s=OA&opi=79508299&orderType=1&ebb=1&cs=0&foub=mcpp","Pesan online",""
"https://www.google.com/maps/place/Martabak+Pizza+Kaji+423./data=!4m7!3m6!1s0x2e7a576cf1a611fb:0x44bdad5357424e4a!8m2!3d-7.8093694!4d110.3773217!16s%2Fg%2F11wxvr4cc6!19sChIJ-xGm8WxXei4RSk5CV1OtvUQ?authuser=0&hl=id&rclk=1","Martabak Pizza Kaji 423.","5,0","(12)","","","Toko Makanan","·","","Depan ex Hotel Wisanti, Jl. Taman Siswa","","Buka","· Tutup pukul 23.30","https://lh3.googleusercontent.com/gps-cs-s/APNQkAHMypOlsVvVqhgLnM_1_cUtOZUawfqUVn0iMGoEaZ-4qJtsswx8DiaKcCeVaOLou2YVxkQEzJw7HMrkxKHLEOmBrpy2XT51L02EK29De3tyPx62xoUVA6iEnCkl8e6zuJWQ4mpk=w80-h106-k-no","https://ssl.gstatic.com/local/servicebusiness/default_user.png","""Anak2 jg suka sekali sama martabak pizzanya""","","","","",""
"https://www.google.com/maps/place/Pizza+Dezzo+Banguntapan/data=!4m7!3m6!1s0x2e7a5708bae5360f:0xc0ec95602084498d!8m2!3d-7.8111508!4d110.3962462!16s%2Fg%2F11gh957rgj!19sChIJDzblughXei4RjUmEIGCV7MA?authuser=0&hl=id&rclk=1","Pizza Dezzo Banguntapan","4,4","(102)","·","$","Pizza","·","","·","Jl. Ki Penjawi No.27A","Buka","· Tutup pukul 19.00","https://lh3.googleusercontent.com/gps-cs-s/APNQkAHxLUDW65HzxH8n-elWIYANVO5uqfIiXqzgTAsZdODoZ7R-zLEPEj2CS-R2AIw1mb8CnQ5Y0UzSBC0ytdSdrZ5ImkGGxhk13HNEnwOWWuxgudeB0Ja8_8JInzCKtib3xZ79Odgp=w80-h106-k-no","https://ssl.gstatic.com/local/servicebusiness/default_user.png","""Murah tapi enak pizzanya..... Endulita...""","","","https://www.google.com/searchviewer/42?cvd=CLw_EicKJeICIjIgEhkiF9LX29IPEQoNL2cvMTFnaDk1N3JnahgBOgMI8A0%3D&hl=id-ID&gl=id&fo_m=MfohQo559jFvMUOzJVpjPL1YMfZ3bInYwBDuMfaXTPp5KXh-&utm_source=tactile&gei=Eyr3ababEMSE4-EP2PvbwA4&ei=Eyr3ababEMSE4-EP2PvbwA4&fo_s=OA&opi=79508299&orderType=1&ebb=1&cs=0&foub=mcpp","Pesan online",""
"https://www.google.com/maps/place/AB+Base+Pizza/data=!4m7!3m6!1s0x2e7a576823fcc7c5:0x6a05e3971271425!8m2!3d-7.8066579!4d110.3944606!16s%2Fg%2F11k65f02zm!19sChIJxcf8I2hXei4RJRQncTleoAY?authuser=0&hl=id&rclk=1","AB Base Pizza","5,0","(7)","","","Produsen Makanan Beku","·","","·","Jl. Veteran No.48","Tutup","· Buka Sen pukul 10.00","https://lh3.googleusercontent.com/gps-cs-s/APNQkAFvW5oQXdmD_Yd-PL3mnp7ZEpH0bxdTCoaA6fFcoLHMVsCj_b5jnCWgSwPBZv-ikSsZVesV5YyNapGgDl9_6iY5oj1TredhtAQYIyDbQ-N4cSajlGhqCOJQre88dxriORJ4-qA=w92-h92-k-no","https://ssl.gstatic.com/local/servicebusiness/default_user.png","""Rasa pizzanya enak, lembut & kruncy...
Ga cukup makan 1..""","","","","",""
"https://www.google.com/maps/place/Els+Pizza/data=!4m7!3m6!1s0x2e7a575a148ebefb:0xdd38aa4285554387!8m2!3d-7.7999182!4d110.4131467!16s%2Fg%2F11f_sqc6xv!19sChIJ-76OFFpXei4Rh0NVhUKqON0?authuser=0&hl=id&rclk=1","Els Pizza","4,2","(6)","","","Pesan-Antar Pizza","·","","Rumah depan kos2an tingkat, Jl. Wonocatur Gg. Merpati 2 No.181a, RT.09/RW.25","","Segera tutup","· 18.00 · Buka Sel pukul 10.00","https://lh3.googleusercontent.com/gps-cs-s/APNQkAFuXFfkOGKKx4VAADOJYyapUzsSci2xQ8RMlXfjYSKl-wkGjGD-zCplNNRfR6GaoiUYg3T7MdDE6NeWJ2nPCSNg5qEZasBu5u4-MBYoJk_MCzZWlWq780JBLqblf6xYg2NViXLvOg=w92-h92-k-no","","Bawa pulang","Pesan antar","","","",""
"https://www.google.com/maps/place/Istana+Pizza/data=!4m7!3m6!1s0x2e7a597d18e6ccc7:0x7dc52570848d5488!8m2!3d-7.7432444!4d110.3801999!16s%2Fg%2F11kj0bzyrs!19sChIJx8zmGH1Zei4RiFSNhHAlxX0?authuser=0&hl=id&rclk=1","Istana Pizza","5,0","(3)","","","Perhimpunan Pengembang Perumahan","·","","Gg. Mulia VI No.9","","Buka sekarang","","https://streetviewpixels-pa.googleapis.com/v1/thumbnail?panoid=8HpM6eKLqNLONG9SssYKrQ&cb_client=search.gws-prod.gps&w=80&h=92&yaw=21.096937&pitch=0&thumbfov=100","https://ssl.gstatic.com/local/servicebusiness/default_user.png","""kontrakan nyaman""","","","","",""
"https://www.google.com/maps/place/Pizza+Hut+Delivery+-+PHD+Godean+Yogyakarta/data=!4m7!3m6!1s0x2e7a58167db33adf:0x51e1785a0fb2f049!8m2!3d-7.7817329!4d110.3520159!16s%2Fg%2F11bz092f3x!19sChIJ3zqzfRZYei4RSfCyD1p44VE?authuser=0&hl=id&rclk=1","Pizza Hut Delivery - PHD Godean Yogyakarta","4,6","(1.662)","·","$$","Stan Pizza","·","","·","Jl. Kyai Mojo No.91","Buka","· Tutup pukul 23.00","https://lh3.googleusercontent.com/gps-cs-s/APNQkAEiuk_h3m7ZjP3w8s9uJwhY13N1QrZpu0Vta_iRRkvW80aC61nrLGH5g8I2qkBlVhUjveg301_ni4_3Q6Edik7REUZqYF3fuUi1-SfEy4pHrhRifkyE-MCRMMU-ashQ7oWv-2kB=w163-h92-k-no","https://ssl.gstatic.com/local/servicebusiness/default_user.png","""Masih jadi","pizza","favorit, rasa enak, dough nya empuk.""","https://www.google.com/searchviewer/42?cvd=CLw_EicKJeICIjIgEhkiF9LX29IPEQoNL2cvMTFiejA5MmYzeBgAOgMI8A0%3D&hl=id-ID&gl=id&fo_m=MfohQo559jFvMUOzJVpjPL1YMfZ3bInYwBDuMfaXTPp5KXh-&utm_source=tactile&gei=Eyr3ababEMSE4-EP2PvbwA4&ei=Eyr3ababEMSE4-EP2PvbwA4&fo_s=OA&opi=79508299&ebb=1&cs=0&foub=mcpp","Pesan online",""
"https://www.google.com/maps/place/PIZZA+PIKA/data=!4m7!3m6!1s0x2e7a5940a4218a21:0xe27d82073eef17e6!8m2!3d-7.7317985!4d110.368418!16s%2Fg%2F11hg1f7015!19sChIJIYohpEBZei4R5hfvPgeCfeI?authuser=0&hl=id&rclk=1","PIZZA PIKA","5,0","(3)","","","Pesan-Antar Pizza","·","","7999+79M","","Buka","· Tutup pukul 20.00","https://lh3.googleusercontent.com/gps-cs-s/APNQkAE3LbuDWb71Fxg-TwZ5y0IyqKLBI3NofDAnqPRvsX947lzYd2XweDARIGfEti842Y71YtkKIdTlK3TMKJvEXdql_JoIWr65kPutndvoRF4loZC0-tIz9s2iyuo0YsbUx2SPP9Yr=w80-h164-k-no","","Bawa pulang","Pesan antar","","","",""
"https://www.google.com/maps/place/Skull+Pizza+Klebengan/data=!4m7!3m6!1s0x2e7a5915a2d40681:0xabbdc548bf370b73!8m2!3d-7.7656431!4d110.3860707!16s%2Fg%2F11yn5jwmkw!19sChIJgQbUohVZei4Rcws3v0jFvas?authuser=0&hl=id&rclk=1","Skull Pizza Klebengan","3,9","(9)","","","Toko Makanan","·","","Jalan Anggur Klebengan Blok CT VIII","","","","https://lh3.googleusercontent.com/gps-cs-s/APNQkAHOUSKQWRmS7AtCOg0eJMGNj_40JrwYerrw-o5uUyDXKI49AuzfeydcM-ORTgvv2s2lfxR98e_Nyq7KhZlFhgXtWNCZVKbgjkKtGI-deeNU_JO85W0Wx-ft4hxBqzJ7lCgLN2cR7cDdUpEA=w92-h92-k-no","https://ssl.gstatic.com/local/servicebusiness/default_user.png","""hiii,","pizza","was amazing!""","","",""
"https://www.google.com/maps/place/Lupizza+Jombor/data=!4m7!3m6!1s0x2e7a59005c95617d:0xb30b764756f3c758!8m2!3d-7.7379966!4d110.3529671!16s%2Fg%2F11xswmd9y2!19sChIJfWGVXABZei4RWMfzVkd2C7M?authuser=0&hl=id&rclk=1","Lupizza Jombor","5,0","(6)","","","Pizza","·","","Jl. Kebon Agung Ruko Villa Bahagia Sejahtera","","Buka","· Tutup pukul 21.30","https://lh3.googleusercontent.com/gps-cs-s/APNQkAF2I8z5oeMHN3-oULVL3fBvyIpt60l0w0Bal2EcXiHE0uIpcWgxS83CKI0q24pOv6ZGfa-Ej6MxHokRuJck2dc-0ZKB3vuIBuxT3sEIQG8gD_DR7r3-5neT2uql2s86R4IE95AZ2Js3vC0=w80-h106-k-no","https://ssl.gstatic.com/local/servicebusiness/default_user.png","""Enak bgt, g usah jauh2 lagi cari","pizza",".""","","",""
"https://www.google.com/maps/place/Pizza+Pohang+Yogyakarta/data=!4m7!3m6!1s0x2e7a59007e3f4a87:0xdc07b5e33b125367!8m2!3d-7.7719405!4d110.365388!16s%2Fg%2F11vwvhb742!19sChIJh0o_fgBZei4RZ1MSO-O1B9w?authuser=0&hl=id&rclk=1","Pizza Pohang Yogyakarta","","","","","Toko Roti","·","","Jl. Gotong Royong No.1117","","","","https://lh3.googleusercontent.com/gps-cs-s/APNQkAGFf5U0gc4fjnMQX96GncgpBBrvDu8-G165CGPFOy3o5k9jNtuYNm37_1DGyNMnlTI7heJ9HJ6axqp2wjBqOUYCxZT0z9GXsyX7KhzliX4xExCJnJMFsApwCPKTfnKAbl7vfyZLkA=w92-h92-k-no","","Bawa pulang","","","","",""
"https://www.google.com/maps/place/Pizza+Mako+jogja/data=!4m7!3m6!1s0x2e7a57ed64daac2f:0x4ec48ed613cad1df!8m2!3d-7.8090973!4d110.3968222!16s%2Fg%2F11kf9z5gcd!19sChIJL6zaZO1Xei4R39HKE9aOxE4?authuser=0&hl=id&rclk=1","Pizza Mako jogja","","","·","Rp 25–50 rb","Pesan-Antar Pizza","","","","","","","https://lh3.googleusercontent.com/gps-cs-s/APNQkAGsrh-YZPAxW1739-Zv3MmVGCY1eZ2Qr8W8AmDCg_dgnAfmh5M_cXJMQQCmnJXsdXh_ayHYe7yYMOUucLjS_oa5POnSU3O9MLbsINyaTR5WqLnzS4I34X1-YigVHriOKT0scF6uS7yckBUZ=w92-h92-k-no","https://ssl.gstatic.com/local/servicebusiness/default_user.png","""Pizzanya enak banget, apalagi topping pizzanya yang melimpah 😍.""","","","","",""
"https://www.google.com/maps/place/Kedai+Pizza+Kurnia/data=!4m7!3m6!1s0x2e7a59587a083a8b:0x758a1d5dae505f40!8m2!3d-7.7584105!4d110.3520947!16s%2Fg%2F11y9_vtw93!19sChIJizoIelhZei4RQF9Qrl0dinU?authuser=0&hl=id&rclk=1","Kedai Pizza Kurnia","4,7","(3)","","","Toko outlet","·","","Jl. Baturan Raya, RT.05/RW.20","","Buka","· Tutup pukul 21.00","https://lh3.googleusercontent.com/gps-cs-s/APNQkAH2NrcPM5u4lDVokO9JlOngOOJja9VfFAcoDfV2znKtmDdaNsurbx_DFD73Ke4Zb3LEiNjz062Mb6yu7eE6RJAD3FUBbYwYMh689ew3W4TYV_ZyHumf0O-3Xrd829Q-gXYZ42oa_zmwhMc=w163-h92-k-no","https://ssl.gstatic.com/local/servicebusiness/default_user.png","""","Pizza","nagih.. Mantep pas lg anget.. Bs habis 2 porsi wkwkw""","","",""
"https://www.google.com/maps/place/Mich%E2%80%99s+Pizza+Jakarta/data=!4m7!3m6!1s0x2e69f7007f473ecf:0x800a85c3ce41f5e!8m2!3d-6.1862748!4d106.7574953!16s%2Fg%2F11xldd77cj!19sChIJzz5HfwD3aS4RXh_kPFyoAAg?authuser=0&hl=id&rclk=1","Mich’s Pizza Jakarta","4,9","(42)","·","Rp 75–100 rb","Pizza","·","","Metropark residences Tower Manhattan, Metropark Residence Jl. Pilar Mas Utama No.28 unit UG 3, RT.7/RW.3","","Buka","· Tutup pukul 21.00","https://lh3.googleusercontent.com/gps-cs-s/APNQkAH0elafB_pg_VZj0RHzd0Gp7rgQCHd6omsBBw54oRjPve2GmGlqo2qZzavtRZ24SUJKOXgt2RkFrwjiU3y3-SG2H1jXv-Mk3g6_ZekZKpDlVqp1ccsD7yDZlmbbr0IJ0lj3AVbaobQiM3X_=w86-h92-k-no","https://ssl.gstatic.com/local/servicebusiness/default_user.png","""","Pizza","topping melimpah gak pelit.""","https://www.google.com/searchviewer/42?cvd=CLw_EicKJeICIjIgEhkiF9LX29IPEQoNL2cvMTF4bGRkNzdjahgBOgMI8A0%3D&hl=id-ID&gl=id&fo_m=MfohQo559jFvMUOzJVpjPL1YMfZ3bInYwBDuMfaXTPp5KXh-&utm_source=tactile&gei=Eyr3ababEMSE4-EP2PvbwA4&ei=Eyr3ababEMSE4-EP2PvbwA4&fo_s=OA&opi=79508299&orderType=1&ebb=1&cs=0&foub=mcpp","Pesan online",""
"https://www.google.com/maps/place/Mich%E2%80%99s+Pizza+Jakarta/data=!4m7!3m6!1s0x2e69f7007f473ecf:0x800a85c3ce41f5e!8m2!3d-6.1862748!4d106.7574953!16s%2Fg%2F11xldd77cj!19sChIJzz5HfwD3aS4RXh_kPFyoAAg?authuser=0&hl=id&rclk=1","Mich’s Pizza Jakarta","4,9","(42)","·","Rp 75–100 rb","Pizza","·","","Metropark residences Tower Manhattan, Metropark Residence Jl. Pilar Mas Utama No.28 unit UG 3, RT.7/RW.3","","Buka","· Tutup pukul 21.00","https://lh3.googleusercontent.com/gps-cs-s/APNQkAH0elafB_pg_VZj0RHzd0Gp7rgQCHd6omsBBw54oRjPve2GmGlqo2qZzavtRZ24SUJKOXgt2RkFrwjiU3y3-SG2H1jXv-Mk3g6_ZekZKpDlVqp1ccsD7yDZlmbbr0IJ0lj3AVbaobQiM3X_=w86-h92-k-no","https://ssl.gstatic.com/local/servicebusiness/default_user.png","""","Pizza","topping melimpah gak pelit.""","https://www.google.com/searchviewer/42?cvd=CLw_EicKJeICIjIgEhkiF9LX29IPEQoNL2cvMTF4bGRkNzdjahgBOgMI8A0%3D&hl=id-ID&gl=id&fo_m=MfohQo559jFvMUOzJVpjPL1YMfZ3bInYwBDuMfaXTPp5KXh-&utm_source=tactile&gei=Fir3aeW_F6z54-EPwfbZ6AM&ei=Fir3aeW_F6z54-EPwfbZ6AM&fo_s=OA&opi=79508299&orderType=1&ebb=1&cs=0&foub=mcpp","Pesan online",""
"https://www.google.com/maps/place/Pizza+Milenial/data=!4m7!3m6!1s0x2e7a57b4441aec11:0xefd9d0eda67a7190!8m2!3d-7.8052432!4d110.3533068!16s%2Fg%2F11jfgpvr85!19sChIJEewaRLRXei4RkHF6pu3Q2e8?authuser=0&hl=id&rclk=1","Pizza Milenial","5,0","(6)","","","Pizza","·","","Jl. Kresno No.7","","Buka","· Tutup pukul 19.00","https://lh3.googleusercontent.com/gps-cs-s/APNQkAFePxOsoJSWbzhUbRnTnGs7evxYPIlL36Pg0F709SOfqLlqq1ppM7CwRe3QpNXVmzqwDxQ771BsUAxijavvBhJJftT-3QBEjtkAiYE0foOqevUsLbiL7iAFnc59mqrmr7tOAw8=w138-h92-k-no","","Makan di tempat","Bawa pulang","Pesan antar","","",""
"https://www.google.com/maps/place/PizzaQu,+Tridadi/data=!4m7!3m6!1s0x2e7a5f146a26e487:0xe3a4db640a963334!8m2!3d-7.7123144!4d110.3567771!16s%2Fg%2F11sgr8tcxr!19sChIJh-QmahRfei4RNDOWCmTbpOM?authuser=0&hl=id&rclk=1","PizzaQu, Tridadi","4,7","(21)","·","Rp 25–50 rb","Pizza","·","","Jl. Parasamya No.39","","Buka","· Tutup pukul 21.00","https://lh3.googleusercontent.com/gps-cs-s/APNQkAGUX39S_NBUfrydy3XVuwi5n12oqWgTFIff0AMie0W_xxAwiJXb-4Mh_9KtMQ2mnI5sJVBIed4BOYbFxLVz6m0Fr2pjFIUXIyTIs4yY803pGYNNVDXk8flSe4nl8OfJTGsGtraT=w80-h106-k-no","https://ssl.gstatic.com/local/servicebusiness/default_user.png","""Rasanya sangak mirip dengan","Pizza","***, kayaknya pernah kerja disana.""","https://www.google.com/searchviewer/42?cvd=CLw_EicKJeICIjIgEhkiF9LX29IPEQoNL2cvMTFzZ3I4dGN4chgBOgMI8A0%3D&hl=id-ID&gl=id&fo_m=MfohQo559jFvMUOzJVpjPL1YMfZ3bInYwBDuMfaXTPp5KXh-&utm_source=tactile&gei=Fir3aeW_F6z54-EPwfbZ6AM&ei=Fir3aeW_F6z54-EPwfbZ6AM&fo_s=OA&opi=79508299&orderType=1&ebb=1&cs=0&foub=mcpp","Pesan online",""
"https://www.google.com/maps/place/Pizza+Pizapisanan/data=!4m7!3m6!1s0x2e7a51473d12cff1:0x2a3d13727c54ea93!8m2!3d-7.8145228!4d110.4361543!16s%2Fg%2F11w4q2jkdj!19sChIJ8c8SPUdRei4Rk-pUfHITPSo?authuser=0&hl=id&rclk=1","Pizza Pizapisanan","5,0","(13)","·","Rp 25–50 rb","Pizza","·","","Perum. Pesona Sendang Asri Baru kav. 8, Jl. Kopral Samiyo l, Sembung Rt. 3 Rw. 15, Sendangtirto, Berbah, Sleman","","Tutup","· Buka Sen pukul 09.00","https://lh3.googleusercontent.com/gps-cs-s/APNQkAFe-QbuNYPgdPF-m9lqe_uaszeNZcFFjarCyEkgaG_x6CHGZd04SXlsikChkbxxEzDsfZ35TzBGT7hzC6DVJx4PP9kOdE-_90sRJLJTlnaUffzsgeujCZDv7AzVOTsctl4AkUQR=w85-h92-k-no","https://ssl.gstatic.com/local/servicebusiness/default_user.png","""","pizza","nya enak dan harga terjangkau""","https://www.google.com/searchviewer/42?cvd=CLw_EicKJeICIjIgEhkiF9LX29IPEQoNL2cvMTF3NHEyamtkahgAOgMI8A0%3D&hl=id-ID&gl=id&fo_m=MfohQo559jFvMUOzJVpjPL1YMfZ3bInYwBDuMfaXTPp5KXh-&utm_source=tactile&gei=Fir3aeW_F6z54-EPwfbZ6AM&ei=Fir3aeW_F6z54-EPwfbZ6AM&fo_s=OA&opi=79508299&ebb=1&cs=0&foub=mcpp","Pesan online",""
"https://www.google.com/maps/place/RUNE+COFFEE/data=!4m7!3m6!1s0x2e7a597cf1ebb21b:0x1776e565452e7354!8m2!3d-7.7828591!4d110.3866788!16s%2Fg%2F11h6v0nbxd!19sChIJG7Lr8XxZei4RVHMuRWXldhc?authuser=0&hl=id&rclk=1","RUNE COFFEE","4,9","(67)","","","Kedai Kopi","","","","","","","https://lh3.googleusercontent.com/gps-cs-s/APNQkAH5gJCXjSsTA111p6mWBp--Z1n7_-uqCpI3p5G-qbw2ySDOxFojcgwsFSjiY_Bq4Vy3DIMgY0RU6VU5xxto2HaFVN8UuLDreoLSLfiI-Cxe2ink9bj4WiukkaB_99SAK5qaegOJeQ=w80-h142-k-no","https://ssl.gstatic.com/local/servicebusiness/default_user.png","""Sayangnya makanan ready jam 17.""","","","","",""
"https://www.google.com/maps/place/S.A.T+KOPI+PIZZA+DAN+TEMPAT+MAKAN/data=!4m7!3m6!1s0x2e7a5a330738b88d:0x3575e3e91d0d131e!8m2!3d-7.7536098!4d110.4422562!16s%2Fg%2F11g10l9hvg!19sChIJjbg4BzNaei4RHhMNHenjdTU?authuser=0&hl=id&rclk=1","S.A.T KOPI PIZZA DAN TEMPAT MAKAN","4,7","(11)","","","Pizza","·","","Perum. Soka Asri Permai Jl. Raya Kadisoka No.14","","Buka","· Tutup pukul 00.00","https://lh3.googleusercontent.com/gps-cs-s/APNQkAFZGSgHIbP9j3sPL0ze5SbXPI4fB_JsN9FXjHSykcucVs-fUGq6KSq6-emadNblmMFs84t3J0ZM0IIg0nRZYvCJoO1fNoeORvVQkx4ewoKXcI1_BMQMdODRRHo3FWOORp1jmmvtgA=w163-h92-k-no","","Makan di tempat","Bawa pulang","Antar tanpa bertemu","https://www.google.com/searchviewer/42?cvd=CLw_EicKJeICIjIgEhkiF9LX29IPEQoNL2cvMTFnMTBsOWh2ZxgAOgMI8A0%3D&hl=id-ID&gl=id&fo_m=MfohQo559jFvMUOzJVpjPL1YMfZ3bInYwBDuMfaXTPp5KXh-&utm_source=tactile&gei=Fir3aeW_F6z54-EPwfbZ6AM&ei=Fir3aeW_F6z54-EPwfbZ6AM&fo_s=OA&opi=79508299&ebb=1&cs=0&foub=mcpp","Pesan online",""
"https://www.google.com/maps/place/Pizza+Ranjang+Tanjung+Duren+by+Bangor+Group/data=!4m7!3m6!1s0x2e69f7487b4e4389:0x1a72601d3f59ad!8m2!3d-6.1742407!4d106.7836749!16s%2Fg%2F11wj_8brm3!19sChIJiUNOe0j3aS4RrVk_HWByGgA?authuser=0&hl=id&rclk=1","Pizza Ranjang Tanjung Duren by Bangor Group","4,4","(30)","·","Rp 25–50 rb","Pizza","·","","Jl. Tanjung Duren Raya No.59, RT.2/RW.5","","Buka 24 jam","","https://lh3.googleusercontent.com/gps-cs-s/APNQkAFAmKPVHUnRCUen2szj5gGT91JsA9o5Rjw09dRvRmqqc9I16-iyzL22zrz8qmlsdbpjtKMHcRQQ3c4YbXjmmjnoEUg6LF--Aah_Pco6u1O5SdidkI8dHFvLFncBFqnxRNaXGT2A4A=w80-h106-k-no","https://ssl.gstatic.com/local/servicebusiness/default_user.png","""","Pizza","enak lembut dan toping melimpah""","","",""
"https://www.google.com/maps/place/Porte+Pizza/data=!4m7!3m6!1s0x2e69f82a0335dd99:0xdeee36f4ac3f2797!8m2!3d-6.1747613!4d106.7227502!16s%2Fg%2F11f104kb89!19sChIJmd01Ayr4aS4Rlyc_rPQ27t4?authuser=0&hl=id&rclk=1","Porte Pizza","4,8","(28)","·","Rp 25–50 rb","Pizza","·","","RPGF+34R, Jl. Raya Duri Kosambi, RT.3/RW.1","","Buka","· Tutup pukul 22.00","https://lh3.googleusercontent.com/gps-cs-s/APNQkAGv_CFYwTocPR0Zksf1zywtxJh66DWEkAFqfuUlAv11UqQiF5rubofqLtabSa4kj4t9qD4EPZMq1yyF3PfxhIHYEBdQnevsKFNRCMWMRd2hU8MC__CMRtKZvuPSn0vULh8rf4ye=w80-h106-k-no","https://ssl.gstatic.com/local/servicebusiness/default_user.png","""Good vibes, gacor abis 🍕""","","","","",""
"https://www.google.com/maps/place/LuPizza/data=!4m7!3m6!1s0x2e7af7806b8d6ccb:0xe6fb78a3ea2e22a9!8m2!3d-7.7901296!4d110.3129839!16s%2Fg%2F11n0wr9n4s!19sChIJy2yNa4D3ei4RqSIu6qN4--Y?authuser=0&hl=id&rclk=1","LuPizza","4,6","(386)","·","Rp 25–50 rb","Pizza","·","","Jl. Bibis","","Buka","· Tutup pukul 21.30","https://lh3.googleusercontent.com/gps-cs-s/APNQkAGsqAkStXU7YzqUiBSnyfpk55YTDT1HEITFvGlA5rIX74F6BOJ2s8z6HaIocVQ-4_zPf_C7jjI0FuXnP_kAEtBoXxR7PppQSEqwmJAJYjZqg6MkSslYJb5_suy2cgkWJ0RmGAs=w122-h92-k-no","https://ssl.gstatic.com/local/servicebusiness/default_user.png","""Rasa yang unik bersaing dengan","pizza","hand made lain""","https://www.google.com/searchviewer/42?cvd=CLw_EicKJeICIjIgEhkiF9LX29IPEQoNL2cvMTFuMHdyOW40cxgBOgMI8A0%3D&hl=id-ID&gl=id&fo_m=MfohQo559jFvMUOzJVpjPL1YMfZ3bInYwBDuMfaXTPp5KXh-&utm_source=tactile&gei=Fir3aeW_F6z54-EPwfbZ6AM&ei=Fir3aeW_F6z54-EPwfbZ6AM&fo_s=OA&opi=79508299&orderType=1&ebb=1&cs=0&foub=mcpp","Pesan online",""
"https://www.google.com/maps/place/Pizza+Hut+Delivery+-+PHD+Indonesia/data=!4m7!3m6!1s0x2e7a57a84f2bc93b:0xa2245d50fc0ae447!8m2!3d-7.8184438!4d110.4165252!16s%2Fg%2F11t5_4gzk4!19sChIJO8krT6hXei4RR-QK_FBdJKI?authuser=0&hl=id&rclk=1","Pizza Hut Delivery - PHD Indonesia","4,6","(278)","·","$$","Stan Pizza","·","","Km 7 No, Jl. Wonosari No.A5","Franchise piza dengan beragam pilihan","Buka","· Tutup pukul 23.00","https://lh3.googleusercontent.com/gps-cs-s/APNQkAH0Fkv1UQFnAPs_6fsakVz7rlGM1M7vyQ-kZ820VxIOxihue7M1J1NA0jCs0nDmk4zkC0EsJ7B5HGAU-bybXBr3SRxwYzKvInhzXtfGIXEqd51VR5_PAiSU-DVMo7j8QYu-yGfc1yHOWKLT=w92-h92-k-no","https://ssl.gstatic.com/local/servicebusiness/default_user.png","""Tempat nya bersih,pizzanya mantap dan harga ekonomis""","","","https://www.google.com/searchviewer/42?cvd=CLw_EicKJeICIjIgEhkiF9LX29IPEQoNL2cvMTF0NV80Z3prNBgAOgMI8A0%3D&hl=id-ID&gl=id&fo_m=MfohQo559jFvMUOzJVpjPL1YMfZ3bInYwBDuMfaXTPp5KXh-&utm_source=tactile&gei=Fir3aeW_F6z54-EPwfbZ6AM&ei=Fir3aeW_F6z54-EPwfbZ6AM&fo_s=OA&opi=79508299&ebb=1&cs=0&foub=mcpp","Pesan online",""
"https://www.google.com/maps/place/Domino%27s+Pizza/data=!4m7!3m6!1s0x2e7a57b19cee3a0f:0xcc893b10708213b8!8m2!3d-7.8087067!4d110.4019916!16s%2Fg%2F11z5w7qf21!19sChIJDzrunLFXei4RuBOCcBA7icw?authuser=0&hl=id&rclk=1","Domino's Pizza","3,5","(13)","·","Rp 50–75 rb","Pizza","·","","Jl. Gedongkuning No.84","Resto pizza delivery yang berdiri lama","Buka","· Tutup pukul 23.45","https://lh3.googleusercontent.com/gps-cs-s/APNQkAGt36QQEQYnWwkt1UAXU6DmO2En68djtpKipxJOY_LoMH9IlYX1hKvkdEgsrFmZ8sS4BiECow-tKtc4LXdzaqC1cCSC9qhB9U-EKx-HCwdmvZi63aPnOyeIQWrL6rTCxTeLgAVpabB7UuVp=w163-h92-k-no","","Pesan antar","","","https://www.google.com/searchviewer/42?cvd=CLw_EicKJeICIjIgEhkiF9LX29IPEQoNL2cvMTF6NXc3cWYyMRgBOgMI8A0%3D&hl=id-ID&gl=id&fo_m=MfohQo559jFvMUOzJVpjPL1YMfZ3bInYwBDuMfaXTPp5KXh-&utm_source=tactile&gei=Fir3aeW_F6z54-EPwfbZ6AM&ei=Fir3aeW_F6z54-EPwfbZ6AM&fo_s=OA&opi=79508299&orderType=1&ebb=1&cs=0&foub=mcpp","Pesan online",""
"https://www.google.com/maps/place/Domino%27s+Pizza+-+Kyai+Mojo+Yogyakarta+%28%EA%A6%A3%EA%A6%BA%EA%A6%B4%EA%A6%A9%EA%A6%B6%EA%A6%A4%EA%A6%BA%EA%A6%B4%27%EA%A6%B1%EA%A7%80%EA%A6%A5%EA%A6%B6%EA%A6%97%EA%A6%B3%EA%A7%80%EA%A6%97%EA%A6%B3%EA%A6%8F%EA%A6%BE%EA%A6%BB%EA%A6%A9%EA%A6%BA%EA%A6%B4%EA%A6%97%EA%A6%BA%EA%A6%B4%EA%A6%AA%EA%A6%BA%EA%A6%B4%EA%A6%92%EA%A6%BE%EA%A6%8F%EA%A6%82%EA%A6%A0%29/data=!4m7!3m6!1s0x2e7a5932a20e5e07:0xee2f48e01b820536!8m2!3d-7.7817462!4d110.3521751!16s%2Fg%2F11j651pn9f!19sChIJB14OojJZei4RNgWCG-BIL-4?authuser=0&hl=id&rclk=1","Domino's Pizza - Kyai Mojo Yogyakarta (ꦣꦺꦴꦩꦶꦤꦺꦴ'ꦱ꧀ꦥꦶꦗ꦳꧀ꦗ꦳ꦏꦾꦻꦩꦺꦴꦗꦺꦴꦪꦺꦴꦒꦾꦏꦂꦠ)","4,3","(1.685)","·","$$","Pizza","·","","·","Jl. Kyai Mojo","Buka","· Tutup pukul 00.00","https://lh3.googleusercontent.com/gps-cs-s/APNQkAGKXxsVOJ1vR0-xajn_foH-iGQQDMA4WdpT7C_7nlNwfiuq76VDkAqNfkUvnNZS9-Uad9B1382_jhFzazpJgrdwJr0jTxoEvQDBi1BWMR1vdnrAsmNqK6Uq8jA_bdDHVwx1CWcivg=w122-h92-k-no","https://ssl.gstatic.com/local/servicebusiness/default_user.png","""Cheese Volcano :
First time coba","pizza","di sini, rasanya enak.""","https://www.google.com/searchviewer/42?cvd=CLw_EicKJeICIjIgEhkiF9LX29IPEQoNL2cvMTFqNjUxcG45ZhgAOgMI8A0%3D&hl=id-ID&gl=id&fo_m=MfohQo559jFvMUOzJVpjPL1YMfZ3bInYwBDuMfaXTPp5KXh-&utm_source=tactile&gei=Fir3aeW_F6z54-EPwfbZ6AM&ei=Fir3aeW_F6z54-EPwfbZ6AM&fo_s=OA&opi=79508299&ebb=1&cs=0&foub=mcpp","Pesan online",""
"https://www.google.com/maps/place/Mamino+Pizza+by+Koreina/data=!4m7!3m6!1s0x2e7a5b7c4d33fa51:0xf9ab3d0a36d5a265!8m2!3d-7.7469752!4d110.4416851!16s%2Fg%2F11fwj2x22f!19sChIJUfozTXxbei4RZaLVNgo9q_k?authuser=0&hl=id&rclk=1","Mamino Pizza by Koreina","4,6","(9)","","","Pizza","·","","Griya Tajem Asri II No. 2","","Buka","· Tutup pukul 22.00","https://lh3.googleusercontent.com/gps-cs-s/APNQkAEOMb3lKC12VLUbkFqrQ_gxSgOcxZR1pt5dW9CKP-WYYhKdLg7BdGYnu1Xy8kaUF9qwjWmUBnEA04tu96NV5jIlSCjYSq23kFqT5L4M0eMUPNwMHavU4Kg5Ks4Cr9VnDyCBWMLq=w199-h92-k-no","","Makan di tempat","Bawa pulang","Pesan antar","https://www.google.com/searchviewer/42?cvd=CLw_EicKJeICIjIgEhkiF9LX29IPEQoNL2cvMTFmd2oyeDIyZhgBOgMI8A0%3D&hl=id-ID&gl=id&fo_m=MfohQo559jFvMUOzJVpjPL1YMfZ3bInYwBDuMfaXTPp5KXh-&utm_source=tactile&gei=Fir3aeW_F6z54-EPwfbZ6AM&ei=Fir3aeW_F6z54-EPwfbZ6AM&fo_s=OA&opi=79508299&orderType=1&ebb=1&cs=0&foub=mcpp","Pesan online",""
"https://www.google.com/maps/place/Vins+Pizza/data=!4m7!3m6!1s0x2e7a59eb411e47eb:0xb69a6913e109f13a!8m2!3d-7.7194283!4d110.4023972!16s%2Fg%2F11nwv9p5gg!19sChIJ60ceQetZei4ROvEJ4RNpmrY?authuser=0&hl=id&rclk=1","Vins Pizza","4,6","(52)","·","Rp 25–50 rb","Pizza","·","","Jl. Rejosari II, Sardonoharjo, Ngaglik, Sleman, Kaliurang St No.KM 10","","Buka","· Tutup pukul 21.00","https://lh3.googleusercontent.com/gps-cs-s/APNQkAGOsMzmsJU7ikGo5pT6kiZ-D-EY-x0BfTKhgMXdKwxdOnGpNP5UQ8JKy7ky_nIvHmvRno6ziEArT5iy6q-yMsuZfgFw6WN-FcJIZQM2bX9smlxAzEEyoe7KkzhN0k81XeCiTDo=w92-h92-k-no","https://ssl.gstatic.com/local/servicebusiness/default_user.png","""","Pizza","rumahan dengan cita rasa mantaaab""","https://www.google.com/searchviewer/42?cvd=CLw_EicKJeICIjIgEhkiF9LX29IPEQoNL2cvMTFud3Y5cDVnZxgBOgMI8A0%3D&hl=id-ID&gl=id&fo_m=MfohQo559jFvMUOzJVpjPL1YMfZ3bInYwBDuMfaXTPp5KXh-&utm_source=tactile&gei=Fir3aeW_F6z54-EPwfbZ6AM&ei=Fir3aeW_F6z54-EPwfbZ6AM&fo_s=OA&opi=79508299&orderType=1&ebb=1&cs=0&foub=mcpp","Pesan online",""
"https://www.google.com/maps/place/Pide+Turkish+Pizza+Wonocatur/data=!4m7!3m6!1s0x2e7a5736352702d7:0xd13f475c662ec7c7!8m2!3d-7.803128!4d110.4155664!16s%2Fg%2F11xvpfs78w!19sChIJ1wInNTZXei4Rx8cuZlxHP9E?authuser=0&hl=id&rclk=1","Pide Turkish Pizza Wonocatur","5,0","(3)","","","Restoran","·","","Jl. Wonocatur timur No.7","","","","https://lh3.googleusercontent.com/gps-cs-s/APNQkAEQyySbZyjJuBJrKpPT43f_J2jetjSZu3_FjyxZdW8MsY_lREIODLsWy5-F24I-UcOuxTENECeIUepzfAHYgHKWz36Kp2DU4dfz1ysqSLEJFc99o4kwB_MwNJ8XJAGdiDvKoCcrBk2r3H7R=w80-h106-k-no","https://ssl.gstatic.com/local/servicebusiness/default_user.png","""Ukurannya","pizza","juga cukup besar dengan harga yang terjangkau.""","","",""
"https://www.google.com/maps/place/My+Pizza/data=!4m7!3m6!1s0x2e69f7b3671ffde9:0xd9614ff529cb6fe2!8m2!3d-6.2024013!4d106.7831547!16s%2Fg%2F11flc22qcq!19sChIJ6f0fZ7P3aS4R4m_LKfVPYdk?authuser=0&hl=id&rclk=1","My Pizza","4,8","(95)","·","Rp 50–75 rb","Pizza","·","","Jl. U Raya No.31, RT.8/RW.15","","Buka","· Tutup pukul 22.00","https://lh3.googleusercontent.com/gps-cs-s/APNQkAHQwJBnkShSCbhXgi1QssrWXnVzojVptwjhh9I0XIPrcFb6PrzizkDSdC1xRZfDgGYW4OObeT2x8D_PuRqAMbN9c6k16fc0RefwHKZZPA3FDZpDxTWBGxbEQe6Iju2Cx8nGX1PqfA=w92-h92-k-no","https://ssl.gstatic.com/local/servicebusiness/default_user.png","""Base dough yang biasa enak, yang thin crust juga enak.""","","","https://www.google.com/searchviewer/42?cvd=CLw_EicKJeICIjIgEhkiF9LX29IPEQoNL2cvMTFmbGMyMnFjcRgBOgMI8A0%3D&hl=id-ID&gl=id&fo_m=MfohQo559jFvMUOzJVpjPL1YMfZ3bInYwBDuMfaXTPp5KXh-&utm_source=tactile&gei=Fir3aeW_F6z54-EPwfbZ6AM&ei=Fir3aeW_F6z54-EPwfbZ6AM&fo_s=OA&opi=79508299&orderType=1&ebb=1&cs=0&foub=mcpp","Pesan online",""
"https://www.google.com/maps/place/Tabeyo/data=!4m7!3m6!1s0x2e69f7ab2f0f8313:0x9bb4150a4773cd43!8m2!3d-6.2156714!4d106.7408989!16s%2Fg%2F11sp934y8v!19sChIJE4MPL6v3aS4RQ81zRwoVtJs?authuser=0&hl=id&rclk=1","Tabeyo","4,8","(92)","·","Rp 75–100 rb","Stan Pizza","·","","Puri Botanical Residence Jl. Samanea Boulevard Blok F No.3","","Segera tutup","· 18.00 · Buka Sen pukul 09.00","https://lh3.googleusercontent.com/gps-cs-s/APNQkAEEL7dzBBWU0Gy4QOvQqweGyWGrh0TbZLLMHtKvyRCUbz0998UJg8LugWDICPhVBXiS3kFzfiJ4Js2cIXKBONuvDCmrSfY_whyIbqcz8Ni1O0uR7NzfZ4bkUOgtoR9wq9j2UfnE=w92-h92-k-no","https://ssl.gstatic.com/local/servicebusiness/default_user.png","""Tabeyo ini hidden gem buat pencinta","pizza","handmade berkualitas premium.""","https://www.google.com/searchviewer/42?cvd=CLw_EicKJeICIjIgEhkiF9LX29IPEQoNL2cvMTFzcDkzNHk4dhgAOgMI8A0%3D&hl=id-ID&gl=id&fo_m=MfohQo559jFvMUOzJVpjPL1YMfZ3bInYwBDuMfaXTPp5KXh-&utm_source=tactile&gei=Fir3aeW_F6z54-EPwfbZ6AM&ei=Fir3aeW_F6z54-EPwfbZ6AM&fo_s=OA&opi=79508299&ebb=1&cs=0&foub=mcpp","Pesan online",""
"https://www.google.com/maps/place/OMAH+PIZZA+%26+AGEN+BRILINK/data=!4m7!3m6!1s0x2e7a59bf932087fb:0xe6eea62340deacae!8m2!3d-7.775285!4d110.3524676!16s%2Fg%2F11lhd_d215!19sChIJ-4cgk79Zei4RrqzeQCOm7uY?authuser=0&hl=id&rclk=1","OMAH PIZZA & AGEN BRILINK","4,6","(58)","","","Toko Roti","·","","Jl. Petak Baru No.59","","Buka","· Tutup pukul 20.00","https://lh3.googleusercontent.com/gps-cs-s/APNQkAEGjmFv_XGMKNyDCKcklG2cYQcyYmawlvxWhrLoDiGW1mJp0jcf24L_ZK5sSRIg5cpHwH_SJEoKZ-UPqm4jviSIP_embgAfPScozeCBb77lkUvpRqB3J-Mp9KoExIbKkWNeE0Q=w122-h92-k-no","https://ssl.gstatic.com/local/servicebusiness/default_user.png","""Worth every penny.""","","","","",""
"https://www.google.com/maps/place/Pizza+Dezzo+Pusat%28%EA%A6%A5%EA%A6%B6%EA%A6%97%EA%A6%B3%EA%A7%80%EA%A6%97%EA%A6%B3%EA%A6%A3%EA%A6%BC%EA%A6%97%EA%A6%B3%EA%A7%80%EA%A6%97%EA%A6%B3%EA%A6%BA%EA%A6%B4%29/data=!4m7!3m6!1s0x2e7a5f482cbed493:0x1b2a1e3c3f57154f!8m2!3d-7.7064754!4d110.3541641!16s%2Fg%2F11bw5xvx_d!19sChIJk9S-LEhfei4RTxVXPzweKhs?authuser=0&hl=id&rclk=1","Pizza Dezzo Pusat(ꦥꦶꦗ꦳꧀ꦗ꦳ꦣꦼꦗ꦳꧀ꦗ꦳ꦺꦴ)","4,7","(484)","·","Rp 25–50 rb","Pizza","·","","·","79V3+CM3","Buka","· Tutup pukul 21.00","https://lh3.googleusercontent.com/gps-cs-s/APNQkAEz9QsHBfFU3Avfg9xyt4CefMe0Yir5jJSd6KTE5FBTutyzpdS3F5-32XHRUS7tuKOxPkCDa_lP1VDmJdtxUsAzkDzpTInv1daayQxBAfGQ_6ruvdWVIGWv1Dv2ywMFOdWq45MVTRn7Fkg=w80-h106-k-no","https://ssl.gstatic.com/local/servicebusiness/default_user.png","""","Pizza","yang enak dengan dough yang empuk dan lumayan tebal.""","https://www.google.com/searchviewer/42?cvd=CLw_EicKJeICIjIgEhkiF9LX29IPEQoNL2cvMTFidzV4dnhfZBgBOgMI8A0%3D&hl=id-ID&gl=id&fo_m=MfohQo559jFvMUOzJVpjPL1YMfZ3bInYwBDuMfaXTPp5KXh-&utm_source=tactile&gei=Fir3aeW_F6z54-EPwfbZ6AM&ei=Fir3aeW_F6z54-EPwfbZ6AM&fo_s=OA&opi=79508299&orderType=1&ebb=1&cs=0&foub=mcpp","Pesan online",""
"https://www.google.com/maps/place/Pizzeria+Cultura,+HQ/data=!4m7!3m6!1s0x2e69f7007a4bfae3:0xee3fbedb96cd5b16!8m2!3d-6.1998329!4d106.7332436!16s%2Fg%2F11y9zx8bn1!19sChIJ4_pLegD3aS4RFlvNltu-P-4?authuser=0&hl=id&rclk=1","Pizzeria Cultura, HQ","5,0","(18)","·","Rp 75–100 rb","Stan Pizza","·","","Jl. Penyelesaian Tomang 1 No.117 3, RT.6/RW.1","","","","https://lh3.googleusercontent.com/gps-cs-s/APNQkAGBwgr98v1o-RAQw8YObgR85qvml_oqqU2lnIMnaRTg_uTmE5oKcRx_A4tvjJEP3Vx15ZXVX2RI_STiVHG3G4hHAqG7WbFgH98WG5gzC9jEvZzNbRPrvfV9cPMaAJDGR_ESjyfigruhbj53=w163-h92-k-no","https://ssl.gstatic.com/local/servicebusiness/default_user.png","""","pizza","homemade yg lembut, rasanya sopan dan pas!""","","",""
"","","","","","","","","","","","","","","","","","","","",""