"hfpxzc href","qBF1Pd","MW4etd","UY7F9","W4Efsd","W4Efsd 2","W4Efsd 3","FQ2IWe src","Jn12ke src","ah5Ghc","A1zNzb href","J8zHNe","bbPy1","AJB7ye","AJB7ye 2","W4Efsd 4","doJOZc","W4Efsd 5","W4Efsd 6","ah5Ghc 2","ah5Ghc 3"
"","","","","","","","","","","","","","","","","","","","",""
"","","","","","","","","","","","","","","","","","","","",""
"https://www.google.com/maps/place/Padang+Pariaman+Uni+Ara+Gejayan/data=!4m7!3m6!1s0x2e7a59ecc85cb77b:0x894928392392101d!8m2!3d-7.7630378!4d110.3938836!16s%2Fg%2F11n3n19n53!19sChIJe7dcyOxZei4RHRCSIzkoSYk?authuser=0&hl=id&rclk=1","Padang Pariaman Uni Ara Gejayan","4,5","(30)","Indonesia","Buka","· Tutup pukul 22.00","https://lh3.googleusercontent.com/gps-cs-s/APNQkAH1GuFzILHlurOVCtMZZfiY8go5dVhJTBeIkAjuK_niQ6Xgj2OIagSRgOV1Gmm58fSjEwU0UIH8vDS4J9vm1UMeHvaCXHtjR9EElGuf1C9jObohkWi0VpMVQenpHs8-dB3GbSDJYz5n1YFA=w163-h92-k-no","https://ssl.gstatic.com/local/servicebusiness/default_user.png","""rendang dan sayur nangka top bgt di tambah sambel merah dan ijonya.""","https://www.google.com/searchviewer/42?cvd=CLw_EicKJeICIjIgEhkiF9LX29IPEQoNL2cvMTFuM24xOW41MxgBOgMI8A0%3D&hl=id-ID&gl=id&fo_m=MfohQo559jFvMUOzJVpjPL1YMfZ3bInYwBDuMfaXTPp5KXh-&utm_source=tactile&gei=mCr3acHfHuay4-EPnvr64Ak&ei=mCr3acHfHuay4-EPnvr64Ak&fo_s=OA&opi=79508299&orderType=1&ebb=1&cs=0&foub=mcpp","Pesan online","","","","","","","","",""
"https://www.google.com/maps/place/Warung+Makan+Padang+Sendowo/data=!4m7!3m6!1s0x2e7a584915ac2695:0x82c9446d8746a3df!8m2!3d-7.7712505!4d110.3709031!16s%2Fg%2F11bwyrmqtm!19sChIJlSasFUlYei4R36NGh21EyYI?authuser=0&hl=id&rclk=1","Warung Makan Padang Sendowo","4,6","(387)","Padang","Buka","· Tutup pukul 20.00","https://lh3.googleusercontent.com/gps-cs-s/APNQkAFXxp4H6bBKmGi76jl4RAjVpHVWIxLt1CNJxdQc2gwJagEY8gadIDGVsHwD3yoiNCArhqq__0tDDybTtmiFa53u3NvsiaRrJ01_2lP9S0v2sv1rlXmQxk7ylglIJQ0sR-h-PPk=w163-h92-k-no","https://ssl.gstatic.com/local/servicebusiness/default_user.png","""Nasi","","","","·","Rp 1–25.000","·","","·","Jl. Sendowo F No.129","padang","murah, dan rasanya enak bgt"""
"https://www.google.com/maps/place/RM+Padang+Duta+Minang/data=!4m7!3m6!1s0x2e7a59eff8d92f39:0x1eb53c6806690724!8m2!3d-7.7831605!4d110.4138375!16s%2Fg%2F11cjj02_jc!19sChIJOS_Z-O9Zei4RJAdpBmg8tR4?authuser=0&hl=id&rclk=1","RM Padang Duta Minang","4,4","(2.321)","Padang","Buka","· Tutup pukul 23.00","https://lh3.googleusercontent.com/gps-cs-s/APNQkAFSwW0fr2wtbdjR7xtMxSPiWB7nNjgzrocZpCPaefbyk4MdT_y4KvpWy_7XXASWN3s-bN9kR-h9HLLW4D3eXv0HYyHzKcPGfuAorf_13cgKX0dlSf4crLYbXZR7LyxtoL4GMkgO1A=w122-h92-k-no","https://ssl.gstatic.com/local/servicebusiness/default_user.png","""Makanan enak, kmrn","https://www.google.com/searchviewer/42?cvd=CLw_EicKJeICIjIgEhkiF9LX29IPEQoNL2cvMTFjamowMl9qYxgBOgMI8A0%3D&hl=id-ID&gl=id&fo_m=MfohQo559jFvMUOzJVpjPL1YMfZ3bInYwBDuMfaXTPp5KXh-&utm_source=tactile&gei=mCr3acHfHuay4-EPnvr64Ak&ei=mCr3acHfHuay4-EPnvr64Ak&fo_s=OA&opi=79508299&orderType=1&ebb=1&cs=0&foub=mcpp","Pesan online","","·","Rp 25–50 rb","·","","No Jl. Raya Solo - Yogyakarta No.211","","makan","rendang empuk banget dagingnya"""
"https://www.google.com/maps/place/RM+Padang+Lima+Sekawan/data=!4m7!3m6!1s0x2e7a59b2c16d67f3:0xd0a344a6f7db6aec!8m2!3d-7.7660167!4d110.3798349!16s%2Fg%2F11b6d7qzq2!19sChIJ82dtwbJZei4R7Grb96ZEo9A?authuser=0&hl=id&rclk=1","RM Padang Lima Sekawan","4,5","(482)","Padang","Buka","· Tutup pukul 20.00","https://lh3.googleusercontent.com/gps-cs-s/APNQkAFzFXLf1Ae5GT7ohbe67Skpzm_BDyKY81SQeT9G-oLS4qeImOpbP1JDP-yFV8Co1FhQzPM1S53FTd2KaZV0BgSWF9ZGmfotq5rWuehELjhc2DaBqKozQLF2IutTu03mVX97u9LY=w122-h92-k-no","https://ssl.gstatic.com/local/servicebusiness/default_user.png","""Kuahnya enak, rasanya seperti","https://www.google.com/searchviewer/42?cvd=CLw_EicKJeICIjIgEhkiF9LX29IPEQoNL2cvMTFiNmQ3cXpxMhgBOgMI8A0%3D&hl=id-ID&gl=id&fo_m=MfohQo559jFvMUOzJVpjPL1YMfZ3bInYwBDuMfaXTPp5KXh-&utm_source=tactile&gei=mCr3acHfHuay4-EPnvr64Ak&ei=mCr3acHfHuay4-EPnvr64Ak&fo_s=OA&opi=79508299&orderType=1&ebb=1&cs=0&foub=mcpp","Pesan online","","·","Rp 1–25.000","·","","·","69MH+MW6, Jl. Agro No.7","makan","indomie rendang"""
"https://www.google.com/maps/place/Padang+Djuang+-+Pogung/data=!4m7!3m6!1s0x2e7a585254f418e1:0x6d9a271bd78fc1aa!8m2!3d-7.7622426!4d110.3753559!16s%2Fg%2F1pzr_74yx!19sChIJ4Rj0VFJYei4RqsGP1xsnmm0?authuser=0&hl=id&rclk=1","Padang Djuang - Pogung","4,4","(478)","Padang","Buka","· Tutup pukul 21.00","https://lh3.googleusercontent.com/gps-cs-s/APNQkAEtkdj2B-IIcRL6I54erpD6S0qrQSIFYu7H_USc3CHPcBaQ23oRMj9MIEZVaptjx_zb066Axd5uSQ2KdHpceLyq__xwt0V7BKULn9wrdZMNj8dSOUVdP5Te94WiUyZiikzRcxb2fw=w163-h92-k-no","https://ssl.gstatic.com/local/servicebusiness/default_user.png","""","https://www.google.com/searchviewer/42?cvd=CLw_EiYKJOICITIfEhgiFtLX29IPEAoML2cvMXB6cl83NHl4GAA6AwjwDQ%3D%3D&hl=id-ID&gl=id&fo_m=MfohQo559jFvMUOzJVpjPL1YMfZ3bInYwBDuMfaXTPp5KXh-&utm_source=tactile&gei=mCr3acHfHuay4-EPnvr64Ak&ei=mCr3acHfHuay4-EPnvr64Ak&fo_s=OA&opi=79508299&ebb=1&cs=0&foub=mcpp","Pesan online","","·","Rp 1–25.000","·","","·","Jl. Pogung Kidul No.8A","Padang","enak dan harga murah"""
"https://www.google.com/maps/place/RM.+SINAR+MINANG+BACIRO/data=!4m7!3m6!1s0x2e7a59b159be7641:0x8b19b71e2a47f02c!8m2!3d-7.7919618!4d110.3861497!16s%2Fg%2F11j4nbj7z3!19sChIJQXa-WbFZei4RLPBHKh63GYs?authuser=0&hl=id&rclk=1","RM. SINAR MINANG BACIRO","4,5","(600)","Padang","Buka 24 jam","","https://lh3.googleusercontent.com/gps-cs-s/APNQkAFricFrbaKtIJZzmN0PrvnsoISvb4pcdllgDsfATvMX_0Hvs3G1animotha3JW-Ky2aW-ZKnMQAHmjfhCaWDlvh_MZrDOPD_TcnxsFb9jccxDaZPMj2XQEuduXG97nrc67xdjXd0g=w122-h92-k-no","https://ssl.gstatic.com/local/servicebusiness/default_user.png","""","","","","·","Rp 1–25.000","·","","·","Jl. Gondosuli No.5","Rumah makan padang","dengan harga murah tapi enak, nasi ayam cuma 10k..."""
"https://www.google.com/maps/place/Rumah+Makan+Padang+Sederhana+Jogja/data=!4m7!3m6!1s0x2e7a584c9dd9ae11:0x7235a730ef6838ae!8m2!3d-7.7572944!4d110.382419!16s%2Fg%2F1jkxhx_k1!19sChIJEa7ZnUxYei4Rrjho7zCnNXI?authuser=0&hl=id&rclk=1","Rumah Makan Padang Sederhana Jogja","4,5","(4.405)","Padang","Buka","· Tutup pukul 22.00","https://lh3.googleusercontent.com/gps-cs-s/APNQkAGwlocX3UZSFyzT7UBmAJleBkIwPVn2m1jqKFFRlFN7fU9T-qFMailKI9qxjVCO8MsUt0IrYS1zJf53_Ap-efpRaliuVP3XcTH0VPL2Uan5rhgvCyKFskYAFWFDUC7KGAI2ORyU=w122-h92-k-no","https://ssl.gstatic.com/local/servicebusiness/default_user.png","""Rendangnya ok, menunya rata-rata ok.""","","","","·","Rp 25–50 rb","·","","Jl. Kaliurang No.5, RW.6","","",""
"https://www.google.com/maps/place/Nasi+Kapau+Uda+Jack/data=!4m7!3m6!1s0x2e7a598dfd06f94b:0x35067956492f8662!8m2!3d-7.7794092!4d110.3886499!16s%2Fg%2F11p60t267z!19sChIJS_kG_Y1Zei4RYoYvSVZ5BjU?authuser=0&hl=id&rclk=1","Nasi Kapau Uda Jack","4,6","(1.385)","Padang","Buka","· Tutup pukul 22.00","https://lh3.googleusercontent.com/gps-cs-s/APNQkAGF-FjaCJRm895nEFoWNzBzVdZRfSf9g0V2EnyHm7x4WlCMLlKwO70a08dSIXW5g-XfZaPIMWyddczO8eBzJpDG3bTdl64jcNMelv_W9sRu60xRDhOAuA0U623khMNEMoiv9Zgqnd28O8Qq=w80-h118-k-no","https://ssl.gstatic.com/local/servicebusiness/default_user.png","""Hr ini beli nasi daging rendang, perkedel & telur balado via shopee food.""","https://www.google.com/searchviewer/42?cvd=CLw_EicKJeICIjIgEhkiF9LX29IPEQoNL2cvMTFwNjB0MjY3ehgBOgMI8A0%3D&hl=id-ID&gl=id&fo_m=MfohQo559jFvMUOzJVpjPL1YMfZ3bInYwBDuMfaXTPp5KXh-&utm_source=tactile&gei=mCr3acHfHuay4-EPnvr64Ak&ei=mCr3acHfHuay4-EPnvr64Ak&fo_s=OA&opi=79508299&orderType=1&ebb=1&cs=0&foub=mcpp","Pesan online","","·","Rp 25–50 rb","·","","Jl. Cenderawasih No.32 B","","",""
"https://www.google.com/maps/place/Rumah+Makan+Padang+Murah/data=!4m7!3m6!1s0x2e7a5850de043009:0xd4cc9828001cc2a0!8m2!3d-7.7614914!4d110.369275!16s%2Fg%2F11c51skdkj!19sChIJCTAE3lBYei4RoMIcACiYzNQ?authuser=0&hl=id&rclk=1","Rumah Makan Padang Murah","4,5","(1.407)","Padang","Buka","· Tutup pukul 22.00","https://lh3.googleusercontent.com/gps-cs-s/APNQkAG0kLij52gE007KTp702J0RToICVvwotHTyFjkNpkZwLMF-NCQh_0Df_hx3Lrvzs88dbO_4IxzeW-zTjsMUvFfXlsHpBdN09vChU_mmepwDWVePIuO8OSu0Em-2p0DKrTqAXWzX=w122-h92-k-no","https://ssl.gstatic.com/local/servicebusiness/default_user.png","""Mau","","","","·","Rp 1–25.000","·","","·","Jl. Monjali No.#106","makan","enak tapi murah,"
"https://www.google.com/maps/place/Rumah+Makan+Padang+Pergaulan/data=!4m7!3m6!1s0x2e7a59da8ec64fc5:0x7b31061c8cc2a3c1!8m2!3d-7.7634056!4d110.3841615!16s%2Fg%2F11pxlt6vv5!19sChIJxU_GjtpZei4RwaPCjBwGMXs?authuser=0&hl=id&rclk=1","Rumah Makan Padang Pergaulan","4,5","(580)","Padang","Buka","· Tutup pukul 22.00","https://lh3.googleusercontent.com/gps-cs-s/APNQkAFDcl7_v1LLT80MFeoFDO6OKlb6d1yXjfQ197trrPb8DO2MMZvDd4LW_joSs5vNrwYIyuTINTTLEwNAnrAoofaaY1zvkA5eAqGHGLSGl6VN3W91BOhVzmXP2zjGyPETQuxt4dkaIA=w138-h92-k-no","https://ssl.gstatic.com/local/servicebusiness/default_user.png","""Makanan","https://www.google.com/searchviewer/42?cvd=CLw_EicKJeICIjIgEhkiF9LX29IPEQoNL2cvMTFweGx0NnZ2NRgBOgMI8A0%3D&hl=id-ID&gl=id&fo_m=MfohQo559jFvMUOzJVpjPL1YMfZ3bInYwBDuMfaXTPp5KXh-&utm_source=tactile&gei=mCr3acHfHuay4-EPnvr64Ak&ei=mCr3acHfHuay4-EPnvr64Ak&fo_s=OA&opi=79508299&orderType=1&ebb=1&cs=0&foub=mcpp","Pesan online","","·","Rp 1–25.000","·","","·","Jl. Naga No.24A","padang","murah, prasmanan, dan rasa paling mendekati aslinya."""
"https://www.google.com/maps/place/Rumah+Makan+Duta+Minang+-+Sudirman/data=!4m7!3m6!1s0x2e7a5831a8632bf7:0xf87125cc8a2a3b3!8m2!3d-7.783119!4d110.3702831!16s%2Fg%2F1tgcv58v!19sChIJ9ytjqDFYei4Rs6OiyFwShw8?authuser=0&hl=id&rclk=1","Rumah Makan Duta Minang - Sudirman","4,4","(2.880)","Padang","Buka","· Tutup pukul 23.00","https://lh3.googleusercontent.com/gps-cs-s/APNQkAHbjxcdOY5u9O96tlivvyKZ9GayqYEBq7_wK4Q7_gMoAmxQT5TCSWB9owtnOt8zcfecXmgHyzascGjBPbxVVyY3hdYD7NJdv7aT5UEBnIB3PqLLJpqi9OJdl3PuDidxG_Qjsfsj=w122-h92-k-no","https://ssl.gstatic.com/local/servicebusiness/default_user.png","""Rendang, ayam bakar , kuah gulai , sambal ijo, ikan tenggiri enak enak.""","https://www.google.com/searchviewer/42?cvd=CLw_EiUKI-ICIDIeEhciFdLX29IPDwoLL2cvMXRnY3Y1OHYYAToDCPAN&hl=id-ID&gl=id&fo_m=MfohQo559jFvMUOzJVpjPL1YMfZ3bInYwBDuMfaXTPp5KXh-&utm_source=tactile&gei=mCr3acHfHuay4-EPnvr64Ak&ei=mCr3acHfHuay4-EPnvr64Ak&fo_s=OA&opi=79508299&orderType=1&ebb=1&cs=0&foub=mcpp","Pesan online","","·","Rp 25–50 rb","·","","·","Jl. Jend. Sudirman No.42","",""
"https://www.google.com/maps/place/RM+Mahat+Indah+Asli+Masakan+Padang/data=!4m7!3m6!1s0x2e7a59c47ca843d9:0x31911a21a8498b9e!8m2!3d-7.781576!4d110.3957916!16s%2Fg%2F11b6nkd02k!19sChIJ2UOofMRZei4RnotJqCEakTE?authuser=0&hl=id&rclk=1","RM Mahat Indah Asli Masakan Padang","4,5","(79)","Padang","Buka","· Tutup pukul 20.00","https://lh3.googleusercontent.com/gps-cs-s/APNQkAGw_qjhHwX1P93l0ON_DvjUibcCYyRyrRq1XI81yb2G7XmIYLLJq3RufDA5MrYQeobWdiIYho8tdnMn8ESuANO09pDVwl8wOagF-_ewVyId2PfdSbNXOVisfsa36oUIELjWQRk=w204-h92-k-no","https://ssl.gstatic.com/local/servicebusiness/default_user.png","""Rasamu enakk, mantap, bumbunya asli masakan","","","","·","Rp 1–25.000","·","","·","Jl. Petung No.6a","padang","👍😄"""
"https://www.google.com/maps/place/RM+Padang+Duta+Andalas/data=!4m7!3m6!1s0x2e7a59c3e9055d3d:0x5376d7736df27d2a!8m2!3d-7.7900292!4d110.3784259!16s%2Fg%2F11gr58xdfy!19sChIJPV0F6cNZei4RKn3ybXPXdlM?authuser=0&hl=id&rclk=1","RM Padang Duta Andalas","4,5","(350)","Padang","Buka","· Tutup pukul 21.30","https://lh3.googleusercontent.com/gps-cs-s/APNQkAGLYdYvuQkgf8N09qzyV1DcYLrr8SV58KcD0H5eD68IeChpFtQOBImmvbe37SJTOpg9bkynqAxtd2u5q71uVOZcKuQIh2pAtOFBRlFHCB04y9LIl4BIbN6_LOXBAFZiORAUPbxp=w168-h92-k-no","https://ssl.gstatic.com/local/servicebusiness/default_user.png","""Enak..serasa RM","https://www.google.com/searchviewer/42?cvd=CLw_EicKJeICIjIgEhkiF9LX29IPEQoNL2cvMTFncjU4eGRmeRgBOgMI8A0%3D&hl=id-ID&gl=id&fo_m=MfohQo559jFvMUOzJVpjPL1YMfZ3bInYwBDuMfaXTPp5KXh-&utm_source=tactile&gei=mCr3acHfHuay4-EPnvr64Ak&ei=mCr3acHfHuay4-EPnvr64Ak&fo_s=OA&opi=79508299&orderType=1&ebb=1&cs=0&foub=mcpp","Pesan online","","·","Rp 1–25.000","·","","·","Jl. Argolubang No.28-110","padang","Sederhanan
Harga 25 ribuan Limpa + Minum es teh"""
"https://www.google.com/maps/place/Rumah+Makan+Duta+Minang+Jakal/data=!4m7!3m6!1s0x2e7a59ad3d523dbd:0x3492490099aa00!8m2!3d-7.7625766!4d110.380027!16s%2Fg%2F11t7fdhtwm!19sChIJvT1SPa1Zei4RAKqZAEmSNAA?authuser=0&hl=id&rclk=1","Rumah Makan Duta Minang Jakal","4,1","(281)","Restoran","","","https://lh3.googleusercontent.com/gps-cs-s/APNQkAFkqR3iOz5qjWspOIx8ObR0MbiaPu1Lc932d7SWSB6UxfAfjq_XvuDvvWW0a0E93ove3yR1zvC3_3-U7kYzdXdaJX49uo6xQLqIvKmEKgZgwPLBQ6MpRfsW4h92qnCR_DVSw5PE=w138-h92-k-no","https://ssl.gstatic.com/local/servicebusiness/default_user.png","""Enak banget","https://www.google.com/searchviewer/42?cvd=CLw_EicKJeICIjIgEhkiF9LX29IPEQoNL2cvMTF0N2ZkaHR3bRgBOgMI8A0%3D&hl=id-ID&gl=id&fo_m=MfohQo559jFvMUOzJVpjPL1YMfZ3bInYwBDuMfaXTPp5KXh-&utm_source=tactile&gei=mCr3acHfHuay4-EPnvr64Ak&ei=mCr3acHfHuay4-EPnvr64Ak&fo_s=OA&opi=79508299&orderType=1&ebb=1&cs=0&foub=mcpp","Pesan online","","·","Rp 25–50 rb","·","","·","69PJ+X26, Jl. Kaliurang","rumah makan padang","terenak harus cobain nih yg lain"""
"https://www.google.com/maps/place/Rumah+Makan+Padang+Untuang/data=!4m7!3m6!1s0x2e7a58340801c2a9:0x25b34f9c1fd87fc5!8m2!3d-7.7787718!4d110.3733873!16s%2Fg%2F1ptxwc7t8!19sChIJqcIBCDRYei4RxX_YH5xPsyU?authuser=0&hl=id&rclk=1","Rumah Makan Padang Untuang","4,4","(318)","Padang","Buka","· Tutup pukul 21.00","https://lh3.googleusercontent.com/gps-cs-s/APNQkAGMZ4gmPFAGQLth4otXPFjslgHzK31nllLfk9MY48jJDFwkarntWKF0Tt-zNOhvwbRS3zPH3LTEJw8KxRR83C8xXL1ct33i9m8_WLcUd3hSqmUZF2z8T5enbWMSqa9oq9zsgkkH=w122-h92-k-no","https://ssl.gstatic.com/local/servicebusiness/default_user.png","""Harga standart","","","","·","Rp 1–25.000","·","","·","Jl. C. Simanjuntak No.32 A","rumah makan padang",", kalo dine in bisa ambil sendiri."""
"https://www.google.com/maps/place/Lapau+Uni+-+Masakan+Padang/data=!4m7!3m6!1s0x2e7a5998ffd9402f:0x36bb12d6892e9f4e!8m2!3d-7.7605965!4d110.4054979!16s%2Fg%2F11c0xq2jyn!19sChIJL0DZ_5hZei4RTp8uidYSuzY?authuser=0&hl=id&rclk=1","Lapau Uni - Masakan Padang","4,8","(80)","Padang","Buka","· Tutup pukul 20.30","https://lh3.googleusercontent.com/gps-cs-s/APNQkAEXNJfyf8bHXyhH_2MVfG--fG33IcK2kJSpdBnUgZgg9JIOz-rc3L9qQSL7mPWPVMUcLjAiXfdpv82DUx-L-KoEMB3Zjx9LWv6nxxb4r_9Zs6CvChbBV1bJBn5nixYvGXyB9YER=w163-h92-k-no","https://ssl.gstatic.com/local/servicebusiness/default_user.png","""nasi","https://www.google.com/searchviewer/42?cvd=CLw_EicKJeICIjIgEhkiF9LX29IPEQoNL2cvMTFjMHhxMmp5bhgBOgMI8A0%3D&hl=id-ID&gl=id&fo_m=MfohQo559jFvMUOzJVpjPL1YMfZ3bInYwBDuMfaXTPp5KXh-&utm_source=tactile&gei=mCr3acHfHuay4-EPnvr64Ak&ei=mCr3acHfHuay4-EPnvr64Ak&fo_s=OA&opi=79508299&orderType=1&ebb=1&cs=0&foub=mcpp","Pesan online","","·","Rp 1–25.000","·","","·","Jl. Gorongan 5 No.187 B","padang","terenak, hidden gem, minus kurang rajin buka"""
"https://www.google.com/maps/place/Habibi+Minang/data=!4m7!3m6!1s0x2e7a59e8f19d8f15:0x1365337bfb14a422!8m2!3d-7.7863282!4d110.3918359!16s%2Fg%2F11h84yz21q!19sChIJFY-d8ehZei4RIqQU-3szZRM?authuser=0&hl=id&rclk=1","Habibi Minang","4,6","(230)","Padang","Buka","· Tutup pukul 23.00","https://lh3.googleusercontent.com/gps-cs-s/APNQkAG8sOpJr_NgY5qJAMHrZjK9tpDCb5yxpd5hHRL74C2qYKP5twYaOJucJVm1xS_xsPnmxu59JNM_qzjQjMHcRFh7ZYF9CkXAn66lsEUiXtHxVLafgJKwcj5lPvNFTnnqYdlbR7dR=w122-h92-k-no","https://ssl.gstatic.com/local/servicebusiness/default_user.png","""Makanan khas","","","","·","Rp 1–25.000","·","","·","Jl. Bimo Kurdo No.28","padang",", harga pas buat mahasiswa"""
"https://www.google.com/maps/place/Rumah+Makan+Padang+Murah+Meriah+Jl.Nusa+Indah/data=!4m7!3m6!1s0x2e7a599c17753ff1:0x83a592b16c61fb76!8m2!3d-7.7567082!4d110.4091199!16s%2Fg%2F11b678pdpy!19sChIJ8T91F5xZei4RdvthbLGSpYM?authuser=0&hl=id&rclk=1","Rumah Makan Padang Murah Meriah Jl.Nusa Indah","4,3","(400)","Padang","Buka","· Tutup pukul 21.00","https://lh3.googleusercontent.com/gps-cs-s/APNQkAHhyInRijohcAQTC38E_xYoEXuFuFrZuBCEU7x82iWCpgbQ7YrjqC8Mv11EScz8FE9oetEhrEaN42i3x8VvuNT791DktJzSTbNc6le9iBRjslpNRujJqklR7IC5s7-tsZ9NrFo=w122-h92-k-no","https://ssl.gstatic.com/local/servicebusiness/default_user.png","""Nasi rendangnya enak, harga merakyat banget.""","https://www.google.com/searchviewer/42?cvd=CLw_EicKJeICIjIgEhkiF9LX29IPEQoNL2cvMTFiNjc4cGRweRgBOgMI8A0%3D&hl=id-ID&gl=id&fo_m=MfohQo559jFvMUOzJVpjPL1YMfZ3bInYwBDuMfaXTPp5KXh-&utm_source=tactile&gei=mCr3acHfHuay4-EPnvr64Ak&ei=mCr3acHfHuay4-EPnvr64Ak&fo_s=OA&opi=79508299&orderType=1&ebb=1&cs=0&foub=mcpp","Pesan online","","·","Rp 1–25.000","·","","·","Jl. Nusa Indah No.167","",""
"https://www.google.com/maps/place/Sate+Padang+Rang+Mudo/data=!4m7!3m6!1s0x2e7a5900753805bd:0x857bdfb3963354a1!8m2!3d-7.7610887!4d110.3941328!16s%2Fg%2F11m6b0gvzt!19sChIJvQU4dQBZei4RoVQzlrPfe4U?authuser=0&hl=id&rclk=1","Sate Padang Rang Mudo","4,8","(592)","Padang","Buka","· Tutup pukul 00.00","https://lh3.googleusercontent.com/gps-cs-s/APNQkAHzI0xnU8tTAny_BnOFyOc_N_WqUR_04l9asVTgEJfDb8b2Urb7yJhQKyU29DiSC5NYRheEMOnsgpvmpGtdVW7aBJDpdlzRicxa-dUn5O9gCvsGmj1JnIPGHle_toT6sqQ3khA46MT-HXvR=w80-h106-k-no","https://ssl.gstatic.com/local/servicebusiness/default_user.png","""Enak banget, suami baru nyoba sate","https://www.google.com/searchviewer/42?cvd=CLw_EicKJeICIjIgEhkiF9LX29IPEQoNL2cvMTFtNmIwZ3Z6dBgBOgMI8A0%3D&hl=id-ID&gl=id&fo_m=MfohQo559jFvMUOzJVpjPL1YMfZ3bInYwBDuMfaXTPp5KXh-&utm_source=tactile&gei=mCr3acHfHuay4-EPnvr64Ak&ei=mCr3acHfHuay4-EPnvr64Ak&fo_s=OA&opi=79508299&orderType=1&ebb=1&cs=0&foub=mcpp","Pesan online","","·","Rp 25–50 rb","·","","Jl. Affandi, CC XII No.24","","padang","langsung ketagihan, balik lagi."""
"https://www.google.com/maps/place/Warung+Makan+Ranah+Minang+%28Masakan+Padang%29/data=!4m7!3m6!1s0x2e7a59cbe5c82a2f:0xa4019d703a127346!8m2!3d-7.778862!4d110.383897!16s%2Fg%2F11c1tk4jhy!19sChIJLyrI5ctZei4RRnMSOnCdAaQ?authuser=0&hl=id&rclk=1","Warung Makan Ranah Minang (Masakan Padang)","4,6","(62)","Padang","Buka","· Tutup pukul 19.00","https://lh3.googleusercontent.com/gps-cs-s/APNQkAHSldIFc6D1rg1s2Zk-oTWqI01ReHJuUdzOiGv4A8zqUIZqrK7DwF_5jMLYf3VtZy36QBbTXsUhCl3Ldk2MnSISaGc0Ls1Xma-t7zJgHaPj31CEkYw_wK_DxG5w9eOlbzkLxByfAA=w80-h142-k-no","https://ssl.gstatic.com/local/servicebusiness/default_user.png","""Enak, murah,dan porsi nya banyak cocok buat anak kost 🤩""","","","","·","Rp 1–25.000","·","","·","69CM+FH2, Jalan Colombo, Samirono CT VI, Condongcatur, Depok, Sleman","",""
"https://www.google.com/maps/place/Sate+Padang+Rang+Mudo/data=!4m7!3m6!1s0x2e7a5900753805bd:0x857bdfb3963354a1!8m2!3d-7.7610887!4d110.3941328!16s%2Fg%2F11m6b0gvzt!19sChIJvQU4dQBZei4RoVQzlrPfe4U?authuser=0&hl=id&rclk=1","Sate Padang Rang Mudo","4,8","(592)","Padang","Buka","· Tutup pukul 00.00","https://lh3.googleusercontent.com/gps-cs-s/APNQkAHzI0xnU8tTAny_BnOFyOc_N_WqUR_04l9asVTgEJfDb8b2Urb7yJhQKyU29DiSC5NYRheEMOnsgpvmpGtdVW7aBJDpdlzRicxa-dUn5O9gCvsGmj1JnIPGHle_toT6sqQ3khA46MT-HXvR=w80-h106-k-no","https://ssl.gstatic.com/local/servicebusiness/default_user.png","""Enak banget, suami baru nyoba sate","https://www.google.com/searchviewer/42?cvd=CLw_EicKJeICIjIgEhkiF9LX29IPEQoNL2cvMTFtNmIwZ3Z6dBgBOgMI8A0%3D&hl=id-ID&gl=id&fo_m=MfohQo559jFvMUOzJVpjPL1YMfZ3bInYwBDuMfaXTPp5KXh-&utm_source=tactile&gei=nCr3aa_bFNjh4-EPu5mTiQg&ei=nCr3aa_bFNjh4-EPu5mTiQg&fo_s=OA&opi=79508299&orderType=1&ebb=1&cs=0&foub=mcpp","Pesan online","","·","Rp 25–50 rb","·","","Jl. Affandi, CC XII No.24","","padang","langsung ketagihan, balik lagi."""
"https://www.google.com/maps/place/Rumah+Makan+Padang+Pinang+Murah/data=!4m7!3m6!1s0x2e7a59a0f0d963df:0x4dccb065ff4712ac!8m2!3d-7.7551489!4d110.3989673!16s%2Fg%2F11f540zzgr!19sChIJ32PZ8KBZei4RrBJH_2WwzE0?authuser=0&hl=id&rclk=1","Rumah Makan Padang Pinang Murah","4,2","(188)","Padang","Buka","· Tutup pukul 22.00","https://lh3.googleusercontent.com/gps-cs-s/APNQkAE40Z8IvsDZaEAklqSl9P84x6aa08d2rtaVXfspxLRAEKabBRL9MwmiaGCoVk5sPnJxQYIE03IORGfjPQ4xSjky9nUr-i0_PsClmUlGFhA9ePY7WHbJT7rhGdCAIiH7iG1Hijey=w122-h92-k-no","https://ssl.gstatic.com/local/servicebusiness/default_user.png","""rendang ama kikil nya enak""","https://www.google.com/searchviewer/42?cvd=CLw_EicKJeICIjIgEhkiF9LX29IPEQoNL2cvMTFmNTQwenpnchgBOgMI8A0%3D&hl=id-ID&gl=id&fo_m=MfohQo559jFvMUOzJVpjPL1YMfZ3bInYwBDuMfaXTPp5KXh-&utm_source=tactile&gei=nCr3aa_bFNjh4-EPu5mTiQg&ei=nCr3aa_bFNjh4-EPu5mTiQg&fo_s=OA&opi=79508299&orderType=1&ebb=1&cs=0&foub=mcpp","Pesan online","","·","Rp 1–25.000","·","","·","Jl. Anggajaya 2 No.75","",""
"https://www.google.com/maps/place/Rumah+Makan+Padang+Family/data=!4m7!3m6!1s0x2e7a59976f0d802f:0xa4e039258174638a!8m2!3d-7.7691185!4d110.4054579!16s%2Fg%2F1pzs84115!19sChIJL4ANb5dZei4RimN0gSU54KQ?authuser=0&hl=id&rclk=1","Rumah Makan Padang Family","4,3","(253)","Padang","Buka","· Tutup pukul 21.00","https://lh3.googleusercontent.com/gps-cs-s/APNQkAGea81EVeXtVNjjYIaTAGAn75WP3JqR4I9swqnKlIw3jnFLk0_oPbtuPN6lQOuClM8tDAZoBdqJcpHFFZvZx8MLMQsiOwS_40lalyZ-Jr78tD_FfAdM1rCD95RG5_y89-85j-fViohEgaA=w183-h92-k-no","https://ssl.gstatic.com/local/servicebusiness/default_user.png","""Rasa","https://www.google.com/searchviewer/42?cvd=CLw_EiYKJOICITIfEhgiFtLX29IPEAoML2cvMXB6czg0MTE1GAA6AwjwDQ%3D%3D&hl=id-ID&gl=id&fo_m=MfohQo559jFvMUOzJVpjPL1YMfZ3bInYwBDuMfaXTPp5KXh-&utm_source=tactile&gei=nCr3aa_bFNjh4-EPu5mTiQg&ei=nCr3aa_bFNjh4-EPu5mTiQg&fo_s=OA&opi=79508299&ebb=1&cs=0&foub=mcpp","Pesan online","","·","Rp 1–25.000","·","","·","Jl. Perumnas Seturan No.214, RT.01/RW.01","padang","asli, harga murah..."""
"https://www.google.com/maps/place/RM.+Andalas+Raya/data=!4m7!3m6!1s0x2e7a582cf3b09bc5:0x4951d593087abc05!8m2!3d-7.7886463!4d110.3772146!16s%2Fg%2F1hm2h_j8r!19sChIJxZuw8yxYei4RBbx6CJPVUUk?authuser=0&hl=id&rclk=1","RM. Andalas Raya","4,6","(172)","Padang","Buka","· Tutup pukul 20.00","https://lh3.googleusercontent.com/gps-cs-s/APNQkAETKTnYaxPikUanT8mSsyUSJ5TiHK1oZzB_tNElO7gbJ2csFp5ZN6jyT15AyAPlec94pxO7FhmJpUXnJ97_sZQkJsdFQBYtNg1zeOHaqADUFMN4xJmb6gv2CmSZaiMM68UNm1So=w122-h92-k-no","https://ssl.gstatic.com/local/servicebusiness/default_user.png","""Menu variasi harga standar""","","","","","","·","","·","Jl. Krasak Timur No.26","",""
"https://www.google.com/maps/place/Warung+padang+upik+jogja/data=!4m7!3m6!1s0x2e7a59c3e5c1f42f:0xfe439ce988be4ae5!8m2!3d-7.7553758!4d110.3621497!16s%2Fg%2F11fnxs1vpp!19sChIJL_TB5cNZei4R5Uq-iOmcQ_4?authuser=0&hl=id&rclk=1","Warung padang upik jogja","4,5","(2.083)","Indonesia","Buka","· Tutup pukul 00.00","https://lh3.googleusercontent.com/gps-cs-s/APNQkAEwjKoGL94LBasdwLpobExYCmI6BXqshd75t6avAsoWc5TF7txcB4GIuLNQSclD2QvTocnqRhbnPbAj6ROenMBdkD_mldJThqFptlw7ys_2PDlQu9M6fMrWQrPoELCQa3M2RkYing=w122-h92-k-no","https://ssl.gstatic.com/local/servicebusiness/default_user.png","""Menu favorit rendangnya mantep dan dagingnya juicy, kalio nya juga enak.""","https://www.google.com/searchviewer/42?cvd=CLw_EicKJeICIjIgEhkiF9LX29IPEQoNL2cvMTFmbnhzMXZwcBgBOgMI8A0%3D&hl=id-ID&gl=id&fo_m=MfohQo559jFvMUOzJVpjPL1YMfZ3bInYwBDuMfaXTPp5KXh-&utm_source=tactile&gei=nCr3aa_bFNjh4-EPu5mTiQg&ei=nCr3aa_bFNjh4-EPu5mTiQg&fo_s=OA&opi=79508299&orderType=1&ebb=1&cs=0&foub=mcpp","Pesan online","","·","Rp 25–50 rb","·","","Jl. Magelang No.Km.5,6","","",""
"https://www.google.com/maps/place/Rumah+Makan+Padang+Rajo+Minang/data=!4m7!3m6!1s0x2e7a59bdf60eaa3b:0x81704ef204783356!8m2!3d-7.7676648!4d110.4023033!16s%2Fg%2F11gfkmc4m0!19sChIJO6oO9r1Zei4RVjN4BPJOcIE?authuser=0&hl=id&rclk=1","Rumah Makan Padang Rajo Minang","4,5","(517)","Padang","Buka","· Tutup pukul 21.30","https://lh3.googleusercontent.com/gps-cs-s/APNQkAHmfY4w3K1cVZdG3lETY0sV-N7Zh3pKbV95s-XMopQ-GkSfv7ZdEvGNB1wGyf4ADrqxQ_643skOhUiHPstslSh1csoRWzcLdTrNsTv2lsfzrpbS-1IOz5JKoLEoGZMq8M6t4hFXftbE4cO7=w80-h106-k-no","https://ssl.gstatic.com/local/servicebusiness/default_user.png","""Salsah satu masakan","https://www.google.com/searchviewer/42?cvd=CLw_EicKJeICIjIgEhkiF9LX29IPEQoNL2cvMTFnZmttYzRtMBgBOgMI8A0%3D&hl=id-ID&gl=id&fo_m=MfohQo559jFvMUOzJVpjPL1YMfZ3bInYwBDuMfaXTPp5KXh-&utm_source=tactile&gei=nCr3aa_bFNjh4-EPu5mTiQg&ei=nCr3aa_bFNjh4-EPu5mTiQg&fo_s=OA&opi=79508299&orderType=1&ebb=1&cs=0&foub=mcpp","Pesan online","","·","Rp 1–25.000","·","","Jl. Wahid Hasyim No.14 A","","padang","yg enakk, harga yg relativ murah

Yuk"""
"https://www.google.com/maps/place/Padang+AR-RAZZAAQ,+Gowok/data=!4m7!3m6!1s0x2e7a59dd0312b771:0xcdbdeca2cc6c147c!8m2!3d-7.786144!4d110.399841!16s%2Fg%2F11b67pcyvs!19sChIJcbcSA91Zei4RfBRszKLsvc0?authuser=0&hl=id&rclk=1","Padang AR-RAZZAAQ, Gowok","4,2","(935)","Padang","Buka","· Tutup pukul 22.00","https://lh3.googleusercontent.com/gps-cs-s/APNQkAHraXeh1v-u6bGuXV5cK_vhEHqxzA-kr2CDPF8LlBYBN56rysqa1Hby5OQHs8ftnFCTEX1g6qC_XjpxKqXURix27rTFIQoAq8WopO_pzPeSfsZlA4PfTF4lFdvAbrFNsqAcX144srgQiu0=w80-h106-k-no","https://ssl.gstatic.com/local/servicebusiness/default_user.png","""Nasi padangnya enak, kalo","https://www.google.com/searchviewer/42?cvd=CLw_EicKJeICIjIgEhkiF9LX29IPEQoNL2cvMTFiNjdwY3l2cxgAOgMI8A0%3D&hl=id-ID&gl=id&fo_m=MfohQo559jFvMUOzJVpjPL1YMfZ3bInYwBDuMfaXTPp5KXh-&utm_source=tactile&gei=nCr3aa_bFNjh4-EPu5mTiQg&ei=nCr3aa_bFNjh4-EPu5mTiQg&fo_s=OA&opi=79508299&ebb=1&cs=0&foub=mcpp","Pesan online","","·","Rp 1–25.000","·","","·","Gowok, Jl. Nogorojo No.7B, RT.06/RW.03","makan","dsni self service."""
"https://www.google.com/maps/place/RM+Padang+Tanjuang/data=!4m7!3m6!1s0x2e7a58481d9ab13b:0x388869488138f7be!8m2!3d-7.7732782!4d110.3682913!16s%2Fg%2F11bbyfx9sp!19sChIJO7GaHUhYei4Rvvc4gUhpiDg?authuser=0&hl=id&rclk=1","RM Padang Tanjuang","4,5","(107)","Padang","Buka","· Tutup pukul 22.00","https://lh3.googleusercontent.com/gps-cs-s/APNQkAFgamR5CwxJCG4AZ8sZt1Zy5eORlOWT6IyHQxXjw8GiI93L7WSlxifoz71vtIvikVAwUgu6jGkHIiLuq-LvPhx48FubXCtuh8S44bdDFZxrPq63IKjeAUzsuaNFGB2M_zcv99g=w80-h106-k-no","https://ssl.gstatic.com/local/servicebusiness/default_user.png","""Masakan Padangnya enak, bumbunya enak, sambal merah dan ijOnya jg enak.""","https://www.google.com/searchviewer/42?cvd=CLw_EicKJeICIjIgEhkiF9LX29IPEQoNL2cvMTFiYnlmeDlzcBgBOgMI8A0%3D&hl=id-ID&gl=id&fo_m=MfohQo559jFvMUOzJVpjPL1YMfZ3bInYwBDuMfaXTPp5KXh-&utm_source=tactile&gei=nCr3aa_bFNjh4-EPu5mTiQg&ei=nCr3aa_bFNjh4-EPu5mTiQg&fo_s=OA&opi=79508299&orderType=1&ebb=1&cs=0&foub=mcpp","Pesan online","","·","Rp 1–25.000","·","","·","Jl. A.M. Sangaji No.72a","",""
"https://www.google.com/maps/place/Warung+Padang+Murah/data=!4m7!3m6!1s0x2e7a59d414f67071:0xa6d1a3b4543b3e6d!8m2!3d-7.7911192!4d110.3834233!16s%2Fg%2F11dxqj_x52!19sChIJcXD2FNRZei4RbT47VLSj0aY?authuser=0&hl=id&rclk=1","Warung Padang Murah","4,5","(129)","Padang","Buka","· Tutup pukul 21.00","https://lh3.googleusercontent.com/gps-cs-s/APNQkAHIUgBprdhUmBaCdY3uwWM3_FV_L4sCQX4UwwSD80Ac0IKQeMNbibroWmtqrUOuOltwtby_6Vy4YT9RhHcyM3g0uib1Zoc1D8CpHcbfxl3kcevCvMK9fSGA5cwOjet942OIHPLS=w204-h92-k-no","https://ssl.gstatic.com/local/servicebusiness/default_user.png","""Masakan","","","","·","Rp 1–25.000","·","","Jl. Argolubang No.10","","Padang","rasa Jawa, 😊 semaunya oke karena ini adalah soal rasa."""
"https://www.google.com/maps/place/RM.+Padang+Payakumbuah+Yogyakarta/data=!4m7!3m6!1s0x2e7a590033d881ab:0x965f116d871231a8!8m2!3d-7.7830157!4d110.3953698!16s%2Fg%2F11y67t4hlh!19sChIJq4HYMwBZei4RqDESh20RX5Y?authuser=0&hl=id&rclk=1","RM. Padang Payakumbuah Yogyakarta","4,2","(1.457)","Padang","Buka","· Tutup pukul 22.00","https://lh3.googleusercontent.com/gps-cs-s/APNQkAHl91LwtVkD-enhpFCQ8dGfECGP6myxsNPkBAv8cDrTWwWShavnaLNSOoDLGwF9Yidf9hlaZYNjKr040-VEkODXT4UiBAahAuBeI2F3JAm3GuDu7LNBMfVYE28f8VLvWMJiqEhS=w122-h92-k-no","https://ssl.gstatic.com/local/servicebusiness/default_user.png","""Apalagi ternyata mereka punya menu rendang dan dendeng vegetarian.""","https://www.google.com/searchviewer/42?cvd=CLw_EicKJeICIjIgEhkiF9LX29IPEQoNL2cvMTF5Njd0NGhsaBgBOgMI8A0%3D&hl=id-ID&gl=id&fo_m=MfohQo559jFvMUOzJVpjPL1YMfZ3bInYwBDuMfaXTPp5KXh-&utm_source=tactile&gei=nCr3aa_bFNjh4-EPu5mTiQg&ei=nCr3aa_bFNjh4-EPu5mTiQg&fo_s=OA&opi=79508299&orderType=1&ebb=1&cs=0&foub=mcpp","Pesan online","","","","·","","Gedung Ex Gelael, Jl. Laksda Adisucipto No.178 Kav. 7-8","","",""
"https://www.google.com/maps/place/Joglo+Minang/data=!4m7!3m6!1s0x2e7a58567992906d:0xf856de097aff92f7!8m2!3d-7.756622!4d110.3722563!16s%2Fg%2F11b74tvj_0!19sChIJbZCSeVZYei4R95L_egneVvg?authuser=0&hl=id&rclk=1","Joglo Minang","4,3","(257)","Padang","Buka","· Tutup pukul 21.00","https://lh3.googleusercontent.com/gps-cs-s/APNQkAG7aiPNNI9o5YKMZN5mqi1Irmw2WLgbTojDqEu8S89exRTUZ6Mht2TZFgLPUg2bDkcGzHT8XmI99bxPv4wkJLklOu_J32mEI0N53hQ5rldLJZOOe5z6hzH0eMojAkqROE2mXxE9=w80-h106-k-no","https://ssl.gstatic.com/local/servicebusiness/default_user.png","""Nasi ayam 10k, nasi rendang 13k, lauk-laukan telor, perkedel cuma 3k.""","","","","·","Rp 1–25.000","·","","·","69VC+9W2, Jalan Pandega Marta, Sinduadi, Mlati","",""
"https://www.google.com/maps/place/Rumah+Makan+Batu+Sangkar/data=!4m7!3m6!1s0x2e7a59bc3c680cad:0x243cf98148aea500!8m2!3d-7.7681498!4d110.3960919!16s%2Fg%2F11b630bp8h!19sChIJrQxoPLxZei4RAKWuSIH5PCQ?authuser=0&hl=id&rclk=1","Rumah Makan Batu Sangkar","4,8","(51)","Padang","Buka","· Tutup pukul 20.00","https://lh3.googleusercontent.com/gps-cs-s/APNQkAFIPf2grjAQ_aQPOOlFh6xG8WFvN8PokbtsWcSq-NPQnjyGpyKt0EMd-8bWBHRwxg55j3w2dDKJFMcfkC_k9KXUTIlR4ELeiBYcLZU6IBy_GV1E4pAzyHA-qowla-KCi21gxlo4=w80-h113-k-no","https://ssl.gstatic.com/local/servicebusiness/default_user.png","""nikmat, asli","","","","·","Rp 1–25.000","·","","·","Jl. Selokan Mataram No.106, RW.2","padang",", dan terjangkau pastinya"""
"https://www.google.com/maps/place/Rumah+Makan+Padang+Sabana+Murah+3+UGM/data=!4m7!3m6!1s0x2e7a59b27c697f51:0xd7a55772a2bf67f1!8m2!3d-7.7648278!4d110.38174!16s%2Fg%2F11gfb4xd6v!19sChIJUX9pfLJZei4R8We_onJXpdc?authuser=0&hl=id&rclk=1","Rumah Makan Padang Sabana Murah 3 UGM","4,5","(1.606)","Padang","Buka","· Tutup pukul 22.00","https://lh3.googleusercontent.com/gps-cs-s/APNQkAEAWk7zZZdY2Lfcbl4OXn-f-MQ3vgYGn1KeizhBtH1S-ODkvqhNTa65w1Kbv3qIW5gK8DWScuOrXKe-t6MqSXM3bQ72MletGxJuHayoq3geRDuOJEw8UuAjBkY8XKmJ8RHkphgDmQ=w163-h92-k-no","https://ssl.gstatic.com/local/servicebusiness/default_user.png","""Rmh","https://www.google.com/searchviewer/42?cvd=CLw_EicKJeICIjIgEhkiF9LX29IPEQoNL2cvMTFnZmI0eGQ2dhgBOgMI8A0%3D&hl=id-ID&gl=id&fo_m=MfohQo559jFvMUOzJVpjPL1YMfZ3bInYwBDuMfaXTPp5KXh-&utm_source=tactile&gei=nCr3aa_bFNjh4-EPu5mTiQg&ei=nCr3aa_bFNjh4-EPu5mTiQg&fo_s=OA&opi=79508299&orderType=1&ebb=1&cs=0&foub=mcpp","Pesan online","","·","Rp 1–25.000","·","","·","Gg. Swakarya","makan padang","andalan zaman kuliah ini,, Enak, Banyak, Murah.."""
"https://www.google.com/maps/place/DUTA+MINANG+family+AFFANDI/data=!4m7!3m6!1s0x2e7a595af8e908a9:0x605f9075f450d610!8m2!3d-7.7801569!4d110.3880678!16s%2Fg%2F11gh6b8bpm!19sChIJqQjp-FpZei4RENZQ9HWQX2A?authuser=0&hl=id&rclk=1","DUTA MINANG family AFFANDI","4,4","(709)","Padang","Buka","· Tutup pukul 01.00","https://lh3.googleusercontent.com/gps-cs-s/APNQkAHw-rUTvjTvCvWvEsCNqYiW4sdEby19oXXLEfyHKKFWAJWfvJoKmGEe0aj3C5IAERY2g8pVjkVbNEFaXYAdOYTgvZ8ZOvs9yX7Xjx1DkI8r2af9T9YHB2sBoCTB0mft2_TnsIc=w122-h92-k-no","https://ssl.gstatic.com/local/servicebusiness/default_user.png","""Kemarin coba","https://www.google.com/searchviewer/42?cvd=CLw_EicKJeICIjIgEhkiF9LX29IPEQoNL2cvMTFnaDZiOGJwbRgBOgMI8A0%3D&hl=id-ID&gl=id&fo_m=MfohQo559jFvMUOzJVpjPL1YMfZ3bInYwBDuMfaXTPp5KXh-&utm_source=tactile&gei=nCr3aa_bFNjh4-EPu5mTiQg&ei=nCr3aa_bFNjh4-EPu5mTiQg&fo_s=OA&opi=79508299&orderType=1&ebb=1&cs=0&foub=mcpp","Pesan online","","·","Rp 25–50 rb","·","","·","Jl. Affandi No.17C","makan","nasi rendang harganya 23.000, dan nasi tunjang 24.000."""
"https://www.google.com/maps/place/Warung+Makan+Padang+Amak/data=!4m7!3m6!1s0x2e7a591cf4d10a9d:0x1acddf6cba8a5892!8m2!3d-7.7625625!4d110.4017274!16s%2Fg%2F11xl86l4pd!19sChIJnQrR9BxZei4RkliKumzfzRo?authuser=0&hl=id&rclk=1","Warung Makan Padang Amak","4,8","(32)","Padang","Buka","· Tutup pukul 22.00","https://lh3.googleusercontent.com/gps-cs-s/APNQkAFF0WOSOHBcpLsMv2IF7Q2lu52c5WAluJJ25Tvbl1rhwJzFgO1K9t6uKD7pCeMG9ygboZ35oQO0vhdZJ98xiQWrsm9mcWhioBchWv0thbnIo1wKPdkIYN2F9-PDHiZJa_YxEeULWBq9BF86=w80-h106-k-no","https://ssl.gstatic.com/local/servicebusiness/default_user.png","""Wajib coba rendang sm ayam bumbunya.""","","","","·","Rp 1–25.000","·","","Gg. Menur No.81D","","",""
"https://www.google.com/maps/place/Rumah+Makan+Padang+Murah/data=!4m7!3m6!1s0x2e7a582a32a7ebf1:0x51e361cf92105cde!8m2!3d-7.7931483!4d110.3733351!16s%2Fg%2F11bbyn4tty!19sChIJ8eunMipYei4R3lwQks9h41E?authuser=0&hl=id&rclk=1","Rumah Makan Padang Murah","4,4","(1.327)","Padang","Buka","· Tutup pukul 20.00","https://lh3.googleusercontent.com/gps-cs-s/APNQkAEIi075kEbf4acS-bJG11PUU1vtivkxXvZ3IAP-IAq-oPszGjR5zy-jBl2VpHc0oXsQu_8jhBgw-16Mh3J1qtNvSkIgGzIInOCHNhUeB2sl8AuEjbV-HBGMGPakOImQqHN0w8hf=w122-h92-k-no","https://ssl.gstatic.com/local/servicebusiness/default_user.png","""...","","","","·","Rp 1–25.000","·","","694F+P8W, Jl. Hayam Wuruk","","padang","murah meriah, rasanya enak, lumayan lah buat"
"https://www.google.com/maps/place/Munggur+Minang/data=!4m7!3m6!1s0x2e7a59d0e0ff42cf:0x96ba60736aaddbc1!8m2!3d-7.7883255!4d110.3876116!16s%2Fg%2F1hm5g398g!19sChIJz0L_4NBZei4RwdutanNgupY?authuser=0&hl=id&rclk=1","Munggur Minang","4,5","(1.306)","Padang","Segera buka","· 18.00","https://lh3.googleusercontent.com/gps-cs-s/APNQkAHRxVcyGWOxJrSZHg11SFQciGSdDQ06EOfqQURPLEOEbjARQMZwKVt_QsadWVXEuYdRx6MWzwlaBIU1T7GMatDhCphYiT8v9GhOfFoenBnKGF3bMaUCz138FhH0SEZr9bCiyC-V=w80-h106-k-no","https://ssl.gstatic.com/local/servicebusiness/default_user.png","""Makanannya dimasak dengan bumbu","","","","·","Rp 1–25.000","·","","·","Jl. Munggur No.26","padang",", enak dan ekonomis."""
"https://www.google.com/maps/place/Padang+Murah/data=!4m7!3m6!1s0x2e7a59916ea1ba55:0xa81781e14344fadc!8m2!3d-7.7671707!4d110.4102873!16s%2Fg%2F11c60781qn!19sChIJVbqhbpFZei4R3PpEQ-GBF6g?authuser=0&hl=id&rclk=1","Padang Murah","4,2","(458)","Padang","Buka 24 jam","","https://lh3.googleusercontent.com/gps-cs-s/APNQkAHTwWG9vSY3CDJWcnOQxN0hAHtBA-fUq6vkEK-KuYNYNei98GnR_fpVo-ydvIoS3zlHPWBdhKKxvKJI9PVkTBM_BI9aqeIRpGiiaRvPUSTDJv7hbxY-MZiPr4f5hPcEQALaPI9xRA=w122-h92-k-no","https://ssl.gstatic.com/local/servicebusiness/default_user.png","""Masakan padangnya enak.""","","","","·","Rp 1–25.000","·","","·","Jl. Seturan Raya No.15","",""
"https://www.google.com/maps/place/Rumah+Makan+Padang+Asli/data=!4m7!3m6!1s0x2e7a5830acd36425:0x154ed1d94a858d7b!8m2!3d-7.7806081!4d110.3672495!16s%2Fg%2F1hm5vmpvm!19sChIJJWTTrDBYei4Re42FStnRThU?authuser=0&hl=id&rclk=1","Rumah Makan Padang Asli","4,4","(429)","Padang","Buka","· Tutup pukul 21.00","https://lh3.googleusercontent.com/gps-cs-s/APNQkAEx47kdvIbdd99HCu4VoVkTbRrNF3NpnUeE3L66B_pMTVx0RBfgKzaB1LWL713EYCzfp0h9C3vlPkF9EsTRjwNJwEv8mo3nNa38eU2C1wBevRoedot1fCWbDBSoeucivj9oiaE=w80-h106-k-no","https://ssl.gstatic.com/local/servicebusiness/default_user.png","""","https://www.google.com/searchviewer/42?cvd=CLw_EiYKJOICITIfEhgiFtLX29IPEAoML2cvMWhtNXZtcHZtGAE6AwjwDQ%3D%3D&hl=id-ID&gl=id&fo_m=MfohQo559jFvMUOzJVpjPL1YMfZ3bInYwBDuMfaXTPp5KXh-&utm_source=tactile&gei=nCr3aa_bFNjh4-EPu5mTiQg&ei=nCr3aa_bFNjh4-EPu5mTiQg&fo_s=OA&opi=79508299&orderType=1&ebb=1&cs=0&foub=mcpp","Pesan online","","·","Rp 1–25.000","·","","·","6998+QV5, Jl. A.M. Sangaji","Rumah Makan Padang","dengan lokasi mudah untuk ditemukan dan rasa enak."""
"https://www.google.com/maps/place/Rumah+Makan+Padang+Ar+-Razzaq/data=!4m7!3m6!1s0x2e7a59d119131325:0xcf7bebbd95c0c34b!8m2!3d-7.7883287!4d110.3872552!16s%2Fg%2F1hm2935ly!19sChIJJRMTGdFZei4RS8PAlb3re88?authuser=0&hl=id&rclk=1","Rumah Makan Padang Ar -Razzaq","4,4","(296)","Padang","Buka","· Tutup pukul 21.00","https://lh3.googleusercontent.com/gps-cs-s/APNQkAF2i2fHRwJBZlNli3UKFUc1HcazUfBlWrQ_5FFZWoGeEgW4wVviHfNbILYvZ0n6kpQg4pURih4n_Fdf9RC2qubGFhgGWTRF9CkQzJBlTEcrX2xInmmqS0YnNKE149Bq2PkT4ehiXA=w163-h92-k-no","https://ssl.gstatic.com/local/servicebusiness/default_user.png","""Makanan padangnya enak, kuahnya itu lho wiih, pokoknya enak disini.""","https://www.google.com/searchviewer/42?cvd=CLw_EiYKJOICITIfEhgiFtLX29IPEAoML2cvMWhtMjkzNWx5GAE6AwjwDQ%3D%3D&hl=id-ID&gl=id&fo_m=MfohQo559jFvMUOzJVpjPL1YMfZ3bInYwBDuMfaXTPp5KXh-&utm_source=tactile&gei=nCr3aa_bFNjh4-EPu5mTiQg&ei=nCr3aa_bFNjh4-EPu5mTiQg&fo_s=OA&opi=79508299&orderType=1&ebb=1&cs=0&foub=mcpp","Pesan online","","·","Rp 1–25.000","·","","·","Jl. Munggur No.15","",""
"https://www.google.com/maps/place/Rumah+Makan+Padang+Takanajuo/data=!4m7!3m6!1s0x2e7a58515da10e69:0x56ec690fe67218dc!8m2!3d-7.7609362!4d110.3720514!16s%2Fg%2F11b6f199t5!19sChIJaQ6hXVFYei4R3Bhy5g9p7FY?authuser=0&hl=id&rclk=1","Rumah Makan Padang Takanajuo","4,6","(23)","Padang","Buka","· Tutup pukul 21.00","https://lh3.googleusercontent.com/gps-cs-s/APNQkAHTeeLkJ6TjNMj0ho3onUO593EM0ZyGMgZwgdHaSoSBbvj0GoocRkRxYsxXLPmgHQRuaTSrNThIm9JHIe68EI5t-WW-yD8HyDVpUbMNmulEum1IW1t4vVwS8KWpkSLomToVifs=w122-h92-k-no","https://ssl.gstatic.com/local/servicebusiness/default_user.png","""makanannya enak.""","","","","·","$","·","","69QC+JRF, Jl. Pogung Raya","","",""
"https://www.google.com/maps/place/Rumah+Makan+Padang+Murah/data=!4m7!3m6!1s0x2e7a59a0d20f515b:0xde34d02a0c586e66!8m2!3d-7.7553459!4d110.3968189!16s%2Fg%2F11b69d_j8c!19sChIJW1EP0qBZei4RZm5YDCrQNN4?authuser=0&hl=id&rclk=1","Rumah Makan Padang Murah","4,1","(403)","Padang","Buka","· Tutup pukul 23.00","https://lh3.googleusercontent.com/gps-cs-s/APNQkAEPSLJc-1EP0YaeROpu87jppbc-c7R28ZmW3wl8979CsU4YinRnFd2s9G6R7bxixlmJPbP3qyVx4uiB50bY4iDO6ie2tBF7meVp81nbKhZ0xjQOWL3uaqvk2nr54RgO9u758iBN=w122-h92-k-no","https://ssl.gstatic.com/local/servicebusiness/default_user.png","""Rasa cukup enak,khas","","","","·","Rp 1–25.000","·","","Jl. Anggajaya 1 No.268a","","padang",",dan yg pasti harga sangat terjangkau"""
"https://www.google.com/maps/place/Rumah+Makan+Chaniago/data=!4m7!3m6!1s0x2e7a59975c6d759b:0xb83919353f486324!8m2!3d-7.7637361!4d110.4070424!16s%2Fg%2F11b638hdfs!19sChIJm3VtXJdZei4RJGNIPzUZObg?authuser=0&hl=id&rclk=1","Rumah Makan Chaniago","4,2","(397)","Padang","Buka","· Tutup pukul 21.30","https://lh3.googleusercontent.com/gps-cs-s/APNQkAGw0JTbI80YSOhQkpPgqbyHymAWyaZ_I39aUIjsjIKZSxATRKuRXLIn5BzkJ1OVOfIlC2vdrVen7MrkQ4w7EMBDRWjAwIKZ9T6hqgmDzLbEv82yeXg3EhS6B12kIays2r5id1_jUy0UZZI=w80-h106-k-no","https://ssl.gstatic.com/local/servicebusiness/default_user.png","""... Rendang empuk
Bumbu enak
Menu lengkap
Bayar sebelum","https://www.google.com/searchviewer/42?cvd=CLw_EicKJeICIjIgEhkiF9LX29IPEQoNL2cvMTFiNjM4aGRmcxgBOgMI8A0%3D&hl=id-ID&gl=id&fo_m=MfohQo559jFvMUOzJVpjPL1YMfZ3bInYwBDuMfaXTPp5KXh-&utm_source=tactile&gei=nir3adSVGMSU4-EP7uPj2A4&ei=nir3adSVGMSU4-EP7uPj2A4&fo_s=OA&opi=79508299&orderType=1&ebb=1&cs=0&foub=mcpp","Pesan online","","·","Rp 1–25.000","·","","·","Jl. Pintu Selatan UPN No.3D","makan",""""
"https://www.google.com/maps/place/RM+Padang+Karya+Sinar+Bundo/data=!4m7!3m6!1s0x2e7a59d0d840da69:0x4003b7d2962f5463!8m2!3d-7.7564359!4d110.3739574!16s%2Fg%2F11k4540wqb!19sChIJadpA2NBZei4RY1QvltK3A0A?authuser=0&hl=id&rclk=1","RM Padang Karya Sinar Bundo","3,6","(71)","Padang","Buka","· Tutup pukul 00.00","https://lh3.googleusercontent.com/gps-cs-s/APNQkAEPMnzP_76ONR-1k6FM-kGhPRYMCPtxDuGextnASHJEDMU4yFliaX137kMKVAvm57qO3SxoEMmke4uI5r3VRRYhwAx7_ZzT1VPBWD2zhF89FbRydAkFF_X3L7M3mbyhhGaMqD24KA=w163-h92-k-no","https://ssl.gstatic.com/local/servicebusiness/default_user.png","""","","","","·","Rp 1–25.000","·","","69VF+CH9, Jl. Pandega Marta","","Rumah makan padang","yg paling enak di daerah pogung menurut saya."""
"https://www.google.com/maps/place/RM.+PADANG+ASLI/data=!4m7!3m6!1s0x2e7a5975ac9d9d03:0x53796ff4f9833bb5!8m2!3d-7.7503418!4d110.4053131!16s%2Fg%2F11dxs0r5s2!19sChIJA52drHVZei4RtTuD-fRveVM?authuser=0&hl=id&rclk=1","RM. PADANG ASLI","4,4","(133)","Padang","Buka","· Tutup pukul 21.30","https://lh3.googleusercontent.com/gps-cs-s/APNQkAG3qCTv2RQznmEuRgL06HmO_F2xfYljpClsM5VPuO_K5gXjFq0IoQoL3rjmQriKcR67aSZ_FFFf8Jy0E22l8Kh4YFcwyANDTWQat43cJKUWIexg3TigdPhRdD1KX5Sys_-Zl81L=w122-h92-k-no","https://ssl.gstatic.com/local/servicebusiness/default_user.png","""Favoritku ayam rendang, ayam goreng, lele goreng, dan terong sambel.""","https://www.google.com/searchviewer/42?cvd=CLw_EicKJeICIjIgEhkiF9LX29IPEQoNL2cvMTFkeHMwcjVzMhgBOgMI8A0%3D&hl=id-ID&gl=id&fo_m=MfohQo559jFvMUOzJVpjPL1YMfZ3bInYwBDuMfaXTPp5KXh-&utm_source=tactile&gei=nir3adSVGMSU4-EP7uPj2A4&ei=nir3adSVGMSU4-EP7uPj2A4&fo_s=OA&opi=79508299&orderType=1&ebb=1&cs=0&foub=mcpp","Pesan online","","·","Rp 1–25.000","·","","Jl. Asem Gede No.29A","","",""
"https://www.google.com/maps/place/Warung+UNI+Masakan+Padang/data=!4m7!3m6!1s0x2e7a59aa8b28b5db:0x9486cc9d54be699e!8m2!3d-7.786042!4d110.4088784!16s%2Fg%2F11gyc48fzm!19sChIJ27Uoi6pZei4Rnmm-VJ3MhpQ?authuser=0&hl=id&rclk=1","Warung UNI Masakan Padang","4,9","(12)","Padang","Buka","· Tutup pukul 23.30","https://lh3.googleusercontent.com/gps-cs-s/APNQkAG2cyfu5TwlSPn2kCTawD4zL4-3OjBbtlZI9e3crCLi8iQ_NyKhAtvzzKFKLO16WD5KN7A0CJ1_iG2OGS94FMXmRmmoxhcPr42F6VIkC04Bwi-PkAy2156IuMl3m8_68_ejkyml=w122-h92-k-no","https://ssl.gstatic.com/local/servicebusiness/default_user.png","""Harga nya bukan yang","","","","·","Rp 1–25.000","·","","6C75+HHJ, Gg. Sengon","","padang","10k an tapi masih affordable."""
"https://www.google.com/maps/place/PADANG+MURAH/data=!4m7!3m6!1s0x2e7a5940064cc2e5:0x8812c1fa119333dd!8m2!3d-7.7747508!4d110.4086602!16s%2Fg%2F11l72p4238!19sChIJ5cJMBkBZei4R3TOTEfrBEog?authuser=0&hl=id&rclk=1","PADANG MURAH","3,3","(164)","Restoran","","","https://lh3.googleusercontent.com/gps-cs-s/APNQkAGaDxmH8aNPLRVrh1FK-vjewb2UgWsviAQgO0KtQOhphcu8KWStpUyibIbXQlhHiayBUrDBhiKAfRhMd5mezzjJy0wqHoKk0xLsY8z1VUhggJvE-7-bAUvyLfdAkEPJpMp-cSSXkg=w80-h106-k-no","https://ssl.gstatic.com/local/servicebusiness/default_user.png","""tapi tetap bakal","https://www.google.com/searchviewer/42?cvd=CLw_EicKJeICIjIgEhkiF9LX29IPEQoNL2cvMTFsNzJwNDIzOBgBOgMI8A0%3D&hl=id-ID&gl=id&fo_m=MfohQo559jFvMUOzJVpjPL1YMfZ3bInYwBDuMfaXTPp5KXh-&utm_source=tactile&gei=nir3adSVGMSU4-EP7uPj2A4&ei=nir3adSVGMSU4-EP7uPj2A4&fo_s=OA&opi=79508299&orderType=1&ebb=1&cs=0&foub=mcpp","Pesan online","","·","Rp 1–25.000","·","","Jl. Raya Kledokan No.23","","makan","di sini untuk"
"https://www.google.com/maps/place/Sederhana+Murah/data=!4m7!3m6!1s0x2e7a5923e5ea86e1:0xd2a1c06df13cff8e!8m2!3d-7.7595344!4d110.3696169!16s%2Fg%2F11gy1yr_q1!19sChIJ4Ybq5SNZei4Rjv888W3AodI?authuser=0&hl=id&rclk=1","Sederhana Murah","4,7","(61)","Padang","Buka","· Tutup pukul 22.00","https://lh3.googleusercontent.com/gps-cs-s/APNQkAEw4utyUWLkJdOD7kb8TMjuSA6Uqgt1c0oT2Tq_3ceMNwpXWHY1k-3IxpzgLANs7JVWekjIPNE27DJmXpyHXC2ObPZQmEqiFgwvd3KbcZFts8VfqoEcykaVOxRTejuLlDLm92WKKwiAG_aO=w80-h106-k-no","https://ssl.gstatic.com/local/servicebusiness/default_user.png","""Murah dan cukup enak""","","","","·","Rp 1–25.000","·","","Jl. Monjali No.99 49","","",""
"https://www.google.com/maps/place/Sabana+Murah/data=!4m7!3m6!1s0x2e7a59682d60508d:0x8db5fa7f27818a4e!8m2!3d-7.7605803!4d110.382969!16s%2Fg%2F11qyjjfd7y!19sChIJjVBgLWhZei4RToqBJ3_6tY0?authuser=0&hl=id&rclk=1","Sabana Murah","4,5","(95)","Padang","Buka","· Tutup pukul 21.00","https://lh3.googleusercontent.com/gps-cs-s/APNQkAHwmB_ZQcCnocUVOYFnMzcF2lYvg0ohEy8AlV5Vp2LrBAg5KSLDPeAtV7FaUosQ-0llbYOoye9cN-OTwuj7-u3O2BLU8_FsrqZ1DTjvQQF8xrSByFL-KeOpboTYAcv12D9Z-Zqtbw=w199-h92-k-no","https://ssl.gstatic.com/local/servicebusiness/default_user.png","""Rekomen lah Sabana Murah, ayam serundeng + rendang mantap""","","","","·","Rp 1–25.000","·","","Jl. Kaliurang Gg. Kweni Karangwuni No.KM 5 2","","",""
"https://www.google.com/maps/place/Rumah+Makan+NASI+PADANG/data=!4m7!3m6!1s0x2e7a59d4130acae9:0x2c5d489cfeb9173!8m2!3d-7.7909781!4d110.3830628!16s%2Fg%2F11c2xgq8md!19sChIJ6coKE9RZei4Rc5Hrz4nUxQI?authuser=0&hl=id&rclk=1","Rumah Makan NASI PADANG","4,4","(164)","Padang","Buka","· Tutup pukul 22.00","https://lh3.googleusercontent.com/gps-cs-s/APNQkAE5SrY5_XMiYpt8OnF_GDSIUBftHSjfIVlg_fVX9RW4XET6wk4iQdr07rzGm6ymqscYNtuEck3lycvw-FboErx5rN2u7JrMcO7VQD6DftzfA6YVGWumX-u3ARCzDd1jQCDTS2sFrA=w80-h106-k-no","https://ssl.gstatic.com/local/servicebusiness/default_user.png","""Warung","https://www.google.com/searchviewer/42?cvd=CLw_EicKJeICIjIgEhkiF9LX29IPEQoNL2cvMTFjMnhncThtZBgBOgMI8A0%3D&hl=id-ID&gl=id&fo_m=MfohQo559jFvMUOzJVpjPL1YMfZ3bInYwBDuMfaXTPp5KXh-&utm_source=tactile&gei=nir3adSVGMSU4-EP7uPj2A4&ei=nir3adSVGMSU4-EP7uPj2A4&fo_s=OA&opi=79508299&orderType=1&ebb=1&cs=0&foub=mcpp","Pesan online","","·","Rp 1–25.000","·","","Jl. Kompol Bambang Suprapto No.6","","padang","paling dekat dengan pusdiklat."""
"https://www.google.com/maps/place/Rumah+Makan+Buyung+Upik/data=!4m7!3m6!1s0x2e7a59a45d157f45:0x1f5d29950988e650!8m2!3d-7.7605241!4d110.3949196!16s%2Fg%2F11bbylm710!19sChIJRX8VXaRZei4RUOaICZUpXR8?authuser=0&hl=id&rclk=1","Rumah Makan Buyung Upik","4,1","(360)","Padang","Buka","· Tutup pukul 23.00","https://lh3.googleusercontent.com/gps-cs-s/APNQkAFt0XwrBs5q9goyIHc4hvYPxiGwwRVohaYWzFzXjlk09mryCnU7j8lvN2PpRv9zR4k31y-cE_nIDnJWud0q5lCyiYQiuHzCngc8C7n1VjtZRVgIpzIh43viUr4EP0HeyqgUaCoOZg=w122-h92-k-no","https://ssl.gstatic.com/local/servicebusiness/default_user.png","""Rasanya enak, beda sama","https://www.google.com/searchviewer/42?cvd=CLw_EicKJeICIjIgEhkiF9LX29IPEQoNL2cvMTFiYnlsbTcxMBgBOgMI8A0%3D&hl=id-ID&gl=id&fo_m=MfohQo559jFvMUOzJVpjPL1YMfZ3bInYwBDuMfaXTPp5KXh-&utm_source=tactile&gei=nir3adSVGMSU4-EP7uPj2A4&ei=nir3adSVGMSU4-EP7uPj2A4&fo_s=OA&opi=79508299&orderType=1&ebb=1&cs=0&foub=mcpp","Pesan online","","·","$$","·","","Jl. Affandi Blok CC XII No.29","","rumah makan padang","yang lain."""
"https://www.google.com/maps/place/Rumah+Makan+Lapau+Minang+Masakan+Padang/data=!4m7!3m6!1s0x2e7a590a45b43291:0xfe378d3ad0192ff1!8m2!3d-7.7515192!4d110.3984876!16s%2Fg%2F11b6gnwqyt!19sChIJkTK0RQpZei4R8S8Z0DqNN_4?authuser=0&hl=id&rclk=1","Rumah Makan Lapau Minang Masakan Padang","4,3","(175)","Padang","Buka","· Tutup pukul 21.00","https://lh3.googleusercontent.com/gps-cs-s/APNQkAE8ESuGef56L6A5a7C9wCvIxhyKe5MqyQSFmIerr5px8v1SKjIz8ncRF5UoyHtuS3MuPY_OklvvHZYJGz82EHP2PMEwfE51EmW6jnc2MzLicJNUBvsQUCs8oSNtx7CYWhwhURrvYw=w96-h92-k-no","https://ssl.gstatic.com/local/servicebusiness/default_user.png","""Kuahnya kental, bumbu rendangnya legit, nasinya pulen.""","","","","·","Rp 1–25.000","·","","Jl. Sukoharjo No.10","","",""
"https://www.google.com/maps/place/Rumah+Makan+Padang+Murah+Harga+Pelajar/data=!4m7!3m6!1s0x2e7a599f0386fd53:0xdfcbd9303ffa12de!8m2!3d-7.7606094!4d110.4123251!16s%2Fg%2F11fct81_fw!19sChIJU_2GA59Zei4R3hL6PzDZy98?authuser=0&hl=id&rclk=1","Rumah Makan Padang Murah Harga Pelajar","4,4","(133)","Padang","Buka","· Tutup pukul 21.00","https://lh3.googleusercontent.com/gps-cs-s/APNQkAG6sFsKDsMGmMUCy5L1ZkRXB-7WX8jnlyKjE79uHWBMM9yqdg1Ehc6KXT5BTsGkBKqiUSYDOxdj47-DE_ty-960kTNZztLl2IV0NcjVkJ5VH9jeI_iVyq0aatMtQqYQrrLmMnX5=w184-h92-k-no","https://ssl.gstatic.com/local/servicebusiness/default_user.png","""Rasanya lumayan enak untuk","","","","·","Rp 1–25.000","·","","·","Jl. Prawiro Kuat","Padang","murah, bumbunya terasa."""
"https://www.google.com/maps/place/Resto+Abdi+Minang/data=!4m7!3m6!1s0x2e7a59b10cbe3479:0xe0ff00bdb073ea8f!8m2!3d-7.766679!4d110.3860906!16s%2Fg%2F11b6dp5g6r!19sChIJeTS-DLFZei4Rj-pzsL0A_-A?authuser=0&hl=id&rclk=1","Resto Abdi Minang","3,9","(77)","Padang","Buka","· Tutup pukul 00.00","https://lh3.googleusercontent.com/gps-cs-s/APNQkAEVnz4OkU_5zv15-9RhnZ5viM9KN3UaV2SaDmbSsj6WsfaGoxJomBEAqcrZwsN5xaXHNFsSi-VTL4FcX7YooEFE_0-utIkG1dDrynYSdSwlMjGDS7ePRNjzdUOe8DmFQRgCX23U=w80-h142-k-no","https://ssl.gstatic.com/local/servicebusiness/default_user.png","""Harga juga oke, layaknya rata-rata warung nasi","","","","·","Rp 1–25.000","·","","·","Jalan Alpokat Ct. VIII Jl. Naga No.18","padang","di area Jogja."""
"https://www.google.com/maps/place/Rumah+Makan+Restu+Alam+Masakan+Padang/data=!4m7!3m6!1s0x2e7a584c355f507b:0x7c17d2b237bcd9cc!8m2!3d-7.7673975!4d110.3740776!16s%2Fg%2F11cs6khbnj!19sChIJe1BfNUxYei4RzNm8N7LSF3w?authuser=0&hl=id&rclk=1","Rumah Makan Restu Alam Masakan Padang","4,6","(5)","Padang","Buka","· Tutup pukul 21.00","https://streetviewpixels-pa.googleapis.com/v1/thumbnail?panoid=63mf0qcGoBrqkz8NX6dvGA&cb_client=search.gws-prod.gps&w=80&h=92&yaw=38.437737&pitch=0&thumbfov=100","","Makan di tempat","","","","","","·","","69MF+2JW Area Kuliner Sardjito, Jl. Kesehatan","","Bawa pulang",""
"https://www.google.com/maps/place/Rumah+Makan+Floba+Mora/data=!4m7!3m6!1s0x2e7a59eb8847e909:0xd77ddaf3eb9144fb!8m2!3d-7.7770958!4d110.4082691!16s%2Fg%2F11cs5vqxsx!19sChIJCelHiOtZei4R-0SR6_Pafdc?authuser=0&hl=id&rclk=1","Rumah Makan Floba Mora","4,8","(13)","Padang","Buka","· Tutup pukul 01.00","https://lh3.googleusercontent.com/gps-cs-s/APNQkAGEuf8lC5X4-xq2sIkiGCGhj88n5tEsl13tJvpyyIi5uiU_4b8fHcqamcBuNKwj0bCQ7ESdiV11ZOwYpkVgCPZvCNIp6GDDYR9WaTLXT6ssRP1rHdiWmzVs5BuynVhQRACdBvtLkg=w80-h106-k-no","https://ssl.gstatic.com/local/servicebusiness/default_user.png","""Harga terjangkau, tempatnya lumayan nyaman kalau mau","","","","","","·","","6CF5+586, Jl. Raya Kledokan","","makan","ditempat."""
"https://www.google.com/maps/place/RM+Sabana+Murah+-+Nologaten/data=!4m7!3m6!1s0x2e7a59c2447cb397:0xe0ca06ab2dfd9316!8m2!3d-7.7802319!4d110.3999763!16s%2Fg%2F1pzsg9s6_!19sChIJl7N8RMJZei4RFpP9LasGyuA?authuser=0&hl=id&rclk=1","RM Sabana Murah - Nologaten","4,3","(949)","Padang","Buka","· Tutup pukul 23.00","https://lh3.googleusercontent.com/gps-cs-s/APNQkAF81CHzg7239vWvIJb0bblRF0IuJvaGEJEucY1NzaBJa0cIXCoWYRE3aN4Tbw_b6OqDT1nuD2iKCfHLnmiM5yHWzsq4ogHh0NmmejPZpHypnmgIEtNdoZxcHcGOypBD14z4WdFK=w163-h92-k-no","https://ssl.gstatic.com/local/servicebusiness/default_user.png","""Sayurnya komplit&murah
Untuk harga nasi rendang 15rb, dagingnya gede.""","https://www.google.com/searchviewer/42?cvd=CLw_EiYKJOICITIfEhgiFtLX29IPEAoML2cvMXB6c2c5czZfGAE6AwjwDQ%3D%3D&hl=id-ID&gl=id&fo_m=MfohQo559jFvMUOzJVpjPL1YMfZ3bInYwBDuMfaXTPp5KXh-&utm_source=tactile&gei=nir3adSVGMSU4-EP7uPj2A4&ei=nir3adSVGMSU4-EP7uPj2A4&fo_s=OA&opi=79508299&orderType=1&ebb=1&cs=0&foub=mcpp","Pesan online","","·","Rp 1–25.000","·","","·","Jl. Nologaten No.247","",""
"https://www.google.com/maps/place/Warung+Makan+Padang+Jawa+Pak+Narto/data=!4m7!3m6!1s0x2e7a584869bc2b53:0x451e15669cae9c65!8m2!3d-7.7736659!4d110.3679998!16s%2Fg%2F11b61rykcg!19sChIJUyu8aUhYei4RZZyunGYVHkU?authuser=0&hl=id&rclk=1","Warung Makan Padang Jawa Pak Narto","4,7","(17)","Padang","Buka","· Tutup pukul 19.00","https://lh3.googleusercontent.com/gps-proxy/ALd4DhF-zcTKWaO0E56axJRcXQtePMuNgPE6kUQgY7adtNHFqXGPA6HxIX0yyeMY7xQeons-AlB3Kzd9qsNCI9FgMvjN1o5W7SEaJdf7_zWyhFYP1kIETON-JBN0HlbVDIEqleGtJn2eg7bK3Uf8Tgq5iJ11G76AreTStULylGnPtuvHfVSJpMLbxiIoksIA2WCwEhOGGA=w122-h92-k-no","https://ssl.gstatic.com/local/servicebusiness/default_user.png","""Nasi","","","","","","·","","69G9+G5Q, Jl. A.M. Sangaji","","padang","nya enak, harga nya murah penjualnya ramah."""
"https://www.google.com/maps/place/Sate+Padang+Asli/data=!4m7!3m6!1s0x2e7a59ab7eb53b51:0x9574117e8bddaecd!8m2!3d-7.7574736!4d110.3818271!16s%2Fg%2F11b66jgqfv!19sChIJUTu1fqtZei4Rza7di34RdJU?authuser=0&hl=id&rclk=1","Sate Padang Asli","4,4","(1.044)","Sate","Buka","· Tutup pukul 23.30","https://lh3.googleusercontent.com/gps-cs-s/APNQkAHTi8uE4zozMn-CEXxfUth-eRMryf5MUI-rYvZCOL38UAcutK_35c3NddXzm-MG6pv-Y10-WJzWP90tTHjPl5AgoJn99u9C3PcY3_rAopDCkIwcxzlb3dgA3hk3ff5aZJHYQdzq=w92-h92-k-no","https://ssl.gstatic.com/local/servicebusiness/default_user.png","""Sate terasa bangat khas padangnya,gurih dan lezat""","https://www.google.com/searchviewer/42?cvd=CLw_EicKJeICIjIgEhkiF9LX29IPEQoNL2cvMTFiNjZqZ3FmdhgBOgMI8A0%3D&hl=id-ID&gl=id&fo_m=MfohQo559jFvMUOzJVpjPL1YMfZ3bInYwBDuMfaXTPp5KXh-&utm_source=tactile&gei=nir3adSVGMSU4-EP7uPj2A4&ei=nir3adSVGMSU4-EP7uPj2A4&fo_s=OA&opi=79508299&orderType=1&ebb=1&cs=0&foub=mcpp","Pesan online","","·","Rp 1–25.000","·","","·","Jalan Kaliurang No.KM 5,6","",""
"https://www.google.com/maps/place/Rumah+Makan+Padang+Sahabat+Minang+Murah/data=!4m7!3m6!1s0x2e7a59ce28efe3a7:0xd633df6ab5ad79d8!8m2!3d-7.7847083!4d110.3868634!16s%2Fg%2F11btlnn279!19sChIJp-PvKM5Zei4R2HmttWrfM9Y?authuser=0&hl=id&rclk=1","Rumah Makan Padang Sahabat Minang Murah","4,4","(70)","Padang","Buka","· Tutup pukul 21.00","https://lh3.googleusercontent.com/gps-cs-s/APNQkAFqV_okbQ7RVbkP4sfRknSPa8rJqZbJpX2SzUWaT4xd05787LJ3xnl4x2MitNM16zPjkB2PVNg3dSvj2hLN1Aevt3VRlYRWNfqLI5VOWgCq-2HdG4pqtS_8-C7Veu2M0vGXf2r8kw=w163-h92-k-no","https://ssl.gstatic.com/local/servicebusiness/default_user.png","""Enak dan murah""","","","","·","Rp 1–25.000","·","","·","Jl. Tri Brata No.6","",""
"https://www.google.com/maps/place/Rumah+Makan+Murah/data=!4m7!3m6!1s0x2e7a59b9f256cb51:0xe7eed0eb63a28e8d!8m2!3d-7.7685216!4d110.392003!16s%2Fg%2F11dymqqf_q!19sChIJUctW8rlZei4RjY6iY-vQ7uc?authuser=0&hl=id&rclk=1","Rumah Makan Murah","4,8","(12)","Padang","Buka","· Tutup pukul 20.00","https://lh3.googleusercontent.com/gps-cs-s/APNQkAG4cLKyDKtEWBfXiRt0kgZwuLuxPHrY58JC3ge0ky70K9M6mixPwNAsRD2TbgERX8wqoObHREM3qsw72sgYNTcX_IK8zj6ZSnFrcAUNlqWlm5l6FADNSPedvJHZ-p9YnbUNDhW4=w80-h106-k-no","","Makan di tempat","","","","·","$","·","","·","Gg. Anggrek No.6 A","Bawa pulang",""
"https://www.google.com/maps/place/Sate+Padang+Asli/data=!4m7!3m6!1s0x2e7a59ab7eb53b51:0x9574117e8bddaecd!8m2!3d-7.7574736!4d110.3818271!16s%2Fg%2F11b66jgqfv!19sChIJUTu1fqtZei4Rza7di34RdJU?authuser=0&hl=id&rclk=1","Sate Padang Asli","4,4","(1.044)","Sate","Buka","· Tutup pukul 23.30","https://lh3.googleusercontent.com/gps-cs-s/APNQkAHTi8uE4zozMn-CEXxfUth-eRMryf5MUI-rYvZCOL38UAcutK_35c3NddXzm-MG6pv-Y10-WJzWP90tTHjPl5AgoJn99u9C3PcY3_rAopDCkIwcxzlb3dgA3hk3ff5aZJHYQdzq=w92-h92-k-no","https://ssl.gstatic.com/local/servicebusiness/default_user.png","""Sate terasa bangat khas padangnya,gurih dan lezat""","https://www.google.com/searchviewer/42?cvd=CLw_EicKJeICIjIgEhkiF9LX29IPEQoNL2cvMTFiNjZqZ3FmdhgBOgMI8A0%3D&hl=id-ID&gl=id&fo_m=MfohQo559jFvMUOzJVpjPL1YMfZ3bInYwBDuMfaXTPp5KXh-&utm_source=tactile&gei=oCr3ad6SD_ar4-EPwqbRyQo&ei=oCr3ad6SD_ar4-EPwqbRyQo&fo_s=OA&opi=79508299&orderType=1&ebb=1&cs=0&foub=mcpp","Pesan online","","·","Rp 1–25.000","·","","·","Jalan Kaliurang No.KM 5,6","",""
"https://www.google.com/maps/place/Rumah+Makan+Penasaran/data=!4m7!3m6!1s0x2e7a59f2022c1c5f:0x6fd50c5a456bc810!8m2!3d-7.7750139!4d110.4157976!16s%2Fg%2F1pzphkyg6!19sChIJXxwsAvJZei4REMhrRVoM1W8?authuser=0&hl=id&rclk=1","Rumah Makan Penasaran","4,0","(329)","Padang","Buka 24 jam","","https://lh3.googleusercontent.com/gps-cs-s/APNQkAGWR7MLIksqtJ37Pns0OwG8IjXUwoBfEafeCUfzS-Sj_N4hv2Wg9JxsOwBep1Caku3ihQWLEtQB1mv95w4oVjbcW3-5jQy4jIKdYv995KY6G4Kvf4JeAe_FGAVyxagoOZrm4wTOrw=w80-h106-k-no","https://ssl.gstatic.com/local/servicebusiness/default_user.png","""Rendangnya enak bangettt""","https://www.google.com/searchviewer/42?cvd=CLw_EiYKJOICITIfEhgiFtLX29IPEAoML2cvMXB6cGhreWc2GAE6AwjwDQ%3D%3D&hl=id-ID&gl=id&fo_m=MfohQo559jFvMUOzJVpjPL1YMfZ3bInYwBDuMfaXTPp5KXh-&utm_source=tactile&gei=oCr3ad6SD_ar4-EPwqbRyQo&ei=oCr3ad6SD_ar4-EPwqbRyQo&fo_s=OA&opi=79508299&orderType=1&ebb=1&cs=0&foub=mcpp","Pesan online","","·","Rp 1–25.000","·","","Jl. Babarsari No.23","","",""
"https://www.google.com/maps/place/Rumah+Makan+Padang+-+Sinar+Minang/data=!4m7!3m6!1s0x2e7a59003cadc0d1:0x36bd44afb5484fd!8m2!3d-7.7584579!4d110.4085901!16s%2Fg%2F11vt659wpf!19sChIJ0cCtPABZei4R_YRU-0rUawM?authuser=0&hl=id&rclk=1","Rumah Makan Padang - Sinar Minang","3,9","(73)","Padang","Buka","· Tutup pukul 00.00","https://lh3.googleusercontent.com/gps-cs-s/APNQkAEsIxUQq5DujZLbMNzD00aPdqrvZ5HleSoAuKtu9oB4agPtgigih7KZBGsFYPhL2eJacz-yD7gZu-LAK--hTG34KjvecP-uF98wT-SOSDmrYMPx5vbeIcQqYZeHgyF5Bn4r-LzBGw=w122-h92-k-no","https://ssl.gstatic.com/local/servicebusiness/default_user.png","""Enak, murah, banyak""","","","","·","Rp 1–25.000","·","","6CR5+JCG","","",""
"https://www.google.com/maps/place/Rumah+Makan+Padang+Putra+Piliang+%EA%A6%AB%EA%A6%B8%EA%A6%A9%EA%A6%83%EA%A6%A9%EA%A6%8F%EA%A6%A4%EA%A7%80%EA%A6%A5%EA%A6%A3%EA%A6%81%EA%A6%A5%EA%A6%B8%EA%A6%A0%EA%A6%BF%EA%A6%A5%EA%A6%B6%EA%A6%AD%EA%A6%B6%EA%A6%AA%EA%A6%81/data=!4m7!3m6!1s0x2e7a59dbd37ad681:0x7c22bf623918f43!8m2!3d-7.7891965!4d110.3936356!16s%2Fg%2F11b698fz_k!19sChIJgdZ609tZei4RQ4-RI_Yrwgc?authuser=0&hl=id&rclk=1","Rumah Makan Padang Putra Piliang ꦫꦸꦩꦃꦩꦏꦤ꧀ꦥꦣꦁꦥꦸꦠꦿꦥꦶꦭꦶꦪꦁ","4,1","(425)","Padang","Buka","· Tutup pukul 21.00","https://lh3.googleusercontent.com/gps-cs-s/APNQkAHiSyh1XL5WGHjc7qEDas7xatyYHCysxgI7Xw9RTkG2EHzCrOU75PL9VgLmRlFLNRbNIGClFRv8Inr54cVVu4KQ1zn89TYra6fqhCQdEZoeJdDuka66HYnh3HvPKgrD-BTYy-wOBA=w163-h92-k-no","https://ssl.gstatic.com/local/servicebusiness/default_user.png","""Salah satu","https://www.google.com/searchviewer/42?cvd=CLw_EicKJeICIjIgEhkiF9LX29IPEQoNL2cvMTFiNjk4ZnpfaxgBOgMI8A0%3D&hl=id-ID&gl=id&fo_m=MfohQo559jFvMUOzJVpjPL1YMfZ3bInYwBDuMfaXTPp5KXh-&utm_source=tactile&gei=oCr3ad6SD_ar4-EPwqbRyQo&ei=oCr3ad6SD_ar4-EPwqbRyQo&fo_s=OA&opi=79508299&orderType=1&ebb=1&cs=0&foub=mcpp","Pesan online","","·","Rp 1–25.000","·","","·","Jl. Timoho","rumah makan padang","yang bumbunya terasa banget."""
"https://www.google.com/maps/place/Rumah+Makan+Padang+Lapau+Minang/data=!4m7!3m6!1s0x2e7a597632ab2153:0x5ddf678f8168f038!8m2!3d-7.7519863!4d110.4113258!16s%2Fg%2F11b61q0dhb!19sChIJUyGrMnZZei4ROPBogY9n310?authuser=0&hl=id&rclk=1","Rumah Makan Padang Lapau Minang","3,8","(165)","Padang","Buka","· Tutup pukul 22.00","https://lh3.googleusercontent.com/gps-cs-s/APNQkAEDkvV9LiUghP77Qh94S8zZr1otA7NRsqtmvkLNgZgvzl8lhGnL__sJAI_83TD9asR4J1egthlOOFgwWnU0InrH-3VAv6wLT3xdDhqVaVnnYPH8QOsnLhhs79UGO0xk9oF8sfo=w122-h92-k-no","https://ssl.gstatic.com/local/servicebusiness/default_user.png","""Warung","","","","·","Rp 1–25.000","·","","·","Jl. Candi Gebang No.242","padang","jadi *5 karena ada paru goreng kriuknya"""
"https://www.google.com/maps/place/Rumah+Makan+Padang+Salero+Bundo/data=!4m7!3m6!1s0x2e7a59f037728bc3:0x9daa7c1208eb9b00!8m2!3d-7.7812841!4d110.4155523!16s%2Fg%2F11b6ykm03z!19sChIJw4tyN_BZei4RAJvrCBJ8qp0?authuser=0&hl=id&rclk=1","Rumah Makan Padang Salero Bundo","4,5","(98)","Padang","Buka","· Tutup pukul 21.00","https://lh3.googleusercontent.com/gps-cs-s/APNQkAE99Bn_BstgI67YAoyLJb8EBLbQnNyYjML2yHodCKzEShKZyNE_gW3B_8Vw0JG-JoWOYBzyccWLHr7hN4gDJUTIIko3fQ-DtHzSVHOrcUNa3p7IaEa6IDE9oq32FgYmvCdSwOI=w204-h92-k-no","https://ssl.gstatic.com/local/servicebusiness/default_user.png","""nasi padangnya enakk, bolak balik ke sini pas kos di babarsari..""","https://www.google.com/searchviewer/42?cvd=CLw_EicKJeICIjIgEhkiF9LX29IPEQoNL2cvMTFiNnlrbTAzehgBOgMI8A0%3D&hl=id-ID&gl=id&fo_m=MfohQo559jFvMUOzJVpjPL1YMfZ3bInYwBDuMfaXTPp5KXh-&utm_source=tactile&gei=oCr3ad6SD_ar4-EPwqbRyQo&ei=oCr3ad6SD_ar4-EPwqbRyQo&fo_s=OA&opi=79508299&orderType=1&ebb=1&cs=0&foub=mcpp","Pesan online","","·","Rp 1–25.000","·","","·","Jl. Tambak Bayan","",""
"https://www.google.com/maps/place/RM.KAWAN+KITO+UPN/data=!4m7!3m6!1s0x2e7a59faaea859bd:0xf1df26ba38650a41!8m2!3d-7.7635675!4d110.4073079!16s%2Fg%2F11j_2z43ng!19sChIJvVmorvpZei4RQQplOLom3_E?authuser=0&hl=id&rclk=1","RM.KAWAN KITO UPN","3,4","(27)","Padang","Buka","· Tutup pukul 00.00","https://lh3.googleusercontent.com/gps-cs-s/APNQkAETnDlkvqh19Qh1LxWJR3ktpoZ9S40mfpo_0RYcsM5pynuoTusLFhUZ6mBNiFLh3Qfm4M0T3wQqukuOvvFfF-0sdrQOoRZPOa-nJ5JT-4qCPwKsolUV0v16WpfRmAc6-hpyruipqA=w80-h106-k-no","https://ssl.gstatic.com/local/servicebusiness/default_user.png","""Makanan enak apalagi rendang nya mantap, harga merakyat.""","","","","·","Rp 1–25.000","·","","Jl. Pintu Selatan UPN DI","","",""
"https://www.google.com/maps/place/Rumah+Makan+Sederhana+Murah/data=!4m7!3m6!1s0x2e7a59be2eedb05f:0xe429a4150c83bb34!8m2!3d-7.7706082!4d110.4020113!16s%2Fg%2F11b620dfc8!19sChIJX7DtLr5Zei4RNLuDDBWkKeQ?authuser=0&hl=id&rclk=1","Rumah Makan Sederhana Murah","4,4","(57)","Padang","Buka","· Tutup pukul 22.00","https://lh3.googleusercontent.com/gps-cs-s/APNQkAEivE4z_D72r0IaDIlMSPEcUZnUwV0fChBI1l870kK7d3W23FL2RODxf-CQPJVpHms2SvrP2b5LpHoIwa7pPnypzt72Edtgi1-KTqbWnW6l1SKZMZ6LqKsarDmi6SMNGSG7qaz1TQ=w80-h106-k-no","https://ssl.gstatic.com/local/servicebusiness/default_user.png","""Recomended Banget Buat Makanan dan Pelayanannya.""","","","","·","Rp 1–25.000","·","","Jl. Wahid Hasyim No.117","","",""
"https://www.google.com/maps/place/Resto+Kapau+Melawai+Jogya/data=!4m7!3m6!1s0x2e7a59e897f7ed5f:0xdb817e870e200f8f!8m2!3d-7.7830613!4d110.4066887!16s%2Fg%2F1pztfdlvq!19sChIJX-33l-hZei4Rjw8gDod-gds?authuser=0&hl=id&rclk=1","Resto Kapau Melawai Jogya","4,3","(7)","Padang","Buka","· Tutup pukul 21.00","https://lh3.googleusercontent.com/gps-cs-s/APNQkAEQW6Yqp9L4Xl0o5ff-Huw8v7QpuJZXI2qmE0IEbMFJca57QWPwlCI3wFIz_ohXtOjw6TUXAXCbuNUIKjBTOlWaCdlhgG-a2G7wjvJyk_frIh9paun0hbveV8RGLl2AUOzzr3ZQ=w163-h92-k-no","","Makan di tempat","","","","","","·","","6C84+QM5, Jl. Laksda Adisucipto No.153","","Bawa pulang",""
"https://www.google.com/maps/place/Rumah+Makan+Padang+Murah/data=!4m7!3m6!1s0x2e7a58fbf6ab39bd:0x15ea7f40725c1dc4!8m2!3d-7.7485113!4d110.3722066!16s%2Fg%2F11f53xxxvp!19sChIJvTmr9vtYei4RxB1cckB_6hU?authuser=0&hl=id&rclk=1","Rumah Makan Padang Murah","4,3","(460)","Padang","Buka","· Tutup pukul 21.00","https://lh3.googleusercontent.com/gps-cs-s/APNQkAHXKjJl53NUQNqq3Vx1hyk7HQVjt3lOM-GlbOuzeQmIMKbLiplmQ7FuscGdFxK8fEX6rKWsJFDB99nl_G_rlmw9UCRueEGCtjqfrdd9FNSEgSm9r_qk60uevhiNPjKIR3ubKAMk=w122-h92-k-no","https://ssl.gstatic.com/local/servicebusiness/default_user.png","""Nasi","","","","·","Rp 1–25.000","·","","Jl. Palagan Tentara Pelajar No.122, RW.21","","padang","paling murah yang pernah saya temui."""
"https://www.google.com/maps/place/Warung+Makan+Padang+Sari/data=!4m7!3m6!1s0x2e7a59d10016cd2b:0x60ec4a352dc72c09!8m2!3d-7.787317!4d110.387419!16s%2Fg%2F11cr_gk6sh!19sChIJK80WANFZei4RCSzHLTVK7GA?authuser=0&hl=id&rclk=1","Warung Makan Padang Sari","4,0","(1)","Padang","Buka","· Tutup pukul 21.00","https://streetviewpixels-pa.googleapis.com/v1/thumbnail?panoid=JWwgeGPbiE2lqLADIlpaRQ&cb_client=search.gws-prod.gps&w=80&h=92&yaw=189.45888&pitch=0&thumbfov=100","","Makan di tempat","","","","","","·","","697P+3XF, Jalan Munggur, Klitren, Gondokusuman","","Bawa pulang",""
"https://www.google.com/maps/place/Rumah+Makan+Padang+Murah+Babarsari+%EA%A7%8B%EA%A6%AB%EA%A6%B8%EA%A6%A9%EA%A6%83%EA%A6%A9%EA%A6%8F%EA%A6%A4%EA%A7%80%EA%A6%A5%EA%A6%A3%EA%A6%81%EA%A6%A9%EA%A6%B8%EA%A6%AB%EA%A6%83%EA%A6%A7%EA%A6%A7%EA%A6%82%EA%A6%B1%EA%A6%AB%EA%A6%B6/data=!4m7!3m6!1s0x2e7a59ecfa75f95f:0x5c41ba92cdbac614!8m2!3d-7.7741562!4d110.4129906!16s%2Fg%2F11h4qb7f_k!19sChIJX_l1-uxZei4RFMa6zZK6QVw?authuser=0&hl=id&rclk=1","Rumah Makan Padang Murah Babarsari ꧋ꦫꦸꦩꦃꦩꦏꦤ꧀ꦥꦣꦁꦩꦸꦫꦃꦧꦧꦂꦱꦫꦶ","3,9","(358)","Padang","Buka 24 jam","","https://lh3.googleusercontent.com/gps-cs-s/APNQkAGZAPX_wnTWQtLd7HEafmi3m9aHXHC8dYhS3fRWcTAUN7qU-nvMDPGCGG20OINccG9z-vky2SPOrSIz158XZrjoJYvuvzPxrOkQThQU_evZlqTNKpoC2P3Od75LS4yUp8xojZfa=w184-h92-k-no","https://ssl.gstatic.com/local/servicebusiness/default_user.png","""pesen rendang ayam tp rasanya kayak ayam goreng dikasih bumbu rendang?""","","","","·","Rp 1–25.000","·","","Ruko Babasari, Jl. Babarsari","","",""
"https://www.google.com/maps/place/Rumah+Makan+Kang+Koto/data=!4m7!3m6!1s0x2e7a59bfcfda5607:0x59ec664fa50a0c88!8m2!3d-7.7716465!4d110.4015758!16s%2Fg%2F1pzsxsbm9!19sChIJB1baz79Zei4RiAwKpU9m7Fk?authuser=0&hl=id&rclk=1","Rumah Makan Kang Koto","4,8","(5)","Padang","Buka","· Tutup pukul 20.00","https://streetviewpixels-pa.googleapis.com/v1/thumbnail?panoid=M8k6gFJCTjU_0H42iHwpzA&cb_client=search.gws-prod.gps&w=80&h=92&yaw=275.4726&pitch=0&thumbfov=100","","Makan di tempat","","","","","","·","","Jl. Wahid Hasyim No.156","","Bawa pulang",""
"https://www.google.com/maps/place/Rumah+Makan+Gita+Buana/data=!4m7!3m6!1s0x2e7a59c2bc4fecc3:0x7aeb4bd508d618f6!8m2!3d-7.782899!4d110.401393!16s%2Fg%2F11btmqqz7j!19sChIJw-xPvMJZei4R9hjWCNVL63o?authuser=0&hl=id&rclk=1","Rumah Makan Gita Buana","4,3","(10)","Padang","Buka","· Tutup pukul 22.00","https://streetviewpixels-pa.googleapis.com/v1/thumbnail?panoid=hzvJehKqIwo3xS0MqFsuag&cb_client=search.gws-prod.gps&w=80&h=92&yaw=6.299923&pitch=0&thumbfov=100","","Makan di tempat","","","","","","·","","Jl. Laksda Adisucipto No.16B","","Bawa pulang",""
"https://www.google.com/maps/place/Rumah+Makan+Duta+Minang+-+Jl+Magelang/data=!4m7!3m6!1s0x2e7a583ed2a7f0bd:0xcd3421dd20d186e1!8m2!3d-7.767723!4d110.361664!16s%2Fg%2F1pzsg48d5!19sChIJvfCn0j5Yei4R4YbRIN0hNM0?authuser=0&hl=id&rclk=1","Rumah Makan Duta Minang - Jl Magelang","4,4","(1.285)","Padang","Buka","· Tutup pukul 00.00","https://lh3.googleusercontent.com/gps-cs-s/APNQkAFP-qni_A8665vSyyuIMA_pf1lS-R3bUpT2jpPWOjzKxq478YfV5PEtVUey3avRzCDnXgoWnp4zKohfmxIgJ_01Cl5umjZ0HxTTAFMyHZwk4lrzVPGrMc7DfpyTvx3uDy4UScBcoQ=w122-h92-k-no","https://ssl.gstatic.com/local/servicebusiness/default_user.png","""tempatnya bersih, bisa ngambil bumbu rendang sepuasnya.""","https://www.google.com/searchviewer/42?cvd=CLw_EiYKJOICITIfEhgiFtLX29IPEAoML2cvMXB6c2c0OGQ1GAE6AwjwDQ%3D%3D&hl=id-ID&gl=id&fo_m=MfohQo559jFvMUOzJVpjPL1YMfZ3bInYwBDuMfaXTPp5KXh-&utm_source=tactile&gei=oCr3ad6SD_ar4-EPwqbRyQo&ei=oCr3ad6SD_ar4-EPwqbRyQo&fo_s=OA&opi=79508299&orderType=1&ebb=1&cs=0&foub=mcpp","Pesan online","","·","Rp 25–50 rb","·","","·","Km. 4 No.218, Jl. Magelang","",""
"https://www.google.com/maps/place/Rumah+Makan+Padang+Solok+Raya/data=!4m7!3m6!1s0x2e7a5759f9d1fe03:0xf6f6234d6ace5ddb!8m2!3d-7.7988206!4d110.4133887!16s%2Fg%2F11cphv730z!19sChIJA_7R-VlXei4R213Oak0j9vY?authuser=0&hl=id&rclk=1","Rumah Makan Padang Solok Raya","4,7","(105)","Padang","Buka","· Tutup pukul 22.30","https://lh3.googleusercontent.com/gps-cs-s/APNQkAH7EZgs-jqjftRNmrosZhki6WbMpW9IN0tmV7_o3Twzf6nuyuWxjLq_ZBd7MZs1v-v-wSVJIEGDIjvnLacWlg9vzaV-ddFV_O9Qf7R8zlZ8PEg2oxrG8evflllH0s7GbCQ3KuafEg=w92-h92-k-no","https://ssl.gstatic.com/local/servicebusiness/default_user.png","""Rasanya paling mantap.rendangnya juga enak""","","","","·","Rp 1–25.000","·","","6C27+F9C, Jalan Maguwo, Wonocatur, Banguntapan","","",""
"https://www.google.com/maps/place/R+M.+Diva+Minang/data=!4m7!3m6!1s0x2e7a5928662babc7:0xfe9e6795fcd6b82e!8m2!3d-7.7843323!4d110.4102836!16s%2Fg%2F11ghftd_rt!19sChIJx6srZihZei4RLrjW_JVnnv4?authuser=0&hl=id&rclk=1","R M. Diva Minang","4,1","(22)","Padang","Buka","· Tutup pukul 21.30","https://lh3.googleusercontent.com/gps-cs-s/APNQkAGge_IH9NUbf5UL6SFnpBnwAIKGDdFr_Hg5xCsTkcdVTXUYEKkO-FedkHf8o6uxaia5ghRdcuuwZ-JpauhxKayyQgpigj5nPiFm2WxukI9pl-QeWa4DxC9E7-0WKDt1iLhlnjOd=w163-h92-k-no","https://ssl.gstatic.com/local/servicebusiness/default_user.png","""Gud Banget Ni Nasi","","","","·","Rp 1–25.000","·","","Jl. Raya Janti No.18 B","","padang",""""
"https://www.google.com/maps/place/RM+Padang+SAKATO/data=!4m7!3m6!1s0x2e7a584491012be3:0x29c17eb70f163484!8m2!3d-7.766924!4d110.3626193!16s%2Fg%2F11c37zrh4f!19sChIJ4ysBkURYei4RhDQWD7d-wSk?authuser=0&hl=id&rclk=1","RM Padang SAKATO","4,8","(164)","Padang","Buka","· Tutup pukul 20.00","https://lh3.googleusercontent.com/gps-cs-s/APNQkAGf87rqw1fMuRnTGf_eDLSCFWcy2U6xCtsY3gp24QePRziabtSYqpCSOaQUbHG7zSIFYc45LHioljJ8tPrGxH67ufg0ycghs7ez3x_kjfZOEjiz6R9sIZViUFvfx8VbXrEg9SYF0g=w80-h106-k-no","https://ssl.gstatic.com/local/servicebusiness/default_user.png","""Nasi padangnya tergolong enak dgn harga terjangkau.""","","","","·","Rp 1–25.000","·","","·","Jl. Magelang No.KM.4.5","",""
"https://www.google.com/maps/place/RM+Padang+Cita+Rasa/data=!4m7!3m6!1s0x2e7a5906937ebf39:0xb77a27eb5f06c662!8m2!3d-7.7495917!4d110.3865611!16s%2Fg%2F11b61psbg8!19sChIJOb9-kwZZei4RYsYGX-snerc?authuser=0&hl=id&rclk=1","RM Padang Cita Rasa","3,3","(207)","Padang","Buka 24 jam","","https://lh3.googleusercontent.com/gps-cs-s/APNQkAHkWS2BCbPneUgUwIa0CW5UWce9M3RVxsl6o5sduRew7-EWaLXW8nVSyy3Q01End0OS3lWKlKiulZ6M4RGJBmZlYbdoNOyDcuiOdkHsDH3uWFAHPDZNfTxHtMFVQ-3zeUAKtsmsMA=w122-h92-k-no","https://ssl.gstatic.com/local/servicebusiness/default_user.png","""adaa sate padangnyaa yang enakkk""","","","","·","Rp 1–25.000","·","","·","Jl. Kaliurang No.6, RW.5","",""
"https://www.google.com/maps/place/RM+OKTA+masakan+padang/data=!4m7!3m6!1s0x2e7a59a2ba385d49:0x720ddcda9d34f8b3!8m2!3d-7.7542536!4d110.370932!16s%2Fg%2F11h84lxws8!19sChIJSV04uqJZei4Rs_g0ndrcDXI?authuser=0&hl=id&rclk=1","RM OKTA masakan padang","5,0","(1)","Padang","Buka","· Tutup pukul 20.00","https://lh3.googleusercontent.com/gps-cs-s/APNQkAFWgndW5CXIEVIdCnfFx3-FH7wSDH8TuK3DgyeKQKUVshikL6oKLabXfzjIAtmcs85iKImtHZGX_dTWmzzb_9-m36g5KnwgemReyURNAislw479kWca22ixUlgsqbGgt2MfOQrXdQ=w80-h142-k-no","","Makan di tempat","","","","","","·","","69WC+79V, Gg. Kembang Duren","","Bawa pulang",""
"https://www.google.com/maps/place/Rumah+Makan+Padang+Ampera+Kharisma+%28Masakan+Padang%29/data=!4m7!3m6!1s0x2e7a590d8dc11cd7:0x2ca0860493ec6ea7!8m2!3d-7.7466307!4d110.4124739!16s%2Fg%2F11q90fhlk2!19sChIJ1xzBjQ1Zei4Rp27skwSGoCw?authuser=0&hl=id&rclk=1","Rumah Makan Padang Ampera Kharisma (Masakan Padang)","4,7","(101)","Padang","Buka","· Tutup pukul 23.00","https://lh3.googleusercontent.com/gps-cs-s/APNQkAFDcwY0OcZ9wtqVuAuRBOUHJMBQxqJNWEvQuMuc3TblIScZi004HKz7tpTdZDP0HIztmlYKq0e4JaiIqQSTT3KedN1GidNUTAZZ43VRjltaRKFQKxM2WH0WI-NoysmHcmKdCR_WdA=w92-h92-k-no","https://ssl.gstatic.com/local/servicebusiness/default_user.png","""Nasi Padangnya udah enak, murah, banyak lagi.""","","","","·","Rp 1–25.000","·","","Jl. Candi Gebang No.28","","",""
"https://www.google.com/maps/place/Rumah+Makan+Padang+Minang+Saiyo/data=!4m7!3m6!1s0x2e7a59e5960382bf:0x879a322efe1f7ac4!8m2!3d-7.7848143!4d110.4102265!16s%2Fg%2F11b67pvpn7!19sChIJv4IDluVZei4RxHof_i4ymoc?authuser=0&hl=id&rclk=1","Rumah Makan Padang Minang Saiyo","5,0","(2)","Padang","Buka","· Tutup pukul 19.00","https://lh3.googleusercontent.com/gps-cs-s/APNQkAF0FuO5N7vtC5ha1d77JHscavKypIAxQQbtVb6iKtp5TziySI0mcyxInK19AY3pOWifuRKEzwVJgxXoBEhWZYGTDKhaR-vt67WvJLkrZF9-8MQxPmfYZtPnnie58h-C36Yj8dGC=w80-h142-k-no","","Makan di tempat","","","","","","·","","Jl. Raya Janti No.28","","Bawa pulang",""
"https://www.google.com/maps/place/Rumah+Makan+Padang+Ar+Razaq+%EA%A6%AB%EA%A6%B8%EA%A6%A9%EA%A6%83%EA%A6%A9%EA%A6%8F%EA%A6%A4%EA%A7%80%EA%A6%A5%EA%A6%A3%EA%A6%81/data=!4m7!3m6!1s0x2e7a590c79a46165:0xb94ed75def6c0eb9!8m2!3d-7.7934383!4d110.398303!16s%2Fg%2F11h93_w3fg!19sChIJZWGkeQxZei4RuQ5s713XTrk?authuser=0&hl=id&rclk=1","Rumah Makan Padang Ar Razaq ꦫꦸꦩꦃꦩꦏꦤ꧀ꦥꦣꦁ","4,3","(55)","Padang","Buka","· Tutup pukul 21.00","https://lh3.googleusercontent.com/gps-cs-s/APNQkAGA6RRKty1SyGOomnSBwiViXLEoZn6jAAIveC5Rc5tJxZGMBi6HiHGA_nqaJlp-RJ6Zwdf0IQyPTPP_R0DcZZMDbKxC2CWR8KCKX8Xye9NbqOaenzFXeDh7YX1yZWieuJ7HdkE-=w80-h142-k-no","https://ssl.gstatic.com/local/servicebusiness/default_user.png","""Nasi padangnya enak harga terjangkau""","","","","·","Rp 1–25.000","·","","Jl. Sorowajan Baru No.367-13","","",""
"https://www.google.com/maps/place/Rumah+Makan+Padang+Jawa/data=!4m7!3m6!1s0x2e7a59cfcfdde9cb:0x391e8535066bbbd7!8m2!3d-7.7841104!4d110.3881664!16s%2Fg%2F11btmcb9zr!19sChIJy-ndz89Zei4R17trBjWFHjk?authuser=0&hl=id&rclk=1","Rumah Makan Padang Jawa","4,7","(26)","Padang","Tutup","· Buka Sen pukul 09.00","https://lh3.googleusercontent.com/gps-cs-s/APNQkAEdkBsmViNCax3nU3bTlcY1E6IMjktqzcve9NF7g-FFc6rOTYM0eRNa9sqDcPwRpADHc7Kiauns40vX3ATvaO810TiOqN3j0_HnjsMBGxP-Qq8oz3UxRUTiS9n-YJm7Ec271zo=w80-h142-k-no","https://ssl.gstatic.com/local/servicebusiness/default_user.png","""Masakanya enak, harganya murah ga murahan, porsinya banyak""","","","","","","·","","Jl. Munggur No.64","","",""
"https://www.google.com/maps/place/Rumah+Makan+Andalas/data=!4m7!3m6!1s0x2e7a57878431c90b:0xd3546ef3201a3c54!8m2!3d-7.7962553!4d110.3691328!16s%2Fg%2F1hm4c07vl!19sChIJC8kxhIdXei4RVDwaIPNuVNM?authuser=0&hl=id&rclk=1","Rumah Makan Andalas","4,2","(318)","Padang","Buka","· Tutup pukul 21.00","https://lh3.googleusercontent.com/gps-cs-s/APNQkAFQHXRB7mU0K7e0AahPHh4HzjA8LSAulZCFk4B3BV5kW8yEXcouxXvzS9t3pF7tnjs7vgEtWIr00QMwSrTLHVWyVlP-1LkwvBUNZNTArrSfxGnukeSfSPsy2DzrxKURIiIblKMZ1g=w122-h92-k-no","https://ssl.gstatic.com/local/servicebusiness/default_user.png","""Khas andalas, bumbunya beda dgn nasi","","","","·","Rp 1–25.000","·","","Jl. Mataram No.8","","padang","yg lain."""
"https://www.google.com/maps/place/RM+Minang+Jaya+Masakan+Padang/data=!4m7!3m6!1s0x2e7a582beead6be9:0xee8727ebf195a29f!8m2!3d-7.7916033!4d110.3738685!16s%2Fg%2F1hm1vrx8m!19sChIJ6Wut7itYei4Rn6KV8esnh-4?authuser=0&hl=id&rclk=1","RM Minang Jaya Masakan Padang","3,4","(14)","Padang","Buka","· Tutup pukul 20.00","https://lh3.googleusercontent.com/gps-cs-s/APNQkAFk73e-3IEQCNL64D4jVtAzpI-YwG_Q64UdmR_-H5ij8fBM-BrBheXbd-n0SbARcafdNCzZijklFTTVMXiDJaq9sYQO0hNWnAiUTP_jAnUxvJg9oJLs4BGxKpgaFxzNIQA0PdRG=w163-h92-k-no","","Makan di tempat","","","","","","·","","·","Jl. Hayam Wuruk No.116","Bawa pulang",""
"https://www.google.com/maps/place/Nasi+Padang+Kawan+Lamo/data=!4m7!3m6!1s0x2e7a59a097aa3be3:0xcdb20a94c3e55664!8m2!3d-7.7540836!4d110.3980861!16s%2Fg%2F11trdwlzlr!19sChIJ4zuql6BZei4RZFblw5QKss0?authuser=0&hl=id&rclk=1","Nasi Padang Kawan Lamo","3,4","(30)","Padang","Buka sekarang","","https://lh3.googleusercontent.com/gps-cs-s/APNQkAFECS_1fJngYfcgpxYxPbke5icY2ESB4sdwtBMjsRHwhCShv_HTnfiLQeZPGZNSBrHyNiT2FlATeWFfEVeEbJu6t1xOE4_rNiE2qoqMEVmB6zGhAUgVe8iXccyGiWSJVuE7H5gD=w80-h106-k-no","https://ssl.gstatic.com/local/servicebusiness/default_user.png","""Murah dan enak""","","","","·","Rp 1–25.000","·","","Jl. Garuda No.192","","",""
"https://www.google.com/maps/place/Rumah+Makan+Padang+Asli+G4ruda/data=!4m7!3m6!1s0x2e7a594a7a41f36d:0x84ee53d6725c5098!8m2!3d-7.778947!4d110.3919643!16s%2Fg%2F11nhxtnryq!19sChIJbfNBekpZei4RmFBcctZT7oQ?authuser=0&hl=id&rclk=1","Rumah Makan Padang Asli G4ruda","","","Padang","Buka","· Tutup pukul 19.00","https://lh3.googleusercontent.com/gps-cs-s/APNQkAHAxOU4veCkJ15nEgIrzmIKNMRnTZ0ws_I6t-omTtn-yDl6Fms0dwr6BMaTBGLStxqJ6Sg3K1ZiR5A8zIXaAKncLDwB5RAkTsk5EF_INjz3I6GligK-qa-AZ-USh-tOqV2XQlapOEtptaUn=w80-h106-k-no","","","","","","","","·","","Jl. Garuda No.4","","",""
"https://www.google.com/maps/place/Lontong+Sayur+%26+Soto+Padang+%22UDA+APIT%22+Seturan/data=!4m7!3m6!1s0x2e7a5990f7312315:0xaf5137bb2c5b977!8m2!3d-7.7649507!4d110.4109072!16s%2Fg%2F11f3nm260t!19sChIJFSMx95BZei4Rd7nFsnsT9Qo?authuser=0&hl=id&rclk=1","Lontong Sayur & Soto Padang ""UDA APIT"" Seturan","4,5","(287)","Padang","Tutup","· Buka Sen pukul 08.00","https://lh3.googleusercontent.com/gps-cs-s/APNQkAG2CUNjkc7IBuAVJYb44Ra-TMQngieAok8Oua6UL4n9O-h03yb--xnX5GcsSfzJWty8VRkMhJgc9YYCUAkOpdVobdG-pED6uP0_CNVujci0jNoheZAeS4rNlcyXyEkIS9p1F93r=w122-h92-k-no","https://ssl.gstatic.com/local/servicebusiness/default_user.png","""Enak, rempahnya khas","https://www.google.com/searchviewer/42?cvd=CLw_EicKJeICIjIgEhkiF9LX29IPEQoNL2cvMTFmM25tMjYwdBgBOgMI8A0%3D&hl=id-ID&gl=id&fo_m=MfohQo559jFvMUOzJVpjPL1YMfZ3bInYwBDuMfaXTPp5KXh-&utm_source=tactile&gei=oir3aam3HMqX4-EP796WgQs&ei=oir3aam3HMqX4-EP796WgQs&fo_s=OA&opi=79508299&orderType=1&ebb=1&cs=0&foub=mcpp","Pesan online","","·","Rp 1–25.000","·","","·","Ruko, Gg. Puluhdadi Jl. Seturan Raya No.A-13","padang",", dan dijamin halal 👍"""
"https://www.google.com/maps/place/Rumah+Makan/data=!4m7!3m6!1s0x2e7a59cbd49851e7:0x1c55838663d9b102!8m2!3d-7.7773235!4d110.3841337!16s%2Fg%2F11g7y8n4t6!19sChIJ51GY1MtZei4RArHZY4aDVRw?authuser=0&hl=id&rclk=1","Rumah Makan","4,0","(1)","Padang","Buka","· Tutup pukul 21.30","https://lh3.googleusercontent.com/gps-cs-s/APNQkAFUvNwIFBCIN9T2Vpn_gTlkUd7MWyPXVe4uvQjR-4TcE2nn-ai0-5fuo-ePcoTZ5dpkMyLP84HPiH_ndltRlsT7kv2bo-Q_ZJ6vtkvADyJnOGjv0y9507yaHERj2xVvY-1oMdfS=w163-h92-k-no","","Makan di tempat","","","","","","·","","Jl. Colombo No.48","","Bawa pulang",""
"https://www.google.com/maps/place/Warung+Padang+MINi/data=!4m7!3m6!1s0x2e7a59194e3c2529:0x5e4509d00f23b2c5!8m2!3d-7.7562678!4d110.382518!16s%2Fg%2F11g0yhn77_!19sChIJKSU8ThlZei4RxbIjD9AJRV4?authuser=0&hl=id&rclk=1","Warung Padang MINi","4,6","(5)","Padang","Tutup","· Buka Sen pukul 10.00","https://lh3.googleusercontent.com/gps-cs-s/APNQkAHkISXbb8HMDRNjbzoinE18U8poLcAGjc1nTf25thQF0QDEedQCOovWnwoPQZYGz-K_BdHn6sk43qdORmlDPQmIlcGPeXpPIZ3YZ8k_UyIYu7xpOMo4XfelOpTbU_1QWM93sAhb=w152-h92-k-no","https://ssl.gstatic.com/local/servicebusiness/default_user.png","""Minusnya repot kalo","","","","·","Rp 1–25.000","·","","·","69VM+F2R","makan","ditempat, cuma ada 5 kursi, ndak ada meja."""
"https://www.google.com/maps/place/Padang+Pancuran+Tujuh+Rumah+Makan/data=!4m7!3m6!1s0x2e7a582890d149d9:0xe3da9a0a0bdb1a84!8m2!3d-7.7924936!4d110.3674425!16s%2Fg%2F1pzyp63jg!19sChIJ2UnRkChYei4RhBrbCwqa2uM?authuser=0&hl=id&rclk=1","Padang Pancuran Tujuh Rumah Makan","4,3","(8)","Padang","Buka","· Tutup pukul 21.00","https://streetviewpixels-pa.googleapis.com/v1/thumbnail?panoid=IKtKLRz2X7aeVG0nf9w5-g&cb_client=search.gws-prod.gps&w=80&h=92&yaw=258.46658&pitch=0&thumbfov=100","","Makan di tempat","","","","","","·","","Jl. Mataram No.37","","Bawa pulang",""
"https://www.google.com/maps/place/Taraso+Randang/data=!4m7!3m6!1s0x2e7a592b024f72c5:0xba8439c6f1410971!8m2!3d-7.7533455!4d110.3843084!16s%2Fg%2F11q8vjvk_k!19sChIJxXJPAitZei4RcQlB8cY5hLo?authuser=0&hl=id&rclk=1","Taraso Randang","","","Padang","Buka","· Tutup pukul 20.00","https://lh3.googleusercontent.com/gps-cs-s/APNQkAGomzfSgo-A3Q9lmWt1aS45lMEjn0rHCpbNb3bTgRVAwl1Xal048TT1fnU3FO7i-lHgtshJv1Ujr3KnVSTqQkn0vlrUSo_HbgV4TJqdgn1AbWv7y1i0Ti8MAlD__Lkb5ptEONU8Jw=w80-h99-k-no","","Makan di tempat","","","","","","·","","Jl. Kaliurang No.km 6","","Drive-through","Pesan antar"
"https://www.google.com/maps/place/Rumah+Makan+Elok+Basamo/data=!4m7!3m6!1s0x2e7a59723ef13caf:0x978175dbdefa4952!8m2!3d-7.7444114!4d110.4071309!16s%2Fg%2F11fy96rqf5!19sChIJrzzxPnJZei4RUkn63tt1gZc?authuser=0&hl=id&rclk=1","Rumah Makan Elok Basamo","4,7","(27)","Restoran","Buka","· Tutup pukul 22.00","https://lh3.googleusercontent.com/gps-cs-s/APNQkAEIaIYirmfi2NWxwpkcrjrsYy-DMC-OLLAh1PNdXW3GHHD9d78_PmyVIGe56R5Ny8R_kuKDX32fEDHQ7fmN_lpYj9gQfAJKy-ui8wvugcG_RWl3hRxbgW8nnUAk3JN84xOwTu8=w122-h92-k-no","","Makan di tempat","","","","","","·","","·","Jl. Kakap Raya No.5","Bawa pulang",""
"https://www.google.com/maps/place/Sate+Padang+Asli+Minang/data=!4m7!3m6!1s0x2e7a51edb512bb09:0xa23ac85aac853fcc!8m2!3d-7.7555414!4d110.409935!16s%2Fg%2F11nfm9bzq8!19sChIJCbsSte1Rei4RzD-FrFrIOqI?authuser=0&hl=id&rclk=1","Sate Padang Asli Minang","5,0","(40)","Indonesia","Segera buka","· 18.00","https://lh3.googleusercontent.com/gps-cs-s/APNQkAFfE2JPDkdVdW1GyvCnc-Du67exZjUIHvpEwbBdRfQKO71Xnuk2EgRXplwRc-Kg7z67EHvGf-NDjCUlq45x-4VQuOiEYFyO3fUm85Vrwn4sv6DE1i-XNSruNtTMarBU_b_xmB9uk59xZv1V=w163-h92-k-no","https://ssl.gstatic.com/local/servicebusiness/default_user.png","""Sate Padangnya enak dan bumbunya kental.""","https://www.google.com/searchviewer/42?cvd=CLw_EicKJeICIjIgEhkiF9LX29IPEQoNL2cvMTFuZm05YnpxOBgBOgMI8A0%3D&hl=id-ID&gl=id&fo_m=MfohQo559jFvMUOzJVpjPL1YMfZ3bInYwBDuMfaXTPp5KXh-&utm_source=tactile&gei=oir3aam3HMqX4-EP796WgQs&ei=oir3aam3HMqX4-EP796WgQs&fo_s=OA&opi=79508299&orderType=1&ebb=1&cs=0&foub=mcpp","Pesan online","","·","Rp 1–25.000","·","","Jl. Nusa Indah No.56","","",""
"https://www.google.com/maps/place/Rumah+Makan+Padang+SUMANDO/data=!4m7!3m6!1s0x2e7a59940119ba47:0x927e139c68850afc!8m2!3d-7.7749701!4d110.3865236!16s%2Fg%2F11gzplkf_n!19sChIJR7oZAZRZei4R_AqFaJwTfpI?authuser=0&hl=id&rclk=1","Rumah Makan Padang SUMANDO","5,0","(4)","Padang","Tutup","· Buka Sen pukul 09.00","https://lh3.googleusercontent.com/gps-cs-s/APNQkAECENBcH9hhi2dDgdp6pVx4V8-ERU5Umg5B8idhVNAL9P98Y1Pw09PGhPovn6vYcF6RgJuO-Ak2F6bnZajHoSmhgWurK5jnxa7YhUxvbeldcvlOBvrLljE2-eKJ-dOTBdcBDfo0=w163-h92-k-no","","Makan di tempat","","","","","","·","","69GP+2J6","","Bawa pulang",""
"https://www.google.com/maps/place/Rumah+makan+empera+masakan+padang/data=!4m7!3m6!1s0x2e7a59e00e173e9f:0x7bc4696b758eef2b!8m2!3d-7.7803438!4d110.3795242!16s%2Fg%2F11nnv7xx1k!19sChIJnz4XDuBZei4RK--OdWtpxHs?authuser=0&hl=id&rclk=1","Rumah makan empera masakan padang","4,0","(9)","Padang","Buka","· Tutup pukul 21.00","https://lh3.googleusercontent.com/gps-cs-s/APNQkAGGK1Lwda1vLHbUHlVVRi8rDLf3Zzd04j4YteRjlZGR-xMxxNq-8uIBE9NJmsscZTzK3B5awtJjXheKK9wC1fj-68EUiiGyjfFdugpt61kkpjDVzRg2WQ-L2QTUqIS7sO8UqjRL=w92-h92-k-no","https://ssl.gstatic.com/local/servicebusiness/default_user.png","""Rendangnya enak banget""","https://www.google.com/searchviewer/42?cvd=CLw_EicKJeICIjIgEhkiF9LX29IPEQoNL2cvMTFubnY3eHgxaxgBOgMI8A0%3D&hl=id-ID&gl=id&fo_m=MfohQo559jFvMUOzJVpjPL1YMfZ3bInYwBDuMfaXTPp5KXh-&utm_source=tactile&gei=oir3aam3HMqX4-EP796WgQs&ei=oir3aam3HMqX4-EP796WgQs&fo_s=OA&opi=79508299&orderType=1&ebb=1&cs=0&foub=mcpp","Pesan online","","","","·","","Jl. Prof. Dr. Ir. Herman Johannes","","",""
"https://www.google.com/maps/place/RM+Padang+Solok+Raya/data=!4m7!3m6!1s0x2e7a590d74844d4f:0xdbd1bb87e6b417ba!8m2!3d-7.7440969!4d110.3997978!16s%2Fg%2F11dzdwjcz5!19sChIJT02EdA1Zei4Ruhe05oe70ds?authuser=0&hl=id&rclk=1","RM Padang Solok Raya","4,5","(246)","Padang","Buka","· Tutup pukul 22.00","https://lh3.googleusercontent.com/gps-cs-s/APNQkAH8EXvW_U7y9WlBiizp5Fy1vR-XQApuW1UGpxA2I_ns6-aG-WbXR_uqHl6fYIlbXekUwcdc3WVbzhzou0eOsNTd4rV4fCkMdDGvhE-7Nefk03QnU1oLLxC0IUgFWWnAh0Q60KSoDg=w163-h92-k-no","https://ssl.gstatic.com/local/servicebusiness/default_user.png","""","https://www.google.com/searchviewer/42?cvd=CLw_EicKJeICIjIgEhkiF9LX29IPEQoNL2cvMTFkemR3amN6NRgBOgMI8A0%3D&hl=id-ID&gl=id&fo_m=MfohQo559jFvMUOzJVpjPL1YMfZ3bInYwBDuMfaXTPp5KXh-&utm_source=tactile&gei=oir3aam3HMqX4-EP796WgQs&ei=oir3aam3HMqX4-EP796WgQs&fo_s=OA&opi=79508299&orderType=1&ebb=1&cs=0&foub=mcpp","Pesan online","","·","Rp 1–25.000","·","","·","Jl. Rajawali Raya No.87","Rumah makan Padang","yg termasuk enak di Jogja dengan harga terjangkau"""
"https://www.google.com/maps/place/Lontong+Padang+Uda+Arifin/data=!4m7!3m6!1s0x2e7a598799874f41:0xcdf8ac154042f76c!8m2!3d-7.7666834!4d110.3837811!16s%2Fg%2F11g0tsnxnh!19sChIJQU-HmYdZei4RbPdCQBWs-M0?authuser=0&hl=id&rclk=1","Lontong Padang Uda Arifin","4,4","(108)","Padang","Tutup","· Buka Sen pukul 06.00","https://lh3.googleusercontent.com/gps-cs-s/APNQkAHxIq8qRKbuXT5d8Aq8Akt-euoRLm_60iOcdlizeztsXrGh1JlUJkPQiTY-KFFV0OHbHRe5GUuJX5VqMjkJO_sk4cjXhvWGqxDimYWwGsyD5SoecoAEasmDSL9-754hruGwh7cYIg=w122-h92-k-no","https://ssl.gstatic.com/local/servicebusiness/default_user.png","""Recomended harga mahasiswa""","","","","·","Rp 1–25.000","·","","·","69MM+8GC, Jl. Agro","",""
"https://www.google.com/maps/place/Rumah+Makan+Padang+Mutiara+Bundo/data=!4m7!3m6!1s0x2e7a5a035926a8b3:0xfe0f68041d44420a!8m2!3d-7.78312!4d110.413035!16s%2Fg%2F11b6bdzy25!19sChIJs6gmWQNaei4RCkJEHQRoD_4?authuser=0&hl=id&rclk=1","Rumah Makan Padang Mutiara Bundo","3,7","(7)","Padang","Buka 24 jam","","https://lh3.googleusercontent.com/gps-proxy/ALd4DhHmp8d9yxj13Y7ma4YSaxCXGY4MG8aPdkL7uLa12j-NXbG166Znnq-hBMAIc4_E4hV4YuljwkCCRyJn8gNUIZnPA8rXXdVPiGf2IzxOmK6oN4tVD2QiFH8xb4p2cDswxL0RWi-eo2oXCXWCYkBAsdJ4QoatQuWw4b63Bq8Oq0uzrVMstzaCpO8dfpLzOLA7wlvojvc=w122-h92-k-no","","Makan di tempat","","","","","","·","","Jl. Raya Solo - Yogyakarta No.KM.9","","Bawa pulang",""
"https://www.google.com/maps/place/Rumah+Makan+Duta+Andalas+Masakan+Padang/data=!4m7!3m6!1s0x2e7a5767ae95d4e5:0x7af8026907961ec0!8m2!3d-7.8023911!4d110.3998381!16s%2Fg%2F11b6hwcc96!19sChIJ5dSVrmdXei4RwB6WB2kC-Ho?authuser=0&hl=id&rclk=1","Rumah Makan Duta Andalas Masakan Padang","4,4","(463)","Padang","Buka","· Tutup pukul 21.00","https://lh3.googleusercontent.com/gps-cs-s/APNQkAHaHgCCmAwu37ndnslGzmWfIxbHovmBNQglCmSzSP3Wi2OQ0UzBdj9tDxQtdayTYYsNVVhZ65KwfgYzAGj5PrU4rBZiQvykYOoKERtwnAFheQ5TYv4TFVttsvENFnxn_AZhTn0=w80-h106-k-no","https://ssl.gstatic.com/local/servicebusiness/default_user.png","""Nasi","https://www.google.com/searchviewer/42?cvd=CLw_EicKJeICIjIgEhkiF9LX29IPEQoNL2cvMTFiNmh3Y2M5NhgBOgMI8A0%3D&hl=id-ID&gl=id&fo_m=MfohQo559jFvMUOzJVpjPL1YMfZ3bInYwBDuMfaXTPp5KXh-&utm_source=tactile&gei=pCr3aav-K6u74-EP94Du6A8&ei=pCr3aav-K6u74-EP94Du6A8&fo_s=OA&opi=79508299&orderType=1&ebb=1&cs=0&foub=mcpp","Pesan online","","·","Rp 1–25.000","·","","·","Jl. Kusumanegara No.28","Padang","yang buka meski tanggal merah Idul Fitri."""
"https://www.google.com/maps/place/Masakan+Padang+Jawa/data=!4m7!3m6!1s0x2e7a58486982c389:0xa4bcc17e12fe515b!8m2!3d-7.774569!4d110.3675919!16s%2Fg%2F1hm5ypbx8!19sChIJicOCaUhYei4RW1H-En7BvKQ?authuser=0&hl=id&rclk=1","Masakan Padang Jawa","4,5","(6)","Padang","Buka","· Tutup pukul 21.00","https://lh3.googleusercontent.com/gps-cs-s/APNQkAGgbNqULtXH7KE7BsOemAe4Fe6sxFSc2bzwLfVYq8cAkypToZemUzZB04eE_-Xhq2-6pLoyXrGSrOvRKh_AZnVMzywktkuylwhuU3IAWb9dj0xRvKTXia6j46OEZ8Vq1j61Sih8=w122-h92-k-no","","Makan di tempat","","","","","","·","","Jl. A.M. Sangaji No.55","","Bawa pulang",""
"https://www.google.com/maps/place/Rumah+Makan+Padang+Murah%28%EA%A6%AB%EA%A6%B8%EA%A6%A9%EA%A6%83%EA%A6%A9%EA%A6%8F%EA%A6%A4%EA%A7%80%EA%A6%A5%EA%A6%A3%EA%A6%81%EA%A6%A9%EA%A6%B8%EA%A6%AB%EA%A6%83%29/data=!4m7!3m6!1s0x2e7a575abfcfe0bd:0x7cb6d9782586d55!8m2!3d-7.8027692!4d110.4129321!16s%2Fg%2F11b6dcrlb5!19sChIJveDPv1pXei4RVW1Ygpdtywc?authuser=0&hl=id&rclk=1","Rumah Makan Padang Murah(ꦫꦸꦩꦃꦩꦏꦤ꧀ꦥꦣꦁꦩꦸꦫꦃ)","4,4","(279)","Padang","Buka","· Tutup pukul 21.00","https://lh3.googleusercontent.com/gps-cs-s/APNQkAFTlcyx-0wk9owfCMjkoYlhKmhM-KiBC7d-Xo99ITv25N2Brglnib65RPhJTwxlNLjJKTRaa0X8bxcTrAdScwFidvA4IttPDFxn6SDj6SZ6-Yumj_3-05Whay8gS8uQ0IBetYvL=w122-h92-k-no","https://ssl.gstatic.com/local/servicebusiness/default_user.png","""","","","","·","Rp 1–25.000","·","","·","5CW7+V5V, Jl. Wonocatur","Rumah makan Padang","dengan harga menu mulai dari 10 ribu rupiah."""
"https://www.google.com/maps/place/Rumah+Makan+Padang+Nusantara/data=!4m7!3m6!1s0x2e7a59f8c213044f:0xd71139c3aeaa60c5!8m2!3d-7.7572989!4d110.4230052!16s%2Fg%2F11jz9m0_xd!19sChIJTwQTwvhZei4RxWCqrsM5Edc?authuser=0&hl=id&rclk=1","Rumah Makan Padang Nusantara","5,0","(3)","Padang","Buka","· Tutup pukul 23.00","https://lh3.googleusercontent.com/gps-cs-s/APNQkAG5c5d_7Nvrk20CYkkyb2gkMYzigmeq4abvMQPtnRRGaOvOAhk4JtgXGtb8yQr4KRTM7q6kSfRES3tcGT7PqCndYE4NvRIALf_GrSuSuyoHGva3VoAx5UmQ-1F1pncDomF-dmfxQA=w80-h106-k-no","https://ssl.gstatic.com/local/servicebusiness/default_user.png","""Enak, pelayanan ramah, harga sangat terjangkau.""","","","","","","·","","Jl. Paingan No.10","","",""
"https://www.google.com/maps/place/Rumah+Makan+Abdi+Minang/data=!4m7!3m6!1s0x2e7a59b1a04740cf:0x5989ec68e8ef88f2!8m2!3d-7.7815321!4d110.3993948!16s%2Fg%2F11b64l99hs!19sChIJz0BHoLFZei4R8ojv6GjsiVk?authuser=0&hl=id&rclk=1","Rumah Makan Abdi Minang","3,4","(8)","Padang","Buka","· Tutup pukul 00.00","https://lh3.googleusercontent.com/gps-proxy/ALd4DhF2_eMa8bsmvNGCajTwk70l-7q4r5-uVVGthmvEC2j75bABZccM438RrG3anylG4q23ZGnBbAb6DAyTGng2fRAM0zE9O0_xEo7FukywRwyjoCdrBP9Sg0n-ES2ebIJ2KYubyInJGWLOtYu2brfiDQDbLeMfey2yOJL3dpLjChYf_8R4zqDvUxMZY5C8wRuVneyOcCo=w163-h92-k-no","https://ssl.gstatic.com/local/servicebusiness/default_user.png","""biasanya istirahat kesini klo mau","","","","","","·","","Gang Alpokat Jalan Klebengan Blok CT 8 No.1B","","makan","siang menu nasi"
"https://www.google.com/maps/place/Rumah+Makan+Padang+Group+Murah+Meriah/data=!4m7!3m6!1s0x2e7a5bd323922199:0xbf0e9a3b2a050920!8m2!3d-7.7505073!4d110.4347105!16s%2Fg%2F11b69_0qjj!19sChIJmSGSI9Nbei4RIAkFKjuaDr8?authuser=0&hl=id&rclk=1","Rumah Makan Padang Group Murah Meriah","4,4","(543)","Padang","Buka","· Tutup pukul 21.00","https://lh3.googleusercontent.com/gps-cs-s/APNQkAFS5TM5FRvj3vnTAtVqNlKl2nIDCQwk5VlPQxt6T4gf678zXhtK8TPrJRrGEPobpLlKyMHPyHuW_vkEmHSY1bqQ9rSU8SlaBa0jZQm7Boqanm4c03cM6Q8zGxdFsVo0qnwlJd4D=w122-h92-k-no","https://ssl.gstatic.com/local/servicebusiness/default_user.png","""Makannya enak rasa","","","","·","Rp 1–25.000","·","","·","Jl. Raya Tajem No.1,5","padang","masih terasa dan harga bersahabat"""
"https://www.google.com/maps/place/Ampera+Masakan+Padang/data=!4m7!3m6!1s0x2e7a583aa95ec87b:0x995e769194706838!8m2!3d-7.7853998!4d110.3663282!16s%2Fg%2F11bbx18nlj!19sChIJe8heqTpYei4ROGhwlJF2Xpk?authuser=0&hl=id&rclk=1","Ampera Masakan Padang","4,9","(41)","Padang","Tutup","· Buka Sen pukul 08.00","https://lh3.googleusercontent.com/gps-cs-s/APNQkAFAZrC5-eUXHRmnepalb1vX_12Sy26cKN2m-wxq4alxRYF1FUWOZ6kH8i8rKLkpDxKB-mN0c9J7wGT0s1EvBSjYi0PEoeKSAd-TL7PmMcRiHNVclpJAlN7JmJBF0rs-ACV4k-ObMT64fCZ6=w80-h142-k-no","https://ssl.gstatic.com/local/servicebusiness/default_user.png","""enakkk bangettt nasi padangnyaaa""","","","","·","Rp 1–25.000","·","","·","Jl. Gowongan Lor No.02","",""
"https://www.google.com/maps/place/Warung+Padang+amak+deen/data=!4m7!3m6!1s0x2e7a576390fc09a1:0x769cd0f442269cb3!8m2!3d-7.7972162!4d110.3640272!16s%2Fg%2F11h3ms6t6_!19sChIJoQn8kGNXei4Rs5wmQvTQnHY?authuser=0&hl=id&rclk=1","Warung Padang amak deen","4,8","(8)","Padang","Buka","· Tutup pukul 22.00","https://lh3.googleusercontent.com/gps-cs-s/APNQkAFrDwn4a6VL_7IX67SbDe20zUSgixztN__DDGNtVqICwEQtW4_UBEzUltaqAyIMkCe12i1Ji-HPXkCO2gjyEaIeBZasYcgJToTFvytze4gp-WQcQI5o7R5XCKwzbUvGaHxZwvjJ=w122-h92-k-no","https://ssl.gstatic.com/local/servicebusiness/default_user.png","""Sepertinya dibedan harga karyawan dan wisatawan.""","","","","","","·","","Jl. Beskalan","","",""
"https://www.google.com/maps/place/Padang+Family+Malioboro+Mall/data=!4m7!3m6!1s0x2e7a59d9e54b7933:0xeda16e45c2715482!8m2!3d-7.7933208!4d110.3668009!16s%2Fg%2F11kqrqxd7n!19sChIJM3lL5dlZei4RglRxwkVuoe0?authuser=0&hl=id&rclk=1","Padang Family Malioboro Mall","5,0","(2)","Padang","Buka","· Tutup pukul 22.00","https://lh3.googleusercontent.com/gps-cs-s/APNQkAH0spVwS2-Ggtr0vAbEqSA1W2d7PhWYH4Zn_ItuOXPokrYCuW391SReMNEHY2OeBp_2b9XuKTAs84tQgcTiAYgiLQduqaRxtMlOtXfdQJVjvuVXYFuiqiQXjfXg0aX_ScQdbXbRHg=w92-h92-k-no","https://ssl.gstatic.com/local/servicebusiness/default_user.png","""Rasa makanan enak, harga bervariasi tergantung lauknya""","","","","","","·","","6948+MPF Malioboro Mall","","",""
"https://www.google.com/maps/place/Rumah+Makan+Padang+Minang+Ria+-+Yogyakarta/data=!4m7!3m6!1s0x2e7a577b2e878969:0xbfd4ef06143dba86!8m2!3d-7.8018417!4d110.3897408!16s%2Fg%2F1tg134pq!19sChIJaYmHLntXei4Rhro9FAbv1L8?authuser=0&hl=id&rclk=1","Rumah Makan Padang Minang Ria - Yogyakarta","4,5","(1.428)","Padang","Buka","· Tutup pukul 21.00","https://lh3.googleusercontent.com/gps-cs-s/APNQkAE_S61A5tUmwb0a7GCjpmnKBgHo1LXVG_bKIHJ5AD9Iunyb9Sb3_AK5nD3nrR3F1JTKiv0wnG10JJmRfS1tqMZt9K4kwiyo6lG49Y2CdEszX1wE6pVbxrkAM4rCEx4NF8FhRep_Ug=w136-h92-k-no","https://ssl.gstatic.com/local/servicebusiness/default_user.png","""makanan masakan","https://www.google.com/searchviewer/42?cvd=CLw_EiUKI-ICIDIeEhciFdLX29IPDwoLL2cvMXRnMTM0cHEYAToDCPAN&hl=id-ID&gl=id&fo_m=MfohQo559jFvMUOzJVpjPL1YMfZ3bInYwBDuMfaXTPp5KXh-&utm_source=tactile&gei=pCr3aav-K6u74-EP94Du6A8&ei=pCr3aav-K6u74-EP94Du6A8&fo_s=OA&opi=79508299&orderType=1&ebb=1&cs=0&foub=mcpp","Pesan online","","·","Rp 25–50 rb","·","","Jl. Kusumanegara No.131","","padang","yang enak dan bumbunya enak."""
"https://www.google.com/maps/place/Rumah+Makan+Padang+Murah+Mantab+Kawan+Lamo/data=!4m7!3m6!1s0x2e7a5a2f39e46591:0xf0696355b140c17a!8m2!3d-7.7602377!4d110.4329875!16s%2Fg%2F11c1nj_253!19sChIJkWXkOS9aei4ResFAsVVjafA?authuser=0&hl=id&rclk=1","Rumah Makan Padang Murah Mantab Kawan Lamo","4,3","(243)","Padang","Buka","· Tutup pukul 02.01","https://lh3.googleusercontent.com/gps-cs-s/APNQkAEcBw0j_i5XRvtIGeFuL6lzS3OO5x4dVoLeDF6u-oO_AfUpeFMQtVVPmP3AvM1tebov6Vh04KEQewrtHolvxTMiyoWK_T7vWKeQwclxn_mz8U0e19fKOByXkUBm2DEyypzC8AyP=w122-h92-k-no","https://ssl.gstatic.com/local/servicebusiness/default_user.png","""enak nasi","https://www.google.com/searchviewer/42?cvd=CLw_EicKJeICIjIgEhkiF9LX29IPEQoNL2cvMTFjMW5qXzI1MxgBOgMI8A0%3D&hl=id-ID&gl=id&fo_m=MfohQo559jFvMUOzJVpjPL1YMfZ3bInYwBDuMfaXTPp5KXh-&utm_source=tactile&gei=pCr3aav-K6u74-EP94Du6A8&ei=pCr3aav-K6u74-EP94Du6A8&fo_s=OA&opi=79508299&orderType=1&ebb=1&cs=0&foub=mcpp","Pesan online","","·","Rp 1–25.000","·","","Jl. Raya Tajem No.33","","padang","disini, harga nya juga murah."""
"https://www.google.com/maps/place/Rumah+Makan+Padang+DUTA+ANDALAS/data=!4m7!3m6!1s0x2e7a5924b23b3fc9:0x39ec2381f63ed09!8m2!3d-7.770712!4d110.4016898!16s%2Fg%2F11j01z47bp!19sChIJyT87siRZei4RCe1jHzjCngM?authuser=0&hl=id&rclk=1","Rumah Makan Padang DUTA ANDALAS","","","Padang","Buka","· Tutup pukul 22.00","https://streetviewpixels-pa.googleapis.com/v1/thumbnail?panoid=7wp5KQQzCEo1hzjDQhM0EA&cb_client=search.gws-prod.gps&w=80&h=92&yaw=286.83807&pitch=0&thumbfov=100","","Makan di tempat","","","","","","·","","6CH2+PM8, Jl. Wahid Hasyim","","Bawa pulang",""
"https://www.google.com/maps/place/Nasi+Padang+Pak+Sawit/data=!4m7!3m6!1s0x2e7a59fc5fcdfb55:0xdc90e4e2330cc493!8m2!3d-7.7657264!4d110.3678031!16s%2Fg%2F11r8gdy1ml!19sChIJVfvNX_xZei4Rk8QMM-LkkNw?authuser=0&hl=id&rclk=1","Nasi Padang Pak Sawit","5,0","(1)","Nasi","","","https://streetviewpixels-pa.googleapis.com/v1/thumbnail?panoid=hE9Mk3E3yTotL1jr6LOgZg&cb_client=search.gws-prod.gps&w=80&h=92&yaw=23.870241&pitch=0&thumbfov=100","","Makan di tempat","","","","","","·","","Jl. Pocung No.74c","","Bawa pulang",""
"https://www.google.com/maps/place/RM+Padang+Jogja+Minang/data=!4m7!3m6!1s0x2e7a5a0358c895b9:0x7b1f844b5d7c19d!8m2!3d-7.783384!4d110.432057!16s%2Fg%2F11b6cpwqbn!19sChIJuZXIWANaei4RncHXtUT4sQc?authuser=0&hl=id&rclk=1","RM Padang Jogja Minang","4,3","(328)","Padang","Buka 24 jam","","https://lh3.googleusercontent.com/gps-cs-s/APNQkAFRYw0Vd-FDG9ydcdKsergpkc3BQDdO6e7-JkRlcOgNhSVy9Un5A4hPl1g99pZNaKB0Qf4hHsCXOefnj4-99Mqox8g0DOMLfvJaFi6qMKgt9qr7Quc2-YQ4F2f5vKA0Q83t25HZ=w163-h92-k-no","https://ssl.gstatic.com/local/servicebusiness/default_user.png","""","","","","·","Rp 1–25.000","·","","·","Jl. Raya Solo - Yogyakarta No.Km.9","rumah makan padang","enakk disini, lauk bumbu dan sambal ambil sendiri."""
"https://www.google.com/maps/place/Rumah+Makan+Bungo+Palo+Masakan+Padang/data=!4m7!3m6!1s0x2e7a591e6dbc436b:0x22a3f0617a052d02!8m2!3d-7.7379398!4d110.3803357!16s%2Fg%2F11c58966vl!19sChIJa0O8bR5Zei4RAi0FemHwoyI?authuser=0&hl=id&rclk=1","Rumah Makan Bungo Palo Masakan Padang","4,2","(225)","Padang","Buka","· Tutup pukul 21.00","https://lh3.googleusercontent.com/gps-cs-s/APNQkAEx2MaYx2zg1QkRaz9BtYDmLc09hRO5ozuFUhM6Hp1Il0omJ7-wFxM8mS_BbzhjSAx5NA39_CqxsIBjDjEPGWOVwiNFqWB5YphYjvQZH1JP2h0uafUVnDB-YNfSc87z3B7VGhfgUg=w80-h106-k-no","https://ssl.gstatic.com/local/servicebusiness/default_user.png","""Lengkap ada Rendang, tunjang, gulai, Rendang jenhkol Dan lain lain.""","https://www.google.com/searchviewer/42?cvd=CLw_EicKJeICIjIgEhkiF9LX29IPEQoNL2cvMTFjNTg5NjZ2bBgBOgMI8A0%3D&hl=id-ID&gl=id&fo_m=MfohQo559jFvMUOzJVpjPL1YMfZ3bInYwBDuMfaXTPp5KXh-&utm_source=tactile&gei=pCr3aav-K6u74-EP94Du6A8&ei=pCr3aav-K6u74-EP94Du6A8&fo_s=OA&opi=79508299&orderType=1&ebb=1&cs=0&foub=mcpp","Pesan online","","·","Rp 1–25.000","·","","·","Jl. Nglempong Sari","",""
"https://www.google.com/maps/place/Kansera+Rumah+Makan/data=!4m7!3m6!1s0x2e7a585185d29c5f:0x21a763ee2c101c19!8m2!3d-7.7628588!4d110.3739651!16s%2Fg%2F11bc7s4kh_!19sChIJX5zShVFYei4RGRwQLO5jpyE?authuser=0&hl=id&rclk=1","Kansera Rumah Makan","4,3","(47)","Padang","Tutup","· Buka Sen pukul 06.00","https://lh3.googleusercontent.com/gps-cs-s/APNQkAGl5kH55-ID28GijRvpGX2w9pOa7WHV0fa7_bfgspM9bnM9KdkW9qVwvq7ka5P1RM4imyrzkR5M-scbmrOAwzcMIoj960PMo477Ng9nEdqRXFxZjdYMJj12FGydIr7xzOTePxw=w80-h106-k-no","https://ssl.gstatic.com/local/servicebusiness/default_user.png","""Jadi ini kost nya bang Bene di jogja?""","","","","·","$","·","","·","Jl. Pogung Kidul No.16 No. 3, RT.004/RW.49","",""
"https://www.google.com/maps/place/Rumah+Makan+Mirah/data=!4m7!3m6!1s0x2e7a58f8e8a7b5b7:0x87655e57d098c705!8m2!3d-7.7526435!4d110.3707156!16s%2Fg%2F1ptx9cprl!19sChIJt7Wn6PhYei4RBceY0FdeZYc?authuser=0&hl=id&rclk=1","Rumah Makan Mirah","4,0","(9)","Padang","Tutup","· Buka Sen pukul 07.00","https://lh3.googleusercontent.com/gps-cs-s/APNQkAEOQVdVZQ1t9Zf19jpk2vz9DXxMo6GvqpkTh2-Tar_YBkG_LDVIj5onb6DABNd4Hu6SHdQLHG74spm16hMIMc_RD-WLDo8aLJMTfaCrb8OaBXuZjJTjYKqR60GCzVn72scL6PMJLA=w134-h92-k-no","","Makan di tempat","","","","","","·","","Gg. Intan No.13D","","Bawa pulang",""
"https://www.google.com/maps/place/Rumah+Makan+Padang+Uni+Epi/data=!4m7!3m6!1s0x2e7a598adc63bdb3:0x8dcd3d808d8ae523!8m2!3d-7.7715669!4d110.4237714!16s%2Fg%2F11f3hcj3s2!19sChIJs71j3IpZei4RI-WKjYA9zY0?authuser=0&hl=id&rclk=1","Rumah Makan Padang Uni Epi","4,6","(37)","Padang","Tutup","· Buka Sen pukul 09.15","https://lh3.googleusercontent.com/gps-cs-s/APNQkAHUScXgZrVLfU6aPMLabb_1xJBp49qGOFN7VbBaTAKhqqxNQdveBeY6oL7LSupaVlttyZyirZJoW1hF3OoTIybTKdv8_R84WHtvw2nNxxKI4YSb6GP91JkHUuwvw9oM6w0PqSg=w122-h92-k-no","https://ssl.gstatic.com/local/servicebusiness/default_user.png","""salah satu RM","","","","·","Rp 1–25.000","·","","·","Jl. K.H. Muhdi No.71","padang","asli minang di jogja"""
"https://www.google.com/maps/place/masakan+padang+agus/data=!4m7!3m6!1s0x2e7a5903269f4cc5:0xb5eb886c833a6789!8m2!3d-7.7673781!4d110.3740283!16s%2Fg%2F11fd4jgfmp!19sChIJxUyfJgNZei4RiWc6g2yI67U?authuser=0&hl=id&rclk=1","masakan padang agus","","","Padang","Buka 24 jam","","https://streetviewpixels-pa.googleapis.com/v1/thumbnail?panoid=63mf0qcGoBrqkz8NX6dvGA&cb_client=search.gws-prod.gps&w=80&h=92&yaw=17.907667&pitch=0&thumbfov=100","","Makan di tempat","","","","","","·","","69MF+2JR Kantin RSUP Dr Sardjito, Jl. Sendowo B","","Bawa pulang",""
"","","","","","","","","","","","","","","","","","","","",""