"hfpxzc href","qBF1Pd","MW4etd","UY7F9","W4Efsd","W4Efsd 2","W4Efsd 3","W4Efsd 5","W4Efsd 6","FQ2IWe src","Jn12ke src","ah5Ghc","ah5Ghc 2","ah5Ghc 3","A1zNzb href","J8zHNe","bbPy1"
"","","","","","","","","","","","","","","","",""
"","","","","","","","","","","","","","","","",""
"https://www.google.com/maps/place/Tempo+Gelato+Kaliurang/data=!4m7!3m6!1s0x2e7a59ac8eba7b9b:0xa481b43442a601bc!8m2!3d-7.7626559!4d110.3794968!16s%2Fg%2F11c600f616!19sChIJm3u6jqxZei4RvAGmQjS0gaQ?authuser=0&hl=id&rclk=1","Tempo Gelato Kaliurang","4,7","(22.021)","Es Krim","·","·","Buka","· Tutup pukul 22.30","https://lh3.googleusercontent.com/gps-cs-s/APNQkAH8cDcDUI2Azwax1Kpe2bTDD7t3kq60N46FScxqZe1ttp7RkJ3Xw9gnOFA5bMrf9Yr5nA5HcmFEzItf9yWizSe32-mfPMZDJbz-DzXP5T09PGL4obT0wa9EiY3a3GXo_A4DR6ba=w80-h106-k-no","https://ssl.gstatic.com/local/servicebusiness/default_user.png","""Beli","es krim","tiga rasa dengan cup ukuran M seharga Rp50.000.""","","",""
"https://www.google.com/maps/place/Cooler+City+Jogja/data=!4m7!3m6!1s0x2e7a59637fd3a885:0x5ae39c4acb059e8f!8m2!3d-7.7835068!4d110.3751692!16s%2Fg%2F11vxgk5bm1!19sChIJhajTf2NZei4Rj54Fy0qc41o?authuser=0&hl=id&rclk=1","Cooler City Jogja","4,7","(366)","Es Krim","·","Jl. Suroto No.20","Buka","· Tutup pukul 23.00","https://lh3.googleusercontent.com/gps-cs-s/APNQkAFyF0Ac9XJhg7n9vg6ATFC1v6adhWCu3D9UZ54nTR-m4czVRWBnVvscj8n7qPliGt5uw6vhtjENE-m7UJIY7_zNeHGryyt0mfnR_W_m_rIrzDF2bvQEJ9iADUR2mhaV_2MHp5nYN1nOOU0=w80-h106-k-no","https://ssl.gstatic.com/local/servicebusiness/default_user.png","""tempate bagus","es krim","nya enak enak tempatnya lucu pol pink biru""","https://www.google.com/searchviewer/42?cvd=CLw_EicKJeICIjIgEhkiF9LX29IPEQoNL2cvMTF2eGdrNWJtMRgBOgMI8A0%3D&hl=id-ID&gl=id&fo_m=MfohQo559jFvMUOzJVpjPL1YMfZ3bInYwBDuMfaXTPp5KXh-&utm_source=tactile&gei=3Cr3adfhFbSL4-EPkr7RmQo&ei=3Cr3adfhFbSL4-EPkr7RmQo&fo_s=OA&opi=79508299&orderType=1&ebb=1&cs=0&foub=mcpp","Pesan online",""
"https://www.google.com/maps/place/Bingxue+Kaliurang+UGM/data=!4m7!3m6!1s0x2e7a59007bb51457:0x84103a9653d26660!8m2!3d-7.7634228!4d110.3796667!16s%2Fg%2F11yr4hdh79!19sChIJVxS1ewBZei4RYGbSU5Y6EIQ?authuser=0&hl=id&rclk=1","Bingxue Kaliurang UGM","4,8","(32)","Es Krim","·","69PH+JV7","Buka","· Tutup pukul 21.30","https://lh3.googleusercontent.com/gps-cs-s/APNQkAFB_1cJy1ooGx87umrKuUL5Egp7dLQDE8mGV9j0sz4jGR9qW6sOxyPfs9B3YVP1Ia00QSzsilL2FhXPvIj-Me5hjLYQZKHrp_hDGEChXq9rCl8MIZ3D3hyc32nKL3q3qKDeDHaiWy8xCQun=w80-h106-k-no","https://ssl.gstatic.com/local/servicebusiness/default_user.png","""Untuk rasa","es krim","matcha enak.""","https://www.google.com/searchviewer/42?cvd=CLw_EicKJeICIjIgEhkiF9LX29IPEQoNL2cvMTF5cjRoZGg3ORgBOgMI8A0%3D&hl=id-ID&gl=id&fo_m=MfohQo559jFvMUOzJVpjPL1YMfZ3bInYwBDuMfaXTPp5KXh-&utm_source=tactile&gei=3Cr3adfhFbSL4-EPkr7RmQo&ei=3Cr3adfhFbSL4-EPkr7RmQo&fo_s=OA&opi=79508299&orderType=1&ebb=1&cs=0&foub=mcpp","Pesan online",""
"https://www.google.com/maps/place/ROEMI+Xtraordinary+Ice+Cream/data=!4m7!3m6!1s0x2e7a583276eb8cc3:0xee9dcdf0b868127e!8m2!3d-7.7855747!4d110.3742329!16s%2Fg%2F1tdhvyfj!19sChIJw4zrdjJYei4RfhJouPDNne4?authuser=0&hl=id&rclk=1","ROEMI Xtraordinary Ice Cream","4,3","(3.016)","Es Krim","·","Jl. Suroto No.1","Buka","· Tutup pukul 22.30","https://lh3.googleusercontent.com/gps-cs-s/APNQkAEZObAe4tQ_lmaM-B2aW3pKRX4ArGqK6WWJPmBxDE8ICkzGYt0tQyQee0U36-01LVOJXBE1ry8V2zWL9452yPLzwJjwCs1CWu4QGePqmBLUrqzEch1hNmUFOXpAwu_iK_LgGrOMLg=w122-h92-k-no","https://ssl.gstatic.com/local/servicebusiness/default_user.png","""","Es","krimnya enak, lembut, ada potongan buah strawberry nya, sukak banget.""","https://www.google.com/searchviewer/42?cvd=CLw_EiUKI-ICIDIeEhciFdLX29IPDwoLL2cvMXRkaHZ5ZmoYAToDCPAN&hl=id-ID&gl=id&fo_m=MfohQo559jFvMUOzJVpjPL1YMfZ3bInYwBDuMfaXTPp5KXh-&utm_source=tactile&gei=3Cr3adfhFbSL4-EPkr7RmQo&ei=3Cr3adfhFbSL4-EPkr7RmQo&fo_s=OA&opi=79508299&orderType=1&ebb=1&cs=0&foub=mcpp","Pesan online",""
"https://www.google.com/maps/place/17%E2%80%99s+Ice+Cream/data=!4m7!3m6!1s0x2e7a5984dcd414e1:0xadef66965e052f6!8m2!3d-7.7705444!4d110.3883303!16s%2Fg%2F11vqlpp_n5!19sChIJ4RTU3IRZei4R9lLgZWn23go?authuser=0&hl=id&rclk=1","17’s Ice Cream","4,7","(193)","Es Krim","·","Jl. Komojoyo No.21A","Buka","· Tutup pukul 23.00","https://lh3.googleusercontent.com/gps-cs-s/APNQkAEW8Zc50K1591-xCJnLb4B3IiOzLrd1phXyPDk_xdCsobocKQ6Nz5xx79EZhk_Als6WHh0xk7r2aMRNrgOtX15sHAG_OBPLxiY1l87mkElqGBlQohfMHkjHz53yPs6lt7c4iP3UOsazfGI=w80-h106-k-no","https://ssl.gstatic.com/local/servicebusiness/default_user.png","""Dan menyediakan tidak banyak variasi","es krim",",tapi sangat unik unik.""","https://www.google.com/searchviewer/42?cvd=CLw_EicKJeICIjIgEhkiF9LX29IPEQoNL2cvMTF2cWxwcF9uNRgBOgMI8A0%3D&hl=id-ID&gl=id&fo_m=MfohQo559jFvMUOzJVpjPL1YMfZ3bInYwBDuMfaXTPp5KXh-&utm_source=tactile&gei=3Cr3adfhFbSL4-EPkr7RmQo&ei=3Cr3adfhFbSL4-EPkr7RmQo&fo_s=OA&opi=79508299&orderType=1&ebb=1&cs=0&foub=mcpp","Pesan online",""
"https://www.google.com/maps/place/Papakibo+Ice+Cream+-+CondongCatur+Jogja/data=!4m7!3m6!1s0x2e7a59625c367f4d:0x902b84b474c3beec!8m2!3d-7.7532618!4d110.4070736!16s%2Fg%2F11wb0t6_10!19sChIJTX82XGJZei4R7L7DdLSEK5A?authuser=0&hl=id&rclk=1","Papakibo Ice Cream - CondongCatur Jogja","4,8","(63)","Es Krim","·","No 311-313, Jl. Tanjung","Buka","· Tutup pukul 21.00","https://lh3.googleusercontent.com/gps-cs-s/APNQkAHSJucGnz_OcVNJucpTgWoj-NknCSJHchs6Rwy5M2VUn2EYTknvuq5fPxIlfpT7kiuu1c7yDBsS0NrrQXZCaXPiIyGYyLWPuJpE3woC1clHt1tQC5KFUTARbqz5U9_SMpXBD2wsOg=w80-h142-k-no","https://ssl.gstatic.com/local/servicebusiness/default_user.png","""","toko es krim","rasa","","",""
"https://www.google.com/maps/place/London+Bakery+Coffee+and+Gelato/data=!4m7!3m6!1s0x2e7a59526df1261b:0xa502f74f81511081!8m2!3d-7.7841781!4d110.374977!16s%2Fg%2F11q42ww7mw!19sChIJGybxbVJZei4RgRBRgU_3AqU?authuser=0&hl=id&rclk=1","London Bakery Coffee and Gelato","4,8","(517)","Es Krim","·","·","Buka","· Tutup pukul 23.00","https://lh3.googleusercontent.com/gps-cs-s/APNQkAHjXNApoDwNLBYRkHv1M3gxPnvlVOBz-TplLolanK7yg1s20UxWMZDll0pcyMJiTngbvOxg4G-Ddc-bZWPC7VPJqeNdmVmc8-BFQ15zTkHQN64BcQVvh7-ixx0tcCNNOp2w3buxtw=w80-h106-k-no","https://ssl.gstatic.com/local/servicebusiness/default_user.png","""Gelato, tp rasa","es krim",", roti banyak yg habis, jd blm sempat coba""","","",""
"https://www.google.com/maps/place/La+Moda+del+Gelato/data=!4m7!3m6!1s0x2e7a59d17066a0e7:0x6cd65d04d4b1dd82!8m2!3d-7.7829613!4d110.4013136!16s%2Fg%2F11mhlhyl8b!19sChIJ56BmcNFZei4Rgt2x1ARd1mw?authuser=0&hl=id&rclk=1","La Moda del Gelato","4,1","(92)","Es Krim","·","6C82+RG8, Plaza Ambarrukmo, Jl. Laksda Adisucipto","Buka sekarang","","https://lh3.googleusercontent.com/gps-cs-s/APNQkAHxBIJgN4dyr3j1UlItVHgFUfsQvABVl19PSS3CdSRbDuN-wpdmDuJBktKzQeuQ8-vYvOVAYqriK1XKybbBBV1E5ONLz2lA2sbG7SWbfJAgmpqRWzDovTGukWRyxHNaOXroX4L_=w163-h92-k-no","https://ssl.gstatic.com/local/servicebusiness/default_user.png","""Banyak pilihan","es krim","""","","",""
"https://www.google.com/maps/place/Milk+by+Artemy/data=!4m7!3m6!1s0x2e7a583bcd351617:0xfab424e1b72e81e8!8m2!3d-7.781396!4d110.3636426!16s%2Fg%2F1hc19vzdf!19sChIJFxY1zTtYei4R6IEut-EktPo?authuser=0&hl=id&rclk=1","Milk by Artemy","4,6","(4.701)","Es Krim","·","·","Buka","· Tutup pukul 22.00","https://lh3.googleusercontent.com/gps-cs-s/APNQkAHmytdXAIHw_umjVGt_LXNb7O9KGR38Ff31fKbAmg6tJFfvfKHuaVaUUKBd_GIVWYciUM-9uuY6MmhOfI7MP515BXWFwREIUNkTUU0NPzu423ama3wCuKb9IyPqEy8AC0HLe-wS=w122-h92-k-no","https://ssl.gstatic.com/local/servicebusiness/default_user.png","""Rasa","es krim","enak banget, kmrn cobain red velvet dan strawberry sorbet.""","https://www.google.com/searchviewer/42?cvd=CLw_EiYKJOICITIfEhgiFtLX29IPEAoML2cvMWhjMTl2emRmGAE6AwjwDQ%3D%3D&hl=id-ID&gl=id&fo_m=MfohQo559jFvMUOzJVpjPL1YMfZ3bInYwBDuMfaXTPp5KXh-&utm_source=tactile&gei=3Cr3adfhFbSL4-EPkr7RmQo&ei=3Cr3adfhFbSL4-EPkr7RmQo&fo_s=OA&opi=79508299&orderType=1&ebb=1&cs=0&foub=mcpp","Pesan online",""
"https://www.google.com/maps/place/Ice+Cream+Gobet+Pak+Saimun/data=!4m7!3m6!1s0x2e7a59cb39a381d1:0x6a9e443a36ab2235!8m2!3d-7.7773669!4d110.3791764!16s%2Fg%2F1pzpq3x48!19sChIJ0YGjOctZei4RNSKrNjpEnmo?authuser=0&hl=id&rclk=1","Ice Cream Gobet Pak Saimun","4,8","(6)","Es Krim","·","JL. Colombo, Jl. Sagan No.86","Buka","· Tutup pukul 21.00","https://lh3.googleusercontent.com/gps-cs-s/APNQkAHL5B2nn_F6TFxkd66NHZGKoO7wtCAv6_Cs6S2P9M6xWE6Myk9ELa5WvqhsOOc7Hx0Kj24mhC2s1GFynJo1w836meURnUuEe01MUMeHdPfFIfavvyQ274-w0ycndmgiNEh4KT_Usg=w80-h142-k-no","https://ssl.gstatic.com/local/servicebusiness/default_user.png","""Kalian harus mencoba egg tart Portugis dan Suisse!""","","","","",""
"https://www.google.com/maps/place/Luca+Seturan/data=!4m7!3m6!1s0x2e7a5900311aa8e5:0x30595890c89fd4ee!8m2!3d-7.7719593!4d110.4096755!16s%2Fg%2F11ldr9lv_x!19sChIJ5agaMQBZei4R7tSfyJBYWTA?authuser=0&hl=id&rclk=1","Luca Seturan","4,2","(260)","Es Krim","·","Jl. Seturan Raya No.1","Buka","· Tutup pukul 22.30","https://lh3.googleusercontent.com/gps-cs-s/APNQkAHSm4ambbauBkd340EEfQeLbfMP5K1cqIKReXkYV3xjoWQMIu3Sh6zojL35uiJTcpTk3jGgq7f2IelkoqIEupINip3jS_eux9sByCjhx8Z-KWkZxCgVou_bNgLVpuCIrWlJKvw2Pg=w80-h142-k-no","https://ssl.gstatic.com/local/servicebusiness/default_user.png","""Tempat makan","es krim","di seturan, harga cukup affordable.""","","",""
"https://www.google.com/maps/place/MY+Gelato+Tugu/data=!4m7!3m6!1s0x2e7a599c15379107:0x2cb7b0d9d3a1bfd0!8m2!3d-7.7830719!4d110.3666505!16s%2Fg%2F11q2xbh3xc!19sChIJB5E3FZxZei4R0L-h09mwtyw?authuser=0&hl=id&rclk=1","MY Gelato Tugu","4,7","(239)","Es Krim","·","·","Buka","· Tutup pukul 22.00","https://lh3.googleusercontent.com/gps-cs-s/APNQkAFA2JV6e995nVRchbJeVk_RLOeTpTaz3BSVnmL7z0HC_xh9tzJd2QF2_A48Ta2H7vwHXEUso-yrP8XywladSYLb94EXD1QuI3HyLXBacQxtBpE0617pZebiCVsuPhjWaLcYDjhN5g=w122-h92-k-no","https://ssl.gstatic.com/local/servicebusiness/default_user.png","""tempat nya bersih, pelayanan nya ramah,","es krim","nya enak.""","","",""
"https://www.google.com/maps/place/Mixue+Jogja+Gejayan/data=!4m7!3m6!1s0x2e7a5970e4f7a0c5:0xba8705994ba3d01b!8m2!3d-7.7814217!4d110.3878823!16s%2Fg%2F11s9__g4jz!19sChIJxaD35HBZei4RG9CjS5kFh7o?authuser=0&hl=id&rclk=1","Mixue Jogja Gejayan","4,8","(632)","Es Krim","·","Jl. Affandi No.11b","Buka","· Tutup pukul 22.00","https://lh3.googleusercontent.com/gps-cs-s/APNQkAGtyh-UZ7KxtV18mLhhHB5TsjFDsYMkVSLkemMRqPeP64brj4q5kg07SzFrU3wPxc3iisEvTi5KC46zLHo3f3ln6evO51Y7pebSaJiykB5CWvcKFhHlb1KLlUFEQTPt6tdlS2VM=w80-h106-k-no","https://ssl.gstatic.com/local/servicebusiness/default_user.png","""","Es krim","nya enak banget, tempat nya bersih dan nyaman buat nongkrong.""","https://www.google.com/searchviewer/42?cvd=CLw_EicKJeICIjIgEhkiF9LX29IPEQoNL2cvMTFzOV9fZzRqehgBOgMI8A0%3D&hl=id-ID&gl=id&fo_m=MfohQo559jFvMUOzJVpjPL1YMfZ3bInYwBDuMfaXTPp5KXh-&utm_source=tactile&gei=3Cr3adfhFbSL4-EPkr7RmQo&ei=3Cr3adfhFbSL4-EPkr7RmQo&fo_s=OA&opi=79508299&orderType=1&ebb=1&cs=0&foub=mcpp","Pesan online",""
"https://www.google.com/maps/place/Cream+%26+creme/data=!4m7!3m6!1s0x2e7a59920995c95b:0x434e277b530eeff6!8m2!3d-7.789742!4d110.364544!16s%2Fg%2F11tn58vm5s!19sChIJW8mVCZJZei4R9u8OU3snTkM?authuser=0&hl=id&rclk=1","Cream & creme","4,6","(159)","Es Krim","·","6967+4R3, Jl. Malioboro","Buka","· Tutup pukul 22.00","https://lh3.googleusercontent.com/gps-cs-s/APNQkAGJWkFatHXU590--8mIeR-dsYZxiAAoZeegANt0u3B0PmoijEMIAdV1fgRa451dUWtIlPbXLJAqrnhoxH8WDygguK0XP0VgVlPW2jReYSuwphRaz4AtsRSLXyS_cy96SrOz6x7NSQ=w80-h106-k-no","https://ssl.gstatic.com/local/servicebusiness/default_user.png","""","Es krim","disini harganya murah cuma 10k aja tapi rasanya asli enak.""","","",""
"https://www.google.com/maps/place/KON+Ice+Cream+-+Gejayan/data=!4m7!3m6!1s0x2e7a59c8c18958d7:0x6aca8bd0d29ad704!8m2!3d-7.7783899!4d110.3887089!16s%2Fg%2F1tm3mc8c!19sChIJ11iJwchZei4RBNea0tCLymo?authuser=0&hl=id&rclk=1","KON Ice Cream - Gejayan","4,3","(816)","Es Krim","·","","Buka","· Tutup pukul 22.00","https://lh3.googleusercontent.com/gps-cs-s/APNQkAEPl1_uaGH7h4BkeDkGCx0Zm9DAB1FUcrotA8ap0fYgivNw0uxJIWNZOFt08OM4m6R7u3D5TD9h4T5YlrauoGJXnLab9pNszuvFkCAMIVgh-qrpR0xPgDkGYKQMufSoi6CmJagU=w80-h106-k-no","https://ssl.gstatic.com/local/servicebusiness/default_user.png","""[RECOMENDED)
Sering banget aku beli nih","es krim",", murah dan enak.""","https://www.google.com/searchviewer/42?cvd=CLw_EiUKI-ICIDIeEhciFdLX29IPDwoLL2cvMXRtM21jOGMYAToDCPAN&hl=id-ID&gl=id&fo_m=MfohQo559jFvMUOzJVpjPL1YMfZ3bInYwBDuMfaXTPp5KXh-&utm_source=tactile&gei=3Cr3adfhFbSL4-EPkr7RmQo&ei=3Cr3adfhFbSL4-EPkr7RmQo&fo_s=OA&opi=79508299&orderType=1&ebb=1&cs=0&foub=mcpp","Pesan online",""
"https://www.google.com/maps/place/Paletas+Wey/data=!4m7!3m6!1s0x2e7a59c28e984caf:0x84e388bd9b16ba7c!8m2!3d-7.781832!4d110.401298!16s%2Fg%2F11c17n62j4!19sChIJr0yYjsJZei4RfLoWm72I44Q?authuser=0&hl=id&rclk=1","Paletas Wey","4,6","(10)","Es Krim","·","Ambarrukmo Plaza Lantai LG, Jalan Laksda Adisucipto Km.6","Buka","· Tutup pukul 22.00","https://lh3.googleusercontent.com/gps-cs-s/APNQkAEP-aLqbP96WIGpZv8SdZiSzloYpsrM-1QSN5e5pXjbeCUkk9yyKMfPbNcaipKTGF-vbJC-0eZoZ5Nz1J0n5QpoAY9eXZ4PlJ-PGbslIYTVkTupQngdAEr8-USgGmMXGeLgwg4=w80-h106-k-no","https://ssl.gstatic.com/local/servicebusiness/default_user.png","""","Es krim","sehat ter enak.""","","",""
"https://www.google.com/maps/place/CIC+Corner/data=!4m7!3m6!1s0x2e7a594062d4292d:0xf72a7c2c550d57e6!8m2!3d-7.7831149!4d110.4138384!16s%2Fg%2F11lv4y3mmw!19sChIJLSnUYkBZei4R5lcNVSx8Kvc?authuser=0&hl=id&rclk=1","CIC Corner","5,0","(27)","Es Krim","·","Jl. Raya Solo - Yogyakarta No.211","Buka","· Tutup pukul 20.00","https://lh3.googleusercontent.com/gps-cs-s/APNQkAGQcdIV3aKFZmExwScTL7tsADCBZZOnWSOGT4fKQauL02lfd_XiKM4uAxLrBezcO3qPnruMbEJNUnrrF7l_Lv-qQsZzB8JNUhjMUuLRA-BIVOaMORyr-D3eCuLOC6f0jzjIwCv2ng=w80-h106-k-no","https://ssl.gstatic.com/local/servicebusiness/default_user.png","""","Es krim",", cookies, mango cheese milk nya enaakkk, sukses CIC corner ..""","","",""
"https://www.google.com/maps/place/Nora+Ice+Cream/data=!4m7!3m6!1s0x2e7a59ab01caf495:0xee4ba3172f271ee5!8m2!3d-7.7881766!4d110.379887!16s%2Fg%2F11lpvdbplh!19sChIJlfTKAatZei4R5R4nLxejS-4?authuser=0&hl=id&rclk=1","Nora Ice Cream","5,0","(5)","Es Krim","·","Jl. Klitren Lor GK 3 No.153","Buka 24 jam","","https://lh3.googleusercontent.com/gps-cs-s/APNQkAF8dpmBfFAK0jDufFGGbkc2TJK8Mup0sX77Cax7sd2DYgRP_OellcZJvCh6L3ub5H8gYJh61gcA4phlN7fvrG5KUldw15n-Uh4U541aGz-wpNhkDY-WOwPMooz5GzXRwbBehYg=w92-h92-k-no","","Pesan antar","","","https://www.google.com/searchviewer/42?cvd=CLw_EicKJeICIjIgEhkiF9LX29IPEQoNL2cvMTFscHZkYnBsaBgBOgMI8A0%3D&hl=id-ID&gl=id&fo_m=MfohQo559jFvMUOzJVpjPL1YMfZ3bInYwBDuMfaXTPp5KXh-&utm_source=tactile&gei=3Cr3adfhFbSL4-EPkr7RmQo&ei=3Cr3adfhFbSL4-EPkr7RmQo&fo_s=OA&opi=79508299&orderType=1&ebb=1&cs=0&foub=mcpp","Pesan online",""
"https://www.google.com/maps/place/Aice+Outlet+Resmi+Pabrik+Es+Krim/data=!4m7!3m6!1s0x2e7a59083b0d32f3:0xcea4267898e5b238!8m2!3d-7.7528097!4d110.3924542!16s%2Fg%2F11gcdcwb4g!19sChIJ8zINOwhZei4ROLLlmHgmpM4?authuser=0&hl=id&rclk=1","Aice Outlet Resmi Pabrik Es Krim","5,0","(3)","Es Krim","·","Jl. Agung Sedayu No.9B","Buka","· Tutup pukul 20.00","https://streetviewpixels-pa.googleapis.com/v1/thumbnail?panoid=5VvxUVWsJ8fhYHSAR6-71Q&cb_client=search.gws-prod.gps&w=80&h=92&yaw=100.760185&pitch=0&thumbfov=100","https://ssl.gstatic.com/local/servicebusiness/default_user.png","""ada nomor yang bisa dihubungi tidak terkait pemesanan?""","","","","",""
"https://www.google.com/maps/place/Mixue+Tugu+Jogja/data=!4m7!3m6!1s0x2e7a59b4e3deaebf:0x78b7170841584e38!8m2!3d-7.7819417!4d110.3670661!16s%2Fg%2F11q3twk76k!19sChIJv67e47RZei4ROE5YQQgXt3g?authuser=0&hl=id&rclk=1","Mixue Tugu Jogja","4,5","(659)","Es Krim","·","Jl. A.M. Sangaji No.11","Buka","· Tutup pukul 23.00","https://lh3.googleusercontent.com/gps-cs-s/APNQkAH7ESgnaaKJF6XltaJZtSMzO5AuzrZvp-npba2lED1coC9GaZ1pFB9w4_ilHyYLmzv5v2BpZmtM815PRf5XEBv5wMowav8CXeY1jL__xqwqY2OGZAis19RWHrdkLnDlhbWMySjq=w80-h106-k-no","https://ssl.gstatic.com/local/servicebusiness/default_user.png","""gapernah sepii,","es","krimnya enak dengan harga terjangkau""","https://www.google.com/searchviewer/42?cvd=CLw_EicKJeICIjIgEhkiF9LX29IPEQoNL2cvMTFxM3R3azc2axgBOgMI8A0%3D&hl=id-ID&gl=id&fo_m=MfohQo559jFvMUOzJVpjPL1YMfZ3bInYwBDuMfaXTPp5KXh-&utm_source=tactile&gei=3Cr3adfhFbSL4-EPkr7RmQo&ei=3Cr3adfhFbSL4-EPkr7RmQo&fo_s=OA&opi=79508299&orderType=1&ebb=1&cs=0&foub=mcpp","Pesan online",""
"https://www.google.com/maps/place/Ice+Cream+Durian+Pak+Dayat/data=!4m7!3m6!1s0x2e7a59cd04f014f7:0x58870fd2a3b1d34a!8m2!3d-7.7830998!4d110.3810029!16s%2Fg%2F11c2pg44l2!19sChIJ9xTwBM1Zei4RStOxo9IPh1g?authuser=0&hl=id&rclk=1","Ice Cream Durian Pak Dayat","4,8","(66)","Kedai Hidangan Penutup","·","·","Buka","· Tutup pukul 21.00","https://lh3.googleusercontent.com/gps-cs-s/APNQkAFlpetVBWsCTSV8sjf2KL3fTC90PfcJbeI7prmz2T31cbz__VJe3PQuKZqd36-zR1toddM0N7oLix19HadGb4M-ToxlCe0vyLqxFSeiM_oywyG1v7sqXHqW_FmCuzL66V5py9u0cV6dsr9O=w80-h106-k-no","https://ssl.gstatic.com/local/servicebusiness/default_user.png","""","es krim","durian yang sangat enak dengan harga yang murah dan dapat banyak""","","",""
"https://www.google.com/maps/place/Parsley+Bakery+%26+Resto+Seturan/data=!4m7!3m6!1s0x2e7a599161c41419:0xa6ff911cad7b4d2e!8m2!3d-7.772481!4d110.4106872!16s%2Fg%2F11bt_j58g0!19sChIJGRTEYZFZei4RLk17rRyR_6Y?authuser=0&hl=id&rclk=1","Parsley Bakery & Resto Seturan","4,8","(2.328)","Es Krim","·","Jl. Seturan Square Jl. Seturan Raya","Buka","· Tutup pukul 23.00","https://lh3.googleusercontent.com/gps-cs-s/APNQkAGaDoenKW0RUhVkpJsl-XkmXALd5A2jzqgfiEwQhOVjB04FKTXbyD5f99gBGIZuz2jap1NblEzWSRnYd5sAbC4sSQL8CUD3_7ZTWS-lUOSuqGY16zCGaddTgWtU5CHmtkoC3Fc=w163-h92-k-no","https://ssl.gstatic.com/local/servicebusiness/default_user.png","""Lychee","ice","tea nya segar enak""","https://www.google.com/searchviewer/42?cvd=CLw_EicKJeICIjIgEhkiF9LX29IPEQoNL2cvMTFidF9qNThnMBgBOgMI8A0%3D&hl=id-ID&gl=id&fo_m=MfohQo559jFvMUOzJVpjPL1YMfZ3bInYwBDuMfaXTPp5KXh-&utm_source=tactile&gei=3yr3abfyG62w4-EPqPbN6A4&ei=3yr3abfyG62w4-EPqPbN6A4&fo_s=OA&opi=79508299&orderType=1&ebb=1&cs=0&foub=mcpp","Pesan online",""
"https://www.google.com/maps/place/Yono+Es+Puter+%26+Es+Krim/data=!4m7!3m6!1s0x2e7a58f9aaaaaaab:0x9dac904d3cb31a0f!8m2!3d-7.7525927!4d110.3693651!16s%2Fg%2F11gjm1vj85!19sChIJq6qqqvlYei4RDxqzPE2QrJ0?authuser=0&hl=id&rclk=1","Yono Es Puter & Es Krim","4,4","(13)","Es Krim","·","Gg. Pancal No.25","Buka","· Tutup pukul 21.00","https://streetviewpixels-pa.googleapis.com/v1/thumbnail?panoid=hsEMZ3xiZHwquMczwkfBeA&cb_client=search.gws-prod.gps&w=80&h=92&yaw=308.97186&pitch=0&thumbfov=100","https://ssl.gstatic.com/local/servicebusiness/default_user.png","""","Es","nya enak, yang punya ramah, fast respon, harga terjangkau.""","","",""
"https://www.google.com/maps/place/Parsley+Bakery+%26+Resto+Jakal/data=!4m7!3m6!1s0x2e7a59a5e7e8fa59:0xd4018696a98a3a4b!8m2!3d-7.759644!4d110.38132!16s%2Fg%2F1hdzyck83!19sChIJWfro56VZei4RSzqKqZaGAdQ?authuser=0&hl=id&rclk=1","Parsley Bakery & Resto Jakal","4,7","(7.983)","Es Krim","·","·","Buka","· Tutup pukul 21.00","https://lh3.googleusercontent.com/gps-cs-s/APNQkAHZSRGg9pNREdjfPY4hPTEC-_QbI0vhI7cZCgv1PsDmO9g2GZyqD3HVlFhUIDhsMAWuJtMrrj24xnuIWuJ35tEy_2uilhmSflxSFxiwHEjf4r2for22FDqCDZG3sGOtMSZGvNtKyA=w122-h92-k-no","https://ssl.gstatic.com/local/servicebusiness/default_user.png","""Crumbsnya juga enak, makan dicampur sama cake + vanilla","ice","creamnya.""","https://www.google.com/searchviewer/42?cvd=CLw_EiYKJOICITIfEhgiFtLX29IPEAoML2cvMWhkenljazgzGAE6AwjwDQ%3D%3D&hl=id-ID&gl=id&fo_m=MfohQo559jFvMUOzJVpjPL1YMfZ3bInYwBDuMfaXTPp5KXh-&utm_source=tactile&gei=3yr3abfyG62w4-EPqPbN6A4&ei=3yr3abfyG62w4-EPqPbN6A4&fo_s=OA&opi=79508299&orderType=1&ebb=1&cs=0&foub=mcpp","Pesan online",""
"https://www.google.com/maps/place/Ice+Cream+Campina+Toko+Progo/data=!4m7!3m6!1s0x2e7a5787a9a0a597:0xdd38db93ea1fbdab!8m2!3d-7.798716!4d110.3689623!16s%2Fg%2F11dym8jg_q!19sChIJl6WgqYdXei4Rq70f6pPbON0?authuser=0&hl=id&rclk=1","Ice Cream Campina Toko Progo","5,0","(9)","Es Krim","·","Jl. Mayor Suryotomo No.29","Buka","· Tutup pukul 20.00","https://lh3.googleusercontent.com/gps-cs-s/APNQkAFDobij-nWznP5MBFvhDrIWIZDs7xrWr6VEFmovfxTr_TQO2R4JvGWd6pIfhBnahyaCxUld1x9_i1KeXAB0l_OM9hBC5jkYmt78dSAiC9sgbr3maVGEi_5fo5r7D5jA82lREoaP=w122-h92-k-no","","Bawa pulang","","","","",""
"https://www.google.com/maps/place/Es+Dung-Dung/data=!4m7!3m6!1s0x2e7a59f189fb5141:0xefba343d4b1ef2c6!8m2!3d-7.7890865!4d110.37393!16s%2Fg%2F11kpqsvrmh!19sChIJQVH7ifFZei4RxvIeSz00uu8?authuser=0&hl=id&rclk=1","Es Dung-Dung","4,7","(83)","Es Krim","·","696F+9H7, Jl. Tukangan","Buka","· Tutup pukul 21.00","https://lh3.googleusercontent.com/gps-cs-s/APNQkAGOG5cm1RNUU4x5BtEfSn6onV3CtzzZgv6vbezMO51CHgj00nGPnp5PKl9johvEO1mBMOp83s8P5BaMwNUhJ0cNuL5RiewF2IvzegC1FU09xBeuIElahsGxPkcFG1Wwl4KunMAU8g=w163-h92-k-no","https://ssl.gstatic.com/local/servicebusiness/default_user.png","""2 scoop bisa buat 2 hari krn kusimpan di freezer dan cukup byk porsinya 😄""","","","","",""
"https://www.google.com/maps/place/Outlet+AICE+eskrim+kekinian/data=!4m7!3m6!1s0x2e7a59c1ca139c95:0xdba347dec4314f9!8m2!3d-7.7653591!4d110.3818088!16s%2Fg%2F11h0bx0v8l!19sChIJlZwTysFZei4R-RRD7H00ug0?authuser=0&hl=id&rclk=1","Outlet AICE eskrim kekinian","","","Toko bahan makanan","·","Gg. Gayamsari I Jl. Karangasem No.16","Buka","· Tutup pukul 23.00","https://lh3.googleusercontent.com/gps-cs-s/APNQkAGUPwGCDqDS3-A1wmumfhpgcH3K5Jx4tDSIS3rtdcUDLgwct4zmA-KF-9a4AAN75YYawI1HmlBgiFVEgKzrdnvBq4QUg6eDiNplcyzYh3IJN5uO4SfERj2cQ53b-kPhMh8W0PfM=w163-h92-k-no","","Belanja di toko","","","","",""
"https://www.google.com/maps/place/Doger+Mangkal+-+Nologaten/data=!4m7!3m6!1s0x2e7a594fd856730f:0xe7f9000e3e5e5e84!8m2!3d-7.7765945!4d110.4006424!16s%2Fg%2F11vwznl698!19sChIJD3NW2E9Zei4RhF5ePg4A-ec?authuser=0&hl=id&rclk=1","Doger Mangkal - Nologaten","4,6","(161)","Es Krim","·","Jl. Nologaten No.143","Buka","· Tutup pukul 01.00","https://lh3.googleusercontent.com/gps-cs-s/APNQkAEicntp73rlV9si_ufob6p07LzKDYVuH0l9jUAWGukQQlQp0iFOrI1WToLzAETHdj-pbF_UdThTWI6VellT6AeNcBMy1-gRmwhWs-AHSIpVsqA_4SnKixPwLyj5wMjCRjBTMe94SF0vNTSI=w80-h106-k-no","https://ssl.gstatic.com/local/servicebusiness/default_user.png","""enak","es","top 💯💯
rekomendasi buat buka puasa""","https://www.google.com/searchviewer/42?cvd=CLw_EicKJeICIjIgEhkiF9LX29IPEQoNL2cvMTF2d3pubDY5OBgBOgMI8A0%3D&hl=id-ID&gl=id&fo_m=MfohQo559jFvMUOzJVpjPL1YMfZ3bInYwBDuMfaXTPp5KXh-&utm_source=tactile&gei=3yr3abfyG62w4-EPqPbN6A4&ei=3yr3abfyG62w4-EPqPbN6A4&fo_s=OA&opi=79508299&orderType=1&ebb=1&cs=0&foub=mcpp","Pesan online",""
"https://www.google.com/maps/place/Es+Kul+Kul+DIY/data=!4m7!3m6!1s0x2e7a5972f1468fa7:0xc53077c64c41e6b4!8m2!3d-7.7802494!4d110.3705781!16s%2Fg%2F11vcvcfm4_!19sChIJp49G8XJZei4RtOZBTMZ3MMU?authuser=0&hl=id&rclk=1","Es Kul Kul DIY","4,9","(16)","Es Krim","·","Jl. Terban GK No.V/622, RT.23/RW.05","Buka","· Tutup pukul 22.00","https://lh3.googleusercontent.com/gps-cs-s/APNQkAHaXQVDCNBZvX4nCOzE7gD9pkLQkGIxi-BvQS7ffLtXf0qmN1lpW8WFWDw8uGYAxJSCoWbKZM1BO5CHwlRUMI3EaJv8N9jjC8wF-6289baHr-r-P18Dug4V_4W6j11aYyvCWDd6=w80-h142-k-no","https://ssl.gstatic.com/local/servicebusiness/default_user.png","""Enak bangett!!""","","","","",""
"https://www.google.com/maps/place/Punika+Deli/data=!4m7!3m6!1s0x2e7a59e8195a3f25:0xfa15f1ce87bc78a6!8m2!3d-7.7822743!4d110.4025209!16s%2Fg%2F11c2qxrtz4!19sChIJJT9aGehZei4Rpni8h87xFfo?authuser=0&hl=id&rclk=1","Punika Deli","4,7","(449)","Es Krim","·","·","Buka","· Tutup pukul 23.00","https://lh3.googleusercontent.com/gps-cs-s/APNQkAEWB8sN7nzKm9RIkB6eG-X4qbqWDSDYC7UcUf7PXPGlr6WB_ZFb9q-atmLbPxlc93OxgCfYEoT8-Ec7VPaef-ldXZROaw95c-NZgZQfjYW5rUGKeCw9KyHUvSQVlQDOGgnFCxyn=w80-h120-k-no","https://ssl.gstatic.com/local/servicebusiness/default_user.png","""Kalo kesini wajib beli gelatonya sih 😁""","","","","",""
"https://www.google.com/maps/place/Treat+Cafe+Jakal/data=!4m7!3m6!1s0x2e7a59a98b8a648b:0x3ab92822da86f09d!8m2!3d-7.7647677!4d110.3791502!16s%2Fg%2F11f0_r5g_v!19sChIJi2SKi6lZei4RnfCG2iIouTo?authuser=0&hl=id&rclk=1","Treat Cafe Jakal","4,6","(921)","Es Krim","·","·","Buka","· Tutup pukul 21.30","https://lh3.googleusercontent.com/gps-cs-s/APNQkAFqMu0NfWNSvSdsSvSSSuBvzQdMfMlfSsxv3L-7k3fpCSmNm2YbdvCrhvMF70OJHyEvWB5BzsuZ0fXy-S2pzfRhtFbq9CQu4sHsofzsSw9FvAHd1w1Vba4yU6UR1cmxdP7Wqmgg=w163-h92-k-no","https://ssl.gstatic.com/local/servicebusiness/default_user.png","""","es","teler nya enak dan free","https://www.google.com/searchviewer/42?cvd=CLw_EicKJeICIjIgEhkiF9LX29IPEQoNL2cvMTFmMF9yNWdfdhgBOgMI8A0%3D&hl=id-ID&gl=id&fo_m=MfohQo559jFvMUOzJVpjPL1YMfZ3bInYwBDuMfaXTPp5KXh-&utm_source=tactile&gei=3yr3abfyG62w4-EPqPbN6A4&ei=3yr3abfyG62w4-EPqPbN6A4&fo_s=OA&opi=79508299&orderType=1&ebb=1&cs=0&foub=mcpp","Pesan online",""
"https://www.google.com/maps/place/Holland+Ice+Cream/data=!4m7!3m6!1s0x2e7a58318198e939:0x5155347480aa679a!8m2!3d-7.7829561!4d110.3708985!16s%2Fg%2F1hc4fcgp8!19sChIJOemYgTFYei4RmmeqgHQ0VVE?authuser=0&hl=id&rclk=1","Holland Ice Cream","4,6","(9)","Es Krim","·","Jl. Jend. Sudirman No.48","Buka","· Tutup pukul 21.00","https://lh3.googleusercontent.com/gps-cs-s/APNQkAHIpuqqFfwz5NJI0ABL_DdzTTb-C1GYsYINJdeArfbflPDr_cCpPcoKDSfhs9KdFv_bohSlijTyKOjL470Q99lTQ9Xt_ONiDp7tYvUaG4H0pvCfOsW2tH3n_gGcAwOPHmg-myIs=w122-h92-k-no","","Bawa pulang","","","","",""
"https://www.google.com/maps/place/Es+Teler+Mandala/data=!4m7!3m6!1s0x2e7a590066c83f5f:0x94e04350e305e534!8m2!3d-7.7916132!4d110.3842046!16s%2Fg%2F11x32t5w1r!19sChIJXz_IZgBZei4RNOUF41BD4JQ?authuser=0&hl=id&rclk=1","Es Teler Mandala","4,9","(141)","Es Krim","·","Jl. Mawar No.21","Buka","· Tutup pukul 20.00","https://lh3.googleusercontent.com/gps-cs-s/APNQkAGMJ6O9sF_8OPh_Zc_oUVZUz2nKny4cN_jykU95h31ws4dkWuQ2RKjM5nUB5ExgTn_7HKvWFms10m27IbSnDjQ-wCwPGzYeSicJvI0saBWo6poy9Tx4I727cywK6Ep7a0mADYMJVGbeIlSE=w80-h106-k-no","https://ssl.gstatic.com/local/servicebusiness/default_user.png","""Ini","es","teller bener-bener enak , gabikin sakit tenggorokan dan murah!!""","","",""
"https://www.google.com/maps/place/Mixue+Lempuyangan/data=!4m7!3m6!1s0x2e7a59f343a44fd7:0x2e65e1a4edbb77cb!8m2!3d-7.7940286!4d110.373085!16s%2Fg%2F11sd65kx6t!19sChIJ10-kQ_NZei4Ry3e77aThZS4?authuser=0&hl=id&rclk=1","Mixue Lempuyangan","4,2","(317)","Es Krim","·","·","Buka","· Tutup pukul 22.00","https://lh3.googleusercontent.com/gps-cs-s/APNQkAH7czlMM9GQzRWUHKst2ROgJdXD1wW_aGcfefYC13ZEOWmSJt_dqoO8AaN7q7kGBOi9Vra1nhU7DVIh6GRMd_gszVoSNmxQKWT0DN6Pszzxq1-e7ZJOTu7HaZJZn2JpyKtwJVLs=w80-h142-k-no","https://ssl.gstatic.com/local/servicebusiness/default_user.png","""Harga oke, lokasi strategis,","es","krimnya enak.""","https://www.google.com/searchviewer/42?cvd=CLw_EicKJeICIjIgEhkiF9LX29IPEQoNL2cvMTFzZDY1a3g2dBgBOgMI8A0%3D&hl=id-ID&gl=id&fo_m=MfohQo559jFvMUOzJVpjPL1YMfZ3bInYwBDuMfaXTPp5KXh-&utm_source=tactile&gei=3yr3abfyG62w4-EPqPbN6A4&ei=3yr3abfyG62w4-EPqPbN6A4&fo_s=OA&opi=79508299&orderType=1&ebb=1&cs=0&foub=mcpp","Pesan online",""
"https://www.google.com/maps/place/Mixue+Pogung+Pandega/data=!4m7!3m6!1s0x2e7a597c4052d441:0x6ae524021ca3f69f!8m2!3d-7.7566113!4d110.37319!16s%2Fg%2F11jzt5qv8w!19sChIJQdRSQHxZei4Rn_ajHAIk5Wo?authuser=0&hl=id&rclk=1","Mixue Pogung Pandega","4,6","(349)","Es Krim","·","Jl. Pandega Marta No.99D","Buka","· Tutup pukul 22.00","https://lh3.googleusercontent.com/gps-cs-s/APNQkAF5GoZ55gN813Hxp5Pzq299z-IQzb1jZXR6Kd62414ZSqgyjO4Ybd1DuYvAK5y_MN4nDpmScjjq-ytBwNo0MJ405wiHS18uA-p5OefvTfXkEBnMRyzMKK47C7-xXYzRGKMz4X9Q=w80-h142-k-no","https://ssl.gstatic.com/local/servicebusiness/default_user.png","""Tempatnya bagus buat Nongkrong..","Es","krimnya Hen Hao chi!""","https://www.google.com/searchviewer/42?cvd=CLw_EicKJeICIjIgEhkiF9LX29IPEQoNL2cvMTFqenQ1cXY4dxgBOgMI8A0%3D&hl=id-ID&gl=id&fo_m=MfohQo559jFvMUOzJVpjPL1YMfZ3bInYwBDuMfaXTPp5KXh-&utm_source=tactile&gei=3yr3abfyG62w4-EPqPbN6A4&ei=3yr3abfyG62w4-EPqPbN6A4&fo_s=OA&opi=79508299&orderType=1&ebb=1&cs=0&foub=mcpp","Pesan online",""
"https://www.google.com/maps/place/Es+Doger+A%27Aldi+dan+Ketoprak/data=!4m7!3m6!1s0x2e7a59b22cdd3195:0x248f686bfb4957ba!8m2!3d-7.76542!4d110.3803458!16s%2Fg%2F11lnp1vfhs!19sChIJlTHdLLJZei4RuldJ-2tojyQ?authuser=0&hl=id&rclk=1","Es Doger A'Aldi dan Ketoprak","4,9","(12)","Es Krim","·","Jl. Karang Asem Jl. Persatuan","Buka","· Tutup pukul 20.00","https://lh3.googleusercontent.com/gps-cs-s/APNQkAGriBlEOP8eXqds3dC2E6euL69WZnd3OBol7WxOgaEX0y--BQ-rIf6TNp6QIxYBmeD4GfRCVgcpFWivYIB_Fx6njmw2MMBaTWhiU4lcqqlYal0rV1HcKTfpHkcVK1CL_8ziQXtqa05J3CmD=w80-h106-k-no","https://ssl.gstatic.com/local/servicebusiness/default_user.png","""","Es","doger nya enak, manisnya pas, harga kantong mahasiswa 👍🏻""","","",""
"https://www.google.com/maps/place/Rujak+Es+Krim+Bang+Jack/data=!4m7!3m6!1s0x2e7a599369755869:0x9f5c6fd567281cd3!8m2!3d-7.7715394!4d110.4093076!16s%2Fg%2F11c1wv_dt1!19sChIJaVh1aZNZei4R0xwoZ9VvXJ8?authuser=0&hl=id&rclk=1","Rujak Es Krim Bang Jack","4,3","(221)","Es Krim","·","·","Buka","· Tutup pukul 20.00","https://lh3.googleusercontent.com/gps-cs-s/APNQkAFEkFp4mG3ZSOl5k5VyzK8l0gdVIh8E2ardCvWBNWmMRDxfTHiCYzchuZOQVfMdyDP1GKdSbvulRYjMpPP0Ci_sB4s6HvacQB99Hke_2xpADaGSGoEjjta5AzvliNee0rvUiNAw=w92-h92-k-no","https://ssl.gstatic.com/local/servicebusiness/default_user.png","""rekomendet banget""","","","https://www.google.com/searchviewer/42?cvd=CLw_EicKJeICIjIgEhkiF9LX29IPEQoNL2cvMTFjMXd2X2R0MRgBOgMI8A0%3D&hl=id-ID&gl=id&fo_m=MfohQo559jFvMUOzJVpjPL1YMfZ3bInYwBDuMfaXTPp5KXh-&utm_source=tactile&gei=3yr3abfyG62w4-EPqPbN6A4&ei=3yr3abfyG62w4-EPqPbN6A4&fo_s=OA&opi=79508299&orderType=1&ebb=1&cs=0&foub=mcpp","Pesan online",""
"https://www.google.com/maps/place/MyGelato+-+Malioboro+%28+Inside+Kampoeng+Jogja+%29/data=!4m7!3m6!1s0x2e7a59183e741a35:0x436e375f06f8205f!8m2!3d-7.7932675!4d110.3656272!16s%2Fg%2F11lrghz4ld!19sChIJNRp0PhhZei4RXyD4Bl83bkM?authuser=0&hl=id&rclk=1","MyGelato - Malioboro ( Inside Kampoeng Jogja )","4,4","(373)","Es Krim","·","Kampoeng Jogja, Jl. Malioboro No.99 Lt.2","Buka","· Tutup pukul 22.00","https://lh3.googleusercontent.com/gps-cs-s/APNQkAHKS11cFhwuqc12nqkhreAkEwYe6034t6rzSjMcZjF7RYMMm1DemwYGLP28-Pm7IMMLYfhSbFRMw6lw9Di55TxEQm9PWBI5TeMl5OapWzUQVFvNjQvoVHqBs-fQOAh2wwsZb3Vh=w122-h92-k-no","https://ssl.gstatic.com/local/servicebusiness/default_user.png","""Tempat yang asyik untuk menikmati","es krim","yang lezat bersama keluarga""","","",""
"https://www.google.com/maps/place/Soul+Melt+Ice+Cream/data=!4m7!3m6!1s0x2e7a5983afa2f87d:0xf34ac449c5f1e59a!8m2!3d-7.7860915!4d110.3708869!16s%2Fg%2F11sshvbr3c!19sChIJffiir4NZei4RmuXxxUnESvM?authuser=0&hl=id&rclk=1","Soul Melt Ice Cream","4,6","(18)","Es Krim","·","Jl. Patimura No.9","Tutup","· Buka Sen pukul 10.00","https://lh3.googleusercontent.com/gps-cs-s/APNQkAGKu3GE99mTg4jWQAV8eXx8WTpSQcOSkaTh_Yj2AbYaIL4GOvSSs2Psi8GDYJJnyCJq4kuXrt30Ixu_P0JdiBAYFyqYEGWR-Li7S6m8SEuWpmZWXCun167o3LFJY5xDQY1NOpLe6Q=w122-h92-k-no","https://ssl.gstatic.com/local/servicebusiness/default_user.png","""Gelatonya enak,soft, nggak yang bikin nggak nyaman di tenggorokan.""","","","","",""
"https://www.google.com/maps/place/Ice+Cream+Mr+Cool/data=!4m7!3m6!1s0x2e7a58481bfa0ce3:0x13917e694a0b5fec!8m2!3d-7.7750325!4d110.3677007!16s%2Fg%2F1pzyl1kzt!19sChIJ4wz6G0hYei4R7F8LSml-kRM?authuser=0&hl=id&rclk=1","Ice Cream Mr Cool","2,5","(2)","Es Krim","·","JL AM. Sangaji, No. 3273, Kampung Peting TR 11/1","Buka","· Tutup pukul 21.00","https://streetviewpixels-pa.googleapis.com/v1/thumbnail?panoid=QbzZTXps9A1Mbxf6U8bcfA&cb_client=search.gws-prod.gps&w=80&h=92&yaw=268.90842&pitch=0&thumbfov=100","","Bawa pulang","","","","",""
"https://www.google.com/maps/place/Es+Puter+Balik/data=!4m7!3m6!1s0x2e7a59000f44cf65:0x99630364b8efa5af!8m2!3d-7.7878398!4d110.3785618!16s%2Fg%2F11wxvl6smq!19sChIJZc9EDwBZei4Rr6XvuGQDY5k?authuser=0&hl=id&rclk=1","Es Puter Balik","4,7","(57)","Es Krim","·","Jl. Dr. Wahidin Sudirohusodo No.8","Buka","· Tutup pukul 21.30","https://lh3.googleusercontent.com/gps-cs-s/APNQkAE6nd0FWZAvGG9n5xoGXDeLHGCycsJRTnEeRwt0TiH1L-fPix_YvWAindSg3CuyG3yDiKf7iRBhkfmeKPD7qarXgN-wlcspe7jnajWvXe5rosVxt_oeWuG9w2j3ruyE694sfV4Q=w80-h142-k-no","https://ssl.gstatic.com/local/servicebusiness/default_user.png","""Esnya tiap hari ganti rasa, enak, manis ga bikin gatel di tenggorokan""","","","","",""
"https://www.google.com/maps/place/Es+Teler+TREAT+Seturan/data=!4m7!3m6!1s0x2e7a59389b2f3679:0xcdfee23bb57fcd8f!8m2!3d-7.7652865!4d110.4106339!16s%2Fg%2F11ghzt0wz7!19sChIJeTYvmzhZei4Rj81_tTvi_s0?authuser=0&hl=id&rclk=1","Es Teler TREAT Seturan","4,7","(623)","Es Krim","·","·","Buka","· Tutup pukul 21.30","https://lh3.googleusercontent.com/gps-cs-s/APNQkAFmnk1GKJPdG2wO_PT7kOS1gCURu33LfZDWWX1YYI_GmBEuRoYJxlz_KZRsyeAM7yOrVns7xF88B6zH4zyUGWTrld3oG7K8OCDpKOq724dxaShmEXuv6F0co3muKTUoRnBVHnKO7g=w122-h92-k-no","https://ssl.gstatic.com/local/servicebusiness/default_user.png","""Menu rujak","es","krimnya lucu, balance sih pedes asem manis.""","https://www.google.com/searchviewer/42?cvd=CLw_EicKJeICIjIgEhkiF9LX29IPEQoNL2cvMTFnaHp0MHd6NxgBOgMI8A0%3D&hl=id-ID&gl=id&fo_m=MfohQo559jFvMUOzJVpjPL1YMfZ3bInYwBDuMfaXTPp5KXh-&utm_source=tactile&gei=7yr3aanIHfaK4-EPyOb-yAw&ei=7yr3aanIHfaK4-EPyOb-yAw&fo_s=OA&opi=79508299&orderType=1&ebb=1&cs=0&foub=mcpp","Pesan online",""
"https://www.google.com/maps/place/Rujak+ice+cream+mas+wi/data=!4m7!3m6!1s0x2e7a5900365f2f25:0xe167bbbaba7ec78d!8m2!3d-7.770201!4d110.4052044!16s%2Fg%2F11z6q1g1m8!19sChIJJS9fNgBZei4Rjcd-urq7Z-E?authuser=0&hl=id&rclk=1","Rujak ice cream mas wi","5,0","(2)","Es Krim","·","Jl. Perumnas No.252","Tutup","· Buka Sen pukul 10.00","https://lh3.googleusercontent.com/gps-cs-s/APNQkAEqxnmqgu1VqIn_DEEmtVq66kTxYgb8r2MuHEwgYNyFU9X6nPsGfEyGU-Z0Er76l7D3qJY1DP22w_ukN_VnS3Oq6jb4Crdkd4HYJqH_iLua7hR-kBxL4-YIoJOkudU9OnT_5pPPxrAP9JNw=w80-h107-k-no","","","","","","",""
"https://www.google.com/maps/place/MIXUE+JOGJA+SETURAN+YKPN/data=!4m7!3m6!1s0x2e7a59a75f2c12a3:0x6e22b0d4d4b7772c!8m2!3d-7.7682042!4d110.4100357!16s%2Fg%2F11rq90qntd!19sChIJoxIsX6dZei4RLHe31NSwIm4?authuser=0&hl=id&rclk=1","MIXUE JOGJA SETURAN YKPN","4,4","(178)","Es Krim","·","Jl. Seturan Raya No.12B","Buka","· Tutup pukul 23.00","https://lh3.googleusercontent.com/gps-cs-s/APNQkAEAD5sKZVVhlryiD3RTDgjCYDu6jZyyDmLgCj-cUz6xED-AXP6s9LxMHyhNafSw8S6_FVD0l1KTDAx6AdCguiOaUHgSYaxQANUr1Os0CGYj2ZzBIGKgG3ZhbRSafCaUcJrf0EjY=w80-h106-k-no","https://ssl.gstatic.com/local/servicebusiness/default_user.png","""ternyata enak bgt","es","krimnya, harganya jg relatif murah.""","https://www.google.com/searchviewer/42?cvd=CLw_EicKJeICIjIgEhkiF9LX29IPEQoNL2cvMTFycTkwcW50ZBgBOgMI8A0%3D&hl=id-ID&gl=id&fo_m=MfohQo559jFvMUOzJVpjPL1YMfZ3bInYwBDuMfaXTPp5KXh-&utm_source=tactile&gei=7yr3aanIHfaK4-EPyOb-yAw&ei=7yr3aanIHfaK4-EPyOb-yAw&fo_s=OA&opi=79508299&orderType=1&ebb=1&cs=0&foub=mcpp","Pesan online",""
"https://www.google.com/maps/place/Baskin+BR+Robbin+Plaza+Ambarukmo/data=!4m7!3m6!1s0x2e7a59cf93f529cb:0x95d0142e19ba75f3!8m2!3d-7.7825271!4d110.4013646!16s%2Fg%2F1pzr3_hg3!19sChIJyyn1k89Zei4R83W6GS4U0JU?authuser=0&hl=id&rclk=1","Baskin BR Robbin Plaza Ambarukmo","4,7","(24)","Es Krim","·","Plaza Ambarrukmo Lantai LG No. B17, Jalan Laksda Adisucipto, Caturtunggal, Depok","Buka","· Tutup pukul 21.00","https://lh3.googleusercontent.com/gps-cs-s/APNQkAHJg1XpiHlmdoh3cbOLMYJ3abM2tuj3r9OGJseMN6MrYCoLb3uQ12eNbMCYBSsjHGNwjtOGeGOWFnZlKs4ugH9Z1MEwzqn8ZDhADHt4bcU2cAHR-CZ6KFu4kSkNDtDcdnIeH12c=w80-h106-k-no","https://ssl.gstatic.com/local/servicebusiness/default_user.png","""tempatnya kecil tapi","es","krimnya yummy""","https://www.google.com/searchviewer/42?cvd=CLw_EiYKJOICITIfEhgiFtLX29IPEAoML2cvMXB6cjNfaGczGAE6AwjwDQ%3D%3D&hl=id-ID&gl=id&fo_m=MfohQo559jFvMUOzJVpjPL1YMfZ3bInYwBDuMfaXTPp5KXh-&utm_source=tactile&gei=7yr3aanIHfaK4-EPyOb-yAw&ei=7yr3aanIHfaK4-EPyOb-yAw&fo_s=OA&opi=79508299&orderType=1&ebb=1&cs=0&foub=mcpp","Pesan online",""
"https://www.google.com/maps/place/Es+JAIPONG+Sundanis/data=!4m7!3m6!1s0x2e7a590053ae887b:0xdc2706738ebb0d76!8m2!3d-7.786723!4d110.372157!16s%2Fg%2F11yw38_gs5!19sChIJe4iuUwBZei4Rdg27jnMGJ9w?authuser=0&hl=id&rclk=1","Es JAIPONG Sundanis","5,0","(4)","Es Krim","·","697C+8V7, Jl. F.M. Noto","Tutup","· Buka Sen pukul 10.00","https://lh3.googleusercontent.com/gps-cs-s/APNQkAEtNp9cK2tMztac6Zc1rEQLYf93XlGMczN--OX5Lt_XP00QH56ianzXAlPV6Cti1mN3ekGI2VQyoIxXsUIQM0hudAaYxO74QGe0qxwxvjjmZuTHbFh4XZZrsjcMRH2mrtSSguk9r6UVnL2U=w80-h106-k-no","https://ssl.gstatic.com/local/servicebusiness/default_user.png","""Segerrrrrrrrr enak dan murah.""","","","","",""
"https://www.google.com/maps/place/Rujak+Ice+Cream+%26+Lotes+Wandi/data=!4m7!3m6!1s0x2e7a58572812c711:0x695fcd6bac53bd5f!8m2!3d-7.7561134!4d110.3697654!16s%2Fg%2F11f7kjvr60!19sChIJEccSKFdYei4RX71TrGvNX2k?authuser=0&hl=id&rclk=1","Rujak Ice Cream & Lotes Wandi","4,7","(18)","Es Krim","·","·","Tutup","· Buka Sen pukul 10.00","https://lh3.googleusercontent.com/gps-cs-s/APNQkAH2-S9Upo8LJ0ah8nIgLVvw33j7_1j4DI5K7ra-CmMRRmd8VYZfH5tTbpc4008PMek_yGPEkKWNHFAq6BsabHsLkm0mqnnYpSy6VbvwjMoa9nY6yfS-E0t9f1P37hTyThWsvW2FVg=w80-h142-k-no","https://ssl.gstatic.com/local/servicebusiness/default_user.png","""Seger, enak, dan puedeses e nampol.""","","","","",""
"https://www.google.com/maps/place/ES+TELER+EMBUL+NEW/data=!4m7!3m6!1s0x2e7a59003baca78d:0x46ddb89e46bd412a!8m2!3d-7.772036!4d110.3971045!16s%2Fg%2F11yzvvym7l!19sChIJjaesOwBZei4RKkG9Rp643UY?authuser=0&hl=id&rclk=1","ES TELER EMBUL NEW","5,0","(1)","Es Krim","·","Gg. Merpati No.376","Tutup","· Buka Sen pukul 10.00","https://lh3.googleusercontent.com/gps-cs-s/APNQkAH4VWgspWSIeZfeFh3WXCRBhNIJESDveGM83bkgliIH3co7o0GHyREQhKJ9S2LQaefIPnpTx4O0OfE48pO7IOdVpH7ZjU9D_CrhEt3igYfO_lzN3TqVMXXNlvTXucly4sWuES-1NQ7mnAq0=w92-h92-k-no","","","","","","",""
"https://www.google.com/maps/place/Es+Teler+%27AB%27+Cabang+Utama/data=!4m7!3m6!1s0x2e7a59b2d56f8127:0x772effee0ce55d1a!8m2!3d-7.783106!4d110.3835816!16s%2Fg%2F11y44945fw!19sChIJJ4Fv1bJZei4RGl3lDO7_Lnc?authuser=0&hl=id&rclk=1","Es Teler 'AB' Cabang Utama","4,9","(15)","Es Krim","·","Jl. Urip Sumoharjo No.94","Tutup","· Buka Sen pukul 11.00","https://lh3.googleusercontent.com/gps-cs-s/APNQkAHfzOf9ei47o5oEWE_QFK8Az8Qwkm173QnKNH4y71-FJjJkt8kw8RJmU5HEYssP8IlMQHX1P4Rqq68RhXwsbO_bwa6EAm_z3wPrsVGDSoGcaLpYqcQImmZtodj5M6knsez-a6IB0QNtILQH=w80-h106-k-no","https://ssl.gstatic.com/local/servicebusiness/default_user.png","""Harga 10rban dapet","es","teler se enak ini creamy banget🤤""","","",""
"https://www.google.com/maps/place/Es+Krim/data=!4m7!3m6!1s0x2e7a59b65e7278e9:0x33537cb9bc59a27f!8m2!3d-7.7720296!4d110.3864509!16s%2Fg%2F11rwwf0vb2!19sChIJ6XhyXrZZei4Rf6JZvLl8UzM?authuser=0&hl=id&rclk=1","Es Krim","5,0","(1)","Kedai Hidangan Penutup","·","Jl. Karangmalang No.A11","","","https://streetviewpixels-pa.googleapis.com/v1/thumbnail?panoid=7GVWeG-2nsV43r6tghZR5Q&cb_client=search.gws-prod.gps&w=80&h=92&yaw=116.7701&pitch=0&thumbfov=100","","Bawa pulang","","","","",""
"https://www.google.com/maps/place/Es+Teh+Que+cabang+wahid+hasyim/data=!4m7!3m6!1s0x2e7a59c2ffa77fc5:0x8ad0d3e7aab20077!8m2!3d-7.7654067!4d110.4030583!16s%2Fg%2F11l5zcqj1q!19sChIJxX-n_8JZei4RdwCyqufT0Io?authuser=0&hl=id&rclk=1","Es Teh Que cabang wahid hasyim","5,0","(1)","Es Krim","·","Jl. Wahid Hasyim No.13-15","Buka","· Tutup pukul 20.00","https://streetviewpixels-pa.googleapis.com/v1/thumbnail?panoid=aVhiNAS9Nr9S8ytn2qOWFg&cb_client=search.gws-prod.gps&w=80&h=92&yaw=64.98791&pitch=0&thumbfov=100","","Bawa pulang","","","","",""
"https://www.google.com/maps/place/Es+Doger+Sri+Dewi/data=!4m7!3m6!1s0x2e7a59015f0e3ccf:0x977117bb85e1093c!8m2!3d-7.7553671!4d110.3968108!16s%2Fg%2F11smyfmdsg!19sChIJzzwOXwFZei4RPAnhhbsXcZc?authuser=0&hl=id&rclk=1","Es Doger Sri Dewi","4,6","(22)","Es Krim","·","Jl. Anggajaya","Tutup","· Buka Sen pukul 10.30","https://lh3.googleusercontent.com/gps-cs-s/APNQkAFGltyDFw99yFoAJErLzRaIUcfZqLYLxeVHzMeD0p3bzoeAKHeVKythGtFJSpF8QdX61MtGohBjkSQmkktpJRbgTIQjlmLaAe-l0YdqBDhB8fUdOjUAICNhntHp60on397V7IrP7Ov7nOV4=w163-h92-k-no","https://ssl.gstatic.com/local/servicebusiness/default_user.png","""Enak","es","nya, ramah juga penjualnya👍🏻""","","",""
"https://www.google.com/maps/place/Happiness+Ice+Cream/data=!4m7!3m6!1s0x2e7a5844e8c4914b:0xea7501685f26eed3!8m2!3d-7.766887!4d110.362772!16s%2Fg%2F11cp7nslwm!19sChIJS5HE6ERYei4R0-4mX2gBdeo?authuser=0&hl=id&rclk=1","Happiness Ice Cream","5,0","(1)","Es Krim","·","Jl. Magelang No.Km. 4","Buka","· Tutup pukul 20.00","https://streetviewpixels-pa.googleapis.com/v1/thumbnail?panoid=dwujn-pL0dW3V8OJXmXg-A&cb_client=search.gws-prod.gps&w=80&h=92&yaw=24.284132&pitch=0&thumbfov=100","","Bawa pulang","","","","",""
"https://www.google.com/maps/place/Es+Teler+Ice+Cream+Embul/data=!4m7!3m6!1s0x2e7a590047dbd415:0x1d06b5e0828f94ee!8m2!3d-7.772036!4d110.3971045!16s%2Fg%2F11ycsljkd5!19sChIJFdTbRwBZei4R7pSPguC1Bh0?authuser=0&hl=id&rclk=1","Es Teler Ice Cream Embul","5,0","(3)","Es Krim","·","Gg. Merpati No.376","Tutup","· Buka Sen pukul 11.00","https://lh3.googleusercontent.com/gps-cs-s/APNQkAHqeJHWSJQssNm6YKWcL20hrdF6FBvqH1biRSegaScsP0HtAzhCDMXSiQyxuld50SjC6A_M0Zi9ZqYbkFfrNiqINuV5-wH1M62gQjKKnqPy1YAjTt5fTohfpTADgpJrsjfqcHg=w92-h92-k-no","https://ssl.gstatic.com/local/servicebusiness/default_user.png","""Creamy poll & komplit bgt isiannya lohhhh, murah meriah""","","","","",""
"https://www.google.com/maps/place/Es+krim+Miami+Jogjakarta/data=!4m7!3m6!1s0x2e7a59978daa3fad:0xd8e86c695a4a3edd!8m2!3d-7.757982!4d110.3618432!16s%2Fg%2F11pwq1vxn6!19sChIJrT-qjZdZei4R3T5KWmls6Ng?authuser=0&hl=id&rclk=1","Es krim Miami Jogjakarta","5,0","(11)","Es Krim","·","Utara popiler jaya alumunium, Toko kayu Teguh Jl magelang km 5 Kutu asem, RT.1/RW.16","","","https://lh3.googleusercontent.com/gps-cs-s/APNQkAFF2fF_KA4c-VDHXDh2NJ091wpAxDsLdqljuQuBW_9FGBJbAn0xCX1QNZAYwqwi9KcZ-iKVrO6neTdlb6JAOaami4DHk8fWELLslAfF3Q9eBAfqY8pArGdqFXWxGy4iSYXrT59TeA=w80-h173-k-no","https://ssl.gstatic.com/local/servicebusiness/default_user.png","""rasa","es","krimnya nagih dan ukurannya juga pas banget buat sharing ramean""","","",""
"https://www.google.com/maps/place/MyGelato+-+Jakal+km+10/data=!4m7!3m6!1s0x2e7a5f256d7e1aa1:0x9656ed0d722dc77d!8m2!3d-7.7165553!4d110.4059148!16s%2Fg%2F11n_y9kpjg!19sChIJoRp-bSVfei4Rfcctcg3tVpY?authuser=0&hl=id&rclk=1","MyGelato - Jakal km 10","4,7","(432)","Es Krim","·","·","Buka","· Tutup pukul 21.00","https://lh3.googleusercontent.com/gps-cs-s/APNQkAECU8aazDsrcGe3ved1QQLTU0yd8HfatWF7OkL_GbgBS7YGF1A8Qe6cuWHRxT2uNSBKGeywVBL6taLnaHDSXyWBCHivBP-1Cb0WQSKQEu-0s43rO4TsdBx_OpC5FWWhT1I9G5HN=w122-h92-k-no","https://ssl.gstatic.com/local/servicebusiness/default_user.png","""Tempatnya bagus dan enak","es","krimnya""","","",""
"https://www.google.com/maps/place/Rujak+Es+Cream+Pak+Nardi+Pakualaman/data=!4m7!3m6!1s0x2e7a578177aac011:0xf6feb72fe1060346!8m2!3d-7.8001734!4d110.3751921!16s%2Fg%2F11d_8t_s7q!19sChIJEcCqd4FXei4RRgMG4S-3_vY?authuser=0&hl=id&rclk=1","Rujak Es Cream Pak Nardi Pakualaman","4,7","(2.173)","Es Krim","·","·","Tutup","· Buka Sen pukul 09.00","https://lh3.googleusercontent.com/gps-cs-s/APNQkAEDjAt_STRliUGO8XNxLIPwLm45zwPWCubKZlC2TEC9A4uCw270NplaElREdtcLnmlDQrxSJnNa8tTGewSGhoBtZlk0RbBbggV8GNM0VtPCHgyRa8OVblNBHOeQY5ljgaOFuChZ=w138-h92-k-no","https://ssl.gstatic.com/local/servicebusiness/default_user.png","""","es","krimnya enak, dicampur dengan rujak buah yang asem, mantap 👍🏻""","","",""
"https://www.google.com/maps/place/Sweet+Sundae+Indonesia/data=!4m7!3m6!1s0x2e7a59b3ffffffff:0xf4c564fff5c75e8e!8m2!3d-7.7418491!4d110.3803216!16s%2Fg%2F1q5gs42j2!19sChIJ_____7NZei4Rjl7H9f9kxfQ?authuser=0&hl=id&rclk=1","Sweet Sundae Indonesia","4,4","(117)","Es Krim","·","·","Tutup","· Buka Sen pukul 09.00","https://lh3.googleusercontent.com/gps-cs-s/APNQkAEikqeeuX9bNlcil2WymNnr2QOSOEBAnvx1fXIZR9BYHqpJw12smiuxmkGBWnkU3hgKfo5yY4l6Daczn4BDjnhOksNiyQXXfgOh1StOQb4Lo7GaMtK2hfVNmv9YvfzD44IsWyRiFA=w162-h92-k-no","https://ssl.gstatic.com/local/servicebusiness/default_user.png","""","Es krim","pertama yang sudah mempunyai SNI, jadi tidak diragukan lagi""","https://www.google.com/searchviewer/42?cvd=CLw_EiYKJOICITIfEhgiFtLX29IPEAoML2cvMXE1Z3M0MmoyGAA6AwjwDQ%3D%3D&hl=id-ID&gl=id&fo_m=MfohQo559jFvMUOzJVpjPL1YMfZ3bInYwBDuMfaXTPp5KXh-&utm_source=tactile&gei=7yr3aanIHfaK4-EPyOb-yAw&ei=7yr3aanIHfaK4-EPyOb-yAw&fo_s=OA&opi=79508299&ebb=1&cs=0&foub=mcpp","Pesan online",""
"https://www.google.com/maps/place/Es+Jaipong+Lempuyangan/data=!4m7!3m6!1s0x2e7a595d1bfb2b97:0x99e90534e9e70d02!8m2!3d-7.7933692!4d110.373238!16s%2Fg%2F11r_vq30nq!19sChIJlyv7G11Zei4RAg3n6TQF6Zk?authuser=0&hl=id&rclk=1","Es Jaipong Lempuyangan","4,9","(23)","Es Krim","·","694F+M75, Jl. Ronodigdayan","","","https://lh3.googleusercontent.com/gps-cs-s/APNQkAGcT6m7ydVn3K-e6HODw4sNEpZHXZdzYACsT1dqrGhLg8h5y5uC4jrk12UlCQbYoLycJ5vk3_LongRMTPhPOGDM6IQl4CZkmMX3YBd5m_dDKDfJyq3GzR_19JD2pfF_GmYGqG9lYqLWgpDf=w92-h92-k-no","https://ssl.gstatic.com/local/servicebusiness/default_user.png","""enak, murah, ramah dikantong""","","","","",""
"https://www.google.com/maps/place/ZIZU+ICE+CREAM/data=!4m7!3m6!1s0x2e7a59000a0d51ef:0xc4e9d7b08e7406ab!8m2!3d-7.784586!4d110.4009864!16s%2Fg%2F11mczgh8sn!19sChIJ71ENCgBZei4RqwZ0jrDX6cQ?authuser=0&hl=id&rclk=1","ZIZU ICE CREAM","","","Es Krim","·","Jl. Nogopuro No.4","Buka","· Tutup pukul 22.00","https://lh3.googleusercontent.com/gps-cs-s/APNQkAEy_LaRA5Esfto51SJqsCPr3DZA5k3R5dLhShajzL-FAw7rqAYfM19XklANqljmyKtuDZtHqiNCEDFpItUnSGkc1fSrqMZGNfrGJTinYGFo9Egox_ND5DS1S0nXhhW7BgkkI3kq2U1gTRA=w175-h92-k-no","","","","","","",""
"https://www.google.com/maps/place/Es+Doger+khas+jakrta+02/data=!4m7!3m6!1s0x2e7a59a3608de3fd:0x865e87d6730f9136!8m2!3d-7.7724639!4d110.3866191!16s%2Fg%2F11s_ys9bzs!19sChIJ_eONYKNZei4RNpEPc9aHXoY?authuser=0&hl=id&rclk=1","Es Doger khas jakrta 02","5,0","(1)","Es Krim","·","Taman Kuliner Karang Malang, Jl. Karangmalang","Tutup","· Buka Sen pukul 10.00","https://lh3.googleusercontent.com/gps-cs-s/APNQkAFxo8_G9IlcDe1OvYGyfcNWwsJe6qtBYTN_JwgRMZb1e0Y20_Ako7HJRu9w1HP_7a8tC24PG7GrjkTsYOX0YXuYhitZOZ2OIyONECpBkuwk_-1POh8v-FfE7l4dttDghc23mp-juA=w80-h142-k-no","","Pesan antar","","","","",""
"https://www.google.com/maps/place/Mixue+Malioboro+Mall/data=!4m7!3m6!1s0x2e7a5921cc272c35:0x828644e274c6d48c!8m2!3d-7.7931709!4d110.3665629!16s%2Fg%2F11k9z8356y!19sChIJNSwnzCFZei4RjNTGdOJEhoI?authuser=0&hl=id&rclk=1","Mixue Malioboro Mall","3,3","(161)","Es Krim","·","Jl. Malioboro No.52-58","Buka","· Tutup pukul 22.00","https://lh3.googleusercontent.com/gps-cs-s/APNQkAHfge92MpsUwmRn05aXTddqk1zaFzcljCXCCWQKV02Z9o3Ft-aDYMED_IqqVA5Hvt1qBEzraw5schl3gma-9IIyjAS-m3P_bJnNUhUOawxAtKw-J1O8WDhqbZO5qDjBecuH4GB70nclE6JG=w80-h142-k-no","https://ssl.gstatic.com/local/servicebusiness/default_user.png","""Cocok bagi yg cari","es krim","di malioboro""","https://www.google.com/searchviewer/42?cvd=CLw_EicKJeICIjIgEhkiF9LX29IPEQoNL2cvMTFrOXo4MzU2eRgBOgMI8A0%3D&hl=id-ID&gl=id&fo_m=MfohQo559jFvMUOzJVpjPL1YMfZ3bInYwBDuMfaXTPp5KXh-&utm_source=tactile&gei=8Sr3afGQEJmK4-EPgsfu6AE&ei=8Sr3afGQEJmK4-EPgsfu6AE&fo_s=OA&opi=79508299&orderType=1&ebb=1&cs=0&foub=mcpp","Pesan online",""
"https://www.google.com/maps/place/Sweet+Sundae+Indonesia/data=!4m7!3m6!1s0x2e7a59b3ffffffff:0xf4c564fff5c75e8e!8m2!3d-7.7418491!4d110.3803216!16s%2Fg%2F1q5gs42j2!19sChIJ_____7NZei4Rjl7H9f9kxfQ?authuser=0&hl=id&rclk=1","Sweet Sundae Indonesia","4,4","(117)","Es Krim","·","·","Tutup","· Buka Sen pukul 09.00","https://lh3.googleusercontent.com/gps-cs-s/APNQkAEikqeeuX9bNlcil2WymNnr2QOSOEBAnvx1fXIZR9BYHqpJw12smiuxmkGBWnkU3hgKfo5yY4l6Daczn4BDjnhOksNiyQXXfgOh1StOQb4Lo7GaMtK2hfVNmv9YvfzD44IsWyRiFA=w162-h92-k-no","https://ssl.gstatic.com/local/servicebusiness/default_user.png","""","Es krim","pertama yang sudah mempunyai SNI, jadi tidak diragukan lagi""","https://www.google.com/searchviewer/42?cvd=CLw_EiYKJOICITIfEhgiFtLX29IPEAoML2cvMXE1Z3M0MmoyGAA6AwjwDQ%3D%3D&hl=id-ID&gl=id&fo_m=MfohQo559jFvMUOzJVpjPL1YMfZ3bInYwBDuMfaXTPp5KXh-&utm_source=tactile&gei=8Sr3afGQEJmK4-EPgsfu6AE&ei=8Sr3afGQEJmK4-EPgsfu6AE&fo_s=OA&opi=79508299&ebb=1&cs=0&foub=mcpp","Pesan online",""
"https://www.google.com/maps/place/Es+Teler+Inyonk/data=!4m7!3m6!1s0x2e7a599ed26809f9:0xe5361cd0df6c695d!8m2!3d-7.7726525!4d110.3997542!16s%2Fg%2F11r_g7nzw4!19sChIJ-Qlo0p5Zei4RXWls39AcNuU?authuser=0&hl=id&rclk=1","Es Teler Inyonk","4,4","(32)","Es Krim","·","Jl. Manggis No.7","Buka","· Tutup pukul 21.00","https://lh3.googleusercontent.com/gps-cs-s/APNQkAGrQmGNMUUUZakd0dbvF6ychMoioxKbQcfOAklWPF5apSzUSTOHbYTp2PPIxQnSki5TEsBI4k7ddbmnGCXLbD2W8BUP9Vrem3MGmDG9waUxPd4G_ZGhVp2lHyo-dy4CnB0qPEKkfw=w80-h142-k-no","https://ssl.gstatic.com/local/servicebusiness/default_user.png","""","es","teler dan","https://www.google.com/searchviewer/42?cvd=CLw_EicKJeICIjIgEhkiF9LX29IPEQoNL2cvMTFyX2c3bnp3NBgBOgMI8A0%3D&hl=id-ID&gl=id&fo_m=MfohQo559jFvMUOzJVpjPL1YMfZ3bInYwBDuMfaXTPp5KXh-&utm_source=tactile&gei=8Sr3afGQEJmK4-EPgsfu6AE&ei=8Sr3afGQEJmK4-EPgsfu6AE&fo_s=OA&opi=79508299&orderType=1&ebb=1&cs=0&foub=mcpp","Pesan online",""
"https://www.google.com/maps/place/Es+Jaipong+Dino/data=!4m7!3m6!1s0x2e7a59197c4785eb:0xd2019c8dc119c81e!8m2!3d-7.7878679!4d110.3709091!16s%2Fg%2F11lccy5g7c!19sChIJ64VHfBlZei4RHsgZwY2cAdI?authuser=0&hl=id&rclk=1","Es Jaipong Dino","4,8","(4)","Es Krim","·","696C+V93, Jl. I Dewa Nyoman Oka","Tutup","· Buka Sen pukul 09.00","https://lh3.googleusercontent.com/gps-cs-s/APNQkAHSU-Tb0BSZhAS9Dps8UEBKbMfO9Wuc7v3yHT7MTAeNRUm5UQ60xYfqClmAoyLAgK9CHf2fJ13KHBDwjCYXS5-r3fx4K1Rn05L9wP1685RqEg58xK0uL2TwIcjJXSMXegVkAepF=w80-h106-k-no","https://ssl.gstatic.com/local/servicebusiness/default_user.png","""Harga per porsinya juga ramah di kantong.""","","","","",""
"https://www.google.com/maps/place/Tart+Ice+Cream+Mousse+And+Pudding+Koel/data=!4m7!3m6!1s0x2e7a59d611587283:0x79741005d9dabb93!8m2!3d-7.7937739!4d110.3844785!16s%2Fg%2F11b6dpqy2g!19sChIJg3JYEdZZei4Rk7va2QUQdHk?authuser=0&hl=id&rclk=1","Tart Ice Cream Mousse And Pudding Koel","5,0","(1)","Es Krim","·","PR, Jl. Mawar V No.12","Buka","· Tutup pukul 20.00","https://streetviewpixels-pa.googleapis.com/v1/thumbnail?panoid=4sxf24JUrDW4whAsvm4QGg&cb_client=search.gws-prod.gps&w=80&h=92&yaw=28.487799&pitch=0&thumbfov=100","","Bawa pulang","","","","",""
"https://www.google.com/maps/place/kapten+es+krim/data=!4m7!3m6!1s0x2e7a59bba4543fc1:0x6934401b6feeb3b9!8m2!3d-7.7827932!4d110.4161488!16s%2Fg%2F11fn753_2d!19sChIJwT9UpLtZei4RubPubxtANGk?authuser=0&hl=id&rclk=1","kapten es krim","","","Minimarket","·","Jl. Tambak Bayan, RT.03/RW.02","Buka","· Tutup pukul 20.00","https://streetviewpixels-pa.googleapis.com/v1/thumbnail?panoid=BvIp_rYOupuS5TPF5c5ZTQ&cb_client=search.gws-prod.gps&w=80&h=92&yaw=37.142136&pitch=0&thumbfov=100","","","","","","",""
"https://www.google.com/maps/place/Es+Doger+Aa+Aldy+3+Cabang+FKH+UGM/data=!4m7!3m6!1s0x2e7a5900439183bb:0xf6e29f8f8726bd8f!8m2!3d-7.7643125!4d110.3910781!16s%2Fg%2F11y4tcr83s!19sChIJu4ORQwBZei4Rj70mh4-f4vY?authuser=0&hl=id&rclk=1","Es Doger Aa Aldy 3 Cabang FKH UGM","3,7","(3)","Es Krim","·","69PR+7CG","Tutup","· Buka Sen pukul 10.30","https://lh3.googleusercontent.com/gps-cs-s/APNQkAHIk_f0PqDjWYa1Oux6rX1pnarfwlgLLGRIryEZbL1P_57kwsB0BTethukirQBFDLT2z8WrDkNVZW_mNfD-dVauVMUGbSwlcewDMmKDuLdFtfIDEVKo4PfZtLBXzIDOlFOUN3W3Pg=w80-h142-k-no","","Bawa pulang","","","","",""
"https://www.google.com/maps/place/Es+krim+Podeng%28khas+jakarta%29+jakal+km+5/data=!4m7!3m6!1s0x2e7a59e00e8063e3:0x481f9435279ff0cf!8m2!3d-7.7815321!4d110.3993948!16s%2Fg%2F11jdcmqv2p!19sChIJ42OADuBZei4Rz_CfJzWUH0g?authuser=0&hl=id&rclk=1","Es krim Podeng(khas jakarta) jakal km 5","","","Es Krim","·","jakal km 5 karangwuni","Tutup","· Buka Sen pukul 11.00","https://lh3.googleusercontent.com/gps-cs-s/APNQkAH4EWIsTqJ_hWU3ZhBX998L8WaFomdXtPby3DXZVhsJGNb05iPWVjswnQbHK-m6jGfdIAr1ASmIWHR0PtF021NAg1woEzFBOnuAzQXbZcYxqXSK9GR1qDX0Iz6UQ8xCehnalzAONA=w122-h92-k-no","","Bawa pulang","","","","",""
"https://www.google.com/maps/place/Mr+TemPo+%26+Hulala+Ice+Cream/data=!4m7!3m6!1s0x2e7a596ba5ec8c67:0x652696b19af9abe2!8m2!3d-7.7505767!4d110.3625195!16s%2Fg%2F11ff0vv5dq!19sChIJZ4zspWtZei4R4qv5mrGWJmU?authuser=0&hl=id&rclk=1","Mr TemPo & Hulala Ice Cream","2,7","(3)","Es Krim","·","Jl. Magelang No.KM.6","Buka","· Tutup pukul 21.00","https://streetviewpixels-pa.googleapis.com/v1/thumbnail?panoid=oPU-QERbeuF5W1x2esDX6g&cb_client=search.gws-prod.gps&w=80&h=92&yaw=113.104935&pitch=0&thumbfov=100","","Makan di tempat","Bawa pulang","","","",""
"https://www.google.com/maps/place/QOQO+Ice+Cream/data=!4m7!3m6!1s0x2e7a5b5c39ae67c3:0xe3e8cef35275b9da!8m2!3d-7.7479197!4d110.4492782!16s%2Fg%2F11s5gg6b0w!19sChIJw2euOVxbei4R2rl1UvPO6OM?authuser=0&hl=id&rclk=1","QOQO Ice Cream","4,8","(14)","Es Krim","·","7C2X+RPJ","Buka","· Tutup pukul 20.30","https://lh3.googleusercontent.com/gps-cs-s/APNQkAGixlEDNXNyEDwLrbJfykc_vhol4gEOrrTb9D3xJ-wZfKsnmHFD9brc4TuxRZ_4fg7_VCqRQoYeU5Q9gOjvL9htn9w3PRDvd_AqQlJK9BF2bvNAiXDg4D3i7evzmgK-DtR4lQ=w80-h106-k-no","https://ssl.gstatic.com/local/servicebusiness/default_user.png","""Rasa","es","krimnya juga lumayan, mana banyak bgt lagi, ampe kenyang bgt 😆""","","",""
"https://www.google.com/maps/place/Lotis+dan+Rujak+Es+Krim+Mas+Endro/data=!4m7!3m6!1s0x2e7a59bce7f7920f:0xd0cbbc5a9906647f!8m2!3d-7.7520914!4d110.4112687!16s%2Fg%2F11kj_kt4sx!19sChIJD5L357xZei4Rf2QGmVq8y9A?authuser=0&hl=id&rclk=1","Lotis dan Rujak Es Krim Mas Endro","3,5","(4)","Es Krim","·","Jl. Nusa Indah No.241","Buka 24 jam","","https://lh3.googleusercontent.com/gps-cs-s/APNQkAGFLtiVevASjoc0GUF0PQT3SmbIrLzcTq942VbyGyDHkd6HglTfmZUw_f4fApSL1KFgPCyIwguYxURRlPfwv8w8FEWySLmhydwJSKzo1Ja4BWADSF7UtQm-vnMLk7RlWtAxaNnkxA=w80-h106-k-no","https://ssl.gstatic.com/local/servicebusiness/default_user.png","""Sangat ramah dan enak rasanya""","","","https://www.google.com/searchviewer/42?cvd=CLw_EicKJeICIjIgEhkiF9LX29IPEQoNL2cvMTFral9rdDRzeBgBOgMI8A0%3D&hl=id-ID&gl=id&fo_m=MfohQo559jFvMUOzJVpjPL1YMfZ3bInYwBDuMfaXTPp5KXh-&utm_source=tactile&gei=8Sr3afGQEJmK4-EPgsfu6AE&ei=8Sr3afGQEJmK4-EPgsfu6AE&fo_s=OA&opi=79508299&orderType=1&ebb=1&cs=0&foub=mcpp","Pesan online",""
"https://www.google.com/maps/place/Bakoel+Es+Kristal/data=!4m7!3m6!1s0x2e7a590031b428ed:0xf9d8358f0ecf4e68!8m2!3d-7.7724308!4d110.3851929!16s%2Fg%2F11w4kkxzs2!19sChIJ7Si0MQBZei4RaE7PDo812Pk?authuser=0&hl=id&rclk=1","Bakoel Es Kristal","5,0","(6)","Es Krim","·","Jl. Amarta I No.a17","Tutup","· Buka Sen pukul 08.00","https://lh3.googleusercontent.com/gps-cs-s/APNQkAEgZ3qTxgTa9dZaPnQgzHzH153BaP_qr5v_bwl5upLt0Fgl6mRHy37e_IrU8VefzwXxcbbiTqRIfE0RGp_mETDEmzJejGDpWWL51wv8siCEAkJITmXuw9cy1FXlsksTIiC-aF6_pw=w80-h142-k-no","https://ssl.gstatic.com/local/servicebusiness/default_user.png","""Layanannya mantap""","","","","",""
"https://www.google.com/maps/place/Mixue+Pakuwon+Mall+Jogja+%28+Hartono+Mall%29/data=!4m7!3m6!1s0x2e7a59f098b269fd:0x17d8eee776baa3e0!8m2!3d-7.7602281!4d110.3990867!16s%2Fg%2F11sj55f2fd!19sChIJ_WmymPBZei4R4KO6dufu2Bc?authuser=0&hl=id&rclk=1","Mixue Pakuwon Mall Jogja ( Hartono Mall)","3,6","(65)","Es Krim","·","Pakuwon Mall Jogja, Jl. Ring Road Utara Lantai LG","Buka","· Tutup pukul 22.00","https://lh3.googleusercontent.com/gps-cs-s/APNQkAEqLH_dAFz-WABF2gULRJuPGiFmiwa9mYk0M3DnMjYw9FncrtNrfzu7hVwgoK95QEZYIKSy1Wp8RaENhwx2pURDlcOHsX5BoluLQczOCLbLb0_ZR8K5QI_TkMTKtqNhS6-dSXMUyg=w80-h106-k-no","https://ssl.gstatic.com/local/servicebusiness/default_user.png","""","Es krim","enak dan murahhh""","https://www.google.com/searchviewer/42?cvd=CLw_EicKJeICIjIgEhkiF9LX29IPEQoNL2cvMTFzajU1ZjJmZBgBOgMI8A0%3D&hl=id-ID&gl=id&fo_m=MfohQo559jFvMUOzJVpjPL1YMfZ3bInYwBDuMfaXTPp5KXh-&utm_source=tactile&gei=8Sr3afGQEJmK4-EPgsfu6AE&ei=8Sr3afGQEJmK4-EPgsfu6AE&fo_s=OA&opi=79508299&orderType=1&ebb=1&cs=0&foub=mcpp","Pesan online",""
"https://www.google.com/maps/place/haus!+Seturan/data=!4m7!3m6!1s0x2e7a59f8b89607f9:0xacded2745b89f33c!8m2!3d-7.7720338!4d110.4094742!16s%2Fg%2F11p1028x78!19sChIJ-QeWuPhZei4RPPOJW3TS3qw?authuser=0&hl=id&rclk=1","haus! Seturan","3,9","(158)","Es Krim","","","Buka","· Tutup pukul 22.00","https://lh3.googleusercontent.com/gps-cs-s/APNQkAHY6dPiDAw8FJq9H2XwSfCzRbDF7potpvFdoKb-JCp9jSt734PEZixqesl71e9odVvFF-PXAC16NVeEMCJADNLcHdmc1qDholAUBmyvCOfXDqdO1SFilZxCepe2NLYDGc1bgmL4FA=w80-h142-k-no","https://ssl.gstatic.com/local/servicebusiness/default_user.png","""","Es krim","milonya lucu, baru ngrasain aja gitu","https://www.google.com/searchviewer/42?cvd=CLw_EicKJeICIjIgEhkiF9LX29IPEQoNL2cvMTFwMTAyOHg3OBgBOgMI8A0%3D&hl=id-ID&gl=id&fo_m=MfohQo559jFvMUOzJVpjPL1YMfZ3bInYwBDuMfaXTPp5KXh-&utm_source=tactile&gei=8Sr3afGQEJmK4-EPgsfu6AE&ei=8Sr3afGQEJmK4-EPgsfu6AE&fo_s=OA&opi=79508299&orderType=1&ebb=1&cs=0&foub=mcpp","Pesan online",""
"https://www.google.com/maps/place/KUMPENI+Indonesian+Coffee+%26+Ice+Cream/data=!4m7!3m6!1s0x2e7a578ea08a1a69:0x6fccba56b9b79fd0!8m2!3d-7.8025735!4d110.3607425!16s%2Fg%2F11gf9q6535!19sChIJaRqKoI5Xei4R0J-3uVa6zG8?authuser=0&hl=id&rclk=1","KUMPENI Indonesian Coffee & Ice Cream","4,6","(820)","Es Krim","·","·","Buka","· Tutup pukul 00.00","https://lh3.googleusercontent.com/gps-cs-s/APNQkAGdtTaBCOfa5tIwsRWiJ7nd4YV8uDu162rW9HI8DERqG1dCkEwGEy9AH8AZyDOQqISzL-oZJFPkNKn0MmMrVddBHRlNbZ-fGNSFsO6EWm2hmVbYMEeqe4bjUbspGy-khsOeMhb2pw=w122-h92-k-no","https://ssl.gstatic.com/local/servicebusiness/default_user.png","""","Es krim","coklatnya enakkk, suka bgt sama suasananya yg jadul dan heritage""","https://www.google.com/searchviewer/42?cvd=CLw_EicKJeICIjIgEhkiF9LX29IPEQoNL2cvMTFnZjlxNjUzNRgBOgMI8A0%3D&hl=id-ID&gl=id&fo_m=MfohQo559jFvMUOzJVpjPL1YMfZ3bInYwBDuMfaXTPp5KXh-&utm_source=tactile&gei=8Sr3afGQEJmK4-EPgsfu6AE&ei=8Sr3afGQEJmK4-EPgsfu6AE&fo_s=OA&opi=79508299&orderType=1&ebb=1&cs=0&foub=mcpp","Pesan online",""
"https://www.google.com/maps/place/PAPA+ICE/data=!4m7!3m6!1s0x2e7a5900698b6fe1:0xd70b1eaa4b7af76a!8m2!3d-7.7540736!4d110.3981556!16s%2Fg%2F11yhyymx4x!19sChIJ4W-LaQBZei4Ravd6S6oeC9c?authuser=0&hl=id&rclk=1","PAPA ICE","","","Es Krim","·","Jl. Garuda No.123","Buka","· Tutup pukul 20.00","https://streetviewpixels-pa.googleapis.com/v1/thumbnail?panoid=8Qy1I4ZPFxYnr2cxseI6gw&cb_client=search.gws-prod.gps&w=80&h=92&yaw=235.54121&pitch=0&thumbfov=100","","","","","","",""
"https://www.google.com/maps/place/Olelo+Ice+Cream/data=!4m7!3m6!1s0x2e7a577f8eafbda3:0xb186894c37450267!8m2!3d-7.7972474!4d110.380375!16s%2Fg%2F1pzsblyc1!19sChIJo72vjn9Xei4RZwJFN0yJhrE?authuser=0&hl=id&rclk=1","Olelo Ice Cream","4,1","(10)","Es Krim","·","Jl. Gayam No.35","Tutup","· Buka Sen pukul 08.00","https://lh3.googleusercontent.com/gps-cs-s/APNQkAHHQ8Hp6qWQBsGL73Dub2hpoewEVH21L_HAxV3AG7fSnr7D56khxOaWjmMXmrVt6f9YgaURgNoph6daG1ALr0P5XJ-uh-Jpo1m-1KpSYOkg9YQzDS-K4hXkvfgkQE8VgwdkMFpb1w=w122-h92-k-no","","Bawa pulang","","","","",""
"https://www.google.com/maps/place/Rujak+Es+Krim+Bu+Komang/data=!4m7!3m6!1s0x2e7a590034881093:0x9d18ae0a7c76f5e4!8m2!3d-7.7880683!4d110.3714841!16s%2Fg%2F11lf2htqhs!19sChIJkxCINABZei4R5PV2fAquGJ0?authuser=0&hl=id&rclk=1","Rujak Es Krim Bu Komang","5,0","(3)","Es Krim","·","696C+QHH, Depan Gereja","","","https://lh3.googleusercontent.com/gps-cs-s/APNQkAHD2ZCzWNLH3q3tBcSmomzKFEXjhMYHy9DuSt9LktetxPFhltrwbrd6CcBUGU2Vniw_n_fse4UHc3Ac0H7aXtyN79hc-_Dw31-hwr1CKzAT8fJ8sC_pWlIWaNhPZWIWMpUuZRohEA=w80-h106-k-no","https://ssl.gstatic.com/local/servicebusiness/default_user.png","""","Es","krimy lezat...enak..","","",""
"https://www.google.com/maps/place/Haya+Turkish+ice+cream/data=!4m7!3m6!1s0x2e7a599d1810b4b5:0x4896769f70bc03c7!8m2!3d-7.7529711!4d110.3607823!16s%2Fg%2F11sskd7fdf!19sChIJtbQQGJ1Zei4RxwO8cJ92lkg?authuser=0&hl=id&rclk=1","Haya Turkish ice cream","5,0","(2)","Es Krim","·","Food Garden, Jogja City Mall Lantai, Jl. Magelang No.1","Buka","· Tutup pukul 22.00","https://lh3.googleusercontent.com/gps-cs-s/APNQkAERWMm_B3_V_ymcj-t8FIHuNXDwaK6H7BwYusB8O78bkLBSg6A05eH7Xn-MW_W5F0hUo37sCB3OCMXrvkIg2OGwDDp1gFM_gb6B6hwJDtDte1I6e-kCbv2htPrHuL1xMAHluBnu=w163-h92-k-no","","Bawa pulang","","","","",""
"https://www.google.com/maps/place/Haya+Turkish+ice+cream/data=!4m7!3m6!1s0x2e7a599d1810b4b5:0x4896769f70bc03c7!8m2!3d-7.7529711!4d110.3607823!16s%2Fg%2F11sskd7fdf!19sChIJtbQQGJ1Zei4RxwO8cJ92lkg?authuser=0&hl=id&rclk=1","Haya Turkish ice cream","5,0","(2)","Es Krim","·","Food Garden, Jogja City Mall Lantai, Jl. Magelang No.1","Buka","· Tutup pukul 22.00","https://lh3.googleusercontent.com/gps-cs-s/APNQkAERWMm_B3_V_ymcj-t8FIHuNXDwaK6H7BwYusB8O78bkLBSg6A05eH7Xn-MW_W5F0hUo37sCB3OCMXrvkIg2OGwDDp1gFM_gb6B6hwJDtDte1I6e-kCbv2htPrHuL1xMAHluBnu=w163-h92-k-no","","Bawa pulang","","","","",""
"https://www.google.com/maps/place/ES+SARI+TEBU+pandega/data=!4m7!3m6!1s0x2e7a599bc6d98d17:0xaff0159bc3ec5c0e!8m2!3d-7.7561721!4d110.3753711!16s%2Fg%2F11k3vmr2ys!19sChIJF43ZxptZei4RDlzsw5sV8K8?authuser=0&hl=id&rclk=1","ES SARI TEBU pandega","5,0","(5)","Es Krim","·","69VG+G4F, Jl. Pandega Marta","Tutup","· Buka Sen pukul 09.00","https://lh3.googleusercontent.com/gps-cs-s/APNQkAGUyX0qXAoaD-03xXeavvg1wau8ISP-laCMFnyvLA418ExSuOAvWlsN9mp68ef_j0Hlo7bAJE8z0z5kkyu-ce5CKACdSSPJ0LS5I6hDr-3QOQV343GAr4IAvQ3AGBihjIi9SNLqaSafjmz1=w80-h106-k-no","https://ssl.gstatic.com/local/servicebusiness/default_user.png","""Sari tebunya mantap, segar, dan fres terus tebunya""","","","","",""
"https://www.google.com/maps/place/Rujak+Es+Krim+Jalan+Solo/data=!4m7!3m6!1s0x2e7a594032440fdb:0x4efe4b6d03f8ea9f!8m2!3d-7.783143!4d110.3808477!16s%2Fg%2F11sgq_hlxl!19sChIJ2w9EMkBZei4Rn-r4A21L_k4?authuser=0&hl=id&rclk=1","Rujak Es Krim Jalan Solo","4,0","(2)","Es Krim","·","698J+P8X, Jl. Urip Sumoharjo","Tutup","· Buka Sen pukul 10.00","https://lh3.googleusercontent.com/gps-cs-s/APNQkAH78pg_QcuExn0qyl2-sFlXrpCFJlJ2sjkiYmrALs-ZtW1segRx2In3T5VjSc3SqOAbk_4V2mcMiebYPoYz4bHMWeL-_dgukXVbLJ1VC9r6P6UMym9Ilc_q6A8mrN4r4WkopMvI3Q=w92-h92-k-no","https://ssl.gstatic.com/local/servicebusiness/default_user.png","""Lumayan enak.""","","","","",""
"https://www.google.com/maps/place/ES+BUAH+SEGAR+%22JATMIKO%22/data=!4m7!3m6!1s0x2e7a59000a9d002f:0xe196ad334e4ca275!8m2!3d-7.776506!4d110.4154813!16s%2Fg%2F11x_md972c!19sChIJLwCdCgBZei4RdaJMTjOtluE?authuser=0&hl=id&rclk=1","ES BUAH SEGAR ""JATMIKO""","5,0","(2)","Es Krim","·","Jl. Babarsari No.23D","","","https://lh3.googleusercontent.com/gps-cs-s/APNQkAGxZpEqytNhNjsDUpl7WqayNk-Ew_nwalibEYyfBqcA5pLmLZsJbt0ficXUIgolj0KYhaZ49AJWOtPAjXWIpYTCxMdwcRIS5r8x8jyvB2kiGFfx_0XVLysKvaIs01FpiexzRudZS5p5poeP=w80-h106-k-no","","","","","","",""
"https://www.google.com/maps/place/Rujak+Es+Krim+dan+Lotis+Kang+Man/data=!4m7!3m6!1s0x2e7a59b22d49fd5f:0xcf932da08916c31a!8m2!3d-7.7668366!4d110.3838202!16s%2Fg%2F11g6xwbzlm!19sChIJX_1JLbJZei4RGsMWiaAtk88?authuser=0&hl=id&rclk=1","Rujak Es Krim dan Lotis Kang Man","4,2","(161)","Es Krim","·","·","Tutup","· Buka Sen pukul 10.00","https://lh3.googleusercontent.com/gps-cs-s/APNQkAHBuQzW3fSd1QjhTSuitzG1I1IwYG7i7E3QvlOZoAANdZgk43SiIQNQ8vQKLmZe0tvprKoNFzW5639VKNqKY85RgCjN7DZKF3xK9u42s1hhFQNXfctu0q6Ode_YmxcNlZFLqHHENw=w80-h106-k-no","https://ssl.gstatic.com/local/servicebusiness/default_user.png","""Lotis dan rujak","es krim","yg sudah lama eksis.""","https://www.google.com/searchviewer/42?cvd=CLw_EicKJeICIjIgEhkiF9LX29IPEQoNL2cvMTFnNnh3YnpsbRgBOgMI8A0%3D&hl=id-ID&gl=id&fo_m=MfohQo559jFvMUOzJVpjPL1YMfZ3bInYwBDuMfaXTPp5KXh-&utm_source=tactile&gei=8ir3afagM52s4-EPzOuqiAs&ei=8ir3afagM52s4-EPzOuqiAs&fo_s=OA&opi=79508299&orderType=1&ebb=1&cs=0&foub=mcpp","Pesan online",""
"https://www.google.com/maps/place/Rujak+Ice+Cream+Colombo/data=!4m7!3m6!1s0x2e7a59005a1b447b:0x8f9d0d4a0fd50519!8m2!3d-7.7779727!4d110.3844229!16s%2Fg%2F11xdhzn51c!19sChIJe0QbWgBZei4RGQXVD0oNnY8?authuser=0&hl=id&rclk=1","Rujak Ice Cream Colombo","","","Es Krim","·","Jl. Mawar No.105","","","https://streetviewpixels-pa.googleapis.com/v1/thumbnail?panoid=teLgAVXdK-c6s8KD59UlBg&cb_client=search.gws-prod.gps&w=80&h=92&yaw=318.35507&pitch=0&thumbfov=100","","","","","","",""
"https://www.google.com/maps/place/ES+KUL-KUL+SUEGER/data=!4m7!3m6!1s0x2e7a59005f83f821:0xc668ce235ce71d06!8m2!3d-7.7686293!4d110.3887374!16s%2Fg%2F11vy7jx6gh!19sChIJIfiDXwBZei4RBh3nXCPOaMY?authuser=0&hl=id&rclk=1","ES KUL-KUL SUEGER","","","Es Krim","·","Gg. Hortensia No.7A","Buka","· Tutup pukul 20.00","https://lh3.googleusercontent.com/gps-cs-s/APNQkAHPgwXzqhY8GZS1A8dsgSOF39KLPLcUr3Sn-mlY0nikamUNdAIAY4akPLudprdHeXCmr3ljAfilOEpJXwKXYPbM82Jqm4TfdBw3YVjY9cPQqs9o5jtMmI3Fz0vjxfh5FG5boFWeWg=w80-h142-k-no","","Bawa pulang","","","","",""
"https://www.google.com/maps/place/Es+Sari+Tebu+Ijo/data=!4m7!3m6!1s0x2e7a59115b45e351:0xb7c3545666f5b3f3!8m2!3d-7.75743!4d110.4089114!16s%2Fg%2F11vcn7klvk!19sChIJUeNFWxFZei4R87P1ZlZUw7c?authuser=0&hl=id&rclk=1","Es Sari Tebu Ijo","5,0","(3)","Es Krim","·","6CV5+2HF, Jl. Nusa Indah","Tutup","· Buka Sen pukul 09.00","https://lh3.googleusercontent.com/gps-cs-s/APNQkAFyPgU_oYuLAkMjd7Qd4FaCptKC88a8kTxuQ2YHtxFDQE9kHZS5GddD27MYN6VqkiOSt-7-PjLcXDu_w9wafkGleIZjbOS3ylr6aE88n0mzyiBjtc-h1SP7nhS_zJD9wnmQlKZhIg=w80-h106-k-no","","Bawa pulang","","","","",""
"https://www.google.com/maps/place/Es+Puter+%26+Es+Krim+Pak+Adji/data=!4m7!3m6!1s0x2e7a577faac662ed:0xf55a8db88f8fc88f!8m2!3d-7.7977668!4d110.381488!16s%2Fg%2F1pt_ykz4f!19sChIJ7WLGqn9Xei4Rj8iPj7iNWvU?authuser=0&hl=id&rclk=1","Es Puter & Es Krim Pak Adji","5,0","(1)","Es Krim","·","Jl. Sukonandi No.27","Buka","· Tutup pukul 20.00","https://lh3.googleusercontent.com/gps-cs-s/APNQkAFOQjTarIE5IbWAx71aGnP9g4MbDlIv9A1Eq-4flfq317u1kfXp8a-XxPdE4NGkDfZLQjBffFzW_p9Q5o6jWvkhG2clfLhwVH82ESEFilUwW_vig0rAkxZLXDtgVsSKPeWziWiJmw=w80-h142-k-no","","Bawa pulang","","","","",""
"https://www.google.com/maps/place/Mou+Gelato+Yogyakarta/data=!4m7!3m6!1s0x2e7a59505e37b8e5:0x2e11012fd29a7744!8m2!3d-7.7660774!4d110.4058739!16s%2Fg%2F11hrnywh51!19sChIJ5bg3XlBZei4RRHea0i8BES4?authuser=0&hl=id&rclk=1","Mou Gelato Yogyakarta","4,8","(617)","Es Krim","·","Jl. Perumnas No.16E","","","https://lh3.googleusercontent.com/gps-cs-s/APNQkAE8fnXbJZsagv0acy0Ou980i4UpUeVSVO1fGEzuRJtlr_RgZpFeiwK1Tn4-T3q1WtAra6lWW7SZwPVBTYc6euM4zX5iMuZ1N6k45jV6ylI0yLWNCof76kFrcT2qwOKSt2okXFq4=w163-h92-k-no","https://ssl.gstatic.com/local/servicebusiness/default_user.png","""Gelato nya enak lho ga eneg
Pas rasanya
Seger
Tempat adem
Pelayanan ramah""","","","","",""
"https://www.google.com/maps/place/McDonald%27s+Kiosk+Ice+Cream+Galeria+Mall/data=!4m7!3m6!1s0x2e7a59ccd56ed101:0xc2d68758fd765b60!8m2!3d-7.7825987!4d110.3791337!16s%2Fg%2F11f03vtf8m!19sChIJAdFu1cxZei4RYFt2_ViH1sI?authuser=0&hl=id&rclk=1","McDonald's Kiosk Ice Cream Galeria Mall","4,4","(146)","Es Krim","·","Matahari Galeri Yogya","Buka","· Tutup pukul 22.00","https://lh3.googleusercontent.com/gps-cs-s/APNQkAHOHlhAdaefHTeorATG7LtphZDzw3ukckGKtfnr1kLABMk5fEfzKO6oMksfz6TvTWqLLAFncp9v77OwssOwohnbhGrPPAi_r42v7SNjxdYR4pLflL3I90cjq4X2zh7jPITRAgA=w80-h168-k-no","https://ssl.gstatic.com/local/servicebusiness/default_user.png","""Rasa","es krim","tidak bikin eneg.""","https://www.google.com/searchviewer/42?cvd=CLw_EicKJeICIjIgEhkiF9LX29IPEQoNL2cvMTFmMDN2dGY4bRgBOgMI8A0%3D&hl=id-ID&gl=id&fo_m=MfohQo559jFvMUOzJVpjPL1YMfZ3bInYwBDuMfaXTPp5KXh-&utm_source=tactile&gei=8ir3afagM52s4-EPzOuqiAs&ei=8ir3afagM52s4-EPzOuqiAs&fo_s=OA&opi=79508299&orderType=1&ebb=1&cs=0&foub=mcpp","Pesan online",""
"https://www.google.com/maps/place/Durian+Aren/data=!4m7!3m6!1s0x2e7a59c84aeb6edd:0x82ecb8e27f0fd781!8m2!3d-7.7756113!4d110.3734024!16s%2Fg%2F11s3xmydfc!19sChIJ3W7rSshZei4RgdcPf-K47II?authuser=0&hl=id&rclk=1","Durian Aren","","","Es Krim","·","69FF+Q92, Jl. DR. Sardjito","Buka","· Tutup pukul 21.00","https://streetviewpixels-pa.googleapis.com/v1/thumbnail?panoid=lYWSJtr0GZ8SuA2nSAANFQ&cb_client=search.gws-prod.gps&w=80&h=92&yaw=41.62759&pitch=0&thumbfov=100","","Bawa pulang","","","","",""
"https://www.google.com/maps/place/Soft+Ice+Cream+Depan+Stadion+Maguwoharjo/data=!4m7!3m6!1s0x2e7a59f4be624389:0xdd343199b8f6f47e!8m2!3d-7.7497999!4d110.4197553!16s%2Fg%2F11rxsjtyz9!19sChIJiUNivvRZei4RfvT2uJkxNN0?authuser=0&hl=id&rclk=1","Soft Ice Cream Depan Stadion Maguwoharjo","","","Es Krim","·","7C29+3WJ, Jl. Stadion","","","https://streetviewpixels-pa.googleapis.com/v1/thumbnail?panoid=vuSmRsYE667yWEL5jJfKqw&cb_client=search.gws-prod.gps&w=80&h=92&yaw=0.27545923&pitch=0&thumbfov=100","","Bawa pulang","","","","",""
"https://www.google.com/maps/place/ES+BATU/data=!4m7!3m6!1s0x2e7a59bb6e876859:0x8847ecf99274a2c!8m2!3d-7.7775779!4d110.3882524!16s%2Fg%2F11pz6phkf0!19sChIJWWiHbrtZei4RLEonmc9-hAg?authuser=0&hl=id&rclk=1","ES BATU","3,0","(2)","Es Krim","·","Jl. Colombo No.25","","","https://streetviewpixels-pa.googleapis.com/v1/thumbnail?panoid=sbhTyQpWpmPuDqFIuho3Rw&cb_client=search.gws-prod.gps&w=80&h=92&yaw=10.410616&pitch=0&thumbfov=100","","Bawa pulang","","","","",""
"https://www.google.com/maps/place/Rujak+Es+Krim+%26+Lotis+By.+JOHN/data=!4m7!3m6!1s0x2e7a59001eda32b7:0x2f7a6c43ce585986!8m2!3d-7.7896495!4d110.3873557!16s%2Fg%2F11y3hlr4x2!19sChIJtzLaHgBZei4RhllYzkNsei8?authuser=0&hl=id&rclk=1","Rujak Es Krim & Lotis By. JOHN","","","Es Krim","·","Jl. Mojo IV No.497","Buka","· Tutup Sen pukul 06.00","https://streetviewpixels-pa.googleapis.com/v1/thumbnail?panoid=EK4CQyEIbX9CGIemxJzuSA&cb_client=search.gws-prod.gps&w=80&h=92&yaw=14.335765&pitch=0&thumbfov=100","","Bawa pulang","","","","",""
"https://www.google.com/maps/place/Rujak+Ice+Cream+Pak+Subar/data=!4m7!3m6!1s0x2e7a592e6f01b695:0xb64a1555114bebfa!8m2!3d-7.7452659!4d110.3887367!16s%2Fg%2F11pv9flgsn!19sChIJlbYBby5Zei4R-utLEVUVSrY?authuser=0&hl=id&rclk=1","Rujak Ice Cream Pak Subar","5,0","(2)","Es Krim","·","Jl. Kaliurang No.17","Tutup","· Buka Sen pukul 10.00","https://lh3.googleusercontent.com/gps-cs-s/APNQkAGFkhF-1d64rZrkCNnbdOwNvPCrxiF7S9BsOY1vCIN_8lpaITVkoItpbR3jGEre5LHkmbRYySe7_g7C0C8b9ZV-K6vfwf0ybZeBxb2LsfqFNUCd6lcPrq_XcbN5498YkYls1Zz8VK5HDtQ=w80-h106-k-no","","Bawa pulang","","","https://www.google.com/searchviewer/42?cvd=CLw_EicKJeICIjIgEhkiF9LX29IPEQoNL2cvMTFwdjlmbGdzbhgBOgMI8A0%3D&hl=id-ID&gl=id&fo_m=MfohQo559jFvMUOzJVpjPL1YMfZ3bInYwBDuMfaXTPp5KXh-&utm_source=tactile&gei=8ir3afagM52s4-EPzOuqiAs&ei=8ir3afagM52s4-EPzOuqiAs&fo_s=OA&opi=79508299&orderType=1&ebb=1&cs=0&foub=mcpp","Pesan online",""
"https://www.google.com/maps/place/Ice+Cream+Milkas+Yogyakarta/data=!4m7!3m6!1s0x2e7a5903c2d1d0df:0x25a78967adf85b58!8m2!3d-7.7760585!4d110.3544898!16s%2Fg%2F11fj9b3pby!19sChIJ39DRwgNZei4RWFv4rWeJpyU?authuser=0&hl=id&rclk=1","Ice Cream Milkas Yogyakarta","1,0","(1)","Es Krim","·","69F3+HQH, Jl. Jatimulyo Baru","Buka","· Tutup pukul 21.00","https://streetviewpixels-pa.googleapis.com/v1/thumbnail?panoid=DwuYnYxbiZJn7GVXQhQciQ&cb_client=search.gws-prod.gps&w=80&h=92&yaw=60.593563&pitch=0&thumbfov=100","","Bawa pulang","","","","",""
"https://www.google.com/maps/place/Rujak+Es+Krim+Pak+Pa+E/data=!4m7!3m6!1s0x2e7a59cdb2de5e8b:0xf07ec875a5647444!8m2!3d-7.7754384!4d110.367717!16s%2Fg%2F11rwq2qd43!19sChIJi17ess1Zei4RRHRkpXXIfvA?authuser=0&hl=id&rclk=1","Rujak Es Krim Pak Pa E","4,3","(3)","Es Krim","·","Jl. A.M. Sangaji No.53","","","https://lh3.googleusercontent.com/gps-cs-s/APNQkAEArJVqTxWP9TSXV2zl9sDVPiYLZPusaO9-WAYV6j_BpaXir9z2JLKUYlsG7iwbNTTFdIkfGeswHhFZ04fN5DkHdqmAIfMnDmwNyommSC8PVE_Xilch-QMAd0wT5BHs71jD6gMj8Q=w80-h106-k-no","https://ssl.gstatic.com/local/servicebusiness/default_user.png","""Ditingkatkan lagi pelayanannya""","","","","",""
"https://www.google.com/maps/place/Es+Buah+%26+Gorengan+Mlenuk/data=!4m7!3m6!1s0x2e7a590004a90563:0x5c20967fe1f7649c!8m2!3d-7.7629784!4d110.3925753!16s%2Fg%2F11yj8q4kpg!19sChIJYwWpBABZei4RnGT34X-WIFw?authuser=0&hl=id&rclk=1","Es Buah & Gorengan Mlenuk","5,0","(1)","Es Krim","·","Gg. Kantil Pelem Kecut No.42A","Tutup","· Buka Sen pukul 10.00","https://lh3.googleusercontent.com/gps-cs-s/APNQkAHe8y4mLF6YGxTMgg3YqKrk2MG0EKZ4exLA0vn3bOOhThnver9VT2FMdTodWOSK4cyZSqdUUtgKyixdgyietKWONYfyHQQo9oGL2j83lPXj06Ykzh5bU4m1XKHtx_6IO_KR_-NHYSbRgTKv=w80-h106-k-no","https://ssl.gstatic.com/local/servicebusiness/default_user.png","""","Es","nya manis, seger, murce""","","",""
"https://www.google.com/maps/place/Rujak+es+krim+pak+sony+PASAR+SENTUL/data=!4m7!3m6!1s0x2e7a57002f10640d:0xfe27af14d778708b!8m2!3d-7.8019889!4d110.3774084!16s%2Fg%2F11v_06kcf3!19sChIJDWQQLwBXei4Ri3B41xSvJ_4?authuser=0&hl=id&rclk=1","Rujak es krim pak sony PASAR SENTUL","5,0","(18)","Es Krim","·","Jl. Sultan Agung No.52","Tutup","· Buka Sen pukul 08.00","https://lh3.googleusercontent.com/gps-cs-s/APNQkAGLlkQLTNuEusxWBzxuKKc0Y4cwnvrk6N9vAxh9S1YdnhUd3p5YHY84pLD-Vvv5QincZcB0rimAe-Y1MeKZQ3E2aVMWOdxA-QJm4xGJVqYWH_B_3OV0l6mFHIVr-Arqx5XBQLf7=w80-h106-k-no","https://ssl.gstatic.com/local/servicebusiness/default_user.png","""Enakk, penjualnnya ramah""","","","","",""
"https://www.google.com/maps/place/Es+teh+nusantara/data=!4m7!3m6!1s0x2e7a5900646fc919:0x4d878863336246a3!8m2!3d-7.767002!4d110.4104414!16s%2Fg%2F11vrb0bfj7!19sChIJGclvZABZei4Ro0ZiM2OIh00?authuser=0&hl=id&rclk=1","Es teh nusantara","3,0","(1)","Es Krim","·","Komplek ruko, Gg. Puluhdadi Jl. Seturan Raya No.B26","","","https://streetviewpixels-pa.googleapis.com/v1/thumbnail?panoid=Ab3VeGS1PzsJ0DlQWC0JMw&cb_client=search.gws-prod.gps&w=80&h=92&yaw=29.526892&pitch=0&thumbfov=100","","Bawa pulang","","","","",""
"https://www.google.com/maps/place/MITRA+ESKRIM+AICE+009/data=!4m7!3m6!1s0x2e7a579c62e3d789:0x4d7eaf44718d99bf!8m2!3d-7.8221164!4d110.353061!16s%2Fg%2F11pzv1fk7j!19sChIJidfjYpxXei4Rv5mNcUSvfk0?authuser=0&hl=id&rclk=1","MITRA ESKRIM AICE 009","5,0","(15)","Es Krim","·","59H3+65C","","","https://lh3.googleusercontent.com/gps-cs-s/APNQkAFdnkJvQT-F69BpZYWbi-ORrO-i9XbUJv6fLE_BxBMavY3mIXTg3i3Kb4xpGTPdQSrYgiy715cgfu0XF08GzORoZJXkRM0Fh8n4XKNT15AZco8_OE803aAz4HqgcfIWg2Hn5yk1-TWdDjJS=w163-h92-k-no","https://ssl.gstatic.com/local/servicebusiness/default_user.png","""Servicenya oke banget.""","","","","",""
"https://www.google.com/maps/place/Ice+Cream+%26+Ice+Puter+Hoki/data=!4m7!3m6!1s0x2e7a587dd5002947:0xd407d9b50bba4f8c!8m2!3d-7.7434673!4d110.3458603!16s%2Fg%2F1pztnmrmf!19sChIJRykA1X1Yei4RjE-6C7XZB9Q?authuser=0&hl=id&rclk=1","Ice Cream & Ice Puter Hoki","4,3","(8)","Es Krim","·","Jl. Ring Road Utara Jl. Ngawen","Buka","· Tutup pukul 23.00","https://lh3.googleusercontent.com/gps-cs-s/APNQkAEAdcgfWalHlRrorIIFtmbQaVqLPjsJd93mA0-5u9EHWXiZS-2iDYp6oDMYp-1mC7kHnF6QquLELPv1irC7H_XW4WzTuOLBvjj4YfilVnRLu1LdLdwKHGirdzmCibcUsWJ8nrgtIQ=w80-h106-k-no","https://ssl.gstatic.com/local/servicebusiness/default_user.png","""Kami mencoba","es","puter rasa degan.""","","",""
"https://www.google.com/maps/place/Es+potong+jadul+unyil/data=!4m7!3m6!1s0x2e7a590eb134a4fb:0x379753a142f01ce3!8m2!3d-7.7440792!4d110.3717148!16s%2Fg%2F11jt7s39m3!19sChIJ-6Q0sQ5Zei4R4xzwQqFTlzc?authuser=0&hl=id&rclk=1","Es potong jadul unyil","5,0","(22)","Es Krim","·","Jongkang Rt08 Rw 36, Gg. Kenanga No.155B","Tutup","· Buka Sen pukul 09.00","https://lh3.googleusercontent.com/gps-cs-s/APNQkAFjHiIAGsuxDM9jl2FHAT-BMH35EDKMoqZBxPUx9vOUL0Jg87BHtNkgeil3B830OefoGc2hNgRLb5dR7nslyIcAxk3M3uQFmCVNJBuC6dw5CU7OOemTrF51YGq9YhmTKqCu6yvXfQ=w94-h92-k-no","https://ssl.gstatic.com/local/servicebusiness/default_user.png","""Enak banget besuk kulakan""","","","","",""
"https://www.google.com/maps/place/H-My+Serba+Es/data=!4m7!3m6!1s0x2e7a57d3d095c3ab:0x9c0fdb6458ee2800!8m2!3d-7.8118073!4d110.3704687!16s%2Fg%2F11mwsmkv1t!19sChIJq8OV0NNXei4RACjuWGTbD5w?authuser=0&hl=id&rclk=1","H-My Serba Es","5,0","(1)","Es Krim","·","Jl. Ireda No.38","Buka","· Tutup pukul 21.00","https://lh3.googleusercontent.com/gps-cs-s/APNQkAHJFFEmcRBcArLHblRJNeKNcL8cnUSUCkUqRoqSq_TiIM_0-kUOtkqqdIx70_l5uSiQUtu9MBGei3WGaBwgpWSW1IhbsESCOB3Cyj2AE6sUrVy07h6B9Q3JRwMYqLAndI1m2xNn=w80-h142-k-no","","Bawa pulang","","","","",""
"https://www.google.com/maps/place/Sub+Buah+Es+Krim/data=!4m7!3m6!1s0x2e7a59a9cc372779:0xd300feafb2a41e6c!8m2!3d-7.7547039!4d110.3871489!16s%2Fg%2F11j30yv657!19sChIJeSc3zKlZei4RbB6ksq_-ANM?authuser=0&hl=id&rclk=1","Sub Buah Es Krim","","","Toko","","","","","https://streetviewpixels-pa.googleapis.com/v1/thumbnail?panoid=8UkKmxbbIA41pczQfvkd8A&cb_client=search.gws-prod.gps&w=80&h=92&yaw=220.31393&pitch=0&thumbfov=100","","","","","","",""
"https://www.google.com/maps/place/Rujak+Es+Krim+dan+Lotis+Ms+Mery/data=!4m7!3m6!1s0x2e7a59423b1ac939:0xb55a0c72afcd2949!8m2!3d-7.7773052!4d110.3931149!16s%2Fg%2F11jm7l9xs8!19sChIJOckaO0JZei4RSSnNr3IMWrU?authuser=0&hl=id&rclk=1","Rujak Es Krim dan Lotis Ms Mery","1,0","(1)","Es Krim","·","Jl. Demangan Baru No.22","Tutup","· Buka Sen pukul 11.30","https://lh3.googleusercontent.com/gps-cs-s/APNQkAEiYAwZt4c5z_fJPPgK2-yG6n_1gT10wWy-j1H4vb3noRivl-hhZcsCf6y-NT3ZbsXjK2f0PROciP5t3ViPJKkqTmbxgxE5I_6Ake7aPHa1RyzGwrysAZm6vPPKcnH0G9tdBhhRwA=w122-h92-k-no","","Makan di tempat","Bawa pulang","","","",""
"https://www.google.com/maps/place/Agen+Es+Krim+%26+Kripik+Pisang/data=!4m7!3m6!1s0x2e7a57bda6ba236f:0xc94064ad54c4f83c!8m2!3d-7.808007!4d110.4120497!16s%2Fg%2F11mx40jl1p!19sChIJbyO6pr1Xei4RPPjEVK1kQMk?authuser=0&hl=id&rclk=1","Agen Es Krim & Kripik Pisang","4,9","(8)","Es Krim","·","Rumah hijau menghadap Musholla, Jl. Jomblangan","Buka","· Tutup pukul 21.00","https://lh3.googleusercontent.com/gps-cs-s/APNQkAETWOGGqPnIP1tTx3byBb6EAJHq8ozy-fCIKeHFhE3ZeZ4GaM00nSfkFnCp3QMpM-6AZn-Fb2-jbqdnOR8wBO0hI-nM9ET-gDxw6NYF8pk_8ROjKCn1T6NvQ38GGrNQ0kLdctAXANFY6qM=w80-h106-k-no","","Ambil di tepi jalan","Pesan antar","","","",""
"https://www.google.com/maps/place/Es+Pisang+Ijo+MaNoe+Timoho/data=!4m7!3m6!1s0x2e7a59f5567ec4c9:0x1b7bcd21d19dd871!8m2!3d-7.7896153!4d110.3934423!16s%2Fg%2F11m41s1cr3!19sChIJycR-VvVZei4Rcdid0SHNexs?authuser=0&hl=id&rclk=1","Es Pisang Ijo MaNoe Timoho","5,0","(10)","Es Krim","·","Jl. Timoho No.101F","Tutup","· Buka Sen pukul 10.00","https://lh3.googleusercontent.com/gps-cs-s/APNQkAGh7VjoTzyYkAQZCNzEUpKzmPOAgEo9IKRIppSdNXa4iNLpiifckfSBjOtQxQZ0v04E9jNl0A_vVVLsThHV2ONdZP4Qje8nfOwMvCNudquzbfU3joLrqCiiT72OIHloqSbYWfkM=w80-h94-k-no","https://ssl.gstatic.com/local/servicebusiness/default_user.png","""enak bngttt💗💗💗🫰🏻""","","","","",""
"https://www.google.com/maps/place/Elmomo+Aice+Ice+Cream/data=!4m7!3m6!1s0x2e7a586c12ff11cf:0xeb46712334db08be!8m2!3d-7.7722059!4d110.3473615!16s%2Fg%2F11c2k8nswt!19sChIJzxH_EmxYei4RvgjbNCNxRus?authuser=0&hl=id&rclk=1","Elmomo Aice Ice Cream","5,0","(3)","Toko Perlengkapan Rumah","·","Jl. Merapi N no.5, Griya Arga Permai","Buka","· Tutup pukul 19.30","https://lh3.googleusercontent.com/gps-cs-s/APNQkAE57ANcMLbDi1sFfB0bUc6FCQHyuXhkjMHCKkOn0S7s2wiExj9rcA52-L40Y_MR5pepwkCfdohHHidO8MTTO3KEC4BRHt8IRKLa8MuO-xYIm43GSj52_YzbbS7lsbRmR2e1kb-otA=w163-h92-k-no","","","","","","",""
"https://www.google.com/maps/place/AGEN+ES+BATU+KRISTAL/data=!4m7!3m6!1s0x2e7a590020ef354f:0x21cf20648ef9da98!8m2!3d-7.789104!4d110.3918176!16s%2Fg%2F11mz03jkd9!19sChIJTzXvIABZei4RmNr5jmQgzyE?authuser=0&hl=id&rclk=1","AGEN ES BATU KRISTAL","","","Es Krim","·","Gg. Rukun Jl. Kusuma No.869 GK 4, RT.77/RW.18","","","https://streetviewpixels-pa.googleapis.com/v1/thumbnail?panoid=IJA2XwpDIxzhhybKHgEFTQ&cb_client=search.gws-prod.gps&w=80&h=92&yaw=181.33966&pitch=0&thumbfov=100","","","","","","",""
"https://www.google.com/maps/place/RUJAK+ES+KRIM+LOTIS+MAS+IS/data=!4m7!3m6!1s0x2e7a59907ed86eaf:0x75f586ec5a98ff8f!8m2!3d-7.7453456!4d110.406542!16s%2Fg%2F11gm6prhmw!19sChIJr27YfpBZei4Rj_-YWuyG9XU?authuser=0&hl=id&rclk=1","RUJAK ES KRIM LOTIS MAS IS","4,5","(85)","Es Krim","·","·","Tutup","· Buka Sen pukul 09.30","https://lh3.googleusercontent.com/gps-cs-s/APNQkAEeIw4v69M0-LEfDBZ-edVoPxUdmvFuBa7abcUoeEO9v_f4J76sFbVj3nrm5JzEvtzsbqvrhESkyMZBwIKbc_AfgRqoeC5xl7mSWrgPkwhdmtVNgwDauQAJtYIqC5PjOEelP2Ml=w80-h106-k-no","https://ssl.gstatic.com/local/servicebusiness/default_user.png","""Rujak","es krim","harga mulai 10 ribu an""","","",""
"https://www.google.com/maps/place/Ice+Cream+dan+Cone+Es+Krim+Depo+151/data=!4m7!3m6!1s0x2e7a599aff272da9:0x78905eba19e58830!8m2!3d-7.7737184!4d110.3524684!16s%2Fg%2F11srh7nxr2!19sChIJqS0n_5pZei4RMIjlGbpekHg?authuser=0&hl=id&rclk=1","Ice Cream dan Cone Es Krim Depo 151","4,3","(15)","Es Krim","·","Jl. Petak Baru No.157","Tutup","· Buka Sen pukul 09.00","https://lh3.googleusercontent.com/gps-cs-s/APNQkAHn570rkpNIqjzE-ymmakqu_rbkBT4Vh8hgnXFP_TPtty8FLwHM42GEE73hiG-No75lqnCrv7PAYzTM-xq0YL6uU9C7i6xrS2IMGknzB_Kui2N494A8fFU0MbtgGYOlRkHBecwr=w92-h92-k-no","https://ssl.gstatic.com/local/servicebusiness/default_user.png","""Cari","es cream","ember disini tempatnya juga menyediakan cone","","",""
"https://www.google.com/maps/place/McDonald%27s+Ambarrukmo+Plaza/data=!4m7!3m6!1s0x2e7a59c2bde92245:0x96451b12a5860277!8m2!3d-7.78277!4d110.401319!16s%2Fg%2F1pzrxn91h!19sChIJRSLpvcJZei4RdwKGpRIbRZY?authuser=0&hl=id&rclk=1","McDonald's Ambarrukmo Plaza","4,3","(315)","Es Krim","·","Jl. Laksda Adisucipto No.Km.6 Lantai LG","Buka","· Tutup pukul 22.00","https://lh3.googleusercontent.com/gps-cs-s/APNQkAE6JiMVcbfnSyqlX9rIY3mzPrGcdyF4zXXi2g0qVR-NZWlYjwBC7uwudlKpVLMCXMMj6SyVJfrgA4aKMyw34b-Nki_5NoiGXTYPpQfgiMlF4VEauJ7--WM-y5hgWymsiD3m_1tvoQ=w80-h106-k-no","https://ssl.gstatic.com/local/servicebusiness/default_user.png","""cari sundae waffle cup ternyata ada di mcd","ice cream","amplaz!!!🤩🫶🏻""","https://www.google.com/searchviewer/42?cvd=CLw_EiYKJOICITIfEhgiFtLX29IPEAoML2cvMXB6cnhuOTFoGAE6AwjwDQ%3D%3D&hl=id-ID&gl=id&fo_m=MfohQo559jFvMUOzJVpjPL1YMfZ3bInYwBDuMfaXTPp5KXh-&utm_source=tactile&gei=9Sr3aaekAau74-EP94Du6A8&ei=9Sr3aaekAau74-EP94Du6A8&fo_s=OA&opi=79508299&orderType=1&ebb=1&cs=0&foub=mcpp","Pesan online",""
"https://www.google.com/maps/place/Rujak+Es+Krim+Pak+Sony/data=!4m7!3m6!1s0x2e7a57257728c041:0xbc55fecda06aab0e!8m2!3d-7.801041!4d110.3781707!16s%2Fg%2F11vjc9stbc!19sChIJQcAodyVXei4RDqtqoM3-Vbw?authuser=0&hl=id&rclk=1","Rujak Es Krim Pak Sony","4,7","(26)","Es Krim","·","Jl. Suryopranoto No.14a","Tutup","· Buka Sen pukul 08.00","https://lh3.googleusercontent.com/gps-cs-s/APNQkAFdsodorKovX01eNgR4SB4DBNPkGZIBRi0rdRDsY7kGsPVjKTstwudb0CnQsuBeSxYgRaeOk5z-DYI_Jx1Z5KHIA8Z4oe8EEgAEv_VA4OVEYcLbWcILXC7LMISGiDJfxvnOD1OR=w80-h160-k-no","https://ssl.gstatic.com/local/servicebusiness/default_user.png","""Komposisi rujak dan","es","krimnya seimbang, porsi","https://www.google.com/searchviewer/42?cvd=CLw_EicKJeICIjIgEhkiF9LX29IPEQoNL2cvMTF2amM5c3RiYxgAOgMI8A0%3D&hl=id-ID&gl=id&fo_m=MfohQo559jFvMUOzJVpjPL1YMfZ3bInYwBDuMfaXTPp5KXh-&utm_source=tactile&gei=9Sr3aaekAau74-EP94Du6A8&ei=9Sr3aaekAau74-EP94Du6A8&fo_s=OA&opi=79508299&ebb=1&cs=0&foub=mcpp","Pesan online",""
"https://www.google.com/maps/place/17%E2%80%99s+Soft+Ice+Cream/data=!4m7!3m6!1s0x2e7a59fe8bb4588d:0xd837e3db3bdddc85!8m2!3d-7.7630842!4d110.3923924!16s%2Fg%2F11x8k03s3q!19sChIJjVi0i_5Zei4RhdzdO9vjN9g?authuser=0&hl=id&rclk=1","17’s Soft Ice Cream","4,8","(18)","Es Krim","·","Gang Pelem Kecut No., 38","","","https://lh3.googleusercontent.com/gps-cs-s/APNQkAFRaKzEvD4VmsiLSCg_LRI6Mih-gFS_Q4ENLuyLoLPCK4vNDzP20dA_qbRA52t2JMC6bxlc8H7Yegv2iXyqyFvuzH3-_sigG2CMUWWiXEslEIZrdv3OfdGQpvuq8774kZuGy7WFblG1Ufcl=w80-h106-k-no","https://ssl.gstatic.com/local/servicebusiness/default_user.png","""Rasa green tea-nya kerasa, manisnya pas, dan tekstur","es","krimnya mantap""","","",""
"https://www.google.com/maps/place/Es+Campur/data=!4m7!3m6!1s0x2e7a59000e7080b9:0x7eb0889edb4fa411!8m2!3d-7.7869866!4d110.3847791!16s%2Fg%2F11xrmmy4hr!19sChIJuYBwDgBZei4REaRP256IsH4?authuser=0&hl=id&rclk=1","Es Campur","","","Es Krim","·","Jl. Kusbini No.57-69","","","https://streetviewpixels-pa.googleapis.com/v1/thumbnail?panoid=0_r_JOka3fRFSAoH0vhEjg&cb_client=search.gws-prod.gps&w=80&h=92&yaw=275.87283&pitch=0&thumbfov=100","","","","","","",""
"https://www.google.com/maps/place/Rujak+es+krim+Mas+Moko/data=!4m7!3m6!1s0x2e7a598709143303:0x15b02bda8be8e00!8m2!3d-7.7594113!4d110.4240832!16s%2Fg%2F11bychblt0!19sChIJAzMUCYdZei4RAI6-qL0CWwE?authuser=0&hl=id&rclk=1","Rujak es krim Mas Moko","4,4","(30)","Es Krim","·","Jl. Timbul Rejo No.1 Ds. Maguwoharjo, Kec. Depok","Tutup","· Buka Sen pukul 11.00","https://lh3.googleusercontent.com/gps-cs-s/APNQkAHTZsgRebwKUeCWaXVSOMemL0z427aeIOZvpbV6pQDvT5s1H11ehcxQbdPNKq8teSp9vEl29BLBVWYuG9QSm9f5cPHdTUFEVJ0aEZU9UmLLJr_qidTOhBTl7lISufNsV9upjkzI=w80-h106-k-no","","Makan di tempat","Bawa pulang","","https://www.google.com/searchviewer/42?cvd=CLw_EicKJeICIjIgEhkiF9LX29IPEQoNL2cvMTFieWNoYmx0MBgBOgMI8A0%3D&hl=id-ID&gl=id&fo_m=MfohQo559jFvMUOzJVpjPL1YMfZ3bInYwBDuMfaXTPp5KXh-&utm_source=tactile&gei=9Sr3aaekAau74-EP94Du6A8&ei=9Sr3aaekAau74-EP94Du6A8&fo_s=OA&opi=79508299&orderType=1&ebb=1&cs=0&foub=mcpp","Pesan online",""
"https://www.google.com/maps/place/Es+Kul-Kul+%26+Es+Coklat+Idaman/data=!4m7!3m6!1s0x2e7a590020088df5:0xa963ad0f6be4a27!8m2!3d-7.7707291!4d110.3832368!16s%2Fg%2F11lttv1kcs!19sChIJ9Y0IIABZei4RJ0q-9tA6lgo?authuser=0&hl=id&rclk=1","Es Kul-Kul & Es Coklat Idaman","","","Es Krim","·","69HM+M75, Jl. Lembah UGM","","","https://streetviewpixels-pa.googleapis.com/v1/thumbnail?panoid=M8XGoHaaMoY7lqiWvXlkEg&cb_client=search.gws-prod.gps&w=80&h=92&yaw=86.01623&pitch=0&thumbfov=100","","Bawa pulang","","","","",""
"https://www.google.com/maps/place/Anna%27s+House+Ice+Cream+and+Flower+Tea/data=!4m7!3m6!1s0x2e7a5962b1c3254d:0x5e69291508289be1!8m2!3d-7.7801386!4d110.3887371!16s%2Fg%2F11t_rmth_6!19sChIJTSXDsWJZei4R4ZsoCBUpaV4?authuser=0&hl=id&rclk=1","Anna's House Ice Cream and Flower Tea","5,0","(11)","Es Krim","·","Jl. Affandi No.55","","","https://lh3.googleusercontent.com/gps-cs-s/APNQkAHK_8Gwf6DL1W10pO_n-WN2NEyWAq4YZuhkfwH_sLzIdl2xFRnwyZWl4Iv6Kq-TeYl91utyIc8RyQvtpKwM-gcom33oOZ6IdJOt4FbSrj5qR4a3uBsTS13yaUcWnjdYXQuly8aF0w=w80-h142-k-no","https://ssl.gstatic.com/local/servicebusiness/default_user.png","""","Es","krimnya mak nyus,sosis bakar dan kentang gorengnya enak.""","","",""
"","","","","","","","","","","","","","","","",""